Item Type,Sequence,Human Code,Full Statement,Ed. Level,Last Modified
Competency Grouping,1,,Content Areas and Anchor Standards,KG-12,2024-12-04T18:49:59+00:00
Content Area,1.1,,Disciplinary Skills and Processes,KG-12,2023-07-19T22:02:53+00:00
Anchor Standard,1.1.1,SP1,"Chronological reasoning requires understanding processes of change and continuity over time, which means assessing similarities and differences between historical periods and between the past and present.",KG-12,2023-07-19T22:02:53+00:00
Anchor Standard,1.1.2,SP2,"Thinking within the discipline involves the ability to identify, compare, and evaluate multiple perspectives about a given event to draw conclusions about that event since there are multiple points of view about events and issues.",KG-12,2023-07-19T22:02:53+00:00
Anchor Standard,1.1.3,SP3,"Historians and Social Scientists gather, interpret, and use evidence to develop claims and answer historical, economic, geographical, and political questions and communicate their conclusions.",KG-12,2023-07-19T22:02:53+00:00
Anchor Standard,1.1.4,SP4,Thinking within the discipline involves the ability to analyze relationships among causes and effects and to create and support arguments using relevant evidence.,KG-12,2023-07-19T22:02:53+00:00
Content Area,1.2,,Civics,KG-12,2023-07-19T22:02:53+00:00
Anchor Standard,1.2.1,C1,Civic virtues and democratic principles are key components of the American political system.,KG-12,2023-07-19T22:02:53+00:00
Anchor Standard,1.2.2,C2,"Citizens have individual rights, roles, and responsibilities.",KG-12,2023-07-19T22:02:53+00:00
Anchor Standard,1.2.3,C3,"An understanding of civic and political institutions in society and the principles these institutions are intended to reflect including knowledge about law, politics, and government are essential to effective citizenship.",KG-12,2023-07-19T22:02:53+00:00
Anchor Standard,1.2.4,C4,"Process, rules, and laws direct how individuals are governed and how society addresses problems.",KG-12,2023-07-19T22:02:53+00:00
Content Area,1.3,,Economics,KG-12,2023-07-19T22:02:53+00:00
Anchor Standard,1.3.1,E1,"A financially literate individual understands how to manage income, spending, and investment.",KG-12,2023-07-19T22:02:53+00:00
Anchor Standard,1.3.2,E2,"By applying economic reasoning, individuals seek to understand the decisions of people, groups, and societies.",KG-12,2023-07-19T22:02:53+00:00
Anchor Standard,1.3.3,E3,Individuals and institutions are interdependent within market systems.,KG-12,2023-07-19T22:02:53+00:00
Anchor Standard,1.3.4,E4,"The domestic economy is shaped by interactions between government, institutions, and the private sector.",KG-12,2023-07-19T22:02:53+00:00
Anchor Standard,1.3.5,E5,The interconnected global economy impacts all individuals and groups in significant and varied ways.,KG-12,2023-07-19T22:02:53+00:00
Content Area,1.4,,Geography,KG-12,2023-07-19T22:02:53+00:00
Anchor Standard,1.4.1,G1,The use of geographic representations and tools helps individuals understand their world.,KG-12,2023-07-19T22:02:53+00:00
Anchor Standard,1.4.2,G2,Human-environment interactions are essential aspects of human life in all societies.,KG-12,2023-07-19T22:02:53+00:00
Anchor Standard,1.4.3,G3,"Examining human population and movement helps individuals understand past, present, and future conditions on Earth's surface.",KG-12,2023-07-19T22:02:53+00:00
Anchor Standard,1.4.4,G4,Global interconnections and spatial patterns are a necessary part of geographic reasoning.,KG-12,2023-07-19T22:02:53+00:00
Content Area,1.5,,History,KG-12,2023-07-19T22:02:53+00:00
Anchor Standard,1.5.1,H1,"The development of civilizations, societies, cultures, and innovations have influenced history and continue to impact the modern world.",KG-12,2023-07-19T22:02:53+00:00
Anchor Standard,1.5.2,H2,"Cycles of conflict and cooperation have shaped relations among people, places, and environments.",KG-12,2023-07-19T22:02:53+00:00
Anchor Standard,1.5.3,H3,"Economic, political, and religious ideas and institutions have influenced history and continue to shape the modern world.",KG-12,2023-07-19T22:02:53+00:00
Anchor Standard,1.5.4,H4,"Patterns of social and political interactions have shaped people, places, and events throughout history and continue to shape the modern world.",KG-12,2023-07-19T22:02:53+00:00
Competency Grouping,2,,Inquiry Arc,KG-12,2024-12-04T18:49:55+00:00
Inquiry Element,2.1,,Inquiry Element 1: Developing Compelling Questions,KG-12,2023-07-19T22:02:53+00:00
Inquiry Element,2.2,,Inquiry Element 2: Constructing Supporting Questions,KG-12,2023-07-19T22:02:53+00:00
Inquiry Element,2.3,,Inquiry Element 3: Gathering and Evaluating Sources,KG-12,2023-07-19T22:02:53+00:00
Inquiry Element,2.4,,Inquiry Element 4: Developing Claims,KG-12,2023-07-19T22:02:53+00:00
Inquiry Element,2.5,,Inquiry Element 5: Communicating Conclusions,KG-12,2023-07-19T22:02:53+00:00
Inquiry Element,2.6,,Inquiry Element 6: Taking Informed Action,KG-12,2023-07-19T22:02:53+00:00
Competency Grouping,3,,Content Standards,,2024-12-04T18:49:50+00:00
Course,3.1,,Kindergarten - Children as Citizens,KG,2023-10-16T20:58:27+00:00
Content Area,3.1.1,,Disciplinary Skills and Processes,KG,2023-07-19T21:58:37+00:00
Anchor Standard,3.1.1.1,AS.SP1,"Chronological reasoning requires understanding processes of change and continuity over time, which means assessing similarities and differences between historical periods and between the past and present.",KG,2023-10-03T15:33:54+00:00
Content Standard,3.1.1.1.1,K.SP1.1,"Use a variety of words to reference time in the past, present, and future; identify the beginning, middle, and end of historical stories.",KG,2023-07-19T21:58:37+00:00
Content Standard,3.1.1.1.2,K.SP1.2,Explore how events of the past affect students’ lives and community.,KG,2023-07-19T21:58:37+00:00
Content Standard,3.1.1.1.3,K.SP1.3,"With prompting and support, generate questions about individuals and groups from stories shared.",KG,2023-07-19T21:58:37+00:00
Anchor Standard,3.1.1.2,AS.SP2,"Thinking within the discipline involves the ability to identify, compare, and evaluate multiple perspectives about a given event to draw conclusions since there are multiple points of view about events and issues.",KG,2023-10-03T15:34:00+00:00
Content Standard,3.1.1.2.1,K.SP2.1,"With prompting and support, compare diverse cultures using primary sources such as photographs, artifacts, and music and secondary sources such as fiction and non-fiction.",KG,2023-07-19T21:58:37+00:00
Anchor Standard,3.1.1.3,AS.SP3,"Historians and Social Scientists gather, interpret, and use evidence to develop claims and answer historical, economic, geographical, and political questions and communicate their conclusions.",KG,2023-10-03T15:34:06+00:00
Content Standard,3.1.1.3.1,K.SP3.1,"With prompting and support, ask questions and construct responses to content studied.",KG,2023-07-19T21:58:37+00:00
Content Area,3.1.2,,Civics,KG,2023-07-19T21:58:37+00:00
Anchor Standard,3.1.2.1,AS.C1,Civic virtues and democratic principles are key components of the American political system.,KG,2023-10-03T15:33:36+00:00
Content Standard,3.1.2.1.1,K.C1.1,"Apply values of respect, responsibility, equality, and fairness within schools and communities.",KG,2023-07-19T21:58:37+00:00
Content Standard,3.1.2.1.2,K.C1.2,Follow agreed upon rules for discussions when responding to others and making decisions as a group.,KG,2023-07-19T21:58:37+00:00
Content Standard,3.1.2.1.3,K.C1.3,Compare one's own thoughts and opinions with those of others.,KG,2023-07-19T21:58:37+00:00
Anchor Standard,3.1.2.2,AS.C2,"Citizens have individual rights, roles, and responsibilities.",KG,2023-10-03T15:33:36+00:00
Content Standard,3.1.2.2.1,K.C2.1,"Describe roles and responsibilities of people in authority.

* Such as school personnel, family members, and community members.",KG,2023-07-19T21:58:37+00:00
Content Standard,3.1.2.2.2,K.C2.2,"Explain how all people, not just official leaders, play important roles in our school and community.",KG,2023-07-19T21:58:37+00:00
Anchor Standard,3.1.2.3,AS.C4,"Process, rules, and laws direct how individuals are governed and how society addresses problems.",KG,2023-10-03T15:33:36+00:00
Content Standard,3.1.2.3.1,K.C4.1,Explain how people work together to identify and solve problems within the classroom and school.,KG,2023-07-19T21:58:37+00:00
Content Standard,3.1.2.3.2,K.C4.2,Explain why rules are important within the classroom and school.,KG,2023-07-19T21:58:37+00:00
Content Area,3.1.3,,Economics,KG,2023-07-19T21:58:37+00:00
Anchor Standard,3.1.3.1,AS.E1,"By applying economic reasoning, individuals seek to understand the decisions of people, groups, and societies.",KG,2023-10-03T15:33:36+00:00
Content Standard,3.1.3.1.1,K.E2.1,"Explain how needs, wants, and the availability of resources affect decision making.",KG,2023-07-19T21:58:37+00:00
Content Standard,3.1.3.1.2,K.E2.2,Identify what one gains and gives up when they make choices.,KG,2023-07-19T21:58:37+00:00
Content Area,3.1.4,,Geography,KG,2023-07-19T21:58:37+00:00
Anchor Standard,3.1.4.1,AS.G1,The use of geographic representations and tools help individuals understand their world.,KG,2023-10-03T15:33:36+00:00
Content Standard,3.1.4.1.1,K.G1.1,"Use, explore, and construct maps, graphs and other geographical representations to support content focus.

* Key concepts include but are not limited to graphing local weather and mapping the classroom.",KG,2023-07-19T21:58:37+00:00
Content Standard,3.1.4.1.2,K.G1.2,Explore locations in stories shared.,KG,2023-07-19T21:58:37+00:00
Anchor Standard,3.1.4.2,AS.G2,Human-environment interactions are essential aspects of human life in all societies.,KG,2023-10-03T15:33:36+00:00
Content Standard,3.1.4.2.1,K.G2.1,Explain how water and weather impacts humans.,KG,2023-07-19T21:58:37+00:00
Content Area,3.1.5,,History,KG,2023-07-19T21:58:37+00:00
Anchor Standard,3.1.5.1,AS.H1,"The development of civilizations, societies, culture, and innovation have influenced history and continue to impact the modern world.",KG,2023-10-03T15:33:36+00:00
Content Standard,3.1.5.1.1,K.H1.1,"Compare one’s own culture with the culture of others.

* Key cultures include those in the classroom, community, and one of Arizona’s 22 Indian Nations.",KG,2023-07-19T21:58:37+00:00
Anchor Standard,3.1.5.2,AS.H2,"Cycles of conflict and cooperation have shaped relations among people, places, and environments.",KG,2023-10-03T15:33:36+00:00
Content Standard,3.1.5.2.1,K.H2.1,Explain the benefits of cooperation and compromise as ways to solve problems.,KG,2023-07-19T21:58:37+00:00
Anchor Standard,3.1.5.3,AS.H4,"Patterns of social and political interactions have shaped people, places, and events throughout history and continue to shape the modern world.",KG,2023-10-03T15:33:36+00:00
Content Standard,3.1.5.3.1,K.H4.1,"Explain and explore origins of key American symbols, traditions and holidays.

* Key American symbols include but are not limited to American flag, bald eagle, Statue of Liberty, and Mount Rushmore.
* Key traditions include but are not limited to the Pledge of Allegiance and National Anthem.
* Key holidays include but are not limited to Columbus Day, Thanksgiving, Presidents Day, Martin Luther King Jr. Day, Fourth of July, and Constitution Day.",KG,2023-07-19T21:58:37+00:00
Content Standard,3.1.5.3.2,K.H4.2,Explore the stories of key historical figures through informational text and biographies.,KG,2023-07-19T21:58:37+00:00
Course,3.2,,First Grade - Communities: Living and Working Together,01,2023-10-16T20:58:48+00:00
Content Area,3.2.1,,Disciplinary Skills and Processes,01,2023-07-19T21:58:47+00:00
Anchor Standard,3.2.1.1,AS.SP1,"Chronological reasoning requires understanding processes of change and continuity over time, which means assessing similarities and differences between historical periods and between the past and present.",01,2023-10-03T15:33:36+00:00
Content Standard,3.2.1.1.1,1.SP1.1,Place important life events in chronological order on a timeline.,01,2023-07-19T21:58:47+00:00
Content Standard,3.2.1.1.2,1.SP1.2,Understand how events of the past affect students’ lives and communities.,01,2023-07-19T21:58:47+00:00
Content Standard,3.2.1.1.3,1.SP1.3,Generate questions about individuals and groups who have shaped a significant historical change.,01,2023-07-19T21:58:47+00:00
Anchor Standard,3.2.1.2,AS.SP2,"Thinking within the discipline involves the ability to identify, compare, and evaluate multiple perspectives about a given event to draw conclusions about that event since there are multiple points of view about events and issues.",01,2023-10-03T15:33:36+00:00
Content Standard,3.2.1.2.1,1.SP2.1,"Compare diverse cultures using primary sources such as photographs, artifacts, and music and secondary sources such as fiction and non fiction.",01,2023-07-19T21:58:47+00:00
Anchor Standard,3.2.1.3,AS.SP3,"Historians and Social Scientists gather, interpret, and use evidence to develop claims and answer historical, economic, geographical, and political questions and communicate their conclusions.",01,2023-10-03T15:33:36+00:00
Content Standard,3.2.1.3.1,1.SP3.1,Generate questions about issues in your community past and present.,01,2023-07-19T21:58:47+00:00
Content Standard,3.2.1.3.2,1.SP3.2,With support identify evidence drawn from multiple sources to answer questions about issues in your community.,01,2023-07-19T21:58:47+00:00
Content Standard,3.2.1.3.3,1.SP3.3,With support construct and communicate solutions to issues in your community.,01,2023-07-19T21:58:47+00:00
Content Standard,3.2.1.3.4,1.SP3.4,Take group or individual action to help address community issues.,01,2023-07-19T21:58:47+00:00
Content Standard,3.2.1.3.5,1.SP3.5,Ask and answer questions about explanations given.,01,2023-07-19T21:58:47+00:00
Content Area,3.2.2,,Civics,01,2023-07-19T21:58:47+00:00
Anchor Standard,3.2.2.1,AS.C1,Civic virtues and democratic principles are key components of the American political system.,01,2023-10-03T15:33:36+00:00
Content Standard,3.2.2.1.1,1.C1.1,"Apply values of respect, responsibility, equality, and fairness as a member of a community. Arizona History and Social Science Standards modified 8/23/19 Page 15",01,2023-07-19T21:58:47+00:00
Content Standard,3.2.2.1.2,1.C1.2,Follow agreed upon rules for discussions when responding to others and making decisions including consensus building procedures.,01,2023-07-19T21:58:47+00:00
Content Standard,3.2.2.1.3,1.C1.3,"Compare one's own thoughts and opinions with others’ perspectives. An understanding of civic and political institutions in society and the principles these institutions are intended to reflect including knowledge about law, politics, and government are essential to effective citizenship.",01,2023-07-19T21:58:47+00:00
Anchor Standard,3.2.2.2,AS.C3,"An understanding of civic and political institutions in society and the principles these institutions are intended to reflect including knowledge about law, politics, and government are essential to effective citizenship.",01,2023-10-03T15:33:36+00:00
Content Standard,3.2.2.2.1,1.C3.1,"Explain the importance of rules and laws in our community.
* Key purposes include but are not limited to provide order, protect rights, provide benefits, assign responsibilities, and limit the power of people in authority",01,2023-07-19T21:58:47+00:00
Content Standard,3.2.2.2.2,1.C3.2,"Explain the role and function of local governments.
* Key functions include but are not limited to make laws, carry out laws, enforce laws, manage conflicts, and protect the community
* Key concepts include but are not limited to type of government and its leaders including the current Governor and President and Vice President of the United States",01,2023-07-19T21:58:47+00:00
Content Standard,3.2.2.2.3,1.C3.3,"Explain how community groups work to accomplish common tasks and fulfill responsibilities.
* Such as voting, volunteering, community clean-up or recycling campaigns, and becoming informed on community issues",01,2023-07-19T21:58:47+00:00
Content Area,3.2.3,,Economics,01,2023-07-19T21:58:47+00:00
Anchor Standard,3.2.3.1,AS.E1,"A financially literate individual understands how to manage income, spending, and investment.",01,2023-10-03T15:33:36+00:00
Content Standard,3.2.3.1.1,1.E1.1,Identify different occupations and the skills and education needed for those jobs in our community.,01,2023-07-19T21:58:47+00:00
Content Standard,3.2.3.1.2,1.E1.2,Describe reasons to save or spend money.,01,2023-07-19T21:58:47+00:00
Anchor Standard,3.2.3.2,AS.E2,"By applying economic reasoning, individuals seek to understand the decisions of people, groups, and societies.",01,2023-10-03T15:33:36+00:00
Content Standard,3.2.3.2.1,1.E2.1,"Explain how needs, wants, and availability of resources affect decision making.",01,2023-07-19T21:58:47+00:00
Content Standard,3.2.3.2.2,1.E2.2,Identify the benefits and costs of making various personal decisions. Individuals and institutions are interdependent within market systems.,01,2023-07-19T21:58:47+00:00
Anchor Standard,3.2.3.3,AS.E3,Individuals and institutions are interdependent within market systems.,01,2023-10-03T15:33:36+00:00
Content Standard,3.2.3.3.1,1.E3.1,"Describe the skills, knowledge, and sequence of events required to produce goods and services in our community.",01,2023-07-19T21:58:47+00:00
Content Standard,3.2.3.3.2,1.E3.2,Explain how people in our community earn income.,01,2023-07-19T21:58:47+00:00
Content Standard,3.2.3.3.3,1.E3.3,Explain how people can be producers and consumers in our community.,01,2023-07-19T21:58:47+00:00
Content Area,3.2.4,,Geography,01,2023-07-19T21:58:47+00:00
Anchor Standard,3.2.4.1,AS.G1,The use of geographic representations and tools helps individuals understand their world.,01,2023-10-03T15:33:36+00:00
Content Standard,3.2.4.1.1,1.G1.1,"Use, explore and construct maps, graphs and other geographical representations to support content focus.
* Key concepts include but are not limited to physical features (rivers, lakes, mountains, landforms, desert) and human features (dams, cities, parks, hospitals, schools, railroad tracks, farms, factories, houses)",01,2023-07-19T21:58:47+00:00
Content Standard,3.2.4.1.2,1.G1.2,Use a grid to locate places.,01,2023-07-19T21:58:47+00:00
Anchor Standard,3.2.4.2,AS.G2,Human-environment interactions are essential aspects of human life in all societies.,01,2023-10-03T15:33:36+00:00
Content Standard,3.2.4.2.1,1.G2.1,"Compare how human activities affect culture and the environment now and in the past.
* Such as agriculture, industrialization, urbanization, and human migration Arizona History and Social Science Standards modified 8/23/19 Page 16 Examining human population and movement helps individuals understand past, present, and future conditions on Earth’s surface.",01,2023-07-19T21:58:47+00:00
Anchor Standard,3.2.4.3,AS.G3,"Examining human population and movement helps individuals understand past, present, and future conditions on Earth’s surface",01,2023-10-03T15:33:36+00:00
Content Standard,3.2.4.3.1,1.G3.1,"Explain why and how people, goods, and ideas move from place to place.
* Key concepts include but are not limited to transportation, immigration, education, technology, and natural resources",01,2023-07-19T21:58:47+00:00
Content Standard,3.2.4.3.2,1.G3.2,Compare places past and present as it relates to content focus.,01,2023-07-19T21:58:47+00:00
Content Area,3.2.5,,History,01,2023-07-19T21:58:47+00:00
Anchor Standard,3.2.5.1,AS.H1,"The development of civilizations, societies, cultures, and innovations have influenced history and continue to impact the modern world.",01,2023-10-03T15:33:36+00:00
Content Standard,3.2.5.1.1,1.H1.1,"Explain how ideas and innovation can contribute to a community by utilizing primary sources (artifacts, photographs, newspapers, speakers) and secondary sources (biographies, stories, articles).
* Key examples include but are not limited to farming by irrigation, architecture, writing and inventions as they support content focus",01,2023-07-19T21:58:47+00:00
Anchor Standard,3.2.5.2,AS.H2,"Cycles of conflict and cooperation have shaped relations among people, places, and environments.",01,2023-10-03T15:33:36+00:00
Content Standard,3.2.5.2.1,1.H2.1,Explain the benefits of cooperation and compromise as ways to resolve conflict in communities past and present.,01,2023-07-19T21:58:47+00:00
Anchor Standard,3.2.5.3,AS.H4,"Patterns of social and political interactions have shaped people, places, and events throughout history and continue to shape the modern world.",01,2023-10-03T15:33:36+00:00
Content Standard,3.2.5.3.1,1.H4.1,"Explain and explore origins of key American symbols, documents, landmarks, holidays, and leaders as well as their importance from the past to the present in our country.
* Symbols include but are not limited to American flag, bald eagle, Statue of Liberty, White House, Washington Monument, Mount Rushmore, Liberty Bell, United States Capitol, and Arizona state symbols
* Holidays include but are not limited to Columbus Day, Thanksgiving, Veterans Day, Memorial Day, Labor Day, Presidents Day, Martin Luther King Jr. Day, Independence Day, Constitution Day, and Arizona Statehood Day
* Leaders include but are not limited to local and/or Tribal leaders, state leaders, and national leaders",01,2023-07-19T21:58:47+00:00
Content Standard,3.2.5.3.2,1.H4.2,"Draw upon fictional stories, biographies, and non-fiction/informational text to identify historical figures in your community, state, and nation and explain their significance in history and in the present day.",01,2023-07-19T21:58:47+00:00
Course,3.3,,Second Grade - The World Around Me,02,2023-10-16T20:59:11+00:00
Content Area,3.3.1,,Disciplinary Skills and Processes,02,2023-07-19T21:58:55+00:00
Anchor Standard,3.3.1.1,AS.SP1,"Chronological reasoning requires understanding processes of change and continuity over time, which means assessing similarities and differences between historical periods and between the past and present.",02,2023-10-03T15:33:36+00:00
Content Standard,3.3.1.1.1,2.SP1.1,Create a chronological sequence of multiple events.,02,2023-07-19T21:58:55+00:00
Content Standard,3.3.1.1.2,2.SP1.2,Understand how events of the past affect students’ lives and community.,02,2023-07-19T21:58:55+00:00
Content Standard,3.3.1.1.3,2.SP1.3,Generate questions about individuals and groups who have shaped a significant historical change.,02,2023-07-19T21:58:55+00:00
Anchor Standard,3.3.1.2,AS.SP2,"Thinking within the discipline involves the ability to identify, compare, and evaluate multiple perspectives about a given event to draw conclusions about that event since there are multiple points of view about events and issues.",02,2023-10-03T15:33:36+00:00
Content Standard,3.3.1.2.1,2.SP2.1,"Compare diverse cultures from around the world using primary sources such as photographs, artifacts, and music and secondary sources such as fiction and non-fiction.",02,2023-07-19T21:58:55+00:00
Content Standard,3.3.1.2.2,2.SP2.2,Compare perspectives of people in the past to those today through stories and biographies.,02,2023-07-19T21:58:55+00:00
Anchor Standard,3.3.1.3,AS.SP3,"Historians and Social Scientists gather, interpret, and use evidence to develop claims and answer historical, economic, geographical, and political questions and communicate their conclusions.",02,2023-10-03T15:33:36+00:00
Content Standard,3.3.1.3.1,2.SP3.1,Identify facts and concepts associated with compelling and supporting questions.,02,2023-07-19T21:58:55+00:00
Content Standard,3.3.1.3.2,2.SP3.2,Determine and use various kinds of sources to answer compelling and supporting questions.,02,2023-07-19T21:58:55+00:00
Content Standard,3.3.1.3.3,2.SP3.3,Generate questions about a source as it relates to an event or development.,02,2023-07-19T21:58:55+00:00
Content Standard,3.3.1.3.4,2.SP3.4,Gather relevant information from one or two sources.,02,2023-07-19T21:58:55+00:00
Content Standard,3.3.1.3.5,2.SP3.5,Ask and answer questions about explanations and arguments.,02,2023-07-19T21:58:55+00:00
Content Standard,3.3.1.3.6,2.SP3.6,"Present a summary of an argument or explanation using print, oral, or digital technology. Arizona History and Social Science Standards modified 8/23/19 Page 18",02,2023-07-19T21:58:55+00:00
Anchor Standard,3.3.1.4,AS.SP4,Thinking within the discipline involves the ability to analyze relationships among causes and effects and to create and support arguments using relevant evidence.,02,2023-10-03T15:33:36+00:00
Content Standard,3.3.1.4.1,2.SP4.1,Generate possible reasons for an event or development.,02,2023-07-19T21:58:55+00:00
Content Standard,3.3.1.4.2,2.SP4.2,Select which reasons might be more likely than others to explain an event or development.,02,2023-07-19T21:58:55+00:00
Content Area,3.3.2,,Civics,02,2023-07-19T21:58:55+00:00
Anchor Standard,3.3.2.1,AS.C2,"Citizens have individual rights, roles, and responsibilities.",02,2023-10-03T15:33:36+00:00
Content Standard,3.3.2.1.1,2.C2.1,Describe roles and responsibilities of people in authority within our country and world.,02,2023-07-19T21:58:55+00:00
Content Standard,3.3.2.1.2,2.C2.2,"Explain how all people, not just official leaders, play important roles in the world.",02,2023-07-19T21:58:55+00:00
Anchor Standard,3.3.2.2,AS.C4,"Process, rules, and laws direct how individuals are governed and how society addresses problems.",02,2023-10-03T15:33:36+00:00
Content Standard,3.3.2.2.1,2.C4.1,Explain how people work together to identify and solve problems within our world.,02,2023-07-19T21:58:55+00:00
Content Standard,3.3.2.2.2,2.C4.2,Explain how rules function in public settings.,02,2023-07-19T21:58:55+00:00
Content Area,3.3.3,,Economics,02,2023-07-19T21:58:55+00:00
Anchor Standard,3.3.3.1,AS.E1,"A financially literate individual understands how to manage income, spending, and investment.",02,2023-10-03T15:33:36+00:00
Content Standard,3.3.3.1.1,2.E1.1,Identify different occupations and skills needed in a global economy.,02,2023-07-19T21:58:55+00:00
Content Standard,3.3.3.1.2,2.E1.2,Describe reasons to save or spend money. Individuals and institutions are interdependent within market systems.,02,2023-07-19T21:58:55+00:00
Anchor Standard,3.3.3.2,AS.E3,Individuals and institutions are interdependent within market systems.,02,2023-10-03T15:33:36+00:00
Content Standard,3.3.3.2.1,2.E3.1,Identify and describe the goods and services that are produced around the world.,02,2023-07-19T21:58:55+00:00
Content Standard,3.3.3.2.2,2.E3.2,Explain how people around the world earn income.,02,2023-07-19T21:58:55+00:00
Content Standard,3.3.3.2.3,2.E3.3,"Explain how people can be producers and consumers in a global economy. The domestic economy is shaped by interactions between government, institutions, and the private sector.",02,2023-07-19T21:58:55+00:00
Anchor Standard,3.3.3.3,AS.E4,"The domestic economy is shaped by interactions between government, institutions, and the private sector.",02,2023-10-03T15:33:36+00:00
Content Standard,3.3.3.3.1,2.E4.1,Describe the public services that governments provide and how they meet the needs of individuals. The interconnected global economy impacts all individuals and groups in significant and varied ways.,02,2023-07-19T21:58:55+00:00
Anchor Standard,3.3.3.4,AS.E5,The interconnected global economy impacts all individuals and groups in significant and varied ways.,02,2023-10-03T15:33:36+00:00
Content Standard,3.3.3.4.1,2.E5.1,Illustrate how a country’s resources determine what is produced and traded.,02,2023-07-19T21:58:55+00:00
Content Area,3.3.4,,Geography,02,2023-07-19T21:58:55+00:00
Anchor Standard,3.3.4.1,AS.G1,The use of geographic representations and tools help individuals understand their world.,02,2023-10-03T15:33:36+00:00
Content Standard,3.3.4.1.1,2.G1.1,"Use and construct maps, graphs, and other geographic representations of familiar and unfamiliar places in the world; and locate physical and human features.
* Key physical features include but are not limited to seven continents, oceans, lakes, rivers, mountain ranges, coasts, seas, and deserts
* Key human features include but are not limited to equator, hemispheres, North and South Pole, cities, states, countries, regions, and landmarks",02,2023-07-19T21:58:55+00:00
Content Standard,3.3.4.1.2,2.G1.2,"Use maps, globes, and other simple geographic models to identify and explain cultural and environmental characteristics of places in the world based on stories shared. Arizona History and Social Science Standards modified 8/23/19 Page 19",02,2023-07-19T21:58:55+00:00
Anchor Standard,3.3.4.2,AS.G2,Human-environment interactions are essential aspects of human life in all societies.,02,2023-10-03T15:33:36+00:00
Content Standard,3.3.4.2.1,2.G2.1,"Explain how weather, climate, and other environmental characteristics affect people’s lives in a place or region being studied.",02,2023-07-19T21:58:55+00:00
Content Standard,3.3.4.2.2,2.G2.2,Describe how human activities affect the communities and the environment of places or regions.,02,2023-07-19T21:58:55+00:00
Content Standard,3.3.4.2.3,2.G2.3,"Describe the positive and negative effects of using natural resources. Examining human population and movement helps individuals understand past, present, and future conditions on Earth’s surface.",02,2023-07-19T21:58:55+00:00
Anchor Standard,3.3.4.3,AS.G3,"Examining human population and movement helps individuals understand past, present, and future conditions on Earth’s surface.",02,2023-10-03T15:33:36+00:00
Content Standard,3.3.4.3.1,2.G3.1,"Explain why and how people, goods, and ideas move from place to place.
* Key concepts include but are not limited to transportation, trade, immigration, migration, and communication Global interconnections and spatial patterns are a necessary part of geographic reasoning.",02,2023-07-19T21:58:55+00:00
Anchor Standard,3.3.4.4,AS.G4,Global interconnections and spatial patterns are a necessary part of geographic reasoning.,02,2023-10-03T15:33:36+00:00
Content Standard,3.3.4.4.1,2.G4.1,Identify different physical and cultural regions in the world.,02,2023-07-19T21:58:55+00:00
Content Area,3.3.5,,History,02,2023-07-19T21:58:55+00:00
Anchor Standard,3.3.5.1,AS.H1,"The development of civilizations, societies, cultures, and innovations have influenced history and continue to impact the modern world.",02,2023-10-03T15:33:36+00:00
Content Standard,3.3.5.1.1,2.H1.1,Explain how individuals can make contributions to a civilization and/or culture in place or region studied.,02,2023-07-19T21:58:55+00:00
Content Standard,3.3.5.1.2,2.H1.2,"Using primary and secondary sources, compare civilizations and/or cultures around the world and how they have changed over time in a place or region studied.",02,2023-07-19T21:58:55+00:00
Content Standard,3.3.5.1.3,2.H1.3,"Examine developments from the civilization and/or culture in place or region studied. Economic, political, and religious ideas and institutions have influenced history and continue to shape the modern world.",02,2023-07-19T21:58:55+00:00
Course,3.4,,Third Grade - Arizona Studies,03,2023-10-16T20:59:29+00:00
Content Area,3.4.1,,Disciplinary Skills and Processes,03,2023-07-19T21:59:05+00:00
Anchor Standard,3.4.1.1,AS.SP1,"Anchor_Standard **** Chronological reasoning requires understanding processes of change and continuity over time, which means assessing similarities and differences between historical periods and between the past and present.",03,2023-10-03T15:33:36+00:00
Content Standard,3.4.1.1.1,3.SP1.1,Create and use a chronological sequence of related events to compare developments that happened at the same time.,03,2023-07-19T21:59:05+00:00
Content Standard,3.4.1.1.2,3.SP1.2,Compare life in specific historical time periods to life today.,03,2023-07-19T21:59:05+00:00
Content Standard,3.4.1.1.3,3.SP1.3,Generate questions about individuals and groups who have impacted history.,03,2023-07-19T21:59:05+00:00
Anchor Standard,3.4.1.2,AS.SP2,"Thinking within the discipline involves the ability to identify, compare, and evaluate multiple perspectives about a given event to draw conclusions a given event since there are multiple points of view about events and issues.",03,2023-10-03T15:33:36+00:00
Content Standard,3.4.1.2.1,3.SP2.1,Explain why individuals and groups have different points of view on the same event.,03,2023-07-19T21:59:05+00:00
Anchor Standard,3.4.1.3,AS.SP3,"Historians and Social Scientists gather, interpret, and use evidence to develop claims and answer historical, economic, geographical, and political questions and communicate their conclusions.",03,2023-10-03T15:33:36+00:00
Content Standard,3.4.1.3.1,3.SP3.1,"Develop questions about Arizona history, geography, government, and economics.",03,2023-07-19T21:59:05+00:00
Content Standard,3.4.1.3.2,3.SP3.2,Distinguish between primary and secondary sources.,03,2023-07-19T21:59:05+00:00
Content Standard,3.4.1.3.3,3.SP3.3,Identify and use evidence that draws information from multiple sources to answer compelling questions about Arizona.,03,2023-07-19T21:59:05+00:00
Content Standard,3.4.1.3.4,3.SP3.4,Compare information provided by various sources about Arizona.,03,2023-07-19T21:59:05+00:00
Content Standard,3.4.1.3.5,3.SP3.5,Generate questions about multiple historical sources.,03,2023-07-19T21:59:05+00:00
Content Standard,3.4.1.3.6,3.SP3.6,"Construct arguments and explanations using reasoning, examples, and details from sources.",03,2023-07-19T21:59:05+00:00
Content Standard,3.4.1.3.7,3.SP3.7,"Present summaries of arguments and explanations using print, oral , and digital technologies. Arizona History and Social Science Standards modified 8/23/19 Page 21",03,2023-07-19T21:59:05+00:00
Anchor Standard,3.4.1.4,AS.SP4,Thinking within the discipline involves the ability to analyze relationships among causes and effects and to create and support arguments using relevant evidence.,03,2023-10-03T15:33:36+00:00
Content Standard,3.4.1.4.1,3.SP4.1,Explain probable causes and effects of events.,03,2023-07-19T21:59:05+00:00
Content Standard,3.4.1.4.2,3.SP4.2,Summarize the central claim in a secondary source.,03,2023-07-19T21:59:05+00:00
Content Area,3.4.2,,Civics,03,2023-07-19T21:59:05+00:00
Anchor Standard,3.4.2.1,AS.C1,Civic virtues and democratic principles are key components of the American political system.,03,2023-10-03T15:33:36+00:00
Content Standard,3.4.2.1.1,3.C1.1,"Describe civic virtues and democratic principles within a variety of government structures, societies, and/or communities within Arizona.
* Key concepts include but are not limited to respecting the rights of others, helping to promote the common good, and participating in government",03,2023-07-19T21:59:05+00:00
Content Standard,3.4.2.1.2,3.C1.2,"Use listening, consensus-building, and voting procedures to decide on and act in their classrooms. An understanding of civic and political institutions in society and the principles these institutions are intended to reflect including knowledge about law, politics, and government are essential to effective citizenship.",03,2023-07-19T21:59:05+00:00
Content Standard,3.4.2.1.3,3.C3.1,"Describe the origins, functions, and structure of the Arizona Constitution, local governments, and tribal governments
* Key concepts for state government include but are not limited to distinguishing the difference between national and state governments, describing the major responsibilities of each branch, describing the important services state governments provide, describing how state government officials are chosen and who those current officials are, explaining how people can participate in their state governments, explaining why it is important that people participate in their state government, and understanding how state government services are paid for
* Key concepts for local governments include but are not limited to distinguishing between state and local governments, knowing services local governments provide such as public safety, public transportation, education, recreation, explain how local government services are provided and paid for, describing how local government officials are chosen and who they are, explaining how people can participate in their local government, and explaining why it is important to participate in their local government
* Key concepts for Tribal governments include but are not limited to distinguishing between national, state, local, and tribal governments. understanding the services provided by tribal governments, their organization, and how leaders are chosen",03,2023-07-19T21:59:05+00:00
Content Standard,3.4.2.1.4,3.C3.2,"Describe ways in which people benefit from and are challenged by working together, including through families, school, workplaces, voluntary organizations, and government.",03,2023-09-27T21:43:48+00:00
Content Area,3.4.3,,Economics,03,2023-07-19T21:59:05+00:00
Anchor Standard,3.4.3.1,AS.E1,"A financially literate individual understands how to manage income, spending, and investment.",03,2023-10-03T15:33:36+00:00
Content Standard,3.4.3.1.1,3.E1.1,"Describe and discuss industries and occupations that have shaped Arizona.
* Key concepts include but are not limited to the 5 C’s (copper, cattle, cotton, citrus, climate), ranching, mining, farming, and tourism",03,2023-07-19T21:59:05+00:00
Content Standard,3.4.3.1.2,3.E1.2,Identify various forms of earning income in the state of Arizona.,03,2023-07-19T21:59:05+00:00
Content Standard,3.4.3.1.3,3.E1.3,Identify positive and negative incentives that influence financial decisions people make to save and spend money.,03,2023-07-19T21:59:05+00:00
Anchor Standard,3.4.3.2,AS.E2,"By applying economic reasoning, individuals seek to understand the decisions of people, groups, and societies.",03,2023-10-03T15:33:36+00:00
Content Standard,3.4.3.2.1,3.E2.1,Explain how availability of resources affects decision making in Arizona with respect to water and other natural resources. Arizona History and Social Science Standards modified 8/23/19 Page 22,03,2023-07-19T21:59:05+00:00
Content Standard,3.4.3.2.2,3.E2.2,"Describe how Arizona is connected to other states, Mexico, and other nations by movement of people, goods, and ideas.",03,2023-07-19T21:59:05+00:00
Content Area,3.4.4,,Geography,03,2023-07-19T21:59:05+00:00
Anchor Standard,3.4.4.1,AS.G1,The use of geographic representations and tools helps individuals understand their world.,03,2023-10-03T15:33:36+00:00
Content Standard,3.4.4.1.1,3.G1.1,"Use and construct maps and graphs to represent changes in Arizona over time.
* Key concepts include but are not limited to locating physical features including the Grand Canyon, Mogollon Rim, Colorado River, Salt River, Gila River
* Key concepts include but are not limited to locating human features including major cities, counties, Hoover Dam, Roosevelt Dam, and state capital
* Key concepts include but are not limited to distinct physical and cultural characteristics of Arizona including landforms, the 5C’s, climate zones, elevations, plants, animals, Arizona’s 22 Indian Nations, diverse ethnic, racial, and religious cultures",03,2023-07-19T21:59:05+00:00
Anchor Standard,3.4.4.2,AS.G2,Human-environment interactions are essential aspects of human life in all societies.,03,2023-10-03T15:33:36+00:00
Content Standard,3.4.4.2.1,3.G2.1,"Explain how people modify and adapt to the Arizona environment.
* Key concepts include but are not limited to modification and adaptation of the environment by Paleo-Indians, Prehistoric-Indians, explorers, settlers, farmers, immigrants, migrants, and the 22 Arizona Indian Nations, and the use of Arizona’s natural resources Examining human population and movement helps individuals understand past, present, and future conditions on Earth’s surface.",03,2023-07-19T21:59:05+00:00
Anchor Standard,3.4.4.3,AS.G3,"Examining human population and movement helps individuals understand past, present, and future conditions on Earth’s surface.",03,2023-10-03T15:33:36+00:00
Content Standard,3.4.4.3.1,3.G3.1,"Describe the movement of people in and out of Arizona over time.
* Key concepts include but are not limited to factors contributing to settlement, economic development, growth of major cities, major economic activities, and land use patterns Global interconnections and spatial patterns are a necessary part of geographical reasoning.",03,2023-07-19T21:59:05+00:00
Anchor Standard,3.4.4.4,AS.G4,Global interconnections and spatial patterns are a necessary part of geographical reasoning.,03,2023-10-03T15:33:36+00:00
Content Standard,3.4.4.4.1,3.G4.1,"Describe how Arizona has changed over time.
* Key concepts include but are not limited to Paleo-Indians, explorers, settlers, farmers, immigrants, migrants, the 22 Arizona Indian Nations, plants, land use, and animals",03,2023-07-19T21:59:05+00:00
Content Area,3.4.5,,History,03,2023-07-19T21:59:05+00:00
Anchor Standard,3.4.5.1,AS.H1,"The development of civilizations, societies, cultures, and innovations have influenced history and continue to impact the modern world.",03,2023-10-03T15:33:36+00:00
Content Standard,3.4.5.1.1,3.H1.1,"Utilize a variety of sources to construct a historical narrative exploring Arizona’s cultures, civilizations, and innovations.
* Key concepts include but are not limited to impact of prehistoric peoples, Native Americans, Latinx, African Americans, Asian Americans, and newcomers from the United States and world on art, language, architecture, mining, agriculture, and innovations
* Key concepts include but are not limited to explorers, settlers, trappers, missionaries, and colonizers
* Key events include but are not limited to statehood
* Influential individuals and groups in the history and development of Arizona",03,2023-07-19T21:59:05+00:00
Anchor Standard,3.4.5.2,AS.H2,"Cycles of conflict and cooperation have shaped relations among people, places, and environments. Arizona History and Social Science Standards modified 8/23/19 Page 23",03,2023-10-03T15:33:36+00:00
Content Standard,3.4.5.2.1,3.H2.1,"Use primary and secondary sources to generate questions about the causes and effects of conflicts and resolutions throughout Arizona’s history.
* Key concepts include but are not limited to conflicts over exploration, colonization, settlement, industrialism, and the 22 Arizona Indian Nations",03,2023-07-19T21:59:05+00:00
Content Standard,3.4.5.2.2,3.H2.2,"Examine how individuals and groups have worked together throughout Arizona’s history. Economic, political, and religious ideas and institutions have influenced history and continue to shape the modern world.",03,2023-07-19T21:59:05+00:00
Anchor Standard,3.4.5.3,AS.H3,"Economic, political, and religious ideas and institutions have influenced history and continue to shape the modern world.",03,2023-10-03T15:33:36+00:00
Content Standard,3.4.5.3.1,3.H3.1,"Evaluate how individual rights, freedoms, and responsibilities can vary based on community, state, and nation.
* Key concepts such as but not limited to, women’s rights, segregation, Native American rights and citizenship, internment and POW (prisoners of war) camps, migrants and farmworkers",03,2023-07-19T21:59:05+00:00
Content Standard,3.4.5.3.2,3.H3.2,Use primary and secondary sources to analyze the changes that have taken place in Arizona which could include the use of current events.,03,2023-07-19T21:59:05+00:00
Course,3.5,,Fourth Grade - Regions and Cultures of the Americas,04,2023-10-16T20:59:48+00:00
Content Area,3.5.1,,Disciplinary Skills and Processes,04,2023-07-19T21:59:58+00:00
Anchor Standard,3.5.1.1,AS.SP1,"Chronological reasoning requires understanding processes of change and continuity over time, which means assessing similarities and differences between historical periods and between the past and present.",04,2023-10-03T15:33:36+00:00
Content Standard,3.5.1.1.1,4.SP1.1,Create and use a chronological sequence of related events to compare developments that happened at the same time.,04,2023-07-19T21:59:58+00:00
Content Standard,3.5.1.1.2,4.SP1.2,Compare life in specific historical time periods to life today.,04,2023-07-19T21:59:58+00:00
Content Standard,3.5.1.1.3,4.SP1.3,"Generate questions about individuals and groups who have shaped significant historical events.
* Key individuals may include but are not limited to explorers, leaders (Mesoamerican, American Indian, and political), settlers, women, landowners, organizations, colonists, missionaries, and enslaved and free Africans",04,2023-07-19T21:59:58+00:00
Anchor Standard,3.5.1.2,AS.SP2,"Thinking within the discipline involves the ability to identify, compare, and evaluate multiple perspectives about a given event to draw conclusions about that event since there are multiple points of view about events and issues.",04,2023-10-03T15:33:36+00:00
Content Standard,3.5.1.2.1,4.SP2.1,"Explain why individuals and groups during the same historical period differed in their perspectives on issues and events.
* Key issues may include but are not limited to slavery, exploration, property rights, and colonization",04,2023-07-19T21:59:58+00:00
Content Standard,3.5.1.2.2,4.SP2.2,Explain connections among historical contexts and people’s perspectives at the time. Arizona History and Social Science Standards modified 8/23/19 Page 25,04,2023-07-19T21:59:58+00:00
Anchor Standard,3.5.1.3,AS.SP3,"Historians and Social Scientists gather, interpret, and use evidence to develop claims and answer historical, economic, geographical, and political questions and communicate their conclusions.",04,2023-10-03T15:33:36+00:00
Content Standard,3.5.1.3.1,4.SP3.1,Develop questions about events and developments in the Americas.,04,2023-07-19T21:59:58+00:00
Content Standard,3.5.1.3.2,4.SP3.2,Compare information provided by different sources about events and developments in the Americas.,04,2023-07-19T21:59:58+00:00
Content Standard,3.5.1.3.3,4.SP3.3,Generate questions about multiple sources and their relationships to events and developments in the Americas.,04,2023-07-19T21:59:58+00:00
Content Standard,3.5.1.3.4,4.SP3.4,"Use information about a source including the author, date, place of origin, intended audience, and purpose to evaluate the extent to which the source is useful for studying a topic.",04,2023-07-19T21:59:58+00:00
Content Standard,3.5.1.3.5,4.SP3.5,"Construct and present arguments and explanations using reasoning, examples, and details with relevant information and data from multiple sources.",04,2023-07-19T21:59:58+00:00
Content Standard,3.5.1.3.6,4.SP3.6,"Present summaries of arguments and explanations using print, oral, and digital technologies.",04,2023-07-19T21:59:58+00:00
Anchor Standard,3.5.1.4,AS.SP4,Discipline involves the ability to analyze relationships among causes and effects and to create and support arguments using relevant evidence.,04,2023-10-03T15:33:36+00:00
Content Standard,3.5.1.4.1,4.SP4.1,Explain probable causes and effects of events and developments.,04,2023-07-19T21:59:58+00:00
Content Standard,3.5.1.4.2,4.SP4.2,Summarize the central claim in a secondary work of history.,04,2023-07-19T21:59:58+00:00
Content Standard,3.5.1.4.3,4.SP4.3,Use evidence from multiple sources to develop and communicate claims about the causes and effects of events.,04,2023-07-19T21:59:58+00:00
Content Area,3.5.2,,Civics,04,2023-07-19T21:59:58+00:00
Anchor Standard,3.5.2.1,AS.C1,Civic virtues and democratic principles are key components of the American political system.,04,2023-10-03T15:33:36+00:00
Content Standard,3.5.2.1.1,4.C1.1,"Analyze civic virtues and democratic principles or lack thereof within a variety of government structures, societies, and/or communities within the Americas.
* Key concepts include but are not limited to governmental structures, views on property ownership and land use, representative assemblies, town meetings, colonial legislatures, and royal governments throughout the Americas in the time period being studied",04,2023-07-19T21:59:58+00:00
Anchor Standard,3.5.2.2,AS.C2,"Citizens have individual rights, roles, and responsibilities.",04,2023-10-03T15:33:36+00:00
Content Standard,3.5.2.2.1,4.C2.1,"Use primary and secondary sources to generate questions about the concepts and ideas such as liberty, justice, equality, and individual rights.
* Key concepts include but are not limited to oppression, slavery and the slave trade, indentured servitude, The Mayflower Compact, religious freedom, and European treatment of native cultures in the Americas",04,2023-07-19T21:59:58+00:00
Content Area,3.5.3,,Economics,04,2023-07-19T21:59:58+00:00
Anchor Standard,3.5.3.1,AS.E2,"By applying economic reasoning, individuals seek to understand the decisions of people, groups, and societies.",04,2023-10-03T15:33:36+00:00
Content Standard,3.5.3.1.1,4.E2.1,"Examine concepts of scarcity, choice, opportunity cost, and risk.
* Key concepts include but are not limited to nomadic and sedentary societies, reasons for European exploration, triangular trade, Jamestown settlement, and the establishment of colonies Individuals and institutions are interdependent within market systems.",04,2023-07-19T21:59:58+00:00
Content Standard,3.5.3.1.2,4.E3.1,"Compare different industries, occupations, and resources as well as different forms of income earned or received that have shaped the Americas. Arizona History and Social Science Standards modified 8/23/19 Page 26
* Key concepts include but are not limited to societal roles of the individual in Mesoamerican civilizations, the emerging labor force in the colonies (cash crop farming, slavery, indentured servitude), resources and industries of the Southern, Middle, and New England Colonies, economic way of life in western Africa before the 16th century, and views on property ownership and land use between European settlers and American Indians",04,2023-07-19T21:59:58+00:00
Content Area,3.5.4,,Geography,04,2023-07-19T21:59:58+00:00
Anchor Standard,3.5.4.1,AS.G1,The use of geographic representations and tools help individuals understand their world.,04,2023-10-03T15:33:36+00:00
Content Standard,3.5.4.1.1,4.G1.1,"Use and construct maps and graphs to represent changes in the Americas over time.
* Key concepts include but are not limited to human and physical features of the Americas, trade and exploration routes, the location of civilizations and societies in the Americas including indigenous peoples, and settlement patterns including the development of the Southern, Middle, and New England Colonies",04,2023-07-19T21:59:58+00:00
Anchor Standard,3.5.4.2,AS.G2,Human-environment interactions are essential aspects of human life in all societies.,04,2023-10-03T15:33:36+00:00
Content Standard,3.5.4.2.1,4.G2.1,"Compare the diverse ways people or groups of people have impacted, modified, or adapted to the environment of the Americas.
* Key concepts include but are not limited to disease, farming, family structure, housing, cultural assimilation, cultural amalgamation, climate, transportation, domestication of animals, clothing, recreation, and utilization of renewable and non-renewable natural resources Examining human population and movement helps individuals understand past, present, and future conditions on Earth’s surface.",04,2023-07-19T21:59:58+00:00
Anchor Standard,3.5.4.3,AS.G3,"Examining human population and movement helps individuals understand past, present, and future conditions on Earth’s surface.",04,2023-10-03T15:33:36+00:00
Content Standard,3.5.4.3.1,4.G3.1,"Explain how the location and use of resources affects human settlement and movement.
* Key concepts include but are not limited to theories about the peopling of the Americas, the Columbian Exchange, treatment of indigenous people, triangular trade, searches for trade routes to Asia that led to exploration and settlement of the Americas Global interconnections and spatial patterns are a necessary part of geographic reasoning.",04,2023-07-19T21:59:58+00:00
Anchor Standard,3.5.4.4,AS.G4,Global interconnections and spatial patterns are a necessary part of geographic reasoning.,04,2023-10-03T15:33:36+00:00
Content Standard,3.5.4.4.1,4.G4.1,"Explain the positive and negative effects of increasing economic interdependence on distinct groups, countries, and new settlements.
* Key concepts include but are not limited to trade, mercantilism, the development of new technologies, and the use of natural resources",04,2023-07-19T21:59:58+00:00
Content Area,3.5.5,,History,04,2023-07-19T21:59:58+00:00
Anchor Standard,3.5.5.1,AS.H1,"The development of civilizations, societies, cultures, and innovations have influenced history and continue to impact the modern world.",04,2023-10-03T15:33:36+00:00
Content Standard,3.5.5.1.1,4.H1.1,"Utilizing a variety of multi-genre primary and secondary sources, construct historical narratives about cultures, civilizations, and innovations in the Americas.
* Key concepts include but are not limited to Olmec, Maya, Inca, Aztec, American Indians living in the Americas before and after European exploration, enslaved and free Africans living in the colonies, British, French, Dutch, Spanish explorers and settlers, and the thirteen colonies",04,2023-07-19T21:59:58+00:00
Anchor Standard,3.5.5.2,AS.H2,"Cycles of conflict and cooperation have shaped relations among people, places, and environments.",04,2023-10-03T15:33:36+00:00
Content Standard,3.5.5.2.1,4.H2.1,"Describe the cycles of conflict and compromise that occurred in the Americas during the convergence of Europeans, American Indians, and Africans in the Americas before and after European exploration
4H2.2 Analyze the different approaches used by the Spanish, Portuguese, British, and the French in their interactions with American Indians. Arizona History and Social Science Standards modified 8/23/19 Page 27 Economic, political, and religious ideas and institutions have influenced history and continue to shape the modern world.",04,2023-07-19T21:59:58+00:00
Content Standard,3.5.5.2.2,4.H2.2,"Analyze the different approaches used by the Spanish, Portuguese, British, and the French in their interactions with American Indians.",04,2023-09-27T21:52:35+00:00
Anchor Standard,3.5.5.3,AS.H3,"Economic, political, and religious ideas and institutions have influenced history and continue to shape the modern world.",04,2023-10-03T15:33:36+00:00
Content Standard,3.5.5.3.1,4.H3.1,"Examine how economic, political, and religious ideas and institutions have influenced the development of individual rights, freedoms, and responsibilities in the Americas.
* Key concepts include but are not limited to Olmec, Maya, Inca, Aztec, American Indians living in the Americas before European exploration
* Key concepts include but are not limited to the influence of colonial governments on constitutional government (fundamental rights, rule of law, representative government, voting rights, separation of powers), how enslaved Africans drew upon their African past along with elements of new cultures to develop a distinct African-American culture, how religious tensions in the New England Colonies established colonies founded on religious tolerance, ways in which society expresses itself (art, music, dance, crafts, and writings), and how religious beliefs of groups like the Quakers and Spanish missionaries led to questions about the morality of slavery and ideas of equality",04,2023-07-19T21:59:58+00:00
Course,3.6,,Fifth Grade - United States Studies,05,2023-10-16T21:00:09+00:00
Content Area,3.6.1,,Disciplinary Skills and Processes,05,2023-07-19T22:00:19+00:00
Anchor Standard,3.6.1.1,AS.SP1,"Chronological reasoning requires understanding processes of change and continuity over time, which means assessing similarities and differences between historical periods and between the past and present.",05,2023-10-03T15:33:36+00:00
Content Standard,3.6.1.1.1,5.SP1.1,Create and use a chronological sequence of related events to compare developments that happened at the same time.,05,2023-07-19T22:00:19+00:00
Content Standard,3.6.1.1.2,5.SP1.2,Explain how events of the past affect students’ lives and society.,05,2023-07-19T22:00:19+00:00
Content Standard,3.6.1.1.3,5.SP1.3,"Generate questions about individuals and groups who have shaped significant historical changes and continuities.
* Key individuals or groups should represent the time- period being studied and be inclusive of the diversity represented in the history of the United States Arizona History and Social Science Standards modified 8/23/19 Page 29",05,2023-07-19T22:00:19+00:00
Anchor Standard,3.6.1.2,AS.SP2,"Thinking within the discipline involves the ability to identify, compare, and evaluate multiple perspectives about a given event to draw conclusions since there are multiple points of view about events and issues.",05,2023-10-03T15:33:36+00:00
Content Standard,3.6.1.2.1,5.SP2.1,"Explain why individuals and groups during the same historical period differed in their perspectives
* Key individuals and groups can include but are not limited to a loyalist and patriots, federalist and anti-federalist, Hamilton and Jefferson, abolitionists and slave owners, Abraham Lincoln and John C. Calhoun, southerners and northerners, labor and business, nativists and immigrants, and American Indians and settlers
* Key issues and events can include but are not limited to federalism, constitutional interpretation, individual liberties, slavery, Jim Crow Laws and segregation, secession, westward expansion, Indian boarding schools, immigration, Manifest Destiny, worker’s rights, and women’s rights",05,2023-07-19T22:00:19+00:00
Anchor Standard,3.6.1.3,AS.SP3,"Historians and Social Scientists gather, interpret, and use evidence to develop claims and answer historical, economic, geographical, and political questions and communicate their conclusions.",05,2023-10-03T15:33:36+00:00
Content Standard,3.6.1.3.1,5.SP3.1,Develop compelling and supporting questions about the United States that are open to different interpretations.,05,2023-07-19T22:00:19+00:00
Content Standard,3.6.1.3.2,5.SP3.2,Use distinctions among fact and opinion to determine the credibility of multiple sources.,05,2023-07-19T22:00:19+00:00
Content Standard,3.6.1.3.3,5.SP3.3,Compare information provided by multiple sources about events and developments in the United States.,05,2023-07-19T22:00:19+00:00
Content Standard,3.6.1.3.4,5.SP3.4,Infer the intended audience and purpose of a source from information within the source itself.,05,2023-07-19T22:00:19+00:00
Content Standard,3.6.1.3.5,5.SP3.5,"Use information about a historical source including the author, date, place of origin, intended audience, and purpose to judge the extent to which the source is useful for studying a topic and evaluate the credibility of the source.",05,2023-07-19T22:00:19+00:00
Content Standard,3.6.1.3.6,5.SP3.6,Construct and present arguments using claims and evidence from multiple sources.,05,2023-07-19T22:00:19+00:00
Content Standard,3.6.1.3.7,5.SP3.7,"Construct and present explanations using reasoning, correct sequence, examples and details with relevant information and data.",05,2023-07-19T22:00:19+00:00
Anchor Standard,3.6.1.4,AS.SP4,Thinking within the discipline involves the ability to analyze relationships among causes and effects and to create and support arguments using relevant evidence.,05,2023-10-03T15:33:36+00:00
Content Standard,3.6.1.4.1,5.SP4.1,"Explain probable causes and effects of events and developments in United States history from the revolutionary period to the rise of industry and urbanization.
* Events include but are not limited to the American Revolution, Constitutional Convention, Civil War, Reconstruction, westward expansion, industrialism, and urbanization",05,2023-07-19T22:00:19+00:00
Content Standard,3.6.1.4.2,5.SP4.2,Use evidence to develop a claim about the past.,05,2023-07-19T22:00:19+00:00
Content Standard,3.6.1.4.3,5.SP4.3,Summarize the central claim in a secondary source.,05,2023-07-19T22:00:19+00:00
Content Area,3.6.2,,Civics,05,2023-07-19T22:00:19+00:00
Anchor Standard,3.6.2.1,AS.C2,"Citizens have individual rights, roles, and responsibilities.",05,2023-10-03T15:33:36+00:00
Content Standard,3.6.2.1.1,5.C2.1,"Explain how a republic relies on people’s responsible participation within the context of key historical events pre-American Revolution to Industrialization.
* Key concepts include but are not limited to volunteerism, joining associations and groups, joining political parties, using the First Amendment (free speech, religion, press, assembly, petition), censorship, voting in elections, running for office, working on campaigns, bringing cases to court, civil disobedience, protest movements, and serving in the military An understanding of civic and political institutions in society and the principles these institutions are intended to reflect including knowledge about law, politics, and government are essential to effective citizenship.",05,2023-07-19T22:00:19+00:00
Anchor Standard,3.6.2.2,AS.C3,"An understanding of civic and political institutions in society and the principles these institutions are intended to reflect including knowledge about law, politics, and government are essential to effective citizenship.",05,2023-10-03T15:33:36+00:00
Content Standard,3.6.2.2.1,5.C3.1,"Describe the origins, functions, and structure of the United States Constitution and the three branches of government. Arizona History and Social Science Standards modified 8/23/19 Page 30
* Key origins include historical and philosophical influences like the government structures of Ancient Greece and Rome, Enlightenment thinkers like John Locke, British documents like the Magna Carta, colonial governments, the Articles of Confederation, and the compromises and ratification debates of the Constitutional Convention Key functions of the United States government as outlined in the Preamble
* Key structures include distributing, sharing, and limiting powers of the national government through separation of powers, checks and balances, and federalism
* Key organization of the Constitution include the Preamble, seven Articles, and Amendments (including the Bill of Rights)",05,2023-07-19T22:00:19+00:00
Anchor Standard,3.6.2.3,AS.C4,"Process, rules, and laws direct how individuals are governed and how society addresses problems.",05,2023-10-03T15:33:36+00:00
Content Standard,3.6.2.3.1,5.C4.1,"Using primary and secondary sources to examine historical and contemporary means of a changing society through laws and policies in order to address public problems.
* Key concepts can include but are not limited to the purpose of the Declaration of Independence, the creation of the Constitution, the formation and development of social and reform movements, and responses to industrialism and poverty at the turn of the century",05,2023-07-19T22:00:19+00:00
Content Standard,3.6.2.3.2,5.C4.2,Use a range of deliberative and democratic procedures to make decisions about and act on issues and civic problems in their classrooms and schools.,05,2023-07-19T22:00:19+00:00
Content Area,3.6.3,,Economics,05,2023-07-19T22:00:19+00:00
Anchor Standard,3.6.3.1,AS.E1,"A financially literate individual understands how to manage income, spending, and investment.",05,2023-10-03T15:33:36+00:00
Content Standard,3.6.3.1.1,5.E1.1,Give examples of financial risks that individuals and households face within the context of the time period studied.,05,2023-07-19T22:00:19+00:00
Anchor Standard,3.6.3.2,AS.E2,"By applying economic reasoning, individuals seek to understand the decisions of people, groups, and societies.",05,2023-10-03T15:33:36+00:00
Content Standard,3.6.3.2.1,5.E2.1,"Compare the benefits and costs of individual choices within the context of key historical events.
* Key concepts can include but are not limited to smuggling during the American Revolution, separating from England, economic powers outlined in the Constitution, slavery, secession, territorial expansion, and unregulated industry Individuals and institutions are interdependent within market systems.",05,2023-07-19T22:00:19+00:00
Anchor Standard,3.6.3.3,AS.E3,Individuals and institutions are interdependent within market systems.,05,2023-10-03T15:33:36+00:00
Content Standard,3.6.3.3.1,5.E3.1,"Develop an understanding of the characteristics of entrepreneurship within a market economy and apply these characteristics to individuals during the time-period studied.
* Characteristics include but are not limited to risk taking, innovation, and problem solving The domestic economy is shaped by interactions between government, institutions, and the private sector.",05,2023-07-19T22:00:19+00:00
Anchor Standard,3.6.3.4,AS.E4,"The domestic economy is shaped by interactions between government, institutions, and the private sector.",05,2023-10-03T15:33:36+00:00
Content Standard,3.6.3.4.1,5.E4.1,"Describe how government decisions on taxation, spending, protections, and regulation affected the national economy during the time-period being studied",05,2023-07-19T22:00:19+00:00
Content Standard,3.6.3.4.2,5.E4.2,"Analyze how agriculture, new industries, innovative technologies, changes in transportation, and labor impacted the national economy including productivity, supply and demand, and price during the time-period being studied. The interconnected global economy impacts all individuals and groups in significant and varied ways.",05,2023-07-19T22:00:19+00:00
Anchor Standard,3.6.3.5,AS.E5,The interconnected global economy impacts all individuals and groups in significant and varied ways.,05,2023-10-03T15:33:36+00:00
Content Standard,3.6.3.5.1,5.E5.1,"Generate questions to explain how trade leads to increasing economic interdependence on different nations.
* Key concepts include but are not limited to products that are imported into markets within the United States and products that are exported to other markets in the world Arizona History and Social Science Standards modified 8/23/19 Page 31",05,2023-07-19T22:00:19+00:00
Content Area,3.6.4,,Geography,05,2023-07-19T22:00:19+00:00
Anchor Standard,3.6.4.1,AS.G1,The use of geographic representations and tools help individuals understand their world.,05,2023-10-03T15:33:36+00:00
Content Standard,3.6.4.1.1,5.G1.1,"Use and construct maps and graphs to represent changes in the United States.
* Key concepts include but are not limited to physical and human features of the United States, the regions of the United States and their characteristics, geographic location of major events, the growth of the United States through territorial expansion, demographic changes, and the states and their capitals",05,2023-07-19T22:00:19+00:00
Anchor Standard,3.6.4.2,AS.G2,Human-environment interactions are essential aspects of human life in all societies.,05,2023-10-03T15:33:36+00:00
Content Standard,3.6.4.2.1,5.G2.1,"Describe how natural and human-caused changes to habitats or climate can impact our world. Examining human population and movement helps individuals understand past, present, and future conditions on Earth’s surface.",05,2023-07-19T22:00:19+00:00
Anchor Standard,3.6.4.3,AS.G4,Global interconnections and spatial patterns are a necessary part of geographic reasoning.,05,2023-10-03T15:33:36+00:00
Content Standard,3.6.4.3.1,5.G4.1,"Describe how economic activities, natural phenomena, and human-made events in one place or region are impacted by interactions with nearby and distant places or regions.",05,2023-09-27T21:58:00+00:00
Content Area,3.6.5,,History,05,2023-07-19T22:00:19+00:00
Anchor Standard,3.6.5.1,AS.H2,"Cycles of conflict and cooperation have shaped relations among people, places, and environments.",05,2023-10-03T15:33:36+00:00
Content Standard,3.6.5.1.1,5.H2.1,"Use primary and secondary sources to summarize the causes and effects of conflicts, resolutions, and social movements throughout the historical timeframe.
* Key conflicts can include but are not limited to cultural conflicts, political conflicts, economic conflicts, military conflicts, and conflicts related to resource use and availability",05,2023-07-19T22:00:19+00:00
Anchor Standard,3.6.5.2,AS.H4,"Patterns of social and political interactions have shaped people, places, and events throughout history and continue to shape the modern world.",05,2023-10-03T15:33:36+00:00
Content Standard,3.6.5.2.1,5.H4.1,"Use primary and secondary sources to describe how diverse groups (racial, ethnic, class, gender, regional, immigrant/migrant) shaped the United States’ multicultural society within the historical timeframe.",05,2023-07-19T22:00:19+00:00
Course,3.7,,Sixth Grade - Global Studies: World Regions and Cultures of the Eastern Hemisphere,06,2023-10-16T21:00:30+00:00
Content Area,3.7.1,,Disciplinary Skills and Processes,06,2023-07-19T22:02:07+00:00
Anchor Standard,3.7.1.1,AS.SP1,"Chronological reasoning requires understanding processes of change and continuity over time, which means assessing similarities and differences between historical periods and between the past and present.",06,2023-10-03T15:33:36+00:00
Content Standard,3.7.1.1.1,6.SP1.1,Examine ways that historians and social scientists know about the past.,06,2023-07-19T22:02:07+00:00
Content Standard,3.7.1.1.2,6.SP1.2,Analyze connections among events and developments in various geographic and cultural contexts.,06,2023-07-19T22:02:07+00:00
Content Standard,3.7.1.1.3,6.SP1.3,Classify a series of historical events and developments as examples of change and/or continuity.,06,2023-07-19T22:02:07+00:00
Content Standard,3.7.1.1.4,6.SP1.4,Evaluate the significance of past events and their effect on students’ lives and society.,06,2023-07-19T22:02:07+00:00
Anchor Standard,3.7.1.2,AS.SP2,"Thinking within the discipline involves the ability to identify, compare, and evaluate multiple perspectives about a given event to draw conclusions about that event since there are multiple points of view about events and issues.",06,2023-10-03T15:33:36+00:00
Content Standard,3.7.1.2.1,6.SP2.1,Explain how and why perspectives of people have changed throughout different historical eras. Arizona History and Social Science Standards modified 8/23/19 Page 33,06,2023-07-19T22:02:07+00:00
Content Standard,3.7.1.2.2,6.SP2.2,Analyze how people’s perspective influenced what information is available in the historical sources they created.,06,2023-07-19T22:02:07+00:00
Anchor Standard,3.7.1.3,AS.SP3,"Historians and Social Scientists gather, interpret, and use evidence to develop claims and answer historical, economic, geographical, and political questions and communicate their conclusions.",06,2023-10-03T15:33:36+00:00
Content Standard,3.7.1.3.1,6.SP3.1,Define and frame compelling and supporting questions about issues and events in the time-period and region studied.,06,2023-07-19T22:02:07+00:00
Content Standard,3.7.1.3.2,6.SP3.2,Use evidence to develop claims and counterclaims in response to compelling questions in the time period and region studied.,06,2023-07-19T22:02:07+00:00
Content Standard,3.7.1.3.3,6.SP3.3,Classify the kinds of historical sources used in secondary interpretations.,06,2023-07-19T22:02:07+00:00
Content Standard,3.7.1.3.4,6.SP3.4,"Use information about a historical source including the author, date, place of origin, intended audience, and purpose to judge the extent to which the source is useful for studying a topic and evaluate the credibility of the source.",06,2023-07-19T22:02:07+00:00
Content Standard,3.7.1.3.5,6.SP3.5,Use questions generated about multiple sources to identify further areas of inquiry and additional sources.,06,2023-07-19T22:02:07+00:00
Content Standard,3.7.1.3.6,6.SP3.6,Construct and present arguments using claims and evidence from multiple sources.,06,2023-07-19T22:02:07+00:00
Content Standard,3.7.1.3.7,6.SP3.7,"Construct and present explanations using reasoning, correct sequence, examples and details with relevant information and data.",06,2023-07-19T22:02:07+00:00
Anchor Standard,3.7.1.4,AS.SP4,Thinking within the discipline involves the ability to analyze relationships among causes and effects and to create and support arguments using relevant evidence.,06,2023-10-03T15:33:36+00:00
Content Standard,3.7.1.4.1,6.SP4.1,Explain the multiple causes and effects of events and developments in the past.,06,2023-07-19T22:02:07+00:00
Content Standard,3.7.1.4.2,6.SP4.2,Organize applicable evidence into a coherent argument about the past.,06,2023-07-19T22:02:07+00:00
Content Area,3.7.2,,Civics,06,2023-07-19T22:02:07+00:00
Anchor Standard,3.7.2.1,AS.C2,"Citizens have individual rights, roles, and responsibilities",06,2023-10-03T15:33:36+00:00
Content Standard,3.7.2.1.1,6.C2.1,"Analyze the beliefs, experiences, perspectives, and values that underlie points of view regarding civic issues in the time period and regions studied.",06,2023-07-19T22:02:07+00:00
Anchor Standard,3.7.2.2,AS.C4,"Process, rules, and laws direct how individuals are governed and how society addresses problems.",06,2023-10-03T15:33:36+00:00
Content Standard,3.7.2.2.1,6.C4.1,"Explain challenges and opportunities people and groups face when solving local, regional, and/or global problems.",06,2023-07-19T22:02:07+00:00
Content Standard,3.7.2.2.2,6.C4.2,"Describe and apply civic virtues including deliberative processes that contribute to the common good and democratic principles in school, community, and government.
* Key concepts include but are not limited to civility, respect for the rights of others, individual responsibility, respect for law, open mindedness, critical examination of issues, negotiation and compromise, civic mindedness, compassion, patriotism, conciliation, and consensus building",06,2023-07-19T22:02:07+00:00
Content Area,3.7.3,,Economics,06,2023-07-19T22:02:07+00:00
Anchor Standard,3.7.3.1,AS.E1,"A financially literate individual understands how to manage income, spending, and investment.",06,2023-10-03T15:33:36+00:00
Content Standard,3.7.3.1.1,6.E1.1,"Analyze the relationship between education, income, and job opportunities within the context of the time period and region studied.",06,2023-07-19T22:02:07+00:00
Content Standard,3.7.3.1.2,6.E1.2,Give examples of financial risks that individuals and households face within the context of the time period and region studied. Individuals and institutions are interdependent within market systems.,06,2023-07-19T22:02:07+00:00
Anchor Standard,3.7.3.2,AS.E3,Individuals and institutions are interdependent within market systems.,06,2023-10-03T15:33:36+00:00
Content Standard,3.7.3.2.1,6.E3.1,Describe the relationship between various costs and benefits of economic production. Arizona History and Social Science Standards modified 8/23/19 Page 34,06,2023-07-19T22:02:07+00:00
Content Standard,3.7.3.2.2,6.E3.2,"Explain the influence the factors of production have on the manufacture of goods and services within different cultures, regions, and communities.
* Key concepts include traditional economic systems, manorialism, guilds, taxation systems, and coerced labor",06,2023-07-19T22:02:07+00:00
Content Standard,3.7.3.2.3,6.E3.3,Analyze the influence of specialization and trade within diverse cultures and communities in regions studied. The interconnected global economy impacts all individuals and groups in significant and varied ways.,06,2023-07-19T22:02:07+00:00
Anchor Standard,3.7.3.3,AS.E5,The interconnected global economy impacts all individuals and groups in significant and varied ways.,06,2023-10-03T15:33:36+00:00
Content Standard,3.7.3.3.1,6.E5.1,Describe the factors that influence trade between countries or cultures.,06,2023-07-19T22:02:07+00:00
Content Standard,3.7.3.3.2,6.E5.2,Explain the effects of increasing economic interdependence within distinct groups.,06,2023-07-19T22:02:07+00:00
Content Area,3.7.4,,Geography,06,2023-07-19T22:02:07+00:00
Anchor Standard,3.7.4.1,AS.G1,The use of geographic representations and tools helps individuals understand their world.,06,2023-10-03T15:33:36+00:00
Content Standard,3.7.4.1.1,6.G1.1,"Use and construct maps, graphs, and other representations to explain relationships between locations of places and regions.
* Key concepts include major landforms and water bodies, countries, cities, ecosystems, climate, languages, religion, economic systems, governmental systems, population patterns, disease, trade routes, and settlement patterns",06,2023-07-19T22:02:07+00:00
Anchor Standard,3.7.4.2,AS.G2,Human-environment interactions are essential aspects of human life in all societies.,06,2023-10-03T15:33:36+00:00
Content Standard,3.7.4.2.1,6.G2.1,"Compare diverse ways people or groups of people have impacted, modified, or adapted to the environment of the Eastern Hemisphere.
* Key concepts include but are not limited to hunter-gatherer communities, human settlement, Neolithic Revolution, irrigation and farming, domestication of animals, and influence of climate and seasons Examining human population and movement helps individuals understand past, present, and future conditions on Earth’s surface.",06,2023-07-19T22:02:07+00:00
Anchor Standard,3.7.4.3,AS.G3,"Examining human population and movement helps individuals understand past, present, and future conditions on Earth’s surface.",06,2023-10-03T15:33:36+00:00
Content Standard,3.7.4.3.1,6.G3.1,"Analyze how cultural and environmental characteristics affect the distribution and movement of people, goods, and ideas.
* Key concepts include but are not limited to language, land and sea transportation and trade routes",06,2023-07-19T22:02:07+00:00
Content Standard,3.7.4.3.2,6.G3.2,"Analyze the influence of location, use of natural resources, catastrophic environmental events, and technological developments on human settlement and migration.
* Key concepts include but are not limited to development of early river civilization, pastoral societies, rise of cities, innovations in transportation, and collapse of empires Global interconnections and spatial patterns are a necessary part of geographic reasoning.",06,2023-07-19T22:02:07+00:00
Anchor Standard,3.7.4.4,AS.G4,Global interconnections and spatial patterns are a necessary part of geographic reasoning.,06,2023-10-03T15:33:36+00:00
Content Standard,3.7.4.4.1,6.G4.1,"Explain why environmental characteristics vary among different world regions.
* Key concepts include but are not limited to latitude, elevation, landforms, location, and human factors",06,2023-07-19T22:02:07+00:00
Content Standard,3.7.4.4.2,6.G4.2,"Describe how natural and human-made catastrophic events and economic activities in one place affect people living in nearby and distant places.
* Key concepts include but are not limited to disease, war, items exchanged, ideas spread along trade routes, and natural disasters",06,2023-07-19T22:02:07+00:00
Content Area,3.7.5,,History,06,2023-07-19T22:02:07+00:00
Anchor Standard,3.7.5.1,AS.H1,"The development of civilizations, societies, cultures, and innovations have influenced history and continue to impact the modern world.",06,2023-10-03T15:33:36+00:00
Content Standard,3.7.5.1.1,6.H1.1,Compare the development and characteristics of historical cultures and civilizations from different global regions within designated time periods. Arizona History and Social Science Standards modified 8/23/19 Page 35,06,2023-07-19T22:02:07+00:00
Content Standard,3.7.5.1.2,6.H1.2,"Explain the causes and effects of interactions between cultures and civilizations.
* Key concepts include but are not limited to trade, competition, warfare, slavery, serfdom, innovations, and contributions.",06,2023-07-19T22:02:07+00:00
Anchor Standard,3.7.5.2,AS.H2,"Cycles of conflict and cooperation have shaped relations among people, places, and environments.",06,2023-10-03T15:33:36+00:00
Content Standard,3.7.5.2.1,6.H2.1,"Evaluate the causes and effects of conflict and resolution among different societies and cultures.
* Key factors such as control and use of natural resources, political power, religious rivalry, acquisition of wealth, cultural diversity, and economic rivalry Economic, political, and religious ideas and institutions have influenced history and continue to shape the modern world.",06,2023-07-19T22:02:07+00:00
Anchor Standard,3.7.5.3,AS.H3,"Economic, political, and religious ideas and institutions have influenced history and continue to shape the modern world.",06,2023-10-03T15:33:36+00:00
Content Standard,3.7.5.3.1,6.H3.1,"Analyze the impact of religious, government, and civic groups over time.",06,2023-07-19T22:02:07+00:00
Content Standard,3.7.5.3.2,6.H3.2,"Generate questions to examine the similarities and differences between major world religions and the role of religion in the formation of regions and their cultural, political, economic, and social identity.
* Key world religions such as Buddhism, Christianity, Confucianism, Hinduism, Islam, Judaism, Shintoism, Sikhism, and Taoism",06,2023-07-19T22:02:07+00:00
Content Standard,3.7.5.3.3,6.H3.3,"Explain why communities, states, and nations have different motivations for their choices including individual rights, freedoms, and responsibilities.",06,2023-07-19T22:02:07+00:00
Anchor Standard,3.7.5.4,AS.H4,"Patterns of social and political interactions have shaped people, places, and events throughout history and continue to shape the modern world.",06,2023-10-03T15:33:36+00:00
Content Standard,3.7.5.4.1,6.H4.1,"Describe how different group identities such as racial, ethnic, class, gender, regional, and immigrant/migration status emerged and contributed to societal and regional development, characteristics, and interactions over time.",06,2023-07-19T22:02:07+00:00
Course,3.8,,Seventh Grade - Integrated Global Studies,07,2023-10-16T21:00:58+00:00
Content Area,3.8.1,,Disciplinary Skills and Processes,07,2023-07-19T22:02:16+00:00
Anchor Standard,3.8.1.1,AS.SP1,"Chronological reasoning requires understanding processes of change and continuity over time, which means assessing similarities and differences between historical periods and between the past and present.",07,2023-10-03T15:33:36+00:00
Content Standard,3.8.1.1.1,7.SP1.1,Analyze connections among events and developments in broader historical contexts.,07,2023-07-19T22:02:16+00:00
Content Standard,3.8.1.1.2,7.SP1.2,Classify a series of historical events and developments as examples of change and/or continuity.,07,2023-07-19T22:02:16+00:00
Content Standard,3.8.1.1.3,7.SP1.3,Evaluate the significance of past events and their effect on students’ lives and global society.,07,2023-07-19T22:02:16+00:00
Content Standard,3.8.1.1.4,7.SP1.4,"Use questions generated about individuals and groups to analyze why they, and the developments they shaped, are historically significant.",07,2023-07-19T22:02:16+00:00
Anchor Standard,3.8.1.2,AS.SP2,"Thinking within the discipline involves the ability to identify, compare, and evaluate multiple perspectives about a given event to draw conclusions about that event since there are multiple points of view about events and issues.",07,2023-10-03T15:33:36+00:00
Content Standard,3.8.1.2.1,7.SP2.1,Analyze multiple factors that influence the perspectives of people during different historical eras.,07,2023-07-19T22:02:16+00:00
Content Standard,3.8.1.2.2,7.SP2.2,Explain how and why perspectives of people have changed over time.,07,2023-07-19T22:02:16+00:00
Content Standard,3.8.1.2.3,7.SP2.3,Analyze how people’s perspectives influenced what information is available in the historical sources they created. Arizona History and Social Science Standards modified 8/23/19 Page 37,07,2023-07-19T22:02:16+00:00
Anchor Standard,3.8.1.3,AS.SP3,"Historians and Social Scientists gather, interpret, and use evidence to develop claims and answer historical, economic, geographical, and political questions and communicate their conclusions.",07,2023-10-03T15:33:36+00:00
Content Standard,3.8.1.3.1,7.SP3.1,"Create compelling questions and supporting questions that reflect enduring issues about the world, past and present.",07,2023-07-19T22:02:16+00:00
Content Standard,3.8.1.3.2,7.SP3.2,Use evidence drawn from multiple sources to develop and support claims and counterclaims in response to compelling questions.,07,2023-07-19T22:02:16+00:00
Content Standard,3.8.1.3.3,7.SP3.3,Detect possible limitations in the historical record based on evidence collected from various kinds of historical sources.,07,2023-07-19T22:02:16+00:00
Content Standard,3.8.1.3.4,7.SP3.4,"Use questions generated about multiple sources, including international sources, to identify further areas of inquiry and additional sources.",07,2023-07-19T22:02:16+00:00
Content Standard,3.8.1.3.5,7.SP3.5,"Evaluate the relevance and utility of sources based on information such as author, date, origin, intended audience, and purpose.",07,2023-07-19T22:02:16+00:00
Content Standard,3.8.1.3.6,7.SP3.6,Construct and present arguments based on claims and counterclaims while pointing out the strengths and limitations of those arguments.,07,2023-07-19T22:02:16+00:00
Content Standard,3.8.1.3.7,7.SP3.7,"Construct and present explanations using reasoning, correct sequence, examples and details, while acknowledging the strengths and weaknesses of the explanations.",07,2023-07-19T22:02:16+00:00
Anchor Standard,3.8.1.4,AS.SP4,Thinking within the discipline involves the ability to analyze relationships among causes and effects and to create and support arguments using relevant evidence.,07,2023-10-03T15:33:36+00:00
Content Standard,3.8.1.4.1,7.SP4.1,Explain the multiple causes and effects of events and developments in the past and present.,07,2023-07-19T22:02:16+00:00
Content Standard,3.8.1.4.2,7.SP4.2,Evaluate the influence of various causes of events and developments in the past and present.,07,2023-07-19T22:02:16+00:00
Content Standard,3.8.1.4.3,7.SP4.3,Organize applicable evidence into a coherent argument.,07,2023-07-19T22:02:16+00:00
Content Standard,3.8.1.4.4,7.SP4.4,Compare the central arguments in multiple secondary sources on a related topic using multiple types of sources.,07,2023-07-19T22:02:16+00:00
Content Area,3.8.2,,Civics,07,2023-07-19T22:02:16+00:00
Anchor Standard,3.8.2.1,AS.C2,"Citizens have individual rights, roles, and responsibilities.",07,2023-10-03T15:33:36+00:00
Content Standard,3.8.2.1.1,7.C2.1,Explain how revolutions and other changes in government impact citizens’ rights.,07,2023-07-19T22:02:16+00:00
Anchor Standard,3.8.2.2,AS.C4,"Process, rules, and laws direct how individuals are governed and how society addresses problems.",07,2023-10-03T15:33:36+00:00
Content Standard,3.8.2.2.1,7.C4.1,Compare historical and contemporary means of changing societies to promote the common good.,07,2023-07-19T22:02:16+00:00
Content Standard,3.8.2.2.2,7.C4.2,Assess specific rules and laws (both actual and proposed) as a means of addressing public problems.,07,2023-07-19T22:02:16+00:00
Content Standard,3.8.2.2.3,7.C4.3,"Analyze the purpose, process, implementation, and consequences of decision making and public policies in multiple settings.",07,2023-07-19T22:02:16+00:00
Content Standard,3.8.2.2.4,7.C4.4,"Explain challenges people face and opportunities they create in addressing local, regional, and global problems at various times and places. Apply a range of deliberative and democratic procedures to make decisions and act in local, regional, and global communities.",07,2023-07-19T22:02:16+00:00
Content Area,3.8.3,,Economics,07,2023-07-19T22:02:16+00:00
Anchor Standard,3.8.3.1,AS.E2,"By applying economic reasoning, individuals seek to understand the decisions of people, groups, and societies.",07,2023-10-03T15:33:36+00:00
Content Standard,3.8.3.1.1,7.E2.1,"Explain how economic decisions affect the well-being of individuals, businesses, and society.",07,2023-07-19T22:02:16+00:00
Content Standard,3.8.3.1.2,7.E2.2,Evaluate current economic issues in terms of benefits and costs for distinct groups in society. Individuals and institutions are interdependent within market systems.,07,2023-07-19T22:02:16+00:00
Anchor Standard,3.8.3.2,AS.E3,Individuals and institutions are interdependent within market systems.,07,2023-10-03T15:33:36+00:00
Content Standard,3.8.3.2.1,7.E3.1,"Explain the roles of buyers, sellers, and profits in product, labor, and financial markets.",07,2023-07-19T22:02:16+00:00
Content Standard,3.8.3.2.2,7.E3.2,"Analyze the relationship between supply, demand, and competition with emphasis on how they influence prices, wages, and production.",07,2023-07-19T22:02:16+00:00
Content Standard,3.8.3.2.3,7.E3.3,"Analyze the influence of institutions such as corporations, non-profits, and labor unions on the economy in a market system.",07,2023-07-19T22:02:16+00:00
Content Standard,3.8.3.2.4,7.E3.4,Explain ways in which money facilitates exchange. Arizona History and Social Science Standards modified 8/23/19 Page 38 The interconnected global economy impacts all individuals and groups in significant and varied ways.,07,2023-07-19T22:02:16+00:00
Anchor Standard,3.8.3.3,AS.E5,The interconnected global economy impacts all individuals and groups in significant and varied ways.,07,2023-10-03T15:33:36+00:00
Content Standard,3.8.3.3.1,7.E5.1,Explain the interdependence of trade and how trade barriers influence trade among nations.,07,2023-07-19T22:02:16+00:00
Content Standard,3.8.3.3.2,7.E5.2,Compare the various economic systems.,07,2023-07-19T22:02:16+00:00
Content Standard,3.8.3.3.3,7.E5.3,"Explain the benefits and the costs of trade policies to individuals, businesses, and society.",07,2023-07-19T22:02:16+00:00
Content Area,3.8.4,,Geography,07,2023-07-19T22:02:16+00:00
Anchor Standard,3.8.4.1,AS.G1,The use of geographic representations and tools helps individuals understand their world.,07,2023-10-03T15:33:36+00:00
Content Standard,3.8.4.1.1,7.G1.1,"Use and construct maps and other geographic representations to explain the spatial patterns of cultural and environmental characteristics.
* Key tools and representations such as maps, globes, aerial and other photos, remotely sensed images, tables, graphs, and geospatial technology",07,2023-07-19T22:02:16+00:00
Content Standard,3.8.4.1.2,7.G1.2,Analyze various geographic representations and use geographic tools to explain relationships between the location of places and their environments.,07,2023-07-19T22:02:16+00:00
Anchor Standard,3.8.4.2,AS.G2,Human-environment interactions are essential aspects of human life in all societies.,07,2023-10-03T15:33:36+00:00
Content Standard,3.8.4.2.1,7.G2.1,"Explain how cultural demographic patterns, economic decisions, and human adaptations shape the identity of nearby and distant places.",07,2023-07-19T22:02:16+00:00
Content Standard,3.8.4.2.2,7.G2.2,"Analyze cultural and environmental characteristics that make places both similar and different. Examining human population and movement helps individuals understand past, present, and future conditions on Earth’s surface.",07,2023-07-19T22:02:16+00:00
Anchor Standard,3.8.4.3,AS.G3,"Examining human population and movement helps individuals understand past, present, and future conditions on Earth’s surface.",07,2023-10-03T15:33:36+00:00
Content Standard,3.8.4.3.1,7.G3.2,Analyze how relationships between humans and environments extend or contract patterns of settlement and movement.,07,2023-07-19T22:02:16+00:00
Content Standard,3.8.4.3.2,7.G3.1,"Explain how changes in transportation, communication, and technology influence the spatial connections among human settlements and affect the diffusion of ideas and cultural practices.",07,2023-07-19T22:02:16+00:00
Content Standard,3.8.4.3.3,7.G3.3,"Evaluate the influences of long-term, human-induced environmental change on spatial patterns and how it may cause conflict and promote cooperation.",07,2023-07-19T22:02:16+00:00
Content Standard,3.8.4.3.4,7.G3.4,Evaluate human population and movement may cause conflict or promote cooperation. Global interconnections and spatial patterns are a necessary part of geographic reasoning.,07,2023-09-27T22:16:14+00:00
Anchor Standard,3.8.4.4,AS.G4,Global interconnections and spatial patterns are a necessary part of geographic reasoning.,07,2023-10-03T15:33:36+00:00
Content Standard,3.8.4.4.1,7.G4.1,Analyze cultural and environmental characteristics among various places and regions of the world.,07,2023-07-19T22:02:16+00:00
Content Standard,3.8.4.4.2,7.G4.2,Explain how the relationship between the human and physical characteristics of places and production of goods influences patterns of world trade.,07,2023-07-19T22:02:16+00:00
Content Standard,3.8.4.4.3,7.G4.3,Analyze how changes in population distribution patterns affect changes in land use in places and regions,07,2023-07-19T22:02:16+00:00
Content Standard,3.8.4.4.4,7.G4.4,"Explain an issue in terms of its scale (local, regional, state, national, or global)",07,2023-07-19T22:02:16+00:00
Content Area,3.8.5,,History,07,2023-07-19T22:02:16+00:00
Anchor Standard,3.8.5.1,AS.H1,"The development of civilizations, societies, cultures, and innovations have influenced history and continue to impact the modern world.",07,2023-10-03T15:33:36+00:00
Content Standard,3.8.5.1.1,7.H1.1,"Analyze the rise and decline, interactions between, and blending of cultures and societies.",07,2023-07-19T22:02:16+00:00
Content Standard,3.8.5.1.2,7.H1.2,"Trace the development and impact of scientific, technological, and educational innovations within historical time periods.",07,2023-07-19T22:02:16+00:00
Anchor Standard,3.8.5.2,AS.H2,"Cycles of conflict and cooperation have shaped relations among people, places, and environments. Arizona History and Social Science Standards modified 8/23/19 Page 39",07,2023-10-03T15:33:36+00:00
Content Standard,3.8.5.2.1,7.H2.1,"Investigate how conflict can be both unifying and divisive throughout communities, societies, nations, and the world.",07,2023-07-19T22:02:16+00:00
Content Standard,3.8.5.2.2,7.H2.2,"Compare the multiple causes and effects of conflict and approaches to peacemaking. Economic, political, and religious ideas and institutions have influenced history and continue to shape the modern world.",07,2023-07-19T22:02:16+00:00
Anchor Standard,3.8.5.3,AS.H3,"Economic, political, and religious ideas and institutions have influenced history and continue to shape the modern world.",07,2023-10-03T15:33:36+00:00
Content Standard,3.8.5.3.1,7.H3.1,Compare the origins and spread of influential ideologies and both religious and non-religious worldviews.,07,2023-07-19T22:02:16+00:00
Content Standard,3.8.5.3.2,7.H3.2,Analyze how economic and political motivations impact people and events.,07,2023-07-19T22:02:16+00:00
Content Standard,3.8.5.3.3,7.H3.3,"Trace how individual rights, freedoms, and responsibilities have evolved over time.",07,2023-07-19T22:02:16+00:00
Content Standard,3.8.5.3.4,7.H3.4,"Explain the influence of individuals, groups, and institutions on people and events in historical and contemporary settings.",07,2023-07-19T22:02:16+00:00
Content Standard,3.8.5.3.5,7.H3.5,Investigate a significant historical topic from global history that has significance to an issue or topic today.,07,2023-07-19T22:02:16+00:00
Anchor Standard,3.8.5.4,AS.H4,"Patterns of social and political interactions have shaped people, places, and events throughout history and continue to shape the modern world.",07,2023-10-03T15:33:36+00:00
Content Standard,3.8.5.4.1,7.H4.1,Evaluate how the diversity of a society impacts its social and political norms.,07,2023-07-19T22:02:16+00:00
Content Standard,3.8.5.4.2,7.H4.2,"Evaluate the changing patterns of class, ethnic, racial, and gender structures and relations; consider immigration, migration, and social mobility.",07,2023-07-19T22:02:16+00:00
Course,3.9,,Eighth Grade - Citizenship and Civic Engagement in Today's Society,08,2023-10-16T21:01:19+00:00
Content Area,3.9.1,,Disciplinary Skills and Processes,08,2023-07-19T22:02:24+00:00
Anchor Standard,3.9.1.1,AS.SP1,"Chronological reasoning requires understanding processes of change and continuity over time, which means assessing similarities and differences between historical periods and between the past and present.",08,2023-10-03T15:33:36+00:00
Content Standard,3.9.1.1.1,8.SP1.1,Analyze connections among events and developments in broader historical contexts.,08,2023-07-19T22:02:24+00:00
Content Standard,3.9.1.1.2,8.SP1.2,Classify a series of historical events and developments as examples of change and/or continuity.,08,2023-07-19T22:02:24+00:00
Content Standard,3.9.1.1.3,8.SP1.3,Evaluate the significance of past events and their effect on students’ lives and society.,08,2023-07-19T22:02:24+00:00
Content Standard,3.9.1.1.4,8.SP1.4,"Use questions generated about individuals and groups to analyze why they, and the developments they shaped, are historically significant.",08,2023-07-19T22:02:24+00:00
Anchor Standard,3.9.1.2,AS.SP2,"Thinking within the discipline involves the ability to identify, compare, and evaluate multiple perspectives about a given event to draw conclusions about that event since there are multiple points of view about events and issues.",08,2023-10-03T15:33:36+00:00
Content Standard,3.9.1.2.1,8.SP2.1,Analyze multiple factors that influence the perspectives of people during different historical eras. Arizona History and Social Science Standards modified 8/23/19 Page 41,08,2023-07-19T22:02:24+00:00
Content Standard,3.9.1.2.2,8.SP2.2,Explain how and why perspectives of people have changed over time.,08,2023-07-19T22:02:24+00:00
Content Standard,3.9.1.2.3,8.SP2.3,Analyze how people’s perspectives influenced what information is available in the historical sources they created.,08,2023-07-19T22:02:24+00:00
Anchor Standard,3.9.1.3,AS.SP3,"Historians and Social Scientists gather, interpret, and use evidence to develop claims and answer historical, economic, geographical, and political questions and communicate their conclusions.",08,2023-10-03T15:33:36+00:00
Content Standard,3.9.1.3.1,8.SP3.1,Create and answer compelling and supporting questions that reflect enduring issues in the field of history and social science.,08,2023-07-19T22:02:24+00:00
Content Standard,3.9.1.3.2,8.SP3.2,Detect possible limitations in the historical record based on evidence collected from various kinds of historical sources.,08,2023-07-19T22:02:24+00:00
Content Standard,3.9.1.3.3,8.SP3.3,Use questions generated about multiple historical sources to identify further areas of inquiry and additional sources.,08,2023-07-19T22:02:24+00:00
Content Standard,3.9.1.3.4,8.SP3.4,"Evaluate the relevance and utility of historical sources based on information such as author, date, origin, intended audience, and purpose.",08,2023-07-19T22:02:24+00:00
Content Standard,3.9.1.3.5,8.SP3.5,"Gather relevant information from multiple sources while using the origin, authority, structure, context, and corroborative value of the source to guide the selection to support claims and counterclaims.",08,2023-07-19T22:02:24+00:00
Content Standard,3.9.1.3.6,8.SP3.6,Construct and present arguments based on claims and counterclaims while pointing out the strengths and limitations of the arguments.,08,2023-07-19T22:02:24+00:00
Content Standard,3.9.1.3.7,8.SP3.7,"Construct and present explanations using reasoning, correct sequence, examples, details with relevant information and data, while acknowledging the strengths and weaknesses of the explanations.",08,2023-07-19T22:02:24+00:00
Content Standard,3.9.1.3.8,8.SP3.8,"Present arguments and explanations on topics of interest to others to reach multiple audiences in and outside of the classroom print, oral, and digital technologies.",08,2023-07-19T22:02:24+00:00
Anchor Standard,3.9.1.4,AS.SP4,Thinking within the discipline involves the ability to analyze relationships among causes and effects and to create and support arguments using relevant evidence.,08,2023-10-03T15:33:36+00:00
Content Standard,3.9.1.4.1,8.SP4.1,Explain the multiple causes and effects of events and developments in the past.,08,2023-07-19T22:02:24+00:00
Content Standard,3.9.1.4.2,8.SP4.2,Evaluate the influence of various causes of events and developments in the past.,08,2023-07-19T22:02:24+00:00
Content Standard,3.9.1.4.3,8.SP4.3,Organize applicable evidence into a coherent argument about the multiple causes and effects of events and issues.,08,2023-07-19T22:02:24+00:00
Content Standard,3.9.1.4.4,8.SP4.4,"Compare the credibility, and authenticity of central arguments in secondary works of history on related topics in multiple media.",08,2023-07-19T22:02:24+00:00
Content Area,3.9.2,,Civics,08,2023-07-19T22:02:24+00:00
Anchor Standard,3.9.2.1,AS.C1,Civic virtues and democratic principles are key components of the American political system,08,2023-10-03T15:33:36+00:00
Content Standard,3.9.2.1.1,8.C1.1,"Analyze ideas and principles contained in the founding documents of the United States, including the Declaration of Independence and Constitution, and explain how they influence society and political systems.
* Ideas and principles contained in founding documents include but are not limited to popular sovereignty, consent of the governed, the social contract, limited government, rule of law, separation of powers, checks and balances, federalism, and individual rights",08,2023-07-19T22:02:24+00:00
Content Standard,3.9.2.1.2,8.C1.2,Demonstrate civic virtues that contribute to the common good and democratic principles within a variety of deliberative processes and settings.,08,2023-07-19T22:02:24+00:00
Content Standard,3.9.2.1.3,8.C1.3,Analyze the influence of personal interests and perspectives when people address issues and problems in government and civil society.,08,2023-07-19T22:02:24+00:00
Content Standard,3.9.2.1.4,8.C1.4,Engage in projects to help or inform others such as community service and service-learning projects.,08,2023-07-19T22:02:24+00:00
Anchor Standard,3.9.2.2,AS.C2,"Citizens have individual rights, roles, and responsibilities",08,2023-10-03T15:33:36+00:00
Content Standard,3.9.2.2.1,8.C2.1,Analyze the powers of citizens in a variety of governmental and non-governmental contexts.,08,2023-07-19T22:02:24+00:00
Content Standard,3.9.2.2.2,8.C2.2,"Explain specific roles, rights and responsibilities of people in a society.",08,2023-07-19T22:02:24+00:00
Content Standard,3.9.2.2.3,8.C2.3,"Analyze concepts and ideals such as majority and minority rights, civil dissent, and the rule of law.",08,2023-07-19T22:02:24+00:00
Content Standard,3.9.2.2.4,8.C2.4,"Explain how immigrants become naturalized citizens. Arizona History and Social Science Standards modified 8/23/19 Page 42 An understanding of civic and political institutions in society and the principles these institutions are intended to reflect including knowledge about law, politics, and government is essential to effective citizenship.",08,2023-07-19T22:02:24+00:00
Anchor Standard,3.9.2.3,AS.C4,"Process, rules, and laws direct how individuals are governed and how society addresses problems",08,2023-10-03T15:33:36+00:00
Content Standard,3.9.2.3.1,8.C4.1,Compare historical and contemporary means of changing societies to promote the common good.,08,2023-07-19T22:02:24+00:00
Content Standard,3.9.2.3.2,8.C4.2,Assess specific rules and laws (both actual and proposed) as means of addressing public problems.,08,2023-07-19T22:02:24+00:00
Content Standard,3.9.2.3.3,8.C4.3,"Analyze the purpose, process, implementation, and consequences of decision making and public policies in multiple settings and at different levels including the national, state, local (county, city, school board), and tribal.",08,2023-07-19T22:02:24+00:00
Content Standard,3.9.2.3.4,8.C4.4,"Identify, research, analyze, discuss, and defend a position on a national, state, or local public policy issue including an action plan to address or inform others about the issue.",08,2023-07-19T22:02:24+00:00
Content Standard,3.9.2.3.5,8.C4.5,"Analyze how a specific problem can manifest itself at the local, regional, and global levels, identifying its characteristics and causes, and the challenges and opportunities faced by those trying to address the problem. Apply a range of deliberative and democratic procedures to take action and solve the problem.",08,2023-07-19T22:02:24+00:00
Anchor Standard,3.9.2.4,AS.C3,"An understanding of civic and political institutions in society and the principles these institutions are intended to reflect including knowledge about law, politics, and government is essential to effective citizenship.",08,2023-10-03T15:33:36+00:00
Content Standard,3.9.2.4.1,8.C3.1,"Describe the impact of political and civic institutions such as political parties, interest groups, elections, and the media in shaping policy.
* Key concepts include but are not limited to political party platforms, structure of parties on a national, state, and local level including precincts, primary and general elections, presidential nominating system including conventions, congressional elections including congressional districts, gerrymandering, and census, electoral college including how electors are chosen in Arizona, types of interest groups, and role of the media",08,2023-07-19T22:02:24+00:00
Content Standard,3.9.2.4.2,8.C3.2,"Examine the origins and purpose of constitutions, laws, treaties, and international agreements.",08,2023-07-19T22:02:24+00:00
Content Standard,3.9.2.4.3,8.C3.3,"Compare the structures, powers, and limits of government at distinct levels in the United States.",08,2023-07-19T22:02:24+00:00
Content Area,3.9.3,,Economics,08,2023-07-19T22:02:24+00:00
Anchor Standard,3.9.3.1,AS.E1,"A financially literate individual understands how to manage income, spending, and investment.",08,2023-10-03T15:33:36+00:00
Content Standard,3.9.3.1.1,8.E1.1,"Analyze the relationship between education, income, and job opportunities.",08,2023-07-19T22:02:24+00:00
Content Standard,3.9.3.1.2,8.E1.2,"Analyze the relationship between interest rates, saving, and use of credit.",08,2023-07-19T22:02:24+00:00
Content Standard,3.9.3.1.3,8.E1.3,Analyze the relationship between investment and return.,08,2023-07-19T22:02:24+00:00
Content Standard,3.9.3.1.4,8.E1.4,Examine the factors that influence spending decisions.,08,2023-07-19T22:02:24+00:00
Content Standard,3.9.3.1.5,8.E1.5,Create a budget and examine the benefits of budgeting,08,2023-07-19T22:02:24+00:00
Content Standard,3.9.3.1.6,8.E1.6,Analyze the impact of debt on individuals.,08,2023-07-19T22:02:24+00:00
Content Standard,3.9.3.1.7,8.E1.7,Understand several types of financial investments and calculate rates of return.,08,2023-07-19T22:02:24+00:00
Content Standard,3.9.3.1.8,8.E1.8,Identify ways insurance may minimize personal financial risk.,08,2023-07-19T22:02:24+00:00
Anchor Standard,3.9.3.2,AS.E2,"By applying economic reasoning, individuals seek to understand the decisions of people, groups, and societies.",08,2023-10-03T15:33:36+00:00
Content Standard,3.9.3.2.1,8.E2.1,"Explain how economic decisions affect the well-being of individuals, businesses, and society.",08,2023-07-19T22:02:24+00:00
Content Standard,3.9.3.2.2,8.E2.2,Evaluate current economic issues in terms of benefits and costs for distinct groups. Individuals and institutions are interdependent within market systems.,08,2023-07-19T22:02:24+00:00
Anchor Standard,3.9.3.3,AS.E3,Individuals and institutions are interdependent within market systems.,08,2023-10-03T15:33:36+00:00
Content Standard,3.9.3.3.1,8.E3.1,"Explain the roles of buyers, sellers, and profits in product, labor, and financial markets.",08,2023-07-19T22:02:24+00:00
Content Standard,3.9.3.3.2,8.E3.2,"Analyze the relationship between supply, demand, and competition and their influence on prices, wages, and production.",08,2023-07-19T22:02:24+00:00
Content Standard,3.9.3.3.3,8.E3.3,"Analyze the influence of institutions such as corporations, non-profits, and labor unions in a market economy. Arizona History and Social Science Standards modified 8/23/19 Page 43 The domestic economy is shaped by interactions between government, institutions, and the private sector.",08,2023-07-19T22:02:24+00:00
Anchor Standard,3.9.3.4,AS.E5,The interconnected global economy impacts all individuals and groups in significant and varied ways,08,2023-10-03T15:33:36+00:00
Content Standard,3.9.3.4.1,8.E5.1,Explain the interdependence of trade and how trade barriers influence trade among nations.,08,2023-07-19T22:02:24+00:00
Content Standard,3.9.3.4.2,8.E5.2,"Compare various economic systems such as command, mixed, and free market.",08,2023-07-19T22:02:24+00:00
Content Standard,3.9.3.4.3,8.E5.3,"Explain the benefits and the costs of trade policies to individuals, businesses, and society.",08,2023-07-19T22:02:24+00:00
Content Area,3.9.4,,Geography,08,2023-07-19T22:02:24+00:00
Anchor Standard,3.9.4.1,AS.G1,The use of geographic representations and tools helps individuals understand their world.,08,2023-10-03T15:33:36+00:00
Content Standard,3.9.4.1.1,8.G1.1,"Use geographic tools and representations to analyze historical and modern political and economic issues and events.
* Key tools and representations such as maps, globes, aerial and other photos, remotely sensed images, tables, graphs, and geospatial technology",08,2023-07-19T22:02:24+00:00
Anchor Standard,3.9.4.2,AS.G2,Human-environment interactions are essential aspects of human life in all societies.,08,2023-10-03T15:33:36+00:00
Content Standard,3.9.4.2.1,8.G2.1,"Examine impact of and responses to environmental issues such as air, water, and land pollution, deforestation, urban sprawl, and changes to climate.",08,2023-07-19T22:02:24+00:00
Content Standard,3.9.4.2.2,8.G2.2,"Evaluate how political, social, and economic decisions throughout time have influenced cultural and environmental characteristics of various places and regions. Examining human population and movement helps individuals understand past, present, and future conditions on Earth’s surface.",08,2023-07-19T22:02:24+00:00
Anchor Standard,3.9.4.3,AS.G3,"Examining human population and movement helps individuals understand past, present, and future conditions on Earth’s surface.",08,2023-10-03T15:33:36+00:00
Content Standard,3.9.4.3.1,8.G3.1,"Evaluate the impact of economic, political, and social decisions that have caused conflict or promoted cooperation throughout time. Global interconnections and spatial patterns are a necessary part of geographic reasoning.",08,2023-07-19T22:02:24+00:00
Anchor Standard,3.9.4.4,AS.G4,Global interconnections and spatial patterns are a necessary part of geographic reasoning.,08,2023-10-03T15:33:36+00:00
Content Standard,3.9.4.4.1,8.G4.1,"Take an active stance on a geographic issue reflecting its scale (local, regional, state, national, or global).",08,2023-07-19T22:02:24+00:00
Content Area,3.9.5,,History,08,2023-07-19T22:02:24+00:00
Anchor Standard,3.9.5.1,AS.H2,"Cycles of conflict and cooperation have shaped relations among people, places, and environments.",08,2023-10-03T15:33:36+00:00
Content Standard,3.9.5.1.1,8.H2.1,Explain how different beliefs about the government’s role in social and economic life have affected political debates and policies in the United States.,08,2023-07-19T22:02:24+00:00
Content Standard,3.9.5.1.2,8.H2.2,Investigate how conflict can be both unifying and divisive both domestically and internationally.,08,2023-07-19T22:02:24+00:00
Content Standard,3.9.5.1.3,8.H2.3,"Explain how geographic and environmental factors shaped communities and how competition over resources have affected government policies. Economic, political, and religious ideas and institutions have influenced history and continue to shape the modern world.",08,2023-07-19T22:02:24+00:00
Anchor Standard,3.9.5.2,AS.H3,"Economic, political, and religious ideas and institutions have influenced history and continue to shape the modern world.",08,2023-10-03T15:33:36+00:00
Content Standard,3.9.5.2.1,8.H3.1,"Explain how and why prevailing civil, social, religious, and political movements changed the United States during the 20th and 21st centuries.",08,2023-07-19T22:02:24+00:00
Content Standard,3.9.5.2.2,8.H3.2,"Explain how popular movements, reform efforts, and activist groups have sought to change American society and institutions. Arizona History and Social Science Standards modified 8/23/19 Page 44",08,2023-07-19T22:02:24+00:00
Content Standard,3.9.5.2.3,8.H3.3,"Compare how individual rights, freedoms, and responsibilities have evolved over time around the world.",08,2023-07-19T22:02:24+00:00
Content Standard,3.9.5.2.4,8.H3.4,Investigate a significant historical topic from United States History that has significance to an issue or topic today.,08,2023-07-19T22:02:24+00:00
Course,3.10,,High School Standards,09-12,2023-07-19T23:02:43+00:00
Content Area,3.10.1,,Disciplinary Skills and Processes,09-12,2023-07-19T22:02:36+00:00
Anchor Standard,3.10.1.1,AS.SP1,"Chronological reasoning requires understanding processes of change and continuity over time, which means assessing similarities and differences between historical periods and between the past and present.",09-12,2023-10-03T15:33:36+00:00
Content Standard,3.10.1.1.1,HS.SP1.1,Evaluate how events and developments were shaped by unique circumstances of time and place as well as broader contexts.,09-12,2023-07-19T22:02:36+00:00
Content Standard,3.10.1.1.2,HS.SP1.2,Analyze change and continuity in historical eras.,09-12,2023-07-19T22:02:36+00:00
Content Standard,3.10.1.1.3,HS.SP1.3,Evaluate the significance of past events as they relate to their own lives and the world.,09-12,2023-07-19T22:02:36+00:00
Content Standard,3.10.1.1.4,HS.SP1.4,Use compelling questions generated about individuals and groups to assess how the significance of their actions changes over time and is shaped by the historical context.,09-12,2023-07-19T22:02:36+00:00
Anchor Standard,3.10.1.2,AS.SP2,"Thinking within the discipline involves the ability to identify, compare, and evaluate multiple perspectives about a given event to draw conclusions since there are multiple points of view about events and issues.",09-12,2023-10-03T15:33:36+00:00
Content Standard,3.10.1.2.1,HS.SP2.1,Analyze how contexts shaped and continue to shape people’s perspectives.,09-12,2023-07-19T22:02:36+00:00
Content Standard,3.10.1.2.2,HS.SP2.2,Analyze the ways in which perspective shapes recorded history.,09-12,2023-07-19T22:02:36+00:00
Content Standard,3.10.1.2.3,HS.SP2.3,Demonstrate historical empathy when examining individuals or groups in the past whose perspectives might be very different from those held today.,09-12,2023-07-19T22:02:36+00:00
Anchor Standard,3.10.1.3,AS.SP3,"Historians and Social Scientists gather, interpret, and use evidence to develop claims and answer historical, economic, geographical, and political questions and communicate their conclusions.",09-12,2023-10-03T15:33:36+00:00
Content Standard,3.10.1.3.1,HS.SP3.1,Develop and frame questions about issues and events in the discipline and determine the types of sources that will be helpful in answering these questions.,09-12,2023-07-19T22:02:36+00:00
Content Standard,3.10.1.3.2,HS.SP3.2,"Gather relevant information from multiple sources representing a wide range of views while using origin, authority, structure, context, and corroborative value of the source to guide the selection.",09-12,2023-07-19T22:02:36+00:00
Content Standard,3.10.1.3.3,HS.SP3.3,Analyze the relationship between primary sources and the secondary interpretations made from them including possible limitations in various kinds of evidence and differing secondary interpretations.,09-12,2023-07-19T22:02:36+00:00
Content Standard,3.10.1.3.4,HS.SP3.4,Evaluate the credibility of a source by examining how experts value the source.,09-12,2023-07-19T22:02:36+00:00
Content Standard,3.10.1.3.5,HS.SP3.5,Use questions generated about multiple historical sources to pursue further inquiry and investigate additional sources.,09-12,2023-07-19T22:02:36+00:00
Content Standard,3.10.1.3.6,HS.SP3.6,"Construct and present arguments using precise and knowledgeable claims, with evidence from multiple sources, while acknowledging counterclaims and evidentiary weaknesses.",09-12,2023-07-19T22:02:36+00:00
Content Standard,3.10.1.3.7,HS.SP3.7,"Construct and present explanations using sound reasoning, correct sequence (linear and non-linear) examples, and details with significant and pertinent information and data, while acknowledging the strengths and weaknesses of the explanation.",09-12,2023-07-19T22:02:36+00:00
Content Standard,3.10.1.3.8,HS.SP3.8,"Present arguments and explanations that feature ideas and perspectives on issues and topics to reach a range of audiences and venues using print, oral, and digital technologies.",09-12,2023-07-19T22:02:36+00:00
Anchor Standard,3.10.1.4,AS.SP4,Thinking within the discipline involves the ability to analyze relationships among causes and effects and to create and support arguments using relevant evidence.,09-12,2023-10-03T15:33:36+00:00
Content Standard,3.10.1.4.1,HS.SP4.1,Analyze multiple and complex causes and effects of events in the past and present.,09-12,2023-07-19T22:02:36+00:00
Content Standard,3.10.1.4.2,HS.SP4.2,Distinguish between long-term causes and triggering events in developing an argument.,09-12,2023-07-19T22:02:36+00:00
Content Standard,3.10.1.4.3,HS.SP4.3,Integrate evidence from multiple relevant sources and interpretations into a reasoned argument. Arizona History and Social Science Standards modified 8/23/19 Page 50,09-12,2023-07-19T22:02:36+00:00
Content Standard,3.10.1.4.4,HS.SP4.4,Compare the central arguments in secondary works on related topics in multiple media. Critique the central arguments in secondary works on related topics in multiple media in terms of their accuracy and relevance.,09-12,2023-07-19T22:02:36+00:00
Content Area,3.10.2,,Civics,09-12,2023-07-19T22:02:36+00:00
Anchor Standard,3.10.2.1,AS.C1,Civic virtues and democratic principles are key components of the American political system.,09-12,2023-10-03T15:33:36+00:00
Content Standard,3.10.2.1.1,HS.C1.1,Explain the significance of civic virtues to a well-functioning constitutional republic.,09-12,2023-07-19T22:02:36+00:00
Content Standard,3.10.2.1.2,HS.C1.2,Evaluate how society and political systems in different contexts promote civic virtue and democratic principles established by the founding documents.,09-12,2023-07-19T22:02:36+00:00
Content Standard,3.10.2.1.3,HS.C1.3,Explain and use deliberative processes implemented in various civic and political institutions.,09-12,2023-07-19T22:02:36+00:00
Content Standard,3.10.2.1.4,HS.C1.4,"Analyze the evolution of civic virtues, democratic principles, constitutional rights, and human rights.",09-12,2023-07-19T22:02:36+00:00
Anchor Standard,3.10.2.2,AS.C2,"Citizens have individual rights, roles, and responsibilities.",09-12,2023-10-03T15:33:36+00:00
Content Standard,3.10.2.2.1,HS.C2.1,Explain the importance of individual participation in civic and political institutions.,09-12,2023-07-19T22:02:36+00:00
Content Standard,3.10.2.2.2,HS.C2.2,Analyze the role of citizens in the United States political system over time and compare this to the role of citizens in other political systems.,09-12,2023-07-19T22:02:36+00:00
Content Standard,3.10.2.2.3,HS.C2.3,"Evaluate the evolution of ideals and rights established in historical documents, legislation, executive actions, and court cases.",09-12,2023-07-19T22:02:36+00:00
Content Standard,3.10.2.2.4,HS.C2.4,Analyze the responsibilities of citizens.,09-12,2023-07-19T22:02:36+00:00
Content Standard,3.10.2.2.5,HS.C2.5,Compare the rights guaranteed in Arizona Constitution to those in the United States Constitution.,09-12,2023-07-19T22:02:36+00:00
Content Standard,3.10.2.2.6,HS.C2.6,"Evaluate the contributions of individuals and groups, including Arizonans, who have played a role in promoting civic and democratic principles. An understanding of civic and political institutions in society and the principles these institutions are intended to reflect including knowledge about law, politics, and government are essential to effective citizenship.",09-12,2023-07-19T22:02:36+00:00
Anchor Standard,3.10.2.3,AS.C3,"An understanding of civic and political institutions in society and the principles these institutions are intended to reflect including knowledge about law, politics, and government are essential to effective citizenship.",09-12,2023-10-03T15:33:36+00:00
Content Standard,3.10.2.3.1,HS.C3.1,"Examine how the United States Constitution established a system of government that has powers, responsibilities, and limits and analyze how those powers, responsibilities, and limits have changed over time.",09-12,2023-07-19T22:02:36+00:00
Content Standard,3.10.2.3.2,HS.C3.2,"Analyze the origins, functions, and structures of government at the national, state, local, and tribal levels and compare with other systems of government.",09-12,2023-07-19T22:02:36+00:00
Content Standard,3.10.2.3.3,HS.C3.3,"Analyze the impact of political parties, interest groups, elections, and the media on political institutions.",09-12,2023-07-19T22:02:36+00:00
Content Standard,3.10.2.3.4,HS.C3.4,"Analyze the impact of constitutions, laws, treaties, charters, and agreements on the maintenance of international order.",09-12,2023-07-19T22:02:36+00:00
Anchor Standard,3.10.2.4,AS.C4,"Process, rules, and laws direct how individuals are governed and how society addresses problems.",09-12,2023-10-03T15:33:36+00:00
Content Standard,3.10.2.4.1,HS.C4.1,"Evaluate multiple procedures for making governmental decisions in all three branches and at the local, state, tribal, national, and international levels in terms of the civic purpose achieved.",09-12,2023-07-19T22:02:36+00:00
Content Standard,3.10.2.4.2,HS.C4.2,"Evaluate local, state, national, and international policies in terms of intended and unintended outcomes and related consequences.",09-12,2023-07-19T22:02:36+00:00
Content Standard,3.10.2.4.3,HS.C4.3,"Explain the procedures for elections at the local, state, tribal, and national levels.",09-12,2023-07-19T22:02:36+00:00
Content Standard,3.10.2.4.4,HS.C4.4,"Analyze the purpose, process, implementation, and consequences of decision making and public policies in multiple settings and at various levels.",09-12,2023-07-19T22:02:36+00:00
Content Standard,3.10.2.4.5,HS.C4.5,"Use disciplinary and interdisciplinary lenses to understand the characteristics and causes of local, regional, and global problems, instances of such problems in multiple contexts, and challenges and opportunities faced by those trying to address these problems over time and place.",09-12,2023-07-19T22:02:36+00:00
Content Standard,3.10.2.4.6,HS.C4.6,"Assess options for action to address local, regional, and global problems by engaging in self- reflection, strategy identification, and Arizona History and Social Science Standards modified 8/23/19 Page 51 complex causal reasoning.",09-12,2023-07-19T22:02:36+00:00
Content Standard,3.10.2.4.7,HS.C4.7,"Apply a range of deliberative and democratic strategies and procedures to make decisions in the classroom, school, and out-of-school civic contexts.",09-12,2023-07-19T22:02:36+00:00
Content Area,3.10.3,,Economics,09-12,2023-07-19T22:02:36+00:00
Anchor Standard,3.10.3.1,AS.E1,"A financially literate individual understands how to manage income, spending, and investment.",09-12,2023-10-03T15:33:36+00:00
Content Standard,3.10.3.1.1,HS.E1.1,Evaluate how and why people make choices to improve their economic well-being.,09-12,2023-07-19T22:02:36+00:00
Content Standard,3.10.3.1.2,HS.E1.2,Analyze the factors that influence how and why people make budgeting and saving choices.,09-12,2023-07-19T22:02:36+00:00
Content Standard,3.10.3.1.3,HS.E1.3,Evaluate the cost and benefits of using credit.,09-12,2023-07-19T22:02:36+00:00
Content Standard,3.10.3.1.4,HS.E1.4,Compare the cost and benefits of several types of investments.,09-12,2023-07-19T22:02:36+00:00
Content Standard,3.10.3.1.5,HS.E1.5,Evaluate the ways insurance may minimize personal financial risk.,09-12,2023-07-19T22:02:36+00:00
Anchor Standard,3.10.3.2,AS.E2,"By applying economic reasoning, individuals seek to understand the decisions of people, groups, and societies.",09-12,2023-10-03T15:33:36+00:00
Content Standard,3.10.3.2.1,HS.E2.1,"Explain how scarcity results in economic decisions and evaluate their impact on individuals, institutions, and societies.",09-12,2023-07-19T22:02:36+00:00
Content Standard,3.10.3.2.2,HS.E2.2,"Analyze how incentives influence economic choices for individuals, institutions, and societies.",09-12,2023-07-19T22:02:36+00:00
Content Standard,3.10.3.2.3,HS.E2.3,Use cost-benefit analysis and/or marginal analysis to evaluate an economic issue. Individuals and institutions are interdependent within market systems.,09-12,2023-07-19T22:02:36+00:00
Anchor Standard,3.10.3.3,AS.E3,Individuals and institutions are interdependent within market systems.,09-12,2023-10-03T15:33:36+00:00
Content Standard,3.10.3.3.1,HS.E3.1,Explain how buyers and sellers interact to create markets and market structures.,09-12,2023-07-19T22:02:36+00:00
Content Standard,3.10.3.3.2,HS.E3.2,Evaluate how numerous factors and conditions influence market prices.,09-12,2023-07-19T22:02:36+00:00
Content Standard,3.10.3.3.3,HS.E3.3,Evaluate the role of government in regulating market places.,09-12,2023-07-19T22:02:36+00:00
Content Standard,3.10.3.3.4,HS.E3.4,"Explain the distinct types of business organizations and analyze the role of innovation and entrepreneurship in a market economy. The domestic economy is shaped by interactions between government, institutions, and the private sector.",09-12,2023-07-19T22:02:36+00:00
Anchor Standard,3.10.3.4,AS.E4,"The domestic economy is shaped by interactions between government, institutions, and the private sector.",09-12,2023-10-03T15:33:36+00:00
Content Standard,3.10.3.4.1,HS.E4.1,Use economic data to analyze the health of a national economy.,09-12,2023-07-19T22:02:36+00:00
Content Standard,3.10.3.4.2,HS.E4.2,Evaluate the economic conditions that lead to fiscal and monetary policy choices and explain their impact on households and businesses.,09-12,2023-07-19T22:02:36+00:00
Content Standard,3.10.3.4.3,HS.E4.3,Explain the roles of institutions in a market economy.,09-12,2023-07-19T22:02:36+00:00
Content Standard,3.10.3.4.4,HS.E4.4,Explain the effect of advancements in technology and training on economic growth and standards of living. The interconnected global economy impacts all individuals and groups in significant and varied ways.,09-12,2023-07-19T22:02:36+00:00
Anchor Standard,3.10.3.5,AS.E5,The interconnected global economy impacts all individuals and groups in significant and varied ways.,09-12,2023-10-03T15:33:36+00:00
Content Standard,3.10.3.5.1,HS.E5.1,Evaluate the advantages and disadvantages of global trade.,09-12,2023-07-19T22:02:36+00:00
Content Standard,3.10.3.5.2,HS.E5.2,"Evaluate how interdependence impacts individuals, institutions, and societies.",09-12,2023-07-19T22:02:36+00:00
Content Standard,3.10.3.5.3,HS.E5.3,Explain why nations chose to trade and how it is regulated.,09-12,2023-07-19T22:02:36+00:00
Content Standard,3.10.3.5.4,HS.E5.4,Explain how national economies influence trade. Arizona History and Social Science Standards modified 8/23/19 Page 52,09-12,2023-07-19T22:02:36+00:00
Content Area,3.10.4,,Geography,09-12,2023-07-19T22:02:36+00:00
Anchor Standard,3.10.4.1,AS.G1,The use of geographic representations and tools help individuals understand their world.,09-12,2023-10-03T15:33:36+00:00
Content Standard,3.10.4.1.1,HS.G1.1,"Use geographic data to explain and analyze relationships between locations of place and regions.
* Key tools and representations such as maps, remotely sensed and other images, tables, and graphs",09-12,2023-07-19T22:02:36+00:00
Content Standard,3.10.4.1.2,HS.G1.2,"Use geospatial tools and related technologies to construct relevant geographic data to explain spatial patterns and relationships.
* Key tools and representations such as Google Earth, story mapping, wayfaring apps, and other geospatial technologies",09-12,2023-07-19T22:02:36+00:00
Anchor Standard,3.10.4.2,AS.G2,Human-environment interactions are essential aspects of human life in all societies.,09-12,2023-10-03T15:33:36+00:00
Content Standard,3.10.4.2.1,HS.G2.1,Analyze interactions within and between human and physical systems.,09-12,2023-07-19T22:02:36+00:00
Content Standard,3.10.4.2.2,HS.G2.2,Evaluate how political and economic decisions throughout time have influenced cultural and environmental characteristics of various places and regions.,09-12,2023-07-19T22:02:36+00:00
Content Standard,3.10.4.2.3,HS.G2.3,Evaluate the impact of human settlement on the environment and culture of specific places and regions.,09-12,2023-07-19T22:02:36+00:00
Content Standard,3.10.4.2.4,HS.G2.4,"Evaluate the use and sustainability of natural resources. Examining human population and movement helps individuals understand past, present, and future conditions on Earth’s surface.",09-12,2023-07-19T22:02:36+00:00
Anchor Standard,3.10.4.3,AS.G3,"Examining human population and movement helps individuals understand past, present, and future conditions on Earth’s surface.",09-12,2023-10-03T15:33:36+00:00
Content Standard,3.10.4.3.1,HS.G3.1,"Analyze the reciprocal nature of how historical events and the diffusion of ideas, technologies, and cultural practices have influenced migration patterns and the distribution of human population.",09-12,2023-07-19T22:02:36+00:00
Content Standard,3.10.4.3.2,HS.G3.2,"Evaluate the impact of economic activities and political decisions on spatial patterns within and among urban, suburban, and rural regions.",09-12,2023-07-19T22:02:36+00:00
Content Standard,3.10.4.3.3,HS.G3.3,"Evaluate the influence of long-term climate variability on human migration and settlement patterns, resource use, and land uses at local-to-global scales.",09-12,2023-07-19T22:02:36+00:00
Content Standard,3.10.4.3.4,HS.G3.4,"Evaluate the consequences of human-made and natural catastrophes on global trade, politics, and human migration settlement.",09-12,2023-07-19T22:02:36+00:00
Content Standard,3.10.4.3.5,HS.G3.5,"Evaluate the impact of social, political, and economic decisions that have caused conflict or promoted cooperation throughout time. Global interconnections and spatial patterns are a necessary part of geographic reasoning.",09-12,2023-07-19T22:02:36+00:00
Anchor Standard,3.10.4.4,AS.G4,Global interconnections and spatial patterns are a necessary part of geographic reasoning.,09-12,2023-10-03T15:33:36+00:00
Content Standard,3.10.4.4.1,HS.G4.1,"Take an active stance on a geographic issue reflecting its scale (local, regional, state, national, or global)",09-12,2023-07-19T22:02:36+00:00
Content Standard,3.10.4.4.2,HS.G4.2,"Analyze patterns of global power and influence in respect to trade, demographics, politics, and resource availability and use.",09-12,2023-07-19T22:02:36+00:00
Content Standard,3.10.4.4.3,HS.G4.3,Analyze patterns of interdependence. Arizona History and Social Science Standards modified 8/23/19 Page 53,09-12,2023-07-19T22:02:36+00:00
Content Area,3.10.5,,History,09-12,2023-07-19T22:02:36+00:00
Anchor Standard,3.10.5.1,AS.H1,"The development of civilizations, societies, cultures, and innovations have influenced history and continue to impact the modern world.",09-12,2023-10-03T15:33:36+00:00
Content Standard,3.10.5.1.1,HS.H1.1,"Explain the process of state-building, expansion, and dissolution.",09-12,2023-07-19T22:02:36+00:00
Content Standard,3.10.5.1.2,HS.H1.2,"Explain and compare how social, cultural, and environmental factors influenced state-building, expansion, and dissolution.",09-12,2023-07-19T22:02:36+00:00
Content Standard,3.10.5.1.3,HS.H1.3,Evaluate the consequences that resulted from civilizational and cultural interactions.,09-12,2023-07-19T22:02:36+00:00
Content Standard,3.10.5.1.4,HS.H1.4,Analyze the impact of cultural diffusion.,09-12,2023-07-19T22:02:36+00:00
Content Standard,3.10.5.1.5,HS.H1.5,Explain how religions and belief systems have affected the origins of societies.,09-12,2023-07-19T22:02:36+00:00
Content Standard,3.10.5.1.6,HS.H1.6,"Analyze the relationship among different regional, social, ethnic, and racial groups and explain how these groups’ experiences have related to national identities.",09-12,2023-07-19T22:02:36+00:00
Content Standard,3.10.5.1.7,HS.H1.7,Analyze how technological innovation and trade has affected economic development and transformed societies.,09-12,2023-07-19T22:02:36+00:00
Anchor Standard,3.10.5.2,AS.H2,"Cycles of conflict and cooperation have shaped relations among people, places, and environments.",09-12,2023-10-03T15:33:36+00:00
Content Standard,3.10.5.2.1,HS.H2.1,Explain multiple causes of conflict.,09-12,2023-07-19T22:02:36+00:00
Content Standard,3.10.5.2.2,HS.H2.2,Analyze approaches to conflict management and resolution.,09-12,2023-07-19T22:02:36+00:00
Content Standard,3.10.5.2.3,HS.H2.3,Evaluate the short- and long- term impacts of conflicts and their resolutions.,09-12,2023-07-19T22:02:36+00:00
Content Standard,3.10.5.2.4,HS.H2.4,"Compare causes and effects of isolationism and globalism. Economic, political, and religious ideas and institutions have influenced history and continue to shape the modern world.",09-12,2023-07-19T22:02:36+00:00
Anchor Standard,3.10.5.3,AS.H3,"Economic, political, and religious ideas and institutions have influenced history and continue to shape the modern world.",09-12,2023-10-03T15:33:36+00:00
Content Standard,3.10.5.3.1,HS.H3.1,"Analyze how societies, leaders, institutions, and organizations respond to societal needs and changes.",09-12,2023-07-19T22:02:36+00:00
Content Standard,3.10.5.3.2,HS.H3.2,"Analyze how ideologies, religion, and belief systems have influenced economic, political, and social institutions over time.",09-12,2023-07-19T22:02:36+00:00
Content Standard,3.10.5.3.3,HS.H3.3,"Compare the ways in which economic philosophies influenced political, economic, and social developments.",09-12,2023-07-19T22:02:36+00:00
Content Standard,3.10.5.3.4,HS.H3.4,"Evaluate how societies have balanced individual freedoms, responsibilities, and human dignity versus the common good.",09-12,2023-07-19T22:02:36+00:00
Content Standard,3.10.5.3.5,HS.H3.5,Explain how different labor systems developed and affected societies over time.,09-12,2023-07-19T22:02:36+00:00
Anchor Standard,3.10.5.4,AS.H4,"Patterns of social and political interactions have shaped people, places, and events throughout history and continue to shape the modern world.",09-12,2023-10-03T15:33:36+00:00
Content Standard,3.10.5.4.1,HS.H4.1,Examine how historically marginalized groups have affected change on political and social institutions.,09-12,2023-07-19T22:02:36+00:00
Content Standard,3.10.5.4.2,HS.H4.2,"Explain how artistic, philosophical, and scientific ideas have developed and shaped society and institutions.",09-12,2023-07-19T22:02:36+00:00
Content Standard,3.10.5.4.3,HS.H4.3,Examine how access to information and technology has been used to influence society.,09-12,2023-07-19T22:02:36+00:00
Content Standard,3.10.5.4.4,HS.H4.4,Examine how a diverse society can be a force for unity and/or disunity.,09-12,2023-07-19T22:02:36+00:00