Item Type,Sequence,Human Code,Full Statement,Ed. Level,Last Modified
Domain,1,,Language Arts,PK,2023-10-25T17:31:09+00:00
Goal,1.1,Goal 1,Demonstrate increasing competence in oral communication (listening and speaking).,PK,2023-10-25T17:31:09+00:00
Learning Standard,1.1.1,Learning Standard 1.A,Demonstrate understanding through age-appropriate responses.,PK,2023-12-27T18:49:50+00:00
Benchmarks,1.1.1.1,,Preschool Benchmarks,PK,2023-10-25T17:31:09+00:00
Benchmark,1.1.1.1.1,1.A.ECa,"Follow simple one-, two- and three-step directions.",PK,2023-10-25T17:31:09+00:00
Benchmark,1.1.1.1.2,1.A.ECb,Respond appropriately to questions from others.,PK,2023-10-25T17:31:09+00:00
Benchmark,1.1.1.1.3,1.A.ECc,Provide comments relevant to the context.,PK,2023-12-27T18:50:01+00:00
Benchmark,1.1.1.1.4,1.A.ECd,Identify emotions from facial expressions and body language.,PK,2023-12-27T18:50:08+00:00
Descriptors,1.1.1.2,,Example Performance Descriptors,PK,2023-10-25T17:31:09+00:00
Desc Category,1.1.1.2.1,,Exploring,PK,2023-10-25T17:31:09+00:00
Performance Descriptor,1.1.1.2.1.1,,"Perform one-step directions stated orally (e.g., “Throw your paper towel in the trash can.”).",PK,2023-12-27T18:50:18+00:00
Performance Descriptor,1.1.1.2.1.2,,"Answer simple questions stated orally with a simple reply (e.g., “yes,” “no”).",PK,2023-10-25T17:31:09+00:00
Performance Descriptor,1.1.1.2.1.3,,"Make one comment that is related to the topic of the conversation or discussion (e.g., “I have a dog, too.”).",PK,2023-12-27T18:50:27+00:00
Performance Descriptor,1.1.1.2.1.4,,"Look at a person’s face or body language and ask how s/he feels (e.g., “What’s wrong with her, teacher? Did she get hurt?”).",PK,2023-12-27T18:50:34+00:00
Desc Category,1.1.1.2.2,,Developing,PK,2023-10-25T17:31:09+00:00
Performance Descriptor,1.1.1.2.2.1,,"Perform two-step directions stated orally (e.g., “Get your coats on and line up to go outside.”).",PK,2023-12-27T19:12:40+00:00
Performance Descriptor,1.1.1.2.2.2,,"Respond to simple questions stated orally with appropriate actions (e.g., “Did you remember to wash your hands?” and the child goes to the sink and washes hands).",PK,2023-12-27T19:12:55+00:00
Performance Descriptor,1.1.1.2.2.3,,"Make more than one comment related to the topic of the conversation or discussion (e.g., “I have a dog, too. His name is Champ.”).",PK,2023-12-27T19:13:02+00:00
Performance Descriptor,1.1.1.2.2.4,,"Look at a person’s face to determine how they feel (e.g., “She looks mad.”).",PK,2023-12-27T19:13:26+00:00
Desc Category,1.1.1.2.3,,Building,PK,2023-10-25T17:31:09+00:00
Performance Descriptor,1.1.1.2.3.1,,"Perform three-step directions stated orally (e.g., “Put your paper in your cubby, wash your hands, and come sit on the rug.”).",PK,2023-12-27T19:13:44+00:00
Performance Descriptor,1.1.1.2.3.2,,"Respond to simple questions stated orally with appropriate actions and comments (e.g., “Did you remember to wash your hands?” and the child says “Oh, I forgot!” and goes to the sink and washes hands).",PK,2023-12-27T19:13:55+00:00
Performance Descriptor,1.1.1.2.3.3,,"Make comments and ask questions that are related to the topic of the conversation or discussion (e.g., “I have a dog, too. His name is Champ. What’s your dog’s name?”).",PK,2023-12-27T19:14:02+00:00
Performance Descriptor,1.1.1.2.3.4,,"Look at a person’s body language to determine how they are feeling (e.g., “He’s sitting there all by himself. I think he’s sad, teacher.”).",PK,2023-12-27T19:14:12+00:00
Learning Standard,1.1.2,Learning Standard 1.B,Communicate effectively using language appropriate to the situation and audience.,PK,2023-12-27T19:14:26+00:00
Benchmarks,1.1.2.1,,Preschool Benchmarks,PK,2023-10-25T17:31:09+00:00
Benchmark,1.1.2.1.1,1.B.ECa,Use language for a variety of purposes.,PK,2023-10-25T17:31:09+00:00
Benchmark,1.1.2.1.2,1.B.ECb,"With teacher assistance, participate in collaborative conversations with diverse partners (e.g., peers and adults in both small and large groups) about age-appropriate topics and texts.",PK,2023-10-25T17:31:09+00:00
Benchmark,1.1.2.1.3,1.B.ECc,Continue a conversation through two or more exchanges.,PK,2023-10-25T17:31:09+00:00
Benchmark,1.1.2.1.4,1.B.ECd,"Engage in agreed-upon rules for discussions (e.g., listening, making eye contact, taking turns speaking).",PK,2023-12-27T21:43:35+00:00
Descriptors,1.1.2.2,,Example Performance Descriptors,PK,2023-10-25T17:31:09+00:00
Desc Category,1.1.2.2.1,,Exploring,PK,2023-10-25T17:31:09+00:00
Performance Descriptor,1.1.2.2.1.1,,Ask for help when needed.,PK,2023-10-25T17:31:09+00:00
Performance Descriptor,1.1.2.2.1.2,,"With teacher assistance, tell something to peers and adults in small- and whole-group situations about age-appropriate topics (e.g., teacher: “Can you tell us what your idea is?” Child to group in block area: “I want to build a big boat.”)",PK,2023-12-27T19:14:39+00:00
Performance Descriptor,1.1.2.2.1.3,,"Use one appropriate conversational skill, such as listening to others, making appropriate eye contact, or taking turns speaking about the topics and texts under discussion (e.g., In the library, yells to friend, “Hey, wanna read this book together? It’s my favorite.” When friend joins him, he looks at his friend but does all of the talking.).",PK,2023-12-27T19:14:50+00:00
Desc Category,1.1.2.2.2,,Developing,PK,2023-10-25T17:31:09+00:00
Performance Descriptor,1.1.2.2.2.1,,"Use language to interact socially with others during various times of the day (e.g., group time, center time, outdoor play, meal time).",PK,2023-10-25T17:31:09+00:00
Performance Descriptor,1.1.2.2.2.2,,"With teacher assistance, converse with peers and adults (with one back-and-forth exchange) in small- and whole-group situations about age-appropriate topics (e.g., Child to another child: “My grandma lives in Florida. Where does your grandma live?” other child: “In Chicago.” First child: “Do you go see her there?”).",PK,2023-12-27T19:15:04+00:00
Performance Descriptor,1.1.2.2.2.3,,"Use two appropriate conversational skills, such as listening to others, making appropriate eye contact, or taking turns speaking about the topics and texts under discussion (e.g., While pretending to cook in the dramatic play area, child says, “Pretend we’re the sisters.” other child says, “I don’t want to be a sister. I want to be the mom.” Other child replies without looking at her, “But you have to be the sister. We don’t have a mom.” The other child leaves the area.).",PK,2023-12-27T19:15:12+00:00
Desc Category,1.1.2.2.3,,Building,PK,2023-10-25T17:31:09+00:00
Performance Descriptor,1.1.2.2.3.1,,"Use language to influence the behavior of others (e.g., “That hurt when you pushed into me.”).",PK,2023-12-27T19:15:23+00:00
Performance Descriptor,1.1.2.2.3.2,,"With teacher assistance, converse with peers and adults (with more than one back-and-forth exchange) in small- and whole-group situations about age-appropriate topics (e.g., teacher: “How many of you played in the snow yesterday?” Child: “I did. I went sledding.” another child: “Me too! I saw you there.” First child: “I was with my dad and sister. Who were you with?” Second child: “My mom. My dad was at work. I got really cold.” First child: “Me too!”).",PK,2023-12-27T19:15:34+00:00
Performance Descriptor,1.1.2.2.3.3,,"Use more than two appropriate conversational skills, such as listening to others, making appropriate eye contact, and taking turns speaking about the topics and texts under discussion (e.g., At snack time, talking about seeing the latest “Cars” movie and looking at each other, listening, and taking turns speaking).",PK,2023-12-27T19:15:43+00:00
Learning Standard,1.1.3,Learning Standard 1.C,Use language to convey information and ideas.,PK,2023-12-27T19:15:56+00:00
Benchmarks,1.1.3.1,,Preschool Benchmarks,PK,2023-10-25T17:31:09+00:00
Benchmark,1.1.3.1.1,1.C.ECa,"Describe familiar people, places, things, and events and, with teacher assistance, provide additional detail.",PK,2023-12-27T19:16:06+00:00
Descriptors,1.1.3.2,,Example Performance Descriptors,PK,2023-10-25T17:31:09+00:00
Desc Category,1.1.3.2.1,,Exploring,PK,2023-10-25T17:31:09+00:00
Performance Descriptor,1.1.3.2.1.1,,"With teacher assistance, tell about a favorite toy or other object during a show-and-tell experience or when talking to a teacher at arrival time (e.g., “It’s my new stuffed turtle. See, his head goes in and out.”).",PK,2023-12-27T19:16:22+00:00
Desc Category,1.1.3.2.2,,Developing,PK,2023-10-25T17:31:09+00:00
Performance Descriptor,1.1.3.2.2.1,,"With teacher assistance, tell about a family experience at home or a special family event (e.g., “It was my baby sister’s birthday. We had a cake, and she smooshed it all over her face.”).",PK,2023-12-27T19:16:31+00:00
Desc Category,1.1.3.2.3,,Building,PK,2023-10-25T17:31:09+00:00
Performance Descriptor,1.1.3.2.3.1,,"Share information about a personal experience and, with teacher assistance, provide additional detail (Child: “I'm going to my aunt’s house for a barbecue. I hope we have hot dogs.” Teacher: “What else do you think you’ll have?” Child: “Maybe chips and popsicles.” Teacher: “Do you like popsicles? What flavor?” Child: “I like the orange ones.”).",PK,2023-12-27T19:16:45+00:00
Learning Standard,1.1.4,Learning Standard 1.D,Speak using conventions of Standard English.,PK,2023-12-27T19:30:57+00:00
Benchmarks,1.1.4.1,,Preschool Benchmarks,PK,2023-10-25T17:31:09+00:00
Benchmark,1.1.4.1.1,1.D.ECa,"With teacher assistance, use complete sentences in speaking with peers and adults in individual and group situations.",PK,2023-10-25T17:31:09+00:00
Benchmark,1.1.4.1.2,1.D.ECb,Speak using age-appropriate conventions of Standard English grammar and usage.,PK,2023-12-27T19:17:00+00:00
Benchmark,1.1.4.1.3,1.D.ECc,Understand and use question words in speaking.,PK,2023-10-25T17:31:09+00:00
Descriptors,1.1.4.2,,Example Performance Descriptors,PK,2023-10-25T17:31:09+00:00
Desc Category,1.1.4.2.1,,Exploring,PK,2023-10-25T17:31:09+00:00
Performance Descriptor,1.1.4.2.1.1,,"With teacher assistance, speak in simple sentences that are usually, though not always, grammatically correct.",PK,2023-10-25T17:31:09+00:00
Performance Descriptor,1.1.4.2.1.2,,"Use negatives (no, not) appropriately.",PK,2023-10-25T17:31:09+00:00
Performance Descriptor,1.1.4.2.1.3,,"Use one or two of the most frequently occurring prepositions (e.g., to, from, in, out, on, off, for, of, by, with) in speaking.",PK,2023-10-25T17:31:09+00:00
Performance Descriptor,1.1.4.2.1.4,,Answer and ask questions that begin with “who” or “what”.,PK,2023-10-25T17:31:09+00:00
Desc Category,1.1.4.2.2,,Developing,PK,2023-10-25T17:31:09+00:00
Performance Descriptor,1.1.4.2.2.1,,"With teacher assistance, speak in sentences that use regular plural nouns by adding /s/ or /es/ (e.g., dog, dogs; wish, wishes) in speaking.",PK,2023-10-25T17:31:09+00:00
Performance Descriptor,1.1.4.2.2.2,,"Add /ed/ to words to indicate past tense (e.g., walk, walked; rain, rained), though not always appropriately, and begin to use past tense negatives (wasn’t, weren’t), though not always appropriately.",PK,2023-10-25T17:31:09+00:00
Performance Descriptor,1.1.4.2.2.3,,"Use three or four of the most frequently occurring prepositions (e.g., to, from, in, out, on, off, for, of, by, with) in speaking.",PK,2023-10-25T17:31:09+00:00
Performance Descriptor,1.1.4.2.2.4,,Answer and ask questions that begin with “where” or “when”.,PK,2023-10-25T17:31:09+00:00
Desc Category,1.1.4.2.3,,Building,PK,2023-10-25T17:31:09+00:00
Performance Descriptor,1.1.4.2.3.1,,"With teacher assistance, speak in sentences that use an increasing number of pronouns (e.g., she, he, her, him, their, his, our, myself, yourself, herself, mine, me, you), though not always appropriately.",PK,2023-10-25T17:31:09+00:00
Performance Descriptor,1.1.4.2.3.2,,"Use irregular verbs (e.g., ate, sang, swam) and nouns (mice, geese), though not always appropriately.",PK,2023-10-25T17:31:09+00:00
Performance Descriptor,1.1.4.2.3.3,,"Use more than four of the most frequently occurring prepositions (e.g., to, from, in, out, on, off, for, of, by, with) in speaking.",PK,2023-10-25T17:31:09+00:00
Performance Descriptor,1.1.4.2.3.4,,"Answer and ask questions that begin with “who”, “what”, “where”, “when”, “why”, and “how”.",PK,2023-10-25T17:31:09+00:00
Learning Standard,1.1.5,Learning Standard 1.E,"Use increasingly complex phrases, sentences, and vocabulary.",PK,2023-12-27T19:17:10+00:00
Benchmarks,1.1.5.1,,Preschool Benchmarks,PK,2023-10-25T17:31:09+00:00
Benchmark,1.1.5.1.1,1.E.ECa,"With teacher assistance, begin to use increasingly complex sentences.",PK,2023-10-25T17:31:09+00:00
Benchmark,1.1.5.1.2,1.E.ECb,Exhibit curiosity and interest in learning new words heard in conversations and books.,PK,2023-12-27T19:30:42+00:00
Benchmark,1.1.5.1.3,1.E.ECc,"With teacher assistance, use new words acquired through conversations and book-sharing experiences.",PK,2023-10-25T17:31:09+00:00
Benchmark,1.1.5.1.4,1.E.ECd,"With teacher assistance, explore word relationships to understand the concepts represented by common categories of words (e.g., food, clothing, vehicles).",PK,2023-10-25T17:31:09+00:00
Benchmark,1.1.5.1.5,1.E.ECe,"With teacher assistance, use adjectives to describe people, places, and things.",PK,2023-10-25T17:31:09+00:00
Descriptors,1.1.5.2,,Example Performance Descriptors,PK,2023-10-25T17:31:09+00:00
Desc Category,1.1.5.2.1,,Exploring,PK,2023-10-25T17:31:09+00:00
Performance Descriptor,1.1.5.2.1.1,,"With teacher assistance, make sentences more complex by adding modifiers or auxiliary verbs (e.g., “I want the sparkly one.” “He was running.”).",PK,2023-12-27T19:17:47+00:00
Performance Descriptor,1.1.5.2.1.2,,"With teacher assistance, repeat new words that have been heard aloud (e.g., Child: “What kind of dinosaur is it again?” Teacher: “Tyrannosaurus rex.” Child: “Oh yeah, Tyrannosaurus rex.”).",PK,2023-12-27T19:17:57+00:00
Performance Descriptor,1.1.5.2.1.3,,"With teacher assistance, sort objects into categories (e.g., clothing, toys, food) to gain an understanding of the underlying concepts.",PK,2023-10-25T17:31:09+00:00
Performance Descriptor,1.1.5.2.1.4,,"With teacher assistance, use descriptive words to explain how a familiar person, place, or thing looks (e.g., describing a pet or a favorite food).",PK,2023-10-25T17:31:09+00:00
Desc Category,1.1.5.2.2,,Developing,PK,2023-10-25T17:31:09+00:00
Performance Descriptor,1.1.5.2.2.1,,"With teacher assistance, combine two short sentences (e.g., “I have a dog. He can jump.”) into one longer sentence (“I have a dog, and he can jump.”).",PK,2023-12-27T19:18:09+00:00
Performance Descriptor,1.1.5.2.2.2,,"Ask questions about unfamiliar words (e.g., “What does ___ mean?”).",PK,2023-10-25T17:31:09+00:00
Performance Descriptor,1.1.5.2.2.3,,"With teacher assistance, begin to label sorted categories of objects (e.g., “I put all of the blue blocks together.”).",PK,2023-12-27T19:18:28+00:00
Performance Descriptor,1.1.5.2.2.4,,"With teacher assistance, use descriptive words to explain how a familiar person, place, or thing looks and feels (e.g., describing a pet or a favorite food).",PK,2023-10-25T17:31:09+00:00
Desc Category,1.1.5.2.3,,Building,PK,2023-10-25T17:31:09+00:00
Performance Descriptor,1.1.5.2.3.1,,"With teacher assistance, use complex sentences to express more complicated relationships (e.g., “When my mom comes, I’m going to Target.”).",PK,2023-12-27T19:18:43+00:00
Performance Descriptor,1.1.5.2.3.2,,"With teacher assistance, attempt to use new words that have been heard aloud in one’s own speaking (e.g., “I saw a gigantic bug outside.”).",PK,2023-12-27T19:18:54+00:00
Performance Descriptor,1.1.5.2.3.3,,"With teacher assistance, label and describe categories of objects (e.g., “These are all the fruits. You can eat them.”).",PK,2023-12-27T19:19:10+00:00
Performance Descriptor,1.1.5.2.3.4,,"With teacher assistance, use descriptive words to explain how a familiar person, place, or thing looks and feels, as well as describing how it sounds, smells, and/or tastes (e.g., describing a pet or a favorite food).",PK,2023-10-25T17:31:09+00:00
Goal,1.2,Goal 2,Demonstrate understanding and enjoyment of literature.,PK,2023-10-25T17:31:09+00:00
Learning Standard,1.2.1,Learning Standard 2.A,Demonstrate interest in stories and books.,PK,2023-12-27T19:19:26+00:00
Benchmarks,1.2.1.1,,Preschool Benchmarks,PK,2023-10-25T17:31:09+00:00
Benchmark,1.2.1.1.1,2.A.ECa,Engage in book-sharing experiences with purpose and understanding.,PK,2023-12-27T19:20:07+00:00
Benchmark,1.2.1.1.2,2.A.ECb,"Look at books independently, pretending to read.",PK,2023-12-27T19:20:18+00:00
Descriptors,1.2.1.2,,Example Performance Descriptors,PK,2023-10-25T17:31:09+00:00
Desc Category,1.2.1.2.1,,Exploring,PK,2023-10-25T17:31:09+00:00
Performance Descriptor,1.2.1.2.1.1,,Show interest in reading or in written text by enjoying listening to books read aloud.,PK,2023-10-25T17:31:09+00:00
Performance Descriptor,1.2.1.2.1.2,,Make a comment while looking at the pictures in a book.,PK,2023-10-25T17:31:09+00:00
Performance Descriptor,1.2.1.2.1.3,,"Incorporate books into dramatic play, such as reading to a baby doll or stuffed animal.",PK,2023-10-25T17:31:09+00:00
Desc Category,1.2.1.2.2,,Developing,PK,2023-10-25T17:31:09+00:00
Performance Descriptor,1.2.1.2.2.1,,Show interest in reading or in written text by asking to be read to.,PK,2023-10-25T17:31:09+00:00
Performance Descriptor,1.2.1.2.2.2,,Describe what they see while looking at the pictures in a book.,PK,2023-10-25T17:31:09+00:00
Performance Descriptor,1.2.1.2.2.3,,"Incorporate books and other written materials into dramatic play, such as reading from a real or pretend menu.",PK,2023-10-25T17:31:09+00:00
Desc Category,1.2.1.2.3,,Building,PK,2023-10-25T17:31:09+00:00
Performance Descriptor,1.2.1.2.3.1,,Show interest in reading or in written text by asking the meaning of something that’s written.,PK,2023-10-25T17:31:09+00:00
Performance Descriptor,1.2.1.2.3.2,,Tell a story while looking at the pictures in a book.,PK,2023-10-25T17:31:09+00:00
Performance Descriptor,1.2.1.2.3.3,,Incorporate books and other written materials into dramatic play on a regular basis.,PK,2023-10-25T17:31:09+00:00
Learning Standard,1.2.2,Learning Standard 2.B,Recognize key ideas and details in stories.,PK,2023-12-27T19:20:27+00:00
Benchmarks,1.2.2.1,,Preschool Benchmarks,PK,2023-10-25T17:31:09+00:00
Benchmark,1.2.2.1.1,2.B.ECa,"With teacher assistance, ask and answer questions about books read aloud.",PK,2023-10-25T17:31:09+00:00
Benchmark,1.2.2.1.2,2.B.ECb,"With teacher assistance, retell familiar stories with three or more key events.",PK,2023-10-25T17:31:09+00:00
Benchmark,1.2.2.1.3,2.B.ECc,"With teacher assistance, identify main character(s) of the story.",PK,2023-10-25T17:31:09+00:00
Descriptors,1.2.2.2,,Example Performance Descriptors,PK,2023-10-25T17:31:09+00:00
Desc Category,1.2.2.2.1,,Exploring,PK,2023-10-25T17:31:09+00:00
Performance Descriptor,1.2.2.2.1.1,,"With teacher assistance, ask and answer simple questions about a story related to a particular character, action, or picture in the storybook.",PK,2023-10-25T17:31:09+00:00
Performance Descriptor,1.2.2.2.1.2,,"With teacher assistance, use props (e.g., pictures, puppets, flannel pieces) to retell a well-known story with one or two correct details.",PK,2023-10-25T17:31:09+00:00
Performance Descriptor,1.2.2.2.1.3,,"With teacher assistance, recall something about one main character in the story (e.g., It’s a dog; he’s red).",PK,2023-12-27T19:20:41+00:00
Desc Category,1.2.2.2.2,,Developing,PK,2023-10-25T17:31:09+00:00
Performance Descriptor,1.2.2.2.2.1,,"With teacher assistance, ask and answer simple questions about a story by describing what happened.",PK,2023-10-25T17:31:09+00:00
Performance Descriptor,1.2.2.2.2.2,,"With teacher assistance, use props (e.g., pictures, puppets, flannel pieces) to retell a well-known story with more than two correct details.",PK,2023-10-25T17:31:09+00:00
Performance Descriptor,1.2.2.2.2.3,,"With teacher assistance, recall something about more than one main character in the story.",PK,2023-10-25T17:31:09+00:00
Desc Category,1.2.2.2.3,,Building,PK,2023-10-25T17:31:09+00:00
Performance Descriptor,1.2.2.2.3.1,,"With teacher assistance, ask and answer simple questions about a story by telling how a particular character might feel or predicting what might happen next.",PK,2023-10-25T17:31:09+00:00
Performance Descriptor,1.2.2.2.3.2,,"With teacher assistance, use props (e.g., pictures, puppets, flannel pieces) to retell a well-known story with most of the correct details in the flow of the story.",PK,2023-10-25T17:31:09+00:00
Performance Descriptor,1.2.2.2.3.3,,"With teacher assistance, recall most of the main character(s) in the story and tell something about them.",PK,2023-10-25T17:31:09+00:00
Learning Standard,1.2.3,Learning Standard 2.C,Recognize concepts of books.,PK,2023-12-27T19:20:57+00:00
Benchmarks,1.2.3.1,,Preschool Benchmarks,PK,2023-10-25T17:31:09+00:00
Benchmark,1.2.3.1.1,2.C.ECa,"Interact with a variety of types of texts (e.g., storybooks, poems, rhymes, songs).",PK,2023-12-27T19:21:11+00:00
Benchmark,1.2.3.1.2,2.C.ECb,Identify the front and back covers of books and display the correct orientation of books and page-turning skills.,PK,2023-12-27T19:21:22+00:00
Benchmark,1.2.3.1.3,2.C.ECc,"With teacher assistance, describe the role of an author and illustrator.",PK,2023-10-25T17:31:09+00:00
Descriptors,1.2.3.2,,Example Performance Descriptors,PK,2023-10-25T17:31:09+00:00
Desc Category,1.2.3.2.1,,Exploring,PK,2023-10-25T17:31:09+00:00
Performance Descriptor,1.2.3.2.1.1,,"Enjoy listening to and pretending to read different types of texts (e.g., picture books and predictable books with repetitive patterns).",PK,2023-10-25T17:31:09+00:00
Performance Descriptor,1.2.3.2.1.2,,Hold books with front cover facing up.,PK,2023-10-25T17:31:09+00:00
Performance Descriptor,1.2.3.2.1.3,,"With teacher assistance, begin to show interest when told about the role of an author or illustrator (e.g., sees similarities in Eric Carle books).",PK,2023-12-27T19:21:34+00:00
Desc Category,1.2.3.2.2,,Developing,PK,2023-10-25T17:31:09+00:00
Performance Descriptor,1.2.3.2.2.1,,"Enjoy listening to and pretending to read different types of texts (e.g., simple storybooks).",PK,2023-10-25T17:31:09+00:00
Performance Descriptor,1.2.3.2.2.2,,"Turn pages correctly, moving from front of book to the back.",PK,2023-10-25T17:31:09+00:00
Performance Descriptor,1.2.3.2.2.3,,"With teacher assistance, respond appropriately to questions such as “What do we call the name of the person who writes the book?”",PK,2023-10-25T17:31:09+00:00
Desc Category,1.2.3.2.3,,Building,PK,2023-10-25T17:31:09+00:00
Performance Descriptor,1.2.3.2.3.1,,"Enjoy listening to and pretending to read different types of texts (e.g., more complex and lengthy storybooks or books with poems, rhymes, and/or songs).",PK,2023-10-25T17:31:09+00:00
Performance Descriptor,1.2.3.2.3.2,,Look at page on the left then page on the right.,PK,2023-10-25T17:31:09+00:00
Performance Descriptor,1.2.3.2.3.3,,"With teacher assistance, respond appropriately to questions such as “What do we call the name of the person who writes the book and the person who draws the pictures?”",PK,2023-10-25T17:31:09+00:00
Learning Standard,1.2.4,Learning Standard 2.D,Establish personal connections with books.,PK,2023-12-27T19:21:50+00:00
Benchmarks,1.2.4.1,,Preschool Benchmarks,PK,2023-10-25T17:31:09+00:00
Benchmark,1.2.4.1.1,2.D.ECa,"With teacher assistance, discuss illustrations in books and make personal connections to the pictures and story.",PK,2023-10-25T17:31:09+00:00
Benchmark,1.2.4.1.2,2.D.ECb,"With teacher assistance, compare and contrast two stories relating to the same topic.",PK,2023-10-25T17:31:09+00:00
Descriptors,1.2.4.2,,Example Performance Descriptors,PK,2023-10-25T17:31:09+00:00
Desc Category,1.2.4.2.1,,Exploring,PK,2023-10-25T17:31:09+00:00
Performance Descriptor,1.2.4.2.1.1,,"With teacher assistance, talk about the pictures in a book (e.g., describe what they see on each page, tell how the characters look).",PK,2023-10-25T17:31:09+00:00
Performance Descriptor,1.2.4.2.1.2,,"With teacher assistance, discuss how the pictures in two books are alike and/or different (e.g., noticing that photographs of real animals are used in one book and drawings are used in another).",PK,2023-10-25T17:31:09+00:00
Desc Category,1.2.4.2.2,,Developing,PK,2023-10-25T17:31:09+00:00
Performance Descriptor,1.2.4.2.2.1,,"With teacher assistance, make personal comments about how the pictures are like something in their lives.",PK,2023-10-25T17:31:09+00:00
Performance Descriptor,1.2.4.2.2.2,,"With teacher assistance, discuss how the characters in two books are alike and/or different.",PK,2023-10-25T17:31:09+00:00
Desc Category,1.2.4.2.3,,Building,PK,2023-10-25T17:31:09+00:00
Performance Descriptor,1.2.4.2.3.1,,"With teacher assistance, make personal comments about how the story is like something in their lives.",PK,2023-10-25T17:31:09+00:00
Performance Descriptor,1.2.4.2.3.2,,"With teacher assistance, discuss how the plot, storyline, or actions in two books are alike and/or different.",PK,2023-10-25T17:31:09+00:00
Goal,1.3,Goal 3,Demonstrate interest in and understanding of informational text.,PK,2023-12-27T19:22:01+00:00
Learning Standard,1.3.1,Learning Standard 3.A,Recognize key ideas and details in nonfiction text.,PK,2023-12-27T19:22:14+00:00
Benchmarks,1.3.1.1,,Preschool Benchmarks,PK,2023-10-25T17:31:09+00:00
Benchmark,1.3.1.1.1,3.A.ECa,"With teacher assistance, ask and answer questions about details in a nonfiction book.",PK,2023-10-25T17:31:09+00:00
Benchmark,1.3.1.1.2,3.A.ECb,"With teacher assistance, retell detail(s) about main topic in a nonfiction book.",PK,2023-10-25T17:31:09+00:00
Descriptors,1.3.1.2,,Example Performance Descriptors,PK,2023-10-25T17:31:09+00:00
Desc Category,1.3.1.2.1,,Exploring,PK,2023-10-25T17:31:09+00:00
Performance Descriptor,1.3.1.2.1.1,,"With teacher assistance, look at the pictures or text in a nonfiction book.",PK,2023-10-25T17:31:09+00:00
Performance Descriptor,1.3.1.2.1.2,,"With teacher assistance, identify one important fact in a nonfiction book heard read aloud.",PK,2023-10-25T17:31:09+00:00
Desc Category,1.3.1.2.2,,Developing,PK,2023-10-25T17:31:09+00:00
Performance Descriptor,1.3.1.2.2.1,,"With teacher assistance, ask and answer simple questions about the pictures or text in a nonfiction book.",PK,2023-10-25T17:31:09+00:00
Performance Descriptor,1.3.1.2.2.2,,"With teacher assistance, identify more than one important fact from a nonfiction book heard read aloud.",PK,2023-10-25T17:31:09+00:00
Desc Category,1.3.1.2.3,,Building,PK,2023-10-25T17:31:09+00:00
Performance Descriptor,1.3.1.2.3.1,,"With teacher assistance, look at pictures in an informational book to find an answer to a question (e.g., looking to see what a tadpole looks like and how it is different from a frog).",PK,2023-10-25T17:31:09+00:00
Performance Descriptor,1.3.1.2.3.2,,"With teacher assistance, recall important facts from a nonfiction book heard read aloud.",PK,2023-10-25T17:31:09+00:00
Learning Standard,1.3.2,Learning Standard 3.B,Recognize features of nonfiction books.,PK,2023-12-27T19:22:24+00:00
Benchmarks,1.3.2.1,,Preschool Benchmarks,PK,2023-10-25T17:31:09+00:00
Benchmark,1.3.2.1.1,3.B.ECa,"With teacher assistance, identify basic similarities and differences in pictures and information found in two texts on the same topic.",PK,2023-10-25T17:31:09+00:00
Descriptors,1.3.2.2,,Example Performance Descriptors,PK,2023-10-25T17:31:09+00:00
Desc Category,1.3.2.2.1,,Exploring,PK,2023-10-25T17:31:09+00:00
Performance Descriptor,1.3.2.2.1.1,,"With teacher assistance, talk about how the pictures in two books about the same topic are alike and different (e.g., noticing that photographs are used in one book and drawings in another book on the same topic).",PK,2023-10-25T17:31:09+00:00
Desc Category,1.3.2.2.2,,Developing,PK,2023-10-25T17:31:09+00:00
Performance Descriptor,1.3.2.2.2.1,,"With teacher assistance, talk about how the facts in two books about the same topic are alike and different (e.g., in two books about construction vehicles, notice that one includes two kinds of dump trucks).",PK,2023-10-25T17:31:09+00:00
Desc Category,1.3.2.2.3,,Building,PK,2023-10-25T17:31:09+00:00
Performance Descriptor,1.3.2.2.3.1,,"With teacher assistance, talk about how the pictures and facts in two books about the same topic are alike and different (e.g., in two books about birds, notice that they both have many birds with red beaks and show different kinds of nests).",PK,2023-10-25T17:31:09+00:00
Goal,1.4,Goal 4,Demonstrate increasing awareness of and competence in emergent reading skills and abilities.,PK,2023-10-25T17:31:09+00:00
Learning Standard,1.4.1,Learning Standard 4.A,Demonstrate understanding of the organization and basic features of print.,PK,2023-12-27T19:22:47+00:00
Benchmarks,1.4.1.1,,Preschool Benchmarks,PK,2023-10-25T17:31:09+00:00
Benchmark,1.4.1.1.1,4.A.ECa,Recognize the differences between print and pictures.,PK,2023-10-25T17:31:09+00:00
Benchmark,1.4.1.1.2,4.A.ECb,"Begin to follow words from left to right, top to bottom, and page by page.",PK,2023-12-27T21:44:00+00:00
Benchmark,1.4.1.1.3,4.A.ECc,Recognize the one-to-one relationship between spoken and written words.,PK,2023-10-25T17:31:09+00:00
Benchmark,1.4.1.1.4,4.A.ECd,Understand that words are separated by spaces in print.,PK,2023-10-25T17:31:09+00:00
Benchmark,1.4.1.1.5,4.A.ECe,Recognize that letters are grouped to form words.,PK,2023-10-25T17:31:09+00:00
Benchmark,1.4.1.1.6,4.A.ECf,Differentiate letters from numerals.,PK,2023-12-27T19:29:56+00:00
Descriptors,1.4.1.2,,Example Performance Descriptors,PK,2023-10-25T17:31:09+00:00
Desc Category,1.4.1.2.1,,Exploring,PK,2023-10-25T17:31:09+00:00
Performance Descriptor,1.4.1.2.1.1,,Identify that labels and signs in the classroom are words.,PK,2023-10-25T17:31:09+00:00
Performance Descriptor,1.4.1.2.1.2,,"During shared reading experiences, practice tracking from page to page with the group.",PK,2023-10-25T17:31:09+00:00
Performance Descriptor,1.4.1.2.1.3,,"Point to one word (e.g., “Can you show me just one word?).",PK,2023-10-25T17:31:09+00:00
Performance Descriptor,1.4.1.2.1.4,,"Point to a single letter (e.g., “Can you show me just one letter?”).",PK,2023-10-25T17:31:09+00:00
Performance Descriptor,1.4.1.2.1.5,,Distinguish one letter from one numeral.,PK,2023-10-25T17:31:09+00:00
Desc Category,1.4.1.2.2,,Developing,PK,2023-10-25T17:31:09+00:00
Performance Descriptor,1.4.1.2.2.1,,"Ask to have words read (e.g., “What does this say?”).",PK,2023-10-25T17:31:09+00:00
Performance Descriptor,1.4.1.2.2.2,,"During shared reading experiences, practice tracking print from top to bottom of the page.",PK,2023-10-25T17:31:09+00:00
Performance Descriptor,1.4.1.2.2.3,,Correctly identify that two words are presented.,PK,2023-10-25T17:31:09+00:00
Performance Descriptor,1.4.1.2.2.4,,"Count number of letters in own name (e.g., “How many letters are in your name? Can you count them?”).",PK,2023-10-25T17:31:09+00:00
Performance Descriptor,1.4.1.2.2.5,,Distinguish two or three letters from two or three numerals.,PK,2023-10-25T17:31:09+00:00
Desc Category,1.4.1.2.3,,Building,PK,2023-10-25T17:31:09+00:00
Performance Descriptor,1.4.1.2.3.1,,"Seek out print to gather information (e.g., check the attendance chart to see who is at school today; check the job chart to see whose turn it is to feed the fish).",PK,2023-10-25T17:31:09+00:00
Performance Descriptor,1.4.1.2.3.2,,"During shared reading experiences, practice tracking print from left to right and top to bottom of the page.",PK,2023-10-25T17:31:09+00:00
Performance Descriptor,1.4.1.2.3.3,,"Count number of words on a page or in a line of print in a book containing just a few words on the page (e.g., “How many words are on this page? Can you count them?”).",PK,2023-10-25T17:31:09+00:00
Performance Descriptor,1.4.1.2.3.4,,"Count number of letters in one or more friends’ or family members’ names (e.g., “How many letters are in this name? Can you count them?”).",PK,2023-10-25T17:31:09+00:00
Performance Descriptor,1.4.1.2.3.5,,Sort more than three letters and numerals into separate groups.,PK,2023-10-25T17:31:09+00:00
Learning Standard,1.4.2,Learning Standard 4.B,Demonstrate an emerging knowledge and understanding of the alphabet.,PK,2023-12-27T19:23:01+00:00
Benchmarks,1.4.2.1,,Preschool Benchmarks,PK,2023-10-25T17:31:09+00:00
Benchmark,1.4.2.1.1,4.B.ECa,"With teacher assistance, recite the alphabet.",PK,2023-10-25T17:31:09+00:00
Benchmark,1.4.2.1.2,4.B.ECb,"Recognize and name some upper/lowercase letters of the alphabet, especially those in own name.",PK,2023-10-25T17:31:09+00:00
Benchmark,1.4.2.1.3,4.B.ECc,"With teacher assistance, match some upper/lowercase letters of the alphabet.",PK,2023-10-25T17:31:09+00:00
Benchmark,1.4.2.1.4,4.B.ECd,"With teacher assistance, begin to form some letters of the alphabet, especially those in own name.",PK,2023-10-25T17:31:09+00:00
Descriptors,1.4.2.2,,Example Performance Descriptors,PK,2023-10-25T17:31:09+00:00
Desc Category,1.4.2.2.1,,Exploring,PK,2023-10-25T17:31:09+00:00
Performance Descriptor,1.4.2.2.1.1,,"With teacher assistance, sing or chant part of the alphabet with others.",PK,2023-10-25T17:31:09+00:00
Performance Descriptor,1.4.2.2.1.2,,Point to and name some letters in own name.,PK,2023-10-25T17:31:09+00:00
Performance Descriptor,1.4.2.2.1.3,,"With teacher assistance, engage in letter sorting and matching activities (e.g., find two magnetic letters that look exactly the same).",PK,2023-10-25T17:31:09+00:00
Performance Descriptor,1.4.2.2.1.4,,"With teacher assistance, use a small group of letters that represent both upper and lower case (e.g., ss, mm, oo, pp) to match one upper- and lowercase letter (may be from own name).",PK,2023-10-25T17:31:09+00:00
Desc Category,1.4.2.2.2,,Developing,PK,2023-10-25T17:31:09+00:00
Performance Descriptor,1.4.2.2.2.1,,"With teacher assistance, sing or chant part of the alphabet alone or with others.",PK,2023-10-25T17:31:09+00:00
Performance Descriptor,1.4.2.2.2.2,,Point to and name most letters in own name.,PK,2023-10-25T17:31:09+00:00
Performance Descriptor,1.4.2.2.2.3,,"With teacher assistance, engage in letter sorting and matching activities (e.g., from a small container of letters, locate all the m’s).",PK,2023-10-25T17:31:09+00:00
Performance Descriptor,1.4.2.2.2.4,,"With teacher assistance, use a small group of letters that represent both upper and lower case (e.g., ss, mm, oo, pp) to match two to three upper- and lowercase letters.",PK,2023-10-25T17:31:09+00:00
Desc Category,1.4.2.2.3,,Building,PK,2023-10-25T17:31:09+00:00
Performance Descriptor,1.4.2.2.3.1,,"With teacher assistance, sing, chant, or recite the alphabet alone or with others.",PK,2023-10-25T17:31:09+00:00
Performance Descriptor,1.4.2.2.3.2,,Point to and name letters in own name and some other upper/ lowercase letters.,PK,2023-10-25T17:31:09+00:00
Performance Descriptor,1.4.2.2.3.3,,"With teacher assistance, engage in letter sorting and matching activities (e.g., locate letters that are and are not in own name).",PK,2023-10-25T17:31:09+00:00
Performance Descriptor,1.4.2.2.3.4,,"With teacher assistance, use a small group of letters that represent both upper and lower case (e.g., ss, mm, oo, pp) to match more than three upper- and lowercase letters.",PK,2023-10-25T17:31:09+00:00
Learning Standard,1.4.3,Learning Standard 4.C,"Demonstrate an emerging understanding of spoken words, syllables, and sounds (phonemes).",PK,2023-12-27T19:23:19+00:00
Benchmarks,1.4.3.1,,Preschool Benchmarks,PK,2023-10-25T17:31:09+00:00
Benchmark,1.4.3.1.1,4.C.ECa,Recognize that sentences are made up of separate words.,PK,2023-10-25T17:31:09+00:00
Benchmark,1.4.3.1.2,4.C.ECb,"With teacher assistance, recognize and match words that rhyme.",PK,2023-10-25T17:31:09+00:00
Benchmark,1.4.3.1.3,4.C.ECc,"Demonstrate ability to segment and blend syllables in words (e.g., “trac/tor, tractor”).",PK,2023-12-27T21:44:21+00:00
Benchmark,1.4.3.1.4,4.C.ECd,"With teacher assistance, isolate and pronounce the initial sounds in words.",PK,2023-10-25T17:31:09+00:00
Benchmark,1.4.3.1.5,4.C.ECe,"With teacher assistance, blend sounds (phonemes) in one-syllable words (e.g., /c/ /a/ /t/ = cat).",PK,2023-10-25T17:31:09+00:00
Benchmark,1.4.3.1.6,4.C.ECf,"With teacher assistance, begin to segment sounds (phonemes) in one-syllable words (e.g., cat = /c/ /a/ /t/).",PK,2023-10-25T17:31:09+00:00
Benchmark,1.4.3.1.7,4.C.ECg,"With teacher assistance, begin to manipulate sounds (phonemes) in words (e.g., changing cat to hat to mat).",PK,2023-10-25T17:31:09+00:00
Descriptors,1.4.3.2,,Example Performance Descriptors,PK,2023-10-25T17:31:09+00:00
Desc Category,1.4.3.2.1,,Exploring,PK,2023-10-25T17:31:09+00:00
Performance Descriptor,1.4.3.2.1.1,,Recognize words forming sentences as s/he dictates to the teacher.,PK,2023-10-25T17:31:09+00:00
Performance Descriptor,1.4.3.2.1.2,,"With teacher assistance, recite finger plays, chants, rhymes, and poems containing rhyming words.",PK,2023-10-25T17:31:09+00:00
Performance Descriptor,1.4.3.2.1.3,,"Provide second syllable for common words when teacher provides the first syllable (e.g., “I am holding a pen___.” Child says “cil” to make the word “pencil”.).",PK,2023-12-27T19:23:49+00:00
Performance Descriptor,1.4.3.2.1.4,,"With teacher assistance, respond when called by first sound of his/ her name (e.g., “Whose name begins with ‘bbbb’?”).",PK,2023-10-25T17:31:09+00:00
Performance Descriptor,1.4.3.2.1.5,,"With teacher assistance, respond when teacher stretches the sounds of his/her name.",PK,2023-10-25T17:31:09+00:00
Desc Category,1.4.3.2.2,,Developing,PK,2023-10-25T17:31:09+00:00
Performance Descriptor,1.4.3.2.2.1,,"Show awareness of words in a sentence (e.g., clap each word in a sentence).",PK,2023-10-25T17:31:09+00:00
Performance Descriptor,1.4.3.2.2.2,,"With teacher assistance, provide rhyming words in songs, poems, or books with a rhyming pattern (e.g., “Jack and Jill went up the ____.”).",PK,2023-10-25T17:31:09+00:00
Performance Descriptor,1.4.3.2.2.3,,"Show awareness of syllables in a word (e.g., clap each syllable in a word).",PK,2023-10-25T17:31:09+00:00
Performance Descriptor,1.4.3.2.2.4,,"With teacher assistance, substitute beginning sound of a word to say a new word or nonsense word (e.g., cat, hat, mat, sat; Heather, weather, meather, seather).",PK,2023-10-25T17:31:09+00:00
Performance Descriptor,1.4.3.2.2.5,,"With teacher assistance, state word when teacher stretches the sounds (e.g., “Whose turn is it to line up after you? Ssssss-aaaaaammmm.” Child says “Sam.”)",PK,2023-12-27T19:24:02+00:00
Desc Category,1.4.3.2.3,,Building,PK,2023-10-25T17:31:09+00:00
Performance Descriptor,1.4.3.2.3.1,,"Indicate the number of words in a sentence (e.g., count each word in a sentence).",PK,2023-10-25T17:31:09+00:00
Performance Descriptor,1.4.3.2.3.2,,"With teacher assistance, identify rhymes in songs, poems, or books (e.g., “Hey, that sounds like ‘whale’ – ‘pail’, ‘whale’.”).",PK,2023-10-25T17:31:09+00:00
Performance Descriptor,1.4.3.2.3.3,,"Indicate the number of syllables in a word (e.g., count or clap each syllable in a word).",PK,2023-10-25T17:31:09+00:00
Performance Descriptor,1.4.3.2.3.4,,"With teacher assistance, identify the first letter in a word or name that s/he is attempting to write (e.g., “What sound does cat begin with?” “KKKK” “Yes, a K does make that sound. So does a C.”)",PK,2023-12-27T19:29:39+00:00
Performance Descriptor,1.4.3.2.3.5,,"With teacher assistance, stretch out sounds in words with teacher (e.g., “Let’s stretch the sounds to help us write the word ‘can’.”).",PK,2023-12-27T19:29:28+00:00
Learning Standard,1.4.4,Learning Standard 4.D,Demonstrate emergent phonics and word-analysis skills.,PK,2023-12-27T19:30:49+00:00
Benchmarks,1.4.4.1,,Preschool Benchmarks,PK,2023-10-25T17:31:09+00:00
Benchmark,1.4.4.1.1,4.D.ECa,Recognize own name and common signs and labels in the environment.,PK,2023-10-25T17:31:09+00:00
Benchmark,1.4.4.1.2,4.D.ECb,"With teacher assistance, demonstrate understanding of the one-to-one correspondence of letters and sounds.",PK,2023-10-25T17:31:09+00:00
Benchmark,1.4.4.1.3,4.D.ECc,"With teacher assistance, begin to use knowledge of letters and sounds to spell words phonetically.",PK,2023-10-25T17:31:09+00:00
Descriptors,1.4.4.2,,Example Performance Descriptors,PK,2023-10-25T17:31:09+00:00
Desc Category,1.4.4.2.1,,Exploring,PK,2023-10-25T17:31:09+00:00
Performance Descriptor,1.4.4.2.1.1,,"Identify own first name (e.g., point to own name on cubby and say, “That says Jason!” or find name card at sign-in time).",PK,2023-12-27T19:24:22+00:00
Performance Descriptor,1.4.4.2.1.2,,"With teacher assistance, respond to prompts about the sound associated with a specific letter, especially the first letter of his/her name (e.g., “Your name starts with the letter ‘m’. Can you remember the sound that this letter makes?”).",PK,2023-12-27T19:24:29+00:00
Performance Descriptor,1.4.4.2.1.3,,"With teacher assistance, identify individual sounds by saying names of classmates that begin with the sound that is made by a specific letter.",PK,2023-10-25T17:31:09+00:00
Desc Category,1.4.4.2.2,,Developing,PK,2023-10-25T17:31:09+00:00
Performance Descriptor,1.4.4.2.2.1,,"Recognize environmental print and one or two classmates’ names (e.g., road signs from a restaurant or a local store).",PK,2023-10-25T17:31:09+00:00
Performance Descriptor,1.4.4.2.2.2,,"With teacher assistance, identify the sound of the beginning letter of a word (e.g., “What letter makes the sound you hear at the beginning of the word ‘snake’?”).",PK,2023-10-25T17:31:09+00:00
Performance Descriptor,1.4.4.2.2.3,,"With teacher assistance, identify individual sounds through activities such as naming words that begin with the sound that is made by a specific letter.",PK,2023-10-25T17:31:09+00:00
Desc Category,1.4.4.2.3,,Building,PK,2023-10-25T17:31:09+00:00
Performance Descriptor,1.4.4.2.3.1,,"Identify labels (e.g., the words posted to identify various centers, objects, and materials) and more than two classmates’ names in the classroom.",PK,2023-10-25T17:31:09+00:00
Performance Descriptor,1.4.4.2.3.2,,"With teacher assistance, identify examples of alliteration (e.g., saying that the words “big blue bouncing ball” all begin with the /b/ sound).",PK,2023-10-25T17:31:09+00:00
Performance Descriptor,1.4.4.2.3.3,,"With teacher assistance, spell words phonetically, using known letter sounds (e.g., “s” for snake, “kt” for cat).",PK,2023-10-25T17:31:09+00:00
Goal,1.5,Goal 5,Demonstrate increasing awareness of and competence in emergent writing skills and abilities.,PK,2023-10-25T17:31:09+00:00
Learning Standard,1.5.1,Learning Standard 5.A,Demonstrate growing interest and abilities in writing.,PK,2023-12-27T19:24:46+00:00
Benchmarks,1.5.1.1,,Preschool Benchmarks,PK,2023-10-25T17:31:09+00:00
Benchmark,1.5.1.1.1,5.A.ECa,Experiment with writing tools and materials.,PK,2023-12-27T19:25:00+00:00
Benchmark,1.5.1.1.2,5.A.ECb,"Use scribbles, letterlike forms, or letters/words to represent written language.",PK,2023-10-25T17:31:09+00:00
Benchmark,1.5.1.1.3,5.A.ECc,"With teacher assistance, write own first name using appropriate upper/lowercase letters.",PK,2023-10-25T17:31:09+00:00
Descriptors,1.5.1.2,,Example Performance Descriptors,PK,2023-10-25T17:31:09+00:00
Desc Category,1.5.1.2.1,,Exploring,PK,2023-10-25T17:31:09+00:00
Performance Descriptor,1.5.1.2.1.1,,Choose one type of writing material to engage in making marks or scribbles identified as a name.,PK,2023-10-25T17:31:09+00:00
Performance Descriptor,1.5.1.2.1.2,,"Make marks or scribbles and identify as writing in play activities, such as developing a grocery list during dramatic play or a sign for a block construction.",PK,2023-10-25T17:31:09+00:00
Performance Descriptor,1.5.1.2.1.3,,"With teacher assistance, make marks or scribbles to represent own name on sign-up charts, drawings, and other pieces of work.",PK,2023-10-25T17:31:09+00:00
Performance Descriptor,1.5.1.2.1.4,,"If available, show interest in letters on an electronic keyboard (e.g., computer, iPad).",PK,2023-12-27T19:25:14+00:00
Desc Category,1.5.1.2.2,,Developing,PK,2023-10-25T17:31:09+00:00
Performance Descriptor,1.5.1.2.2.1,,"Choose one or two types of writing materials (e.g., markers, pencils) to engage in making letterlike forms identified as a name.",PK,2023-10-25T17:31:09+00:00
Performance Descriptor,1.5.1.2.2.2,,"Make letterlike forms and identify as writing in play activities, such as developing a grocery list during dramatic play or a sign for a block construction.",PK,2023-10-25T17:31:09+00:00
Performance Descriptor,1.5.1.2.2.3,,"With teacher assistance, make letterlike forms to represent own name on sign-up charts, drawings, and other pieces of work.",PK,2023-10-25T17:31:09+00:00
Performance Descriptor,1.5.1.2.2.4,,"If available, show interest in letters in own name on an electronic keyboard (e.g., computer, iPad).",PK,2023-12-27T19:25:26+00:00
Desc Category,1.5.1.2.3,,Building,PK,2023-10-25T17:31:09+00:00
Performance Descriptor,1.5.1.2.3.1,,"Use a variety of writing materials (e.g., markers, pencils, crayons, chalk) to attempt to write own name and/or the names of friends and family members.",PK,2023-10-25T17:31:09+00:00
Performance Descriptor,1.5.1.2.3.2,,"Make letters or words in play activities, such as developing a grocery list during dramatic play or a sign for a block construction.",PK,2023-10-25T17:31:09+00:00
Performance Descriptor,1.5.1.2.3.3,,"With teacher assistance, write increasingly recognizable letters of own name on sign-up charts, drawings, and other pieces of work.",PK,2023-10-25T17:31:09+00:00
Performance Descriptor,1.5.1.2.3.4,,"If available, and with teacher assistance, locate and type letters in own name on an electronic keyboard (e.g., computer, iPad).",PK,2023-12-27T19:25:35+00:00
Learning Standard,1.5.2,Learning Standard 5.B,Use writing to represent ideas and information.,PK,2023-12-27T19:25:49+00:00
Benchmarks,1.5.2.1,,Preschool Benchmarks,PK,2023-10-25T17:31:09+00:00
Benchmark,1.5.2.1.1,5.B.ECa,"With teacher assistance, use a combination of drawing, dictating, or writing to express an opinion about a book or topic.",PK,2023-10-25T17:31:09+00:00
Benchmark,1.5.2.1.2,5.B.ECb,"With teacher assistance, use a combination of drawing, dictating, or writing to compose informative/explanatory texts in which they name what they are writing about and supply some information about the topic.",PK,2023-10-25T17:31:09+00:00
Benchmark,1.5.2.1.3,5.B.ECc,"With teacher assistance, use a combination of drawing, dictating, or writing to narrate a single event and provide a reaction to what happened.",PK,2023-10-25T17:31:09+00:00
Descriptors,1.5.2.2,,Example Performance Descriptors,PK,2023-10-25T17:31:09+00:00
Desc Category,1.5.2.2.1,,Exploring,PK,2023-10-25T17:31:09+00:00
Performance Descriptor,1.5.2.2.1.1,,"Contribute personal opinions to be included in group-dictated pieces of writing (e.g., “My favorite food is ______,” “I like ________ because ________.”).",PK,2023-12-27T19:26:18+00:00
Performance Descriptor,1.5.2.2.1.2,,"With teacher assistance, draw a picture about a personal event that took place and dictate to the teacher to share information and feelings about it.",PK,2023-10-25T17:31:09+00:00
Performance Descriptor,1.5.2.2.1.3,,"With teacher assistance, participate in making decisions for a group- dictated piece of writing created electronically (e.g., on a computer, iPad, or smart board).",PK,2023-12-27T19:26:32+00:00
Desc Category,1.5.2.2.2,,Developing,PK,2023-10-25T17:31:09+00:00
Performance Descriptor,1.5.2.2.2.1,,"Contribute factual information to be included in group-dictated pieces of writing (e.g., brainstorm characteristics of a familiar type of animal, food, or vehicle; recall and share true information about a familiar topic).",PK,2023-10-25T17:31:09+00:00
Performance Descriptor,1.5.2.2.2.2,,"With teacher assistance, draw a picture about a personal event that took place and use scribbles and/or letterlike forms to share information and feelings about it.",PK,2023-10-25T17:31:09+00:00
Performance Descriptor,1.5.2.2.2.3,,"With teacher assistance, participate in making decisions for a group- dictated piece of writing in which photographs will be taken to use for illustrations.",PK,2023-10-25T17:31:09+00:00
Desc Category,1.5.2.2.3,,Building,PK,2023-10-25T17:31:09+00:00
Performance Descriptor,1.5.2.2.3.1,,"Contribute to group-dictated stories about a shared experience (e.g., tell about something that happened on a field trip; describe how the dramatic play area was changed into a pet store and new ways the child was able to use that area of the room).",PK,2023-10-25T17:31:09+00:00
Performance Descriptor,1.5.2.2.3.2,,"With teacher assistance, draw a picture about a personal event that took place and use scribbles, letterlike forms, letters, and/or words to share information and feelings about it.",PK,2023-10-25T17:31:09+00:00
Performance Descriptor,1.5.2.2.3.3,,"With support from the teacher, use electronic means (e.g., a computer, iPad, or smart board) to create a piece of writing.",PK,2023-12-27T19:26:42+00:00
Learning Standard,1.5.3,Learning Standard 5.C,Use writing to research and share knowledge.,PK,2023-12-27T19:26:54+00:00
Benchmarks,1.5.3.1,,Preschool Benchmarks,PK,2023-10-25T17:31:09+00:00
Benchmark,1.5.3.1.1,5.C.ECa,Participate in group projects or units of study designed to learn about a topic of interest.,PK,2023-12-27T19:27:09+00:00
Benchmark,1.5.3.1.2,5.C.ECb,"With teacher assistance, recall factual information and share that information through drawing, dictation, or writing.",PK,2023-10-25T17:31:09+00:00
Descriptors,1.5.3.2,,Example Performance Descriptors,PK,2023-10-25T17:31:09+00:00
Desc Category,1.5.3.2.1,,Exploring,PK,2023-10-25T17:31:09+00:00
Performance Descriptor,1.5.3.2.1.1,,Join in an activity to learn about a topic of interest to the group.,PK,2023-10-25T17:31:09+00:00
Performance Descriptor,1.5.3.2.1.2,,"With teacher assistance, share through dictation factual information gained from hands-on experiences or written sources.",PK,2023-10-25T17:31:09+00:00
Desc Category,1.5.3.2.2,,Developing,PK,2023-10-25T17:31:09+00:00
Performance Descriptor,1.5.3.2.2.1,,Join in multiple activities to learn about a topic of interest to the group.,PK,2023-10-25T17:31:09+00:00
Performance Descriptor,1.5.3.2.2.2,,"With teacher assistance, share through drawing factual information gained from hands-on experiences or written sources.",PK,2023-10-25T17:31:09+00:00
Desc Category,1.5.3.2.3,,Building,PK,2023-10-25T17:31:09+00:00
Performance Descriptor,1.5.3.2.3.1,,"Join in multiple activities to learn about a topic of interest to the group and contribute documentation to the study (whether it be drawings, photos, or writing).",PK,2023-10-25T17:31:09+00:00
Performance Descriptor,1.5.3.2.3.2,,"With teacher assistance, share through writing (whether scribbles, letterlike shapes, letters, or words) factual information gained from hands-on experiences or written sources.",PK,2023-10-25T17:31:09+00:00
Domain,2,,Mathematics,PK,2023-10-25T17:31:09+00:00
Goal,2.1,Goal 6,"Demonstrate and apply a knowledge and sense of numbers, including numeration and operations.",PK,2023-12-27T18:38:20+00:00
Learning Standard,2.1.1,Learning Standard 6.A,"Demonstrate beginning understanding of numbers, number names, and numerals.",PK,2023-12-27T18:38:26+00:00
Benchmarks,2.1.1.1,,Preschool Benchmarks,PK,2023-10-25T17:31:09+00:00
Benchmark,2.1.1.1.1,6.A.ECa,Count with understanding and recognize “how many” in small sets up to 5.,PK,2023-12-27T18:38:37+00:00
Benchmark,2.1.1.1.2,6.A.ECb,Use subitizing (the rapid and accurate judgment of how many items there are without counting) to identify the number of objects in sets of 4 or less.,PK,2023-12-27T18:38:43+00:00
Benchmark,2.1.1.1.3,6.A.ECc,"Understand and appropriately use informal or everyday terms that mean zero, such as “none” or “nothing”.",PK,2023-12-27T18:38:49+00:00
Benchmark,2.1.1.1.4,6.A.ECd,Connect numbers to quantities they represent using physical models and informal representations.,PK,2023-12-27T18:38:57+00:00
Benchmark,2.1.1.1.5,6.A.ECe,Differentiate numerals from letters and recognize some single-digit written numerals.,PK,2023-12-27T18:39:04+00:00
Benchmark,2.1.1.1.6,6.A.ECf,Verbally recite numbers from 1 to 10.,PK,2023-12-27T18:39:12+00:00
Benchmark,2.1.1.1.7,6.A.ECg,"Be able to say the number after another in the series up to 9 when given a “running start,” as in “What comes after one, two, three, four...?”.",PK,2023-12-27T18:39:19+00:00
Descriptors,2.1.1.2,,Example Performance Descriptors,PK,2023-10-25T17:31:09+00:00
Desc Category,2.1.1.2.1,,Exploring,PK,2023-10-25T17:31:09+00:00
Performance Descriptor,2.1.1.2.1.1,,"Recognize how many there are in a set of 1 or 2 without counting them (e.g., one car or two blue crayons).",PK,2023-10-25T17:31:09+00:00
Performance Descriptor,2.1.1.2.1.2,,Point to or move objects around as though to organize without necessarily counting out loud.,PK,2023-10-25T17:31:09+00:00
Performance Descriptor,2.1.1.2.1.3,,Demonstrate an understanding of zero by making a comment such as “Now I don’t have any more” when finished with a snack of four crackers.,PK,2023-12-27T18:39:33+00:00
Performance Descriptor,2.1.1.2.1.4,,"Confuse numerals and letters, saying number names occasionally when pointing to letters.",PK,2023-10-25T17:31:09+00:00
Performance Descriptor,2.1.1.2.1.5,,Say some counting words when “counting.”,PK,2023-10-25T17:31:09+00:00
Performance Descriptor,2.1.1.2.1.6,,"Fill in the next number when the teacher says, “one, two...”",PK,2023-10-25T17:31:09+00:00
Desc Category,2.1.1.2.2,,Developing,PK,2023-10-25T17:31:09+00:00
Performance Descriptor,2.1.1.2.2.1,,"Recognize how many there are in a set of 3 without counting them (e.g., three yellow beads).",PK,2023-10-25T17:31:09+00:00
Performance Descriptor,2.1.1.2.2.2,,Point to or move objects when counting out loud without effectively tracking items counted (may skip items or count items more than once).,PK,2023-10-25T17:31:09+00:00
Performance Descriptor,2.1.1.2.2.3,,Demonstrate understanding of none by looking into an empty container and commenting that there is “nothing in there.”,PK,2023-10-25T17:31:09+00:00
Performance Descriptor,2.1.1.2.2.4,,"Say number names when pointing to numerals (but not letters), even if they don’t match.",PK,2023-10-25T17:31:09+00:00
Performance Descriptor,2.1.1.2.2.5,,"Recite counting words from 1-10, with 2-4 errors (e.g., skip numbers, mix up order) but also some number names in words in consecutive order (e.g., “one, two, five, four, six, seven, nine, ten”).",PK,2023-10-25T17:31:09+00:00
Performance Descriptor,2.1.1.2.2.6,,"Fill in the next number when the teacher says, “one, two, three...”",PK,2023-10-25T17:31:09+00:00
Desc Category,2.1.1.2.3,,Building,PK,2023-10-25T17:31:09+00:00
Performance Descriptor,2.1.1.2.3.1,,"Recognize how many there are in sets of 4 and 5 when presented in a nonlinear, organized fashion (like a die face).",PK,2023-10-25T17:31:09+00:00
Performance Descriptor,2.1.1.2.3.2,,Point to or move each object to make sure sure each is counted once and only once when counting in sets up to 5.,PK,2023-10-25T17:31:09+00:00
Performance Descriptor,2.1.1.2.3.3,,"Respond to a question about quantity, such as “How many red bears are left?” when none are left by saying: “None.”",PK,2023-12-27T18:39:42+00:00
Performance Descriptor,2.1.1.2.3.4,,"Correctly identify the numerals 1, 2, and 3.",PK,2023-10-25T17:31:09+00:00
Performance Descriptor,2.1.1.2.3.5,,Recite counting words in order from 1-10 (with an occasional error).,PK,2023-10-25T17:31:09+00:00
Performance Descriptor,2.1.1.2.3.6,,"Fill in the next number when the teacher says, “three, four, five...” (not starting at “one”).",PK,2023-10-25T17:31:09+00:00
Learning Standard,2.1.2,Learning Standard 6.B,Add and subtract to create new numbers and begin to construct sets.,PK,2023-10-25T17:31:09+00:00
Benchmarks,2.1.2.1,,Preschool Benchmarks,PK,2023-10-25T17:31:09+00:00
Benchmark,2.1.2.1.1,6.B.ECa,Recognize that numbers (or sets of objects) can be combined or separated to make another number.,PK,2023-12-27T18:39:56+00:00
Benchmark,2.1.2.1.2,6.B.ECb,Show understanding of how to count out and construct sets of objects of a given number up to 5.,PK,2023-12-27T18:40:03+00:00
Benchmark,2.1.2.1.3,6.B.ECc,Identify the new number created when small sets (up to 5) are combined or separated.,PK,2023-12-27T18:40:16+00:00
Benchmark,2.1.2.1.4,6.B.ECd,Informally solve simple mathematical problems presented in a meaningful context.,PK,2023-12-27T18:40:23+00:00
Benchmark,2.1.2.1.5,6.B.ECe,Fairly share a set of up to 10 items between two children.,PK,2023-10-25T17:31:09+00:00
Descriptors,2.1.2.2,,Example Performance Descriptors,PK,2023-10-25T17:31:09+00:00
Desc Category,2.1.2.2.1,,Exploring,PK,2023-10-25T17:31:09+00:00
Performance Descriptor,2.1.2.2.1.1,,"Combine items to create a new number (e.g., combine two blocks with a friend’s two blocks and say, “Now we have four.”)",PK,2023-12-27T18:40:38+00:00
Performance Descriptor,2.1.2.2.1.2,,"Count out two objects correctly (e.g., count two crackers on plate at snack time).",PK,2023-10-25T17:31:09+00:00
Performance Descriptor,2.1.2.2.1.3,,"Solve simple math problems (e.g., know that if one child is added to the group that makes one more).",PK,2023-10-25T17:31:09+00:00
Performance Descriptor,2.1.2.2.1.4,,Divide a set of two to four objects between self and a friend evenly.,PK,2023-10-25T17:31:09+00:00
Desc Category,2.1.2.2.2,,Developing,PK,2023-10-25T17:31:09+00:00
Performance Descriptor,2.1.2.2.2.1,,"Separate items from a set (e.g., with a set of three cups, takes one away and says, “Now we have two.”)",PK,2023-12-27T18:40:50+00:00
Performance Descriptor,2.1.2.2.2.2,,"Count out three and four objects correctly (e.g., count four blocks in a block tower).",PK,2023-10-25T17:31:09+00:00
Performance Descriptor,2.1.2.2.2.3,,"Solve simple math problems (e.g., know that if one chair is taken away from the table that makes less).",PK,2023-10-25T17:31:09+00:00
Performance Descriptor,2.1.2.2.2.4,,Divide a set of six to nine objects between self and a friend evenly.,PK,2023-10-25T17:31:09+00:00
Desc Category,2.1.2.2.3,,Building,PK,2023-10-25T17:31:09+00:00
Performance Descriptor,2.1.2.2.3.1,,Recognize that combining sets always results in “more” and separating sets always results in “less.”,PK,2023-10-25T17:31:09+00:00
Performance Descriptor,2.1.2.2.3.2,,"Count out five objects correctly (e.g., count five children in a small group).",PK,2023-10-25T17:31:09+00:00
Performance Descriptor,2.1.2.2.3.3,,"Solve simple math problems (e.g., know that if one orange is taken away from a group of five, there are four oranges left).",PK,2023-10-25T17:31:09+00:00
Performance Descriptor,2.1.2.2.3.4,,Divide a set of 10 crackers between self and a friend evenly.,PK,2023-10-25T17:31:09+00:00
Learning Standard,2.1.3,Learning Standard 6.C,Begin to make reasonable estimates of numbers.,PK,2023-12-27T21:44:42+00:00
Benchmarks,2.1.3.1,,Preschool Benchmarks,PK,2023-10-25T17:31:09+00:00
Benchmark,2.1.3.1.1,6.C.ECa,Estimate number of objects in a small set.,PK,2023-12-27T18:41:01+00:00
Descriptors,2.1.3.2,,Example Performance Descriptors,PK,2023-10-25T17:31:09+00:00
Desc Category,2.1.3.2.1,,Exploring,PK,2023-10-25T17:31:09+00:00
Performance Descriptor,2.1.3.2.1.1,,"Make reasonable estimates of small quantities of objects (e.g., guess “four” when asked how many peach slices are in the bowl).",PK,2023-10-25T17:31:09+00:00
Desc Category,2.1.3.2.2,,Developing,PK,2023-10-25T17:31:09+00:00
Performance Descriptor,2.1.3.2.2.1,,Tell whether a set is more or less than 5.,PK,2023-10-25T17:31:09+00:00
Desc Category,2.1.3.2.3,,Building,PK,2023-10-25T17:31:09+00:00
Performance Descriptor,2.1.3.2.3.1,,"Presented with a set of 7 or 8, estimate a number in the range of 5 to 12.",PK,2023-10-25T17:31:09+00:00
Learning Standard,2.1.4,Learning Standard 6.D,Compare quantities using appropriate vocabulary terms.,PK,2023-12-27T18:41:08+00:00
Benchmarks,2.1.4.1,,Preschool Benchmarks,PK,2023-10-25T17:31:09+00:00
Benchmark,2.1.4.1.1,6.D.ECa,"Compare two collections to see if they are equal or determine which is more, using a procedure of the child’s choice.",PK,2023-10-25T17:31:09+00:00
Benchmark,2.1.4.1.2,6.D.ECb,"Describe comparisons with appropriate vocabulary, such as “more”, “less”, “greater than”, “fewer”, “equal to”, or “same as”.",PK,2023-12-27T18:41:22+00:00
Descriptors,2.1.4.2,,Example Performance Descriptors,PK,2023-10-25T17:31:09+00:00
Desc Category,2.1.4.2.1,,Exploring,PK,2023-10-25T17:31:09+00:00
Performance Descriptor,2.1.4.2.1.1,,"Match sets of things that go together, item to item (e.g., match one napkin to each of the place settings at the table).",PK,2023-10-25T17:31:09+00:00
Performance Descriptor,2.1.4.2.1.2,,"Use the terms “more” or “same as” (e.g., acknowledge that one child has more pegs and another has the same number).",PK,2023-10-25T17:31:09+00:00
Desc Category,2.1.4.2.2,,Developing,PK,2023-10-25T17:31:09+00:00
Performance Descriptor,2.1.4.2.2.1,,"Through words or gestures, identify which set has more.",PK,2023-10-25T17:31:09+00:00
Performance Descriptor,2.1.4.2.2.2,,"Use the terms “less”, “not as many”, or “fewer” (e.g., acknowledge that one child has less play dough than others do).",PK,2023-10-25T17:31:09+00:00
Desc Category,2.1.4.2.3,,Building,PK,2023-10-25T17:31:09+00:00
Performance Descriptor,2.1.4.2.3.1,,"Through words or gestures, identify whether sets have more, less, or an equal amount.",PK,2023-10-25T17:31:09+00:00
Performance Descriptor,2.1.4.2.3.2,,"Use a variety of appropriate vocabulary to make comparisons of quantity (e.g., “more”, “less”, “greater than”, “fewer”, “equal to”, or “same as”).",PK,2023-10-25T17:31:09+00:00
Goal,2.2,Goal 7,Explore measurement of objects and quantities.,PK,2023-12-27T18:41:34+00:00
Learning Standard,2.2.1,Learning Standard 7.A,Measure objects and quantities using direct comparison methods and nonstandard units.,PK,2023-10-25T17:31:09+00:00
Benchmarks,2.2.1.1,,Preschool Benchmarks,PK,2023-10-25T17:31:09+00:00
Benchmark,2.2.1.1.1,7.A.ECa,"Compare, order, and describe objects according to a single attribute.",PK,2023-12-27T18:42:09+00:00
Benchmark,2.2.1.1.2,7.A.ECb,Use nonstandard units to measure attributes such as length and capacity.,PK,2023-10-25T17:31:09+00:00
Benchmark,2.2.1.1.3,7.A.ECc,"Use vocabulary that describes and compares length, height, weight, capacity, and size.",PK,2023-12-27T18:42:16+00:00
Benchmark,2.2.1.1.4,7.A.ECd,Begin to construct a sense of time through participation in daily activities.,PK,2023-12-27T18:42:23+00:00
Descriptors,2.2.1.2,,Example Performance Descriptors,PK,2023-10-25T17:31:09+00:00
Desc Category,2.2.1.2.1,,Exploring,PK,2023-10-25T17:31:09+00:00
Performance Descriptor,2.2.1.2.1.1,,"Compare magnitudes of one object to another (e.g., line up two strings of beads to determine which is longer; stand next to peer to see who is taller).",PK,2023-10-25T17:31:09+00:00
Performance Descriptor,2.2.1.2.1.2,,"Use nonstandard means to measure items (e.g., using a piece of string or a long block as a measurement tool).",PK,2023-10-25T17:31:09+00:00
Performance Descriptor,2.2.1.2.1.3,,"Use appropriate vocabulary when making measurements, such as “small”, “big”.",PK,2023-10-25T17:31:09+00:00
Performance Descriptor,2.2.1.2.1.4,,"Ask about the sequence of the daily schedule (e.g., “When will we have snack?” “When are my mom and dad coming?”).",PK,2023-10-25T17:31:09+00:00
Desc Category,2.2.1.2.2,,Developing,PK,2023-10-25T17:31:09+00:00
Performance Descriptor,2.2.1.2.2.1,,"Order multiple objects to compare magnitudes (i.e., arrange blocks from tallest to shortest).",PK,2023-10-25T17:31:09+00:00
Performance Descriptor,2.2.1.2.2.2,,"Use nonstandard units to measure items (e.g., use hands or small blocks to measure the length of a table).",PK,2023-10-25T17:31:09+00:00
Performance Descriptor,2.2.1.2.2.3,,"Use appropriate vocabulary when making measurements, such as “small”, “big”, “short”, “tall”.",PK,2023-10-25T17:31:09+00:00
Performance Descriptor,2.2.1.2.2.4,,"Know the sequence of the daily schedule and guess the progression of the schedule throughout the day but not with accuracy (e.g., guess incorrectly that snack is after circle time yet knows that mom or dad will come after outside time).",PK,2023-10-25T17:31:09+00:00
Desc Category,2.2.1.2.3,,Building,PK,2023-10-25T17:31:09+00:00
Performance Descriptor,2.2.1.2.3.1,,"Order multiple objects to compare magnitudes and describe comparisons (i.e., arrange blocks from tallest to shortest and describe).",PK,2023-10-25T17:31:09+00:00
Performance Descriptor,2.2.1.2.3.2,,"Use nonstandard units to measure items and identify the quantity of units (e.g., may not be correct but attempt to count the number of hands or small blocks in the length of the table).",PK,2023-10-25T17:31:09+00:00
Performance Descriptor,2.2.1.2.3.3,,"Use a wider appropriate vocabulary when making measurements, such as “small”, “big”, “short”, “tall”, “empty”, “full”, “heavy”, and “light”.",PK,2023-10-25T17:31:09+00:00
Performance Descriptor,2.2.1.2.3.4,,"Know the sequence of the daily schedule and begin to accurately gauge time by progression of the schedule throughout the day (e.g., know that naptime comes after lunch or that outside time comes after snack).",PK,2023-10-25T17:31:09+00:00
Learning Standard,2.2.2,Learning Standard 7.B,Begin to make estimates of measurements.,PK,2023-10-25T17:31:09+00:00
Benchmarks,2.2.2.1,,Preschool Benchmarks,PK,2023-10-25T17:31:09+00:00
Benchmark,2.2.2.1.1,7.B.ECa,Practice estimating in everyday play and everyday measurement problems.,PK,2023-12-27T18:42:38+00:00
Descriptors,2.2.2.2,,Example Performance Descriptors,PK,2023-10-25T17:31:09+00:00
Desc Category,2.2.2.2.1,,Exploring,PK,2023-10-25T17:31:09+00:00
Performance Descriptor,2.2.2.2.1.1,,"Make predictions and estimations during play without much accuracy (e.g., estimate how many scoops of sand it will take to fill a small bucket at the sand table — “I think 100!”).",PK,2023-12-27T18:42:49+00:00
Performance Descriptor,2.2.2.2.1.2,,"Estimate to solve a task without much accuracy (e.g., when setting table for snack, estimate how many napkins are needed. “I think 50.”).",PK,2023-12-27T18:42:59+00:00
Desc Category,2.2.2.2.2,,Developing,PK,2023-10-25T17:31:09+00:00
Performance Descriptor,2.2.2.2.2.1,,"Make more accurate predictions and estimations during play without checking by counting (e.g., estimate how many pebbles will fill the balance scale cup, “I think 10” but without counting to check).",PK,2023-12-27T18:43:16+00:00
Performance Descriptor,2.2.2.2.2.2,,"Estimate to solve a task with more accuracy but without checking by counting (e.g., during block play, estimate how many blocks are needed to make the road being constructed reach the wall, “I think six” – but without counting to check).",PK,2023-12-27T18:43:28+00:00
Desc Category,2.2.2.2.3,,Building,PK,2023-10-25T17:31:09+00:00
Performance Descriptor,2.2.2.2.3.1,,"Make more accurate predictions and estimations during play and check them by counting (e.g., “I think it will take five scoops of sand to fill this cup – 1,2,3,4,5,6 – oh, I was almost right!”).",PK,2023-12-27T18:43:39+00:00
Performance Descriptor,2.2.2.2.3.2,,"Estimate to solve a task with more accuracy and check by counting (e.g., during block play, estimate how many blocks are needed to make the road being constructed reach the wall, then count to see how many it took).",PK,2023-10-25T17:31:09+00:00
Learning Standard,2.2.3,Learning Standard 7.C,Explore tools used for measurement.,PK,2023-12-27T18:43:48+00:00
Benchmarks,2.2.3.1,,Preschool Benchmarks,PK,2023-10-25T17:31:09+00:00
Benchmark,2.2.3.1.1,7.C.ECa,"With teacher assistance, explore use of measuring tools that use standard units to measure objects and quantities that are meaningful to the child.",PK,2023-10-25T17:31:09+00:00
Benchmark,2.2.3.1.2,7.C.ECb,"Know that different attributes, such as length, weight, and time, are measured using different kinds of units, such as feet, pounds, and seconds.",PK,2023-10-25T17:31:09+00:00
Descriptors,2.2.3.2,,Example Performance Descriptors,PK,2023-12-27T21:03:48+00:00
Desc Category,2.2.3.2.1,,Exploring,PK,2023-10-25T17:31:09+00:00
Performance Descriptor,2.2.3.2.1.1,,Incorporate teacher-introduced standard measuring tools into play without attention to quantity.,PK,2023-10-25T17:31:09+00:00
Performance Descriptor,2.2.3.2.1.2,,Learn the vocabulary words “thermometer” and “clock”.,PK,2023-10-25T17:31:09+00:00
Performance Descriptor,2.2.3.2.1.3,,"With teacher assistance, use a balance scale to compare weights of objects in the classroom.",PK,2023-10-25T17:31:09+00:00
Desc Category,2.2.3.2.2,,Developing,PK,2023-10-25T17:31:09+00:00
Performance Descriptor,2.2.3.2.2.1,,"With teacher assistance, use standard measuring tools without expressing interest in quantity (e.g., teacher suggests they see how many rulers high the shelf is; child helps with measuring).",PK,2023-10-25T17:31:09+00:00
Performance Descriptor,2.2.3.2.2.2,,"With teacher assistance, explore measuring hot and cold with thermometers.",PK,2023-10-25T17:31:09+00:00
Performance Descriptor,2.2.3.2.2.3,,"With teacher assistance, use a scale that provides numerical weight to compare weights of objects in the classroom.",PK,2023-10-25T17:31:09+00:00
Desc Category,2.2.3.2.3,,Building,PK,2023-10-25T17:31:09+00:00
Performance Descriptor,2.2.3.2.3.1,,"Ask teacher to help with using standard measuring tools and figuring out quantities (e.g., use a measuring tape and ask how long the two blocks are).",PK,2023-10-25T17:31:09+00:00
Performance Descriptor,2.2.3.2.3.2,,"With teacher assistance, learn that clocks measure time.",PK,2023-10-25T17:31:09+00:00
Performance Descriptor,2.2.3.2.3.3,,"With teacher assistance, use a variety of similar tools for measurement of weight (e.g., use both balance scales and scales that provide a numerical weight to explore objects in the classroom).",PK,2023-10-25T17:31:09+00:00
Goal,2.3,Goal 8,"Identify and describe common attributes, patterns, and relationships in objects.",PK,2023-12-27T18:43:56+00:00
Learning Standard,2.3.1,Learning Standard 8.A,Explore objects and patterns.,PK,2023-12-27T18:44:03+00:00
Benchmarks,2.3.1.1,,Preschool Benchmarks,PK,2023-10-25T17:31:09+00:00
Benchmark,2.3.1.1.1,8.A.ECa,"Sort, order, compare, and describe objects according to characteristics or attribute(s).",PK,2023-12-27T18:44:13+00:00
Benchmark,2.3.1.1.2,8.A.ECb,"Recognize, duplicate, extend, and create simple patterns in various formats.",PK,2023-10-25T17:31:09+00:00
Descriptors,2.3.1.2,,Example Performance Descriptors,PK,2023-10-25T17:31:09+00:00
Desc Category,2.3.1.2.1,,Exploring,PK,2023-10-25T17:31:09+00:00
Performance Descriptor,2.3.1.2.1.1,,"Match similar objects when an attribute is named (e.g., “Which rocks are smooth like this one?” “Can you find another ball that’s this big?”).",PK,2023-10-25T17:31:09+00:00
Performance Descriptor,2.3.1.2.1.2,,"Match similar objects (e.g., putting all the toy cars together or lining up plates on a table).",PK,2023-10-25T17:31:09+00:00
Performance Descriptor,2.3.1.2.1.3,,"Attempt to create a simple a-b repeating pattern using early childhood materials but without maintaining the repeating pattern (e.g., makes colored marks on the white board beginning with black, green, black, then adds red, green, black, blue, black).",PK,2023-10-25T17:31:09+00:00
Performance Descriptor,2.3.1.2.1.4,,Replicate a simple pattern in music following the beat by clapping or tapping foot lightly.,PK,2023-10-25T17:31:09+00:00
Desc Category,2.3.1.2.2,,Developing,PK,2023-10-25T17:31:09+00:00
Performance Descriptor,2.3.1.2.2.1,,"Compare and describe various objects, identifying one of their attributes (e.g., describe different rocks by referring to their size, shape, or weight).",PK,2023-10-25T17:31:09+00:00
Performance Descriptor,2.3.1.2.2.2,,"Sort objects by a single attribute (e.g., ordering fire trucks from shortest to longest or ordering rocks from smooth to rough).",PK,2023-10-25T17:31:09+00:00
Performance Descriptor,2.3.1.2.2.3,,"Successfully create a simple A-B repeating pattern using classroom objects (e.g., build a tower of alternating blue and red cubes).",PK,2023-12-27T18:44:29+00:00
Performance Descriptor,2.3.1.2.2.4,,"Replicate patterns in music by playing finger games such as “Open, Shut Them.”",PK,2023-12-27T18:44:36+00:00
Desc Category,2.3.1.2.3,,Building,PK,2023-10-25T17:31:09+00:00
Performance Descriptor,2.3.1.2.3.1,,"Compare and describe various objects, identifying at least two of their attributes (e.g., describe different rocks by referring to their size and shape or texture and weight).",PK,2023-10-25T17:31:09+00:00
Performance Descriptor,2.3.1.2.3.2,,"Sort objects according to two different characteristics and describe a sorting strategy (e.g., sort crayons by color and size, “Here are the big red ones and there are the little blue ones”, or sort blocks by shape and color, “These are all yellow triangles and these are the green rectangles”).",PK,2023-12-27T18:44:50+00:00
Performance Descriptor,2.3.1.2.3.3,,"Create a simple A-B-C or A-B-B repeating pattern using classroom objects (e.g., lines up people figures with small, medium, large as the repeating pattern; strings beads on a necklace with one yellow, two orange in a repeating pattern).",PK,2023-12-27T18:44:59+00:00
Performance Descriptor,2.3.1.2.3.4,,Replicate patterns in music by singing repetitive songs such as “B-I-N-G-O.”,PK,2023-12-27T18:45:07+00:00
Learning Standard,2.3.2,Learning Standard 8.B,Describe and document patterns using symbols.,PK,2023-12-27T18:45:54+00:00
Benchmarks,2.3.2.1,,Preschool Benchmarks,PK,2023-10-25T17:31:09+00:00
Benchmark,2.3.2.1.1,8.B.ECa,"With adult assistance, represent a simple repeating pattern by verbally describing it or by modeling it with objects or actions.",PK,2023-10-25T17:31:09+00:00
Descriptors,2.3.2.2,,Example Performance Descriptors,PK,2023-10-25T17:31:09+00:00
Desc Category,2.3.2.2.1,,Exploring,PK,2023-10-25T17:31:09+00:00
Performance Descriptor,2.3.2.2.1.1,,"With adult assistance, describe a pattern in words (e.g., “tall, short, tall, short, tall, short” or “red, blue, yellow, red, blue, yellow, red, blue, yellow”).",PK,2023-10-25T17:31:09+00:00
Desc Category,2.3.2.2.2,,Developing,PK,2023-10-25T17:31:09+00:00
Performance Descriptor,2.3.2.2.2.1,,"When presented with a visual “red- blue, red-blue, red-blue” repeating pattern and told “do a clap for red and a tap for blue,” produce clap-tap, clap-tap, clap-tap with adult assistance.",PK,2023-10-25T17:31:09+00:00
Desc Category,2.3.2.2.3,,Building,PK,2023-10-25T17:31:09+00:00
Performance Descriptor,2.3.2.2.3.1,,"When presented with a visual “circle- square, circle-square, circle-square” repeating pattern and told “do a green bear for circles and a yellow bear for squares,” produce green bear-yellow bear, green bear-yellow bear, green bear-yellow bear pattern with adult assistance.",PK,2023-10-25T17:31:09+00:00
Goal,2.4,Goal 9,Explore concepts of geometry and spatial relations.,PK,2023-12-27T21:44:59+00:00
Learning Standard,2.4.1,Learning Standard 9.A,"Recognize, name, and match common shapes.",PK,2023-10-25T17:31:09+00:00
Benchmarks,2.4.1.1,,Preschool Benchmarks,PK,2023-10-25T17:31:09+00:00
Benchmark,2.4.1.1.1,9.A.ECa,"Recognize and name common two- and three-dimensional shapes and describe some of their attributes (e.g., number of sides, straight or curved lines).",PK,2023-12-27T18:46:31+00:00
Benchmark,2.4.1.1.2,9.A.ECb,"Sort collections of two- and three-dimensional shapes by type (e.g., triangles, rectangles, circles, cubes, spheres, pyramids).",PK,2023-12-27T18:46:37+00:00
Benchmark,2.4.1.1.3,9.A.ECc,Identify and name some of the faces (flat sides) of common three-dimensional shapes using two-dimensional shape names.,PK,2023-12-27T18:46:44+00:00
Benchmark,2.4.1.1.4,9.A.ECd,Combine two-dimensional shapes to create new shapes.,PK,2023-12-27T18:46:52+00:00
Benchmark,2.4.1.1.5,9.A.ECe,"Think about/imagine how altering the spatial orientation of a shape will change how it looks (e.g., turning it upside down).",PK,2023-12-27T18:47:03+00:00
Descriptors,2.4.1.2,,Example Performance Descriptors,PK,2023-10-25T17:31:09+00:00
Desc Category,2.4.1.2.1,,Exploring,PK,2023-10-25T17:31:09+00:00
Performance Descriptor,2.4.1.2.1.1,,"Identify the shape of various two- dimensional items in the early childhood environment (e.g., state that the clock is shaped like a circle or that the table top is a rectangle).",PK,2023-10-25T17:31:09+00:00
Performance Descriptor,2.4.1.2.1.2,,"Match triangles to triangles, squares to squares, circles to circles, and rectangles to rectangles.",PK,2023-10-25T17:31:09+00:00
Performance Descriptor,2.4.1.2.1.3,,"Match the face (flat side) of one common three-dimensional shape to another (e.g., match the face of one cube to another or one cylinder to another).",PK,2023-10-25T17:31:09+00:00
Performance Descriptor,2.4.1.2.1.4,,"Use one common two-dimensional shape to create simple representations of things in the real world (e.g., line up several rectangle blocks to make a “road”).",PK,2023-10-25T17:31:09+00:00
Performance Descriptor,2.4.1.2.1.5,,"Rotate and flip shapes, such as blocks and puzzle pieces, to make them “fit.”",PK,2023-10-25T17:31:09+00:00
Desc Category,2.4.1.2.2,,Developing,PK,2023-10-25T17:31:09+00:00
Performance Descriptor,2.4.1.2.2.1,,"Identify the shape of various two- dimensional items in the classroom and describe their attributes (e.g., state that a square block has four sides and a triangle block has three sides).",PK,2023-10-25T17:31:09+00:00
Performance Descriptor,2.4.1.2.2.2,,"Match triangles to triangles, squares to squares, circles to circles, and rectangles to rectangles even when size (or proportion) differs among examples.",PK,2023-10-25T17:31:09+00:00
Performance Descriptor,2.4.1.2.2.3,,Describe the face (flat side) of one common three-dimensional shape (cube or cylinder) using two-dimensional shape names (square or circle).,PK,2023-10-25T17:31:09+00:00
Performance Descriptor,2.4.1.2.2.4,,"Use more than one common two-dimensional shape to create representations of things in the real world (e.g., place small square blocks on the “road” to be the “cars”).",PK,2023-10-25T17:31:09+00:00
Performance Descriptor,2.4.1.2.2.5,,"Rotate and flip a shape to create something different (e.g., place the rectangle on its short or long side).",PK,2023-10-25T17:31:09+00:00
Desc Category,2.4.1.2.3,,Building,PK,2023-10-25T17:31:09+00:00
Performance Descriptor,2.4.1.2.3.1,,"Identify the shape of various two- and three-dimensional items in the early childhood environment and describe their attributes (e.g., “I used all these ‘rolling blocks’ (cylinders) to hold up my bridge.”).",PK,2023-12-27T18:47:15+00:00
Performance Descriptor,2.4.1.2.3.2,,"Match cubes, spheres, and pyramids, even when size differs among examples.",PK,2023-10-25T17:31:09+00:00
Performance Descriptor,2.4.1.2.3.3,,"Describe the faces (flat sides) of more than one common three- dimensional shape, such as cubes and cylinders, using two- dimensional shape names, such as squares and circles.",PK,2023-10-25T17:31:09+00:00
Performance Descriptor,2.4.1.2.3.4,,"Use common two-dimensional shapes to create more complex representations of things in the real world (e.g., place triangles around a circle to make a “flower”).",PK,2023-10-25T17:31:09+00:00
Performance Descriptor,2.4.1.2.3.5,,"Discuss with teacher how rotating and flipping a shape will create something different (e.g., teacher: “What do you think will happen if you turn the triangle upside down? Let’s try it.” Child: “It stands up by itself!”).",PK,2023-12-27T18:47:23+00:00
Learning Standard,2.4.2,Learning Standard 9.B,"Demonstrate an understanding of location and ordinal position, using appropriate vocabulary.",PK,2023-12-27T18:46:21+00:00
Benchmarks,2.4.2.1,,Preschool Benchmarks,PK,2023-10-25T17:31:09+00:00
Benchmark,2.4.2.1.1,9.B.ECa,Show understanding of location and ordinal position.,PK,2023-12-27T18:47:38+00:00
Benchmark,2.4.2.1.2,9.B.ECb,Use appropriate vocabulary for identifying location and ordinal position.,PK,2023-10-25T17:31:09+00:00
Descriptors,2.4.2.2,,Example Performance Descriptors,PK,2023-10-25T17:31:09+00:00
Desc Category,2.4.2.2.1,,Exploring,PK,2023-10-25T17:31:09+00:00
Performance Descriptor,2.4.2.2.1.1,,"Respond appropriately to request to place an object somewhere in space in relation to other objects (e.g., put doll in front of pillow; place shoes under table).",PK,2023-10-25T17:31:09+00:00
Performance Descriptor,2.4.2.2.1.2,,"Attempt to use vocabulary for location during play activities, not always correctly (e.g., when asked, say the doll is under the pillow when she is in front).",PK,2023-10-25T17:31:09+00:00
Desc Category,2.4.2.2.2,,Developing,PK,2023-10-25T17:31:09+00:00
Performance Descriptor,2.4.2.2.2.1,,"Respond to questions about location of an object (e.g., respond correctly to questions such as “Which colored block is on top?”).",PK,2023-10-25T17:31:09+00:00
Performance Descriptor,2.4.2.2.2.2,,"Use appropriate vocabulary for location during play activities (e.g., in conversations, use terms such as “near” and “far”, “over”and “under”).",PK,2023-10-25T17:31:09+00:00
Desc Category,2.4.2.2.3,,Building,PK,2023-10-25T17:31:09+00:00
Performance Descriptor,2.4.2.2.3.1,,"Respond to questions about ordinal position of an object (e.g., respond correctly to questions such as “Who is first in line?” or “Which car came in third?”).",PK,2023-10-25T17:31:09+00:00
Performance Descriptor,2.4.2.2.3.2,,"Use appropriate vocabulary for ordinal position during play activities (e.g., in conversations, use terms such as “first” and “last”, “second” and “third”).",PK,2023-10-25T17:31:09+00:00
Goal,2.5,Goal 10,Begin to make predictions and collect data information.,PK,2023-12-27T18:47:50+00:00
Learning Standard,2.5.1,Learning Standard 10.A,Generate questions and processes for answering them.,PK,2023-12-27T18:47:58+00:00
Benchmarks,2.5.1.1,,Preschool Benchmarks,PK,2023-10-25T17:31:09+00:00
Benchmark,2.5.1.1.1,10.A.ECa,"With teacher assistance, come up with meaningful questions that can be answered through gathering information.",PK,2023-10-25T17:31:09+00:00
Benchmark,2.5.1.1.2,10.A.ECb,Gather data about themselves and their surroundings to answer meaningful questions.,PK,2023-12-27T18:48:11+00:00
Descriptors,2.5.1.2,,Example Performance Descriptors,PK,2023-12-27T21:05:22+00:00
Desc Category,2.5.1.2.1,,Exploring,PK,2023-10-25T17:31:09+00:00
Performance Descriptor,2.5.1.2.1.1,,"With teacher assistance, identify a “yes” or “no” question to ask a peer and report verbally to teacher.",PK,2023-10-25T17:31:09+00:00
Performance Descriptor,2.5.1.2.1.2,,"Notice a change in the environment and comment (e.g., “We need more paintbrushes at the easel.”).",PK,2023-10-25T17:31:09+00:00
Desc Category,2.5.1.2.2,,Developing,PK,2023-10-25T17:31:09+00:00
Performance Descriptor,2.5.1.2.2.1,,"With teacher assistance, identify a “yes” or “no” question to ask multiple peers, recording on a “yes” or “no” chart or clipboard.",PK,2023-10-25T17:31:09+00:00
Performance Descriptor,2.5.1.2.2.2,,"Discuss one aspect of their environment and then collect relevant information with teacher assistance as needed (e.g., discuss whether trees have buds yet and go outside to check).",PK,2023-10-25T17:31:09+00:00
Desc Category,2.5.1.2.3,,Building,PK,2023-10-25T17:31:09+00:00
Performance Descriptor,2.5.1.2.3.1,,"With teacher assistance, formulate questions of personal interest (make a list of things to find out about, such as favorite cookies or how children get to school each day) and conduct surveys on charts or clipboards.",PK,2023-10-25T17:31:09+00:00
Performance Descriptor,2.5.1.2.3.2,,"Discuss more than one aspect of their environment and then collect relevant information with teacher assistance as needed (e.g., discuss what kinds of insects live on the school playground and then go outside to investigate).",PK,2023-10-25T17:31:09+00:00
Learning Standard,2.5.2,Learning Standard 10.B,Organize and describe data and information.,PK,2023-10-25T17:31:09+00:00
Benchmarks,2.5.2.1,,Preschool Benchmarks,PK,2023-10-25T17:31:09+00:00
Benchmark,2.5.2.1.1,10.B.ECa,"Organize, represent, and analyze information using concrete objects, pictures, and graphs, with teacher support.",PK,2023-12-27T18:48:23+00:00
Benchmark,2.5.2.1.2,10.B.ECb,"Make predictions about the outcome prior to collecting information, with teacher support and multiple experiences over time.",PK,2023-12-27T18:48:32+00:00
Descriptors,2.5.2.2,,Example Performance Descriptors,PK,2023-10-25T17:31:09+00:00
Desc Category,2.5.2.2.1,,Exploring,PK,2023-10-25T17:31:09+00:00
Performance Descriptor,2.5.2.2.1.1,,"Organize materials with teacher support to prepare for graphing (e.g., sort leaves by color, sort fruit by type).",PK,2023-10-25T17:31:09+00:00
Performance Descriptor,2.5.2.2.1.2,,"With teacher support, begin to predict the outcome of an activity (e.g., predict there are more boys than girls at the snack table).",PK,2023-10-25T17:31:09+00:00
Desc Category,2.5.2.2.2,,Developing,PK,2023-10-25T17:31:09+00:00
Performance Descriptor,2.5.2.2.2.1,,"Participate in creating a data display using concrete objects or pictures with teacher support (e.g., organize children’s favorite fruit in rows to demonstrate whether more children prefer apples or oranges).",PK,2023-10-25T17:31:09+00:00
Performance Descriptor,2.5.2.2.2.2,,"With teacher support, provide a reasonable prediction or guess for the outcome of an activity (e.g., predict that the class collected more yellow than red leaves on the nature walk before sorting and counting them).",PK,2023-10-25T17:31:09+00:00
Desc Category,2.5.2.2.3,,Building,PK,2023-10-25T17:31:09+00:00
Performance Descriptor,2.5.2.2.3.1,,"Compare numerical information derived from graphs to find answers to questions with teacher support as needed (e.g., use information depicted on a chart or graph to describe which classroom games are most popular).",PK,2023-10-25T17:31:09+00:00
Performance Descriptor,2.5.2.2.3.2,,"With teacher support, predict with more accuracy the outcome of a counting or comparison activity (e.g., predict how many more chairs, when three are already there, are needed for the small group table so that six children can all have a seat).",PK,2023-10-25T17:31:09+00:00
Learning Standard,2.5.3,Learning Standard 10.C,"Determine, describe, and apply the probabilities of events.",PK,2023-12-27T18:48:46+00:00
Benchmarks,2.5.3.1,,Preschool Benchmarks,PK,2023-10-25T17:31:09+00:00
Benchmark,2.5.3.1.1,10.C.ECa,"Describe likelihood of events with appropriate vocabulary, such as “possible”, “impossible”, “always”, and “never”.",PK,2023-12-27T18:48:58+00:00
Descriptors,2.5.3.2,,Example Performance Descriptors,PK,2023-10-25T17:31:09+00:00
Desc Category,2.5.3.2.1,,Exploring,PK,2023-10-25T17:31:09+00:00
Performance Descriptor,2.5.3.2.1.1,,"Attempt to use vocabulary to describe likelihood, but not always with accuracy (e.g., “My birthday is always on Saturday.”).",PK,2023-12-27T18:49:09+00:00
Desc Category,2.5.3.2.2,,Developing,PK,2023-10-25T17:31:09+00:00
Performance Descriptor,2.5.3.2.2.1,,"Use vocabulary terms “always” and “never” in reasonable ways to describe the likelihood of an event (e.g., “Spring always comes after winter” or “We will never have an elephant as a class pet”).",PK,2023-12-27T18:49:20+00:00
Desc Category,2.5.3.2.3,,Building,PK,2023-10-25T17:31:09+00:00
Performance Descriptor,2.5.3.2.3.1,,"Use vocabulary terms “possible” and “impossible” to describe the likelihood of an event (e.g., “It’s impossible to walk on the ceiling” or “It’s possible to sit on the chair”).",PK,2023-12-27T18:49:33+00:00
Domain,3,,Science,PK,2023-10-25T17:31:09+00:00
Goal,3.1,Goal 11,Demonstrate curiosity about the world and begin to use the practices of science and engineering to answer questions and solve problems.,PK,2023-10-25T17:31:09+00:00
Learning Standard,3.1.1,Learning Standard 11.A,"Develop beginning skills in the use of science and engineering practices, such as observing, asking questions, solving problems, and drawing conclusions.",PK,2023-10-25T17:31:09+00:00
Benchmarks,3.1.1.1,,Preschool Benchmarks,PK,2023-10-25T17:31:09+00:00
Benchmark,3.1.1.1.1,11.A.ECa,"Express wonder and curiosity about their world by asking questions, solving problems, and designing things.",PK,2023-10-25T17:31:09+00:00
Benchmark,3.1.1.1.2,11.A.ECb,"Develop and use models to represent their ideas, observations, and explanations through approaches such as drawing, building, or modeling with clay.",PK,2023-10-25T17:31:09+00:00
Benchmark,3.1.1.1.3,11.A.ECc,Plan and carry out simple investigations.,PK,2023-10-25T17:31:09+00:00
Benchmark,3.1.1.1.4,11.A.ECd,"Collect, describe, compare, and record information from observations and investigations.",PK,2023-10-25T17:31:09+00:00
Benchmark,3.1.1.1.5,11.A.ECe,Use mathematical and computational thinking.,PK,2023-10-25T17:31:09+00:00
Benchmark,3.1.1.1.6,11.A.ECf,"Make meaning from experience and information by describing, talking, and thinking about what happened during an investigation.",PK,2023-10-25T17:31:09+00:00
Benchmark,3.1.1.1.7,11.A.ECg,Generate explanations and communicate ideas and/or conclusions about their investigations.,PK,2023-10-25T17:31:09+00:00
Descriptors,3.1.1.2,,Example Performance Descriptors,PK,2023-10-25T17:31:09+00:00
Desc Category,3.1.1.2.1,,Exploring,PK,2023-10-25T17:31:09+00:00
Performance Descriptor,3.1.1.2.1.1,,"Show curiosity and interest in the world around them and ask why questions (e.g., “Why is the sidewalk shiny from the rain?” “How come it smells so good in here?” when muffins are baking).",PK,2023-10-25T17:31:09+00:00
Performance Descriptor,3.1.1.2.1.2,,"Represent through actions or materials the physical characteristics of a natural object (e.g., crawl like a worm, mix colors of paint to show the colors of leaves changing on a tree, make an acorn out of clay).",PK,2023-10-25T17:31:09+00:00
Performance Descriptor,3.1.1.2.1.3,,"Use the senses to investigate and make comparisons (e.g., compare textures of objects using the sense of touch).",PK,2023-10-25T17:31:09+00:00
Performance Descriptor,3.1.1.2.1.4,,"Use materials to design solutions to problems (e.g., after trial and error, realize which blocks work best to create a stable bridge for toy cars to roll across).",PK,2023-10-25T17:31:09+00:00
Desc Category,3.1.1.2.2,,Developing,PK,2023-10-25T17:31:09+00:00
Performance Descriptor,3.1.1.2.2.1,,"Participate in a discussion about why things happen (e.g., describe why some objects roll and others do not).",PK,2023-10-25T17:31:09+00:00
Performance Descriptor,3.1.1.2.2.2,,"Draw the physical characteristics of something observed (e.g., record the growth of a sprouting seed through drawings).",PK,2023-10-25T17:31:09+00:00
Performance Descriptor,3.1.1.2.2.3,,"Investigate simple cause and effect or other scientific principles such as magnetism and gravity through play activities (e.g., observe that a toy car rolls slower when a ramp is lowered or that block towers consistently fall downward).",PK,2023-10-25T17:31:09+00:00
Performance Descriptor,3.1.1.2.2.4,,"Use simple charts to collect data (e.g., test a collection of objects to see which bounce and record the results).",PK,2023-10-25T17:31:09+00:00
Desc Category,3.1.1.2.3,,Building,PK,2023-10-25T17:31:09+00:00
Performance Descriptor,3.1.1.2.3.1,,"Pose what, why, and how questions about the world around them (e.g., ask why some objects move when placed near a magnet, what made the hole in the acorn, or where do ants live).",PK,2023-10-25T17:31:09+00:00
Performance Descriptor,3.1.1.2.3.2,,"Draw the physical characteristics of something observed and describe the characteristics with words (e.g., record the growth of a sprouting seed through drawings and describe the changes observed).",PK,2023-10-25T17:31:09+00:00
Performance Descriptor,3.1.1.2.3.3,,"With teacher assistance, conduct an investigation, predicting and testing results (e.g., mixing colors into cup of water, predicting changes with each new color added, then testing results).",PK,2023-10-25T17:31:09+00:00
Performance Descriptor,3.1.1.2.3.4,,"Use simple graphs to collect data (e.g., organize all of the autumn leaves collected outdoors into a color graph).",PK,2023-10-25T17:31:09+00:00
Goal,3.2,Goal 12,"Explore concepts and information about the physical, earth, and life sciences.",PK,2023-10-25T17:31:09+00:00
Learning Standard,3.2.1,Learning Standard 12.A,Understand that living things grow and change.,PK,2023-10-25T17:31:09+00:00
Benchmarks,3.2.1.1,,Preschool Benchmarks,PK,2023-10-25T17:31:09+00:00
Benchmark,3.2.1.1.1,12.A.ECa,"Observe, investigate, describe, and categorize living things.",PK,2023-12-27T18:33:28+00:00
Benchmark,3.2.1.1.2,12.A.ECb,Show an awareness of changes that occur in oneself and the environment.,PK,2023-12-27T18:33:34+00:00
Descriptors,3.2.1.2,,Example Performance Descriptors,PK,2023-12-27T21:16:28+00:00
Desc Category,3.2.1.2.1,,Exploring,PK,2023-10-25T17:31:09+00:00
Performance Descriptor,3.2.1.2.1.1,,"Identify and describe the different structures of familiar mammals (e.g., explain that dogs and cats have eyes and ears).",PK,2023-10-25T17:31:09+00:00
Performance Descriptor,3.2.1.2.1.2,,"Observe similarities and differences when viewing pictures of self, beginning in infancy.",PK,2023-10-25T17:31:09+00:00
Desc Category,3.2.1.2.2,,Developing,PK,2023-10-25T17:31:09+00:00
Performance Descriptor,3.2.1.2.2.1,,"Identify and describe the different structures of familiar plants and a greater range of animals (e.g., explain that plants have leaves, stems, and roots and that fish have fins and gills).",PK,2023-10-25T17:31:09+00:00
Performance Descriptor,3.2.1.2.2.2,,"Observe living things to see how they change over time (e.g., compare a variety of plants to observe how quickly they grow and change over time).",PK,2023-10-25T17:31:09+00:00
Desc Category,3.2.1.2.3,,Building,PK,2023-10-25T17:31:09+00:00
Performance Descriptor,3.2.1.2.3.1,,"Identify things as living or nonliving based on characteristics such as breathing, movement, and growth.",PK,2023-10-25T17:31:09+00:00
Performance Descriptor,3.2.1.2.3.2,,"Understand that living things grow and change. Can use drawings or other forms of representation to describe changes familiar to them (e.g., record changes in a nearby tree through the seasons).",PK,2023-10-25T17:31:09+00:00
Learning Standard,3.2.2,Learning Standard 12.B,Understand that living things rely on the environment and/or others to live and grow.,PK,2023-10-25T17:31:09+00:00
Benchmarks,3.2.2.1,,Preschool Benchmarks,PK,2023-10-25T17:31:09+00:00
Benchmark,3.2.2.1.1,12.B.ECa,Describe and compare basic needs of living things.,PK,2023-12-27T18:35:11+00:00
Benchmark,3.2.2.1.2,12.B.ECb,Show respect for living things.,PK,2023-12-27T18:35:20+00:00
Descriptors,3.2.2.2,,Example Performance Descriptors,PK,2023-12-27T21:17:02+00:00
Desc Category,3.2.2.2.1,,Exploring,PK,2023-10-25T17:31:09+00:00
Performance Descriptor,3.2.2.2.1.1,,Compare human basic needs to those of other living things.,PK,2023-10-25T17:31:09+00:00
Performance Descriptor,3.2.2.2.1.2,,"Show awareness of the need to care for living things (e.g., water plants, feed pets, put food out for birds).",PK,2023-10-25T17:31:09+00:00
Desc Category,3.2.2.2.2,,Developing,PK,2023-10-25T17:31:09+00:00
Performance Descriptor,3.2.2.2.2.1,,Compare what different animals need to live and grow.,PK,2023-10-25T17:31:09+00:00
Performance Descriptor,3.2.2.2.2.2,,"Take responsibility for caring for living things (e.g., water plants, feed pets, put food out for birds).",PK,2023-10-25T17:31:09+00:00
Desc Category,3.2.2.2.3,,Building,PK,2023-10-25T17:31:09+00:00
Performance Descriptor,3.2.2.2.3.1,,"Observe, describe, and compare the habitats of various plants and animals.",PK,2023-10-25T17:31:09+00:00
Performance Descriptor,3.2.2.2.3.2,,Describe and compare how changes in the seasons and weather affect plants and animals.,PK,2023-10-25T17:31:09+00:00
Learning Standard,3.2.3,Learning Standard 12.C,Explore the physical properties of objects.,PK,2023-12-27T18:35:27+00:00
Benchmarks,3.2.3.1,,Preschool Benchmarks,PK,2023-10-25T17:31:09+00:00
Benchmark,3.2.3.1.1,12.C.ECa,"Identify, describe, and compare the physical properties of objects.",PK,2023-12-27T18:35:34+00:00
Benchmark,3.2.3.1.2,12.C.ECb,Experiment with changes in matter when combined with other substances.,PK,2023-12-27T18:35:40+00:00
Descriptors,3.2.3.2,,Example Performance Descriptors,PK,2023-12-27T21:20:06+00:00
Desc Category,3.2.3.2.1,,Exploring,PK,2023-10-25T17:31:09+00:00
Performance Descriptor,3.2.3.2.1.1,,"Match objects according to physical properties, such as color, texture, or shape.",PK,2023-10-25T17:31:09+00:00
Performance Descriptor,3.2.3.2.1.2,,"Explore and discuss simple chemical reactions with teacher assistance (e.g., mix substances such as baking soda and water and describe what happens).",PK,2023-10-25T17:31:09+00:00
Desc Category,3.2.3.2.2,,Developing,PK,2023-10-25T17:31:09+00:00
Performance Descriptor,3.2.3.2.2.1,,"Sort objects according to physical properties, such as color, texture, or shape.",PK,2023-10-25T17:31:09+00:00
Performance Descriptor,3.2.3.2.2.2,,"Explore changes in matter with teacher assistance (e.g., make gelatin to show that matter changes from a liquid to a solid or melt ice to show how solids change to a liquid).",PK,2023-10-25T17:31:09+00:00
Desc Category,3.2.3.2.3,,Building,PK,2023-10-25T17:31:09+00:00
Performance Descriptor,3.2.3.2.3.1,,"Explore and describe the properties of different objects using the senses of touch, smell, taste, sight, and hearing.",PK,2023-10-25T17:31:09+00:00
Performance Descriptor,3.2.3.2.3.2,,"Recognize that some changes in matter are reversible and some are not (e.g., water can be changed to ice and become water again; flour used to make play dough cannot be returned to its original state).",PK,2023-10-25T17:31:09+00:00
Learning Standard,3.2.4,Learning Standard 12.D,Explore concepts of force and motion.,PK,2023-10-25T17:31:09+00:00
Benchmarks,3.2.4.1,,Preschool Benchmarks,PK,2023-10-25T17:31:09+00:00
Benchmark,3.2.4.1.1,12.D.ECa,Describe the effects of forces in nature.,PK,2023-12-27T18:35:51+00:00
Benchmark,3.2.4.1.2,12.D.ECb,Explore the effect of force on objects in and outside the early childhood environment.,PK,2023-12-27T18:35:57+00:00
Descriptors,3.2.4.2,,Example Performance Descriptors,PK,2023-12-27T21:21:22+00:00
Desc Category,3.2.4.2.1,,Exploring,PK,2023-10-25T17:31:09+00:00
Performance Descriptor,3.2.4.2.1.1,,"Describe and compare the effects of common forces, such as pushing and pulling.",PK,2023-10-25T17:31:09+00:00
Performance Descriptor,3.2.4.2.1.2,,"Explore and describe the motion of toys and objects (e.g., compare how cars roll on ramps when placed at different angles).",PK,2023-10-25T17:31:09+00:00
Desc Category,3.2.4.2.2,,Developing,PK,2023-10-25T17:31:09+00:00
Performance Descriptor,3.2.4.2.2.1,,"Explore the effects of simple forces in nature, such as wind, gravity, and magnetism.",PK,2023-10-25T17:31:09+00:00
Performance Descriptor,3.2.4.2.2.2,,"Recognize and describe the effect of actions on objects (e.g., explain what happens if one blows on a pinwheel or kicks a ball).",PK,2023-10-25T17:31:09+00:00
Desc Category,3.2.4.2.3,,Building,PK,2023-10-25T17:31:09+00:00
Performance Descriptor,3.2.4.2.3.1,,"Describe the effects of simple forces in nature, such as wind, gravity, and magnetism.",PK,2023-10-25T17:31:09+00:00
Performance Descriptor,3.2.4.2.3.2,,"Explore the impact of their own use of force and motion on objects (e.g., can control the distance a ball travels by using a gentle or hard kick).",PK,2023-10-25T17:31:09+00:00
Learning Standard,3.2.5,Learning Standard 12.E,"Explore concepts and information related to the Earth, including ways to take care of our planet.",PK,2024-01-03T22:14:52+00:00
Benchmarks,3.2.5.1,,Preschool Benchmarks,PK,2023-10-25T17:31:09+00:00
Benchmark,3.2.5.1.1,12.E.ECa,"Observe and describe characteristics of earth, water, and air.",PK,2023-12-27T18:36:22+00:00
Benchmark,3.2.5.1.2,12.E.ECb,Participate in discussions about simple ways to take care of the environment.,PK,2023-12-27T18:36:28+00:00
Descriptors,3.2.5.2,,Example Performance Descriptors,PK,2023-12-27T21:21:57+00:00
Desc Category,3.2.5.2.1,,Exploring,PK,2023-10-25T17:31:09+00:00
Performance Descriptor,3.2.5.2.1.1,,Investigate and identify physical properties and characteristics of water as a solid and liquid.,PK,2023-10-25T17:31:09+00:00
Performance Descriptor,3.2.5.2.1.2,,Show some awareness of reusing and recycling materials.,PK,2023-10-25T17:31:09+00:00
Desc Category,3.2.5.2.2,,Developing,PK,2023-10-25T17:31:09+00:00
Performance Descriptor,3.2.5.2.2.1,,"Explore and compare the size, shape, weight, and texture of minerals and rocks (e.g., sort rocks by rough/ smooth or small/large).",PK,2023-10-25T17:31:09+00:00
Performance Descriptor,3.2.5.2.2.2,,Participate in reusing and recycling materials.,PK,2023-10-25T17:31:09+00:00
Desc Category,3.2.5.2.3,,Building,PK,2023-10-25T17:31:09+00:00
Performance Descriptor,3.2.5.2.3.1,,"Investigate and discuss similarities and differences in samples of soil, such as a clay, sand, potting soil, and dirt from the playground (e.g., sift or add water to sand and compare).",PK,2023-10-25T17:31:09+00:00
Performance Descriptor,3.2.5.2.3.2,,"Identify ways to protect the environment (e.g., participate in discussions about conservation strategies such as turning off lights, turning off water faucets, and not littering).",PK,2023-10-25T17:31:09+00:00
Learning Standard,3.2.6,Learning Standard 12.F,Explore changes related to the weather and seasons.,PK,2023-12-27T21:45:19+00:00
Benchmarks,3.2.6.1,,Preschool Benchmarks,PK,2023-10-25T17:31:09+00:00
Benchmark,3.2.6.1.1,12.F.ECa,Observe and discuss changes in weather and seasons using common vocabulary.,PK,2023-12-27T18:36:57+00:00
Descriptors,3.2.6.2,,Example Performance Descriptors,PK,2023-10-25T17:31:09+00:00
Desc Category,3.2.6.2.1,,Exploring,PK,2023-10-25T17:31:09+00:00
Performance Descriptor,3.2.6.2.1.1,,Describe changes in weather.,PK,2023-10-25T17:31:09+00:00
Performance Descriptor,3.2.6.2.1.2,,Describe and create representations of clouds.,PK,2023-10-25T17:31:09+00:00
Desc Category,3.2.6.2.2,,Developing,PK,2023-10-25T17:31:09+00:00
Performance Descriptor,3.2.6.2.2.1,,Participate in discussions about the differences in the seasons.,PK,2023-10-25T17:31:09+00:00
Performance Descriptor,3.2.6.2.2.2,,"Explore the effects of the sun on objects (e.g., feel the difference in temperature in objects placed in sunlight and shade).",PK,2023-10-25T17:31:09+00:00
Desc Category,3.2.6.2.3,,Building,PK,2023-10-25T17:31:09+00:00
Performance Descriptor,3.2.6.2.3.1,,"Discuss which seasons are more appropriate for certain activities (e.g., explain that leaves are raked in the fall, that sledding takes place in winter).",PK,2023-10-25T17:31:09+00:00
Performance Descriptor,3.2.6.2.3.2,,"Participate in activities that require one to understand differences between the seasons (e.g., match appropriate clothes to the right season).",PK,2023-10-25T17:31:09+00:00
Goal,3.3,Goal 13,Understand important connections and understandings in science and engineering.,PK,2023-10-25T17:31:09+00:00
Learning Standard,3.3.1,Learning Standard 13.A,Understand rules to follow when investigating and exploring.,PK,2023-10-25T17:31:09+00:00
Benchmarks,3.3.1.1,,Preschool Benchmarks,PK,2023-10-25T17:31:09+00:00
Benchmark,3.3.1.1.1,13.A.ECa,Begin to understand basic safety practices one must follow when exploring and engaging in science and engineering investigations.,PK,2023-12-27T18:29:27+00:00
Descriptors,3.3.1.2,,Example Performance Descriptors,PK,2023-10-25T17:31:09+00:00
Desc Category,3.3.1.2.1,,Exploring,PK,2023-10-25T17:31:09+00:00
Performance Descriptor,3.3.1.2.1.1,,"Participate in discussion about safety when using the senses to explore things (e.g., talk with peers about not building blocks over their shoulders because they could fall and hit their heads).",PK,2023-12-27T18:37:35+00:00
Desc Category,3.3.1.2.2,,Developing,PK,2023-10-25T17:31:09+00:00
Performance Descriptor,3.3.1.2.2.1,,"Participate in discussions about safety before acting when using the senses to explore things (e.g., understand the need be cautious when touching things that may be hot, such as light bulbs, and not to lick or taste unknown substances).",PK,2023-12-27T18:37:42+00:00
Desc Category,3.3.1.2.3,,Building,PK,2023-10-25T17:31:09+00:00
Performance Descriptor,3.3.1.2.3.1,,"Ask teacher about safety before acting when using the senses to explore things (e.g., “Is it okay if I touch this, teacher?” “I need safety goggles for the workbench, huh, teacher?”).",PK,2023-12-27T18:37:48+00:00
Learning Standard,3.3.2,Learning Standard 13.B,Use tools and technology to assist with science and engineering investigations.,PK,2023-10-25T17:31:09+00:00
Benchmarks,3.3.2.1,,Preschool Benchmarks,PK,2023-10-25T17:31:09+00:00
Benchmark,3.3.2.1.1,13.B.ECa,Use nonstandard and standard scientific tools for investigation.,PK,2023-10-25T17:31:09+00:00
Benchmark,3.3.2.1.2,13.B.ECb,Become familiar with technological tools that can aid in scientific inquiry.,PK,2023-12-27T18:29:12+00:00
Descriptors,3.3.2.2,,Example Performance Descriptors,PK,2023-12-27T21:23:05+00:00
Desc Category,3.3.2.2.1,,Exploring,PK,2023-10-25T17:31:09+00:00
Performance Descriptor,3.3.2.2.1.1,,"Try out one or two tools to explore the world (e.g., look at classroom through a prism, study natural items under a magnifying glass).",PK,2023-10-25T17:31:09+00:00
Performance Descriptor,3.3.2.2.1.2,,"Observe teacher using technology to aid in investigation, exploration, and scientific inquiry.",PK,2023-10-25T17:31:09+00:00
Desc Category,3.3.2.2.2,,Developing,PK,2023-10-25T17:31:09+00:00
Performance Descriptor,3.3.2.2.2.1,,"Use a variety of tools, such as magnifiers, balance scales, and thermometers, to explore the world and learn how things work.",PK,2023-10-25T17:31:09+00:00
Performance Descriptor,3.3.2.2.2.2,,"Make suggestion to use technology to aid in investigation, exploration, and scientific inquiry.",PK,2023-10-25T17:31:09+00:00
Desc Category,3.3.2.2.3,,Building,PK,2023-10-25T17:31:09+00:00
Performance Descriptor,3.3.2.2.3.1,,"Use standard and nonstandard tools and technology in pretend play (e.g., ruler, scale, or yarn to measure, rocks to compare weight, cardboard tube to amplify a voice).",PK,2023-10-25T17:31:09+00:00
Performance Descriptor,3.3.2.2.3.2,,"Use technology, such as a computer or camera, to aid in investigation, exploration, and scientific inquiry.",PK,2023-10-25T17:31:09+00:00
Domain,4,,Social Studies,PK,2023-10-25T17:31:09+00:00
Goal,4.1,Goal 14,Understand some concepts related to citizenship.,PK,2023-12-27T18:24:16+00:00
Learning Standard,4.1.1,Learning Standard 14.A,Understand what it means to be a member of a group and community.,PK,2023-12-27T18:24:21+00:00
Benchmarks,4.1.1.1,,Preschool Benchmarks,PK,2023-10-25T17:31:09+00:00
Benchmark,4.1.1.1.1,14.A.ECa,Recognize the reasons for rules in the home and early childhood environment and for laws in the community.,PK,2023-10-25T17:31:09+00:00
Benchmark,4.1.1.1.2,14.A.ECb,"Contribute to the well-being of one’s early childhood environment, school, and community.",PK,2023-10-25T17:31:09+00:00
Descriptors,4.1.1.2,,Example Performance Descriptors,PK,2023-10-25T17:31:09+00:00
Desc Category,4.1.1.2.1,,Exploring,PK,2023-10-25T17:31:09+00:00
Performance Descriptor,4.1.1.2.1.1,,Engage in conversation with teacher about fairness and sharing when a conflict needs to be resolved.,PK,2023-10-25T17:31:09+00:00
Performance Descriptor,4.1.1.2.1.2,,"Participate in activities that benefit the group as a whole, such as cleaning up after play or watering an early childhood environment plant.",PK,2023-10-25T17:31:09+00:00
Desc Category,4.1.1.2.2,,Developing,PK,2023-10-25T17:31:09+00:00
Performance Descriptor,4.1.1.2.2.1,,Participate in discussions about fairness and sharing in general conversations.,PK,2023-10-25T17:31:09+00:00
Performance Descriptor,4.1.1.2.2.2,,Participate in making group rules and/or rules for routines and transitions.,PK,2023-10-25T17:31:09+00:00
Desc Category,4.1.1.2.3,,Building,PK,2023-10-25T17:31:09+00:00
Performance Descriptor,4.1.1.2.3.1,,"Demonstrate an understanding of fairness and sharing (e.g., accepts the need to wait for a turn with a toy).",PK,2023-10-25T17:31:09+00:00
Performance Descriptor,4.1.1.2.3.2,,"Display awareness of role as a member of a group and that rules are made to benefit the members of a group (e.g., explain that hitting isn’t allowed because someone might get hurt).",PK,2023-10-25T17:31:09+00:00
Learning Standard,4.1.2,Learning Standard 14.B,"Understand the structures and functions of the political systems of Illinois, the United States, and other nations.",PK,2023-12-27T19:30:33+00:00
Learning Standard,4.1.3,Learning Standard 14.C,Understand ways groups make choices and decisions.,PK,2023-12-27T18:24:25+00:00
Benchmarks,4.1.3.1,,Preschool Benchmarks,PK,2023-10-25T17:31:09+00:00
Benchmark,4.1.3.1.1,14.C.ECa,Participate in voting as a way of making choices.,PK,2023-12-27T19:30:24+00:00
Descriptors,4.1.3.2,,Example Performance Descriptors,PK,2023-10-25T17:31:09+00:00
Desc Category,4.1.3.2.1,,Exploring,PK,2023-10-25T17:31:09+00:00
Performance Descriptor,4.1.3.2.1.1,,Demonstrate preferences and choices when the group votes to make simple decisions.,PK,2023-10-25T17:31:09+00:00
Desc Category,4.1.3.2.2,,Developing,PK,2023-10-25T17:31:09+00:00
Performance Descriptor,4.1.3.2.2.1,,"Participate in discussions about how voting works (e.g., that the majority vote wins).",PK,2023-10-25T17:31:09+00:00
Desc Category,4.1.3.2.3,,Building,PK,2023-10-25T17:31:09+00:00
Performance Descriptor,4.1.3.2.3.1,,"Demonstrate an understanding of the outcome of a vote (e.g., recognize and accept that the majority vote wins).",PK,2023-10-25T17:31:09+00:00
Learning Standard,4.1.4,Learning Standard 14.D,Understand the role that individuals can play in a group or community.,PK,2023-12-27T18:24:29+00:00
Benchmarks,4.1.4.1,,Preschool Benchmarks,PK,2023-10-25T17:31:09+00:00
Benchmark,4.1.4.1.1,14.D.ECa,Develop an awareness of what it means to be a leader.,PK,2023-12-27T18:24:36+00:00
Benchmark,4.1.4.1.2,14.D.ECb,Participate in a variety of roles in the early childhood environment.,PK,2023-12-27T18:24:40+00:00
Descriptors,4.1.4.2,,Example Performance Descriptors,PK,2023-12-27T21:24:42+00:00
Desc Category,4.1.4.2.1,,Exploring,PK,2023-10-25T17:31:09+00:00
Performance Descriptor,4.1.4.2.1.1,,"Assume simple leadership roles (e.g., take on role of line leader).",PK,2023-10-25T17:31:09+00:00
Performance Descriptor,4.1.4.2.1.2,,"Identify roles that children play in the group (e.g., line leader, person who selects the afternoon story).",PK,2023-10-25T17:31:09+00:00
Desc Category,4.1.4.2.2,,Developing,PK,2023-10-25T17:31:09+00:00
Performance Descriptor,4.1.4.2.2.1,,"Take responsibility in simple leadership roles (e.g., as snack helper, ask about and perform the necessary tasks).",PK,2023-10-25T17:31:09+00:00
Performance Descriptor,4.1.4.2.2.2,,"Act out various roles that a person might play within a group (e.g., pretend to be a teacher, student, parent, or child during dramatic play).",PK,2023-10-25T17:31:09+00:00
Desc Category,4.1.4.2.3,,Building,PK,2023-10-25T17:31:09+00:00
Performance Descriptor,4.1.4.2.3.1,,"Assume the role of teacher’s helper (e.g., table helper; person who waters the plant; pass out plates, cups, and spoons for snack).",PK,2023-10-25T17:31:09+00:00
Performance Descriptor,4.1.4.2.3.2,,"Identify and describe roles that children play in the group (e.g., line leader, person who selects the afternoon story).",PK,2023-10-25T17:31:09+00:00
Learning Standard,4.1.5,Learning Standard 14.E,Understand United States foreign policy as it relates to other nations and international issues.,PK,2023-12-27T18:24:45+00:00
Learning Standard,4.1.6,Learning Standard 14.F,Understand the development of United States’ political ideas and traditions.,PK,2023-12-27T18:24:50+00:00
Goal,4.2,Goal 15,Explore economic systems and human interdependence.,PK,2023-12-27T18:25:09+00:00
Learning Standard,4.2.1,Learning Standard 15.A,Explore roles in the economic system and workforce.,PK,2023-12-27T18:25:15+00:00
Benchmarks,4.2.1.1,,Preschool Benchmarks,PK,2023-10-25T17:31:09+00:00
Benchmark,4.2.1.1.1,15.A.ECa,Describe some common jobs and what is needed to perform those jobs.,PK,2023-12-27T21:45:57+00:00
Benchmark,4.2.1.1.2,15.A.ECb,Discuss why people work.,PK,2023-12-27T19:30:14+00:00
Descriptors,4.2.1.2,,Example Performance Descriptors,PK,2023-12-27T21:25:15+00:00
Desc Category,4.2.1.2.1,,Exploring,PK,2023-10-25T17:31:09+00:00
Performance Descriptor,4.2.1.2.1.1,,"Identify commonly known community workers and the services they provide (e.g., describe the work of firefighters, nurses, mail carriers, doctors, and police officers).",PK,2023-10-25T17:31:09+00:00
Performance Descriptor,4.2.1.2.1.2,,Participate in a discussion about jobs their family members may have.,PK,2023-10-25T17:31:09+00:00
Desc Category,4.2.1.2.2,,Developing,PK,2023-10-25T17:31:09+00:00
Performance Descriptor,4.2.1.2.2.1,,"Act out roles of commonly known community workers in dramatic play (e.g., pretend to be a cashier in a grocery store).",PK,2023-10-25T17:31:09+00:00
Performance Descriptor,4.2.1.2.2.2,,Participate in a discussion that relates work to earning money.,PK,2023-10-25T17:31:09+00:00
Desc Category,4.2.1.2.3,,Building,PK,2023-10-25T17:31:09+00:00
Performance Descriptor,4.2.1.2.3.1,,Identify tools and equipment that correspond to various roles and jobs of commonly known community workers.,PK,2023-10-25T17:31:09+00:00
Performance Descriptor,4.2.1.2.3.2,,"Participate in a discussion that relates work to services provided (e.g., to teach, to take care of people, to take care of cars, to manage a business).",PK,2023-10-25T17:31:09+00:00
Learning Standard,4.2.2,Learning Standard 15.B,Explore issues of limited resources in the early childhood environment and world.,PK,2023-12-27T18:25:55+00:00
Benchmarks,4.2.2.1,,Preschool Benchmarks,PK,2023-10-25T17:31:09+00:00
Benchmark,4.2.2.1.1,15.B.ECa,Understand that some resources and money are limited.,PK,2023-10-25T17:31:09+00:00
Descriptors,4.2.2.2,,Example Performance Descriptors,PK,2023-10-25T17:31:09+00:00
Desc Category,4.2.2.2.1,,Exploring,PK,2023-10-25T17:31:09+00:00
Performance Descriptor,4.2.2.2.1.1,,Participate in a conversation about taking turns with materials when there is not enough for everyone to have their own.,PK,2023-10-25T17:31:09+00:00
Desc Category,4.2.2.2.2,,Developing,PK,2023-10-25T17:31:09+00:00
Performance Descriptor,4.2.2.2.2.1,,"Recognize equal distribution when sharing a snack, materials, or toys among a group.",PK,2023-10-25T17:31:09+00:00
Desc Category,4.2.2.2.3,,Building,PK,2023-10-25T17:31:09+00:00
Performance Descriptor,4.2.2.2.3.1,,"Contribute to a community service activity of the class (e.g., collecting food for the needy, recycling early childhood materials).",PK,2023-10-25T17:31:09+00:00
Learning Standard,4.2.3,Learning Standard 15.C,Understand that scarcity necessitates choices by producers.,PK,2023-12-27T18:26:01+00:00
Learning Standard,4.2.4,Learning Standard 15.D,Explore concepts about trade as an exchange of goods or services.,PK,2023-12-27T18:26:07+00:00
Benchmarks,4.2.4.1,,Preschool Benchmarks,PK,2023-10-25T17:31:09+00:00
Benchmark,4.2.4.1.1,15.D.ECa,Begin to understand the use of trade or money to obtain goods and services.,PK,2023-12-27T18:26:14+00:00
Descriptors,4.2.4.2,,Example Performance Descriptors,PK,2023-10-25T17:31:09+00:00
Desc Category,4.2.4.2.1,,Exploring,PK,2023-10-25T17:31:09+00:00
Performance Descriptor,4.2.4.2.1.1,,"Engage in trading with peers (e.g., trade two pretzels for two crackers at snack or two small cars for one big truck during play).",PK,2023-10-25T17:31:09+00:00
Desc Category,4.2.4.2.2,,Developing,PK,2023-10-25T17:31:09+00:00
Performance Descriptor,4.2.4.2.2.1,,"Understand that money is needed to obtain goods and services (e.g., while playing store, ask other children to pay for goods; explain that you must pay for things that you get at the store).",PK,2023-10-25T17:31:09+00:00
Desc Category,4.2.4.2.3,,Building,PK,2023-10-25T17:31:09+00:00
Performance Descriptor,4.2.4.2.3.1,,"Demonstrate understanding that payment or money comes in different forms, such as coins, money, credit cards, and bartering goods (e.g., while playing store, offer to pay for goods with credit card, check, or cash).",PK,2023-10-25T17:31:09+00:00
Learning Standard,4.2.5,Learning Standard 15.E,Understand the impact of government policies and decisions on production and consumption in the economy.,PK,2023-10-25T17:31:09+00:00
Goal,4.3,Goal 16,Develop an awareness of the self and his or her uniqueness and individuality.,PK,2023-12-27T18:26:20+00:00
Learning Standard,4.3.1,Learning Standard 16.A,Explore his or her self and personal history.,PK,2023-12-27T18:26:25+00:00
Benchmarks,4.3.1.1,,Preschool Benchmarks,PK,2023-10-25T17:31:09+00:00
Benchmark,4.3.1.1.1,16.A.ECa,Recall information about the immediate past.,PK,2023-10-25T17:31:09+00:00
Benchmark,4.3.1.1.2,16.A.ECb,Develop a basic awareness of self as an individual.,PK,2023-12-27T18:26:32+00:00
Descriptors,4.3.1.2,,Example Performance Descriptors,PK,2023-12-27T21:26:01+00:00
Desc Category,4.3.1.2.1,,Exploring,PK,2023-10-25T17:31:09+00:00
Performance Descriptor,4.3.1.2.1.1,,Answer questions such as “How did you get to school today?” or “In what centers did you play today?”,PK,2023-12-27T18:26:39+00:00
Performance Descriptor,4.3.1.2.1.2,,Discuss things that s/he likes and dislikes.,PK,2023-10-25T17:31:09+00:00
Desc Category,4.3.1.2.2,,Developing,PK,2023-10-25T17:31:09+00:00
Performance Descriptor,4.3.1.2.2.1,,Draw or write about something that happened at school.,PK,2023-10-25T17:31:09+00:00
Performance Descriptor,4.3.1.2.2.2,,"Demonstrate awareness of self at a younger age (e.g., bring in picture of self as an infant).",PK,2023-10-25T17:31:09+00:00
Desc Category,4.3.1.2.3,,Building,PK,2023-10-25T17:31:09+00:00
Performance Descriptor,4.3.1.2.3.1,,"Use phrases that differentiate between events that happened in the past and are happening in the present (e.g., describe events that took place yesterday or are happening today).",PK,2023-10-25T17:31:09+00:00
Performance Descriptor,4.3.1.2.3.2,,"Participate in discussions about his or her past (e.g., explain that “When I was little, I could not ride a tricycle, but now I can”).",PK,2023-12-27T18:26:47+00:00
Learning Standard,4.3.2,Learning Standard 16.B,Understand the development of significant political events.,PK,2023-10-25T17:31:09+00:00
Learning Standard,4.3.3,Learning Standard 16.C,Understand the development of economic systems.,PK,2023-10-25T17:31:09+00:00
Learning Standard,4.3.4,Learning Standard 16.D,"Understand Illinois, United States, and world social history.",PK,2023-12-27T18:27:01+00:00
Learning Standard,4.3.5,Learning Standard 16.E,"Understand Illinois, United States, and world environmental history.",PK,2023-12-27T18:27:05+00:00
Goal,4.4,Goal 17,"Explore geography, the child’s environment, and where people live, work, and play.",PK,2023-12-27T18:27:09+00:00
Learning Standard,4.4.1,Learning Standard 17.A,Explore environments and where people live.,PK,2023-12-27T18:27:15+00:00
Benchmarks,4.4.1.1,,Preschool Benchmarks,PK,2023-10-25T17:31:09+00:00
Benchmark,4.4.1.1.1,17.A.ECa,Locate objects and places in familiar environments.,PK,2023-12-27T18:27:37+00:00
Benchmark,4.4.1.1.2,17.A.ECb,Express beginning geographic thinking.,PK,2023-12-27T18:27:42+00:00
Descriptors,4.4.1.2,,Example Performance Descriptors,PK,2023-12-27T21:26:38+00:00
Desc Category,4.4.1.2.1,,Exploring,PK,2023-10-25T17:31:09+00:00
Performance Descriptor,4.4.1.2.1.1,,"Follow directions to find objects or materials in the early childhood environment (e.g., can find crayons if told that they are next to the glue).",PK,2023-10-25T17:31:09+00:00
Performance Descriptor,4.4.1.2.1.2,,Participate in a discussion about maps and diagrams.,PK,2023-10-25T17:31:09+00:00
Desc Category,4.4.1.2.2,,Developing,PK,2023-10-25T17:31:09+00:00
Performance Descriptor,4.4.1.2.2.1,,"Engage in basic mapping activities (e.g., place pictures of common household items in a map showing the correct room, such as placing the toaster in the kitchen and the bed in the bedroom).",PK,2023-10-25T17:31:09+00:00
Performance Descriptor,4.4.1.2.2.2,,Comment on a diagram showing how mats are arranged at naptime.,PK,2023-10-25T17:31:09+00:00
Desc Category,4.4.1.2.3,,Building,PK,2023-10-25T17:31:09+00:00
Performance Descriptor,4.4.1.2.3.1,,Discuss a diagram of the early childhood environment showing where various features of the room are located.,PK,2023-10-25T17:31:09+00:00
Performance Descriptor,4.4.1.2.3.2,,"Describe basic topographical features, such as hills, rivers, and roads.",PK,2023-10-25T17:31:09+00:00
Learning Standard,4.4.2,Learning Standard 17.B,Analyze and explain characteristics and interactions of the Earth’s physical systems.,PK,2023-12-27T18:27:49+00:00
Learning Standard,4.4.3,Learning Standard 17.C,Understand relationships between geographic factors and society.,PK,2023-10-25T17:31:09+00:00
Learning Standard,4.4.4,Learning Standard 17.D,Understand the historical significance of geography.,PK,2023-10-25T17:31:09+00:00
Goal,4.5,Goal 18,Explore people and families,PK,2023-12-27T18:27:57+00:00
Learning Standard,4.5.1,Learning Standard 18.A,"Explore people, their similarities, and their differences.",PK,2023-12-27T18:28:11+00:00
Benchmarks,4.5.1.1,,Preschool Benchmarks,PK,2023-10-25T17:31:09+00:00
Benchmark,4.5.1.1.1,18.A.ECa,Recognize similarities and differences in people.,PK,2023-10-25T17:31:09+00:00
Descriptors,4.5.1.2,,Example Performance Descriptors,PK,2023-10-25T17:31:09+00:00
Desc Category,4.5.1.2.1,,Exploring,PK,2023-10-25T17:31:09+00:00
Performance Descriptor,4.5.1.2.1.1,,Distinguish boys from girls.,PK,2023-10-25T17:31:09+00:00
Desc Category,4.5.1.2.2,,Developing,PK,2023-10-25T17:31:09+00:00
Performance Descriptor,4.5.1.2.2.1,,Notice differences in physical characteristics between self and others.,PK,2023-10-25T17:31:09+00:00
Desc Category,4.5.1.2.3,,Building,PK,2023-10-25T17:31:09+00:00
Performance Descriptor,4.5.1.2.3.1,,"Describe similarities and differences in physical characteristics between self and others (e.g., comment on characteristics such as hair length, skin color, age, and height).",PK,2023-10-25T17:31:09+00:00
Learning Standard,4.5.2,Learning Standard 18.B,Develop an awareness of self within the context of family.,PK,2023-12-27T18:28:31+00:00
Benchmarks,4.5.2.1,,Preschool Benchmarks,PK,2023-10-25T17:31:09+00:00
Benchmark,4.5.2.1.1,18.B.ECa,Understand that each of us belongs to a family and recognize that families vary.,PK,2023-10-25T17:31:09+00:00
Descriptors,4.5.2.2,,Example Performance Descriptors,PK,2023-10-25T17:31:09+00:00
Desc Category,4.5.2.2.1,,Exploring,PK,2023-10-25T17:31:09+00:00
Performance Descriptor,4.5.2.2.1.1,,Compare photos of families and identify members of own family.,PK,2023-10-25T17:31:09+00:00
Desc Category,4.5.2.2.2,,Developing,PK,2023-10-25T17:31:09+00:00
Performance Descriptor,4.5.2.2.2.1,,Compare photos of families and discuss the variety of family structures.,PK,2023-10-25T17:31:09+00:00
Desc Category,4.5.2.2.3,,Building,PK,2023-10-25T17:31:09+00:00
Performance Descriptor,4.5.2.2.3.1,,Role-play a variety of family members in dramatic play.,PK,2023-10-25T17:31:09+00:00
Learning Standard,4.5.3,Learning Standard 18.C,Understand how social systems form and develop over time.,PK,2023-10-25T17:31:09+00:00
Domain,5,,Physical Development and Health,PK,2023-10-25T17:31:09+00:00
Goal,5.1,Goal 19,"Acquire movement skills and understand concepts needed to explore the environment, support learning, and engage in health-enhancing physical activity.",PK,2023-12-27T18:22:09+00:00
Learning Standard,5.1.1,Learning Standard 19.A,Demonstrate physical competency and control of large and small muscles.,PK,2023-12-27T21:46:11+00:00
Benchmarks,5.1.1.1,,Preschool Benchmarks,PK,2023-10-25T17:31:09+00:00
Benchmark,5.1.1.1.1,19.A.ECa,Engage in active play using gross- and fine-motor skills.,PK,2023-10-25T17:31:09+00:00
Benchmark,5.1.1.1.2,19.A.ECb,Move with balance and control in a range of physical activities.,PK,2023-10-25T17:31:09+00:00
Benchmark,5.1.1.1.3,19.A.ECc,Use strength and control to accomplish tasks.,PK,2023-10-25T17:31:09+00:00
Benchmark,5.1.1.1.4,19.A.ECd,Use eye-hand coordination to perform tasks.,PK,2023-10-25T17:31:09+00:00
Benchmark,5.1.1.1.5,19.A.ECe,Use writing and drawing tools with some control.,PK,2023-10-25T17:31:09+00:00
Descriptors,5.1.1.2,,Example Performance Descriptors,PK,2023-10-25T17:31:09+00:00
Desc Category,5.1.1.2.1,,Exploring,PK,2023-10-25T17:31:09+00:00
Performance Descriptor,5.1.1.2.1.1,,"Exhibit body control while running (e.g., run in and out of cones in a figure eight or change directions while moving and step down from higher surface instead of jumping).",PK,2023-10-25T17:31:09+00:00
Performance Descriptor,5.1.1.2.1.2,,Exhibit balance while using gross- motor equipment.,PK,2023-10-25T17:31:09+00:00
Performance Descriptor,5.1.1.2.1.3,,"Put on clothing items, such as shirts, jackets, pants, and shoes.",PK,2023-10-25T17:31:09+00:00
Desc Category,5.1.1.2.2,,Developing,PK,2023-10-25T17:31:09+00:00
Performance Descriptor,5.1.1.2.2.1,,Move in general space throughout the play area exhibiting adequate body control and safety.,PK,2023-10-25T17:31:09+00:00
Performance Descriptor,5.1.1.2.2.2,,"Exhibit balance, control, and coordination during movement activities (e.g., climb stairs using alternating feet; run, jump, and walk in a straight line; stand and hop on one foot).",PK,2023-10-25T17:31:09+00:00
Performance Descriptor,5.1.1.2.2.3,,"Demonstrate ability to use writing and drawing tools (e.g., hold pencils, crayons, and markers in a functional grasp; use paintbrushes to make strokes at an easel).",PK,2023-10-25T17:31:09+00:00
Desc Category,5.1.1.2.3,,Building,PK,2023-10-25T17:31:09+00:00
Performance Descriptor,5.1.1.2.3.1,,"Demonstrate the skills of climbing (ladders, playground equipment), hopping (on one foot), and jumping (can jump over objects 4-6 inches high and land on both feet).",PK,2023-10-25T17:31:09+00:00
Performance Descriptor,5.1.1.2.3.2,,"Demonstrate strength and balance by performing body support movements (e.g., bear crawl and crab walk).",PK,2023-10-25T17:31:09+00:00
Performance Descriptor,5.1.1.2.3.3,,"Demonstrate eye-hand coordination and fine-motor control through various activities (e.g., string beads, manipulate pegs, build with small blocks, pour using different tools, assemble puzzles, button/zip, snap, use scissors to cut paper).",PK,2023-10-25T17:31:09+00:00
Learning Standard,5.1.2,Learning Standard 19.B,Demonstrate awareness and coordination of body movements.,PK,2023-12-27T18:22:19+00:00
Benchmarks,5.1.2.1,,Preschool Benchmarks,PK,2023-10-25T17:31:09+00:00
Benchmark,5.1.2.1.1,19.B.ECa,Coordinate movements to perform complex tasks.,PK,2023-10-25T17:31:09+00:00
Benchmark,5.1.2.1.2,19.B.ECb,Demonstrate body awareness when moving in different spaces.,PK,2023-10-25T17:31:09+00:00
Benchmark,5.1.2.1.3,19.B.ECc,Combine large motor movements with and without the use of equipment.,PK,2023-10-25T17:31:09+00:00
Descriptors,5.1.2.2,,Example Performance Descriptors,PK,2023-10-25T17:31:09+00:00
Desc Category,5.1.2.2.1,,Exploring,PK,2023-10-25T17:31:09+00:00
Performance Descriptor,5.1.2.2.1.1,,Demonstrate awareness of spatial boundaries and the ability to maneuver within the area.,PK,2023-10-25T17:31:09+00:00
Performance Descriptor,5.1.2.2.1.2,,Demonstrate the ability to throw (overhand and underhand).,PK,2023-10-25T17:31:09+00:00
Performance Descriptor,5.1.2.2.1.3,,"Participate in activities involving a series of large motor movements (e.g., dance, play “Follow the Leader,” play “Simon Says”).",PK,2024-01-03T22:14:32+00:00
Desc Category,5.1.2.2.2,,Developing,PK,2023-10-25T17:31:09+00:00
Performance Descriptor,5.1.2.2.2.1,,"Move effectively in different pathways (e.g., zigzag, curved), able to stop quickly and change directions.",PK,2023-10-25T17:31:09+00:00
Performance Descriptor,5.1.2.2.2.2,,"Throw, catch, or kick a lightweight ball.",PK,2023-10-25T17:31:09+00:00
Performance Descriptor,5.1.2.2.2.3,,"Demonstrate understanding of spatial relationships, such as under, over, behind, and next to, by using the body and an object.",PK,2023-10-25T17:31:09+00:00
Desc Category,5.1.2.2.3,,Building,PK,2023-10-25T17:31:09+00:00
Performance Descriptor,5.1.2.2.3.1,,"Coordinate large movements to use equipment (e.g., peddle a tricycle, pull a wagon).",PK,2023-10-25T17:31:09+00:00
Performance Descriptor,5.1.2.2.3.2,,Demonstrate the ability to kick or strike (using an implement) in a specific direction with some control and accuracy.,PK,2023-10-25T17:31:09+00:00
Performance Descriptor,5.1.2.2.3.3,,"Demonstrate ability to coordinate fine- and gross-motor movement (e.g., build structures, such as some houses and roads, with hollow and unit blocks).",PK,2023-10-25T17:31:09+00:00
Learning Standard,5.1.3,Learning Standard 19.C,Demonstrate knowledge of rules and safety during activity.,PK,2023-12-27T21:46:21+00:00
Benchmarks,5.1.3.1,,Preschool Benchmarks,PK,2023-10-25T17:31:09+00:00
Benchmark,5.1.3.1.1,19.C.ECa,Follow simple safety rules while participating in activities.,PK,2023-10-25T17:31:09+00:00
Descriptors,5.1.3.2,,Example Performance Descriptors,PK,2023-10-25T17:31:09+00:00
Desc Category,5.1.3.2.1,,Exploring,PK,2023-10-25T17:31:09+00:00
Performance Descriptor,5.1.3.2.1.1,,"Demonstrate safe, controlled movement during activities, with occasional adult reminders.",PK,2023-10-25T17:31:09+00:00
Performance Descriptor,5.1.3.2.1.2,,"Participate in discussions about the importance of helmets for safety on tricycles, scooters, and wagons.",PK,2023-10-25T17:31:09+00:00
Desc Category,5.1.3.2.2,,Developing,PK,2023-10-25T17:31:09+00:00
Performance Descriptor,5.1.3.2.2.1,,"Adhere to basic safety rules during gross- and fine-motor activities, with occasional adult reminders.",PK,2023-10-25T17:31:09+00:00
Performance Descriptor,5.1.3.2.2.2,,"Understand the concept of safety relative to helmets while riding tricycles, skating on a scooter, or riding in a wagon.",PK,2023-10-25T17:31:09+00:00
Desc Category,5.1.3.2.3,,Building,PK,2023-10-25T17:31:09+00:00
Performance Descriptor,5.1.3.2.3.1,,Apply body control during gross- motor activities to prevent accident or injury to self or others.,PK,2023-10-25T17:31:09+00:00
Performance Descriptor,5.1.3.2.3.2,,"Ask for a helmet before riding tricycles, skating on a scooter, or riding in a wagon.",PK,2023-10-25T17:31:09+00:00
Goal,5.2,Goal 20,Develop habits for lifelong fitness.,PK,2023-12-27T18:22:33+00:00
Learning Standard,5.2.1,Learning Standard 20.A,Achieve and maintain a health-enhancing level of physical fitness.,PK,2023-12-27T18:22:37+00:00
Benchmarks,5.2.1.1,,Preschool Benchmarks,PK,2023-10-25T17:31:09+00:00
Benchmark,5.2.1.1.1,20.A.ECa,Participate in activities to enhance physical fitness.,PK,2023-12-27T19:29:13+00:00
Benchmark,5.2.1.1.2,20.A.ECb,Exhibit increased levels of physical activity.,PK,2023-12-27T19:28:36+00:00
Descriptors,5.2.1.2,,Example Performance Descriptors,PK,2023-12-27T21:29:14+00:00
Desc Category,5.2.1.2.1,,Exploring,PK,2023-10-25T17:31:09+00:00
Performance Descriptor,5.2.1.2.1.1,,"Participate in activities that increase heart rate, flexibility, muscle strength, endurance, and cardiovascular endurance, such as running and jumping.",PK,2023-10-25T17:31:09+00:00
Desc Category,5.2.1.2.2,,Developing,PK,2023-10-25T17:31:09+00:00
Performance Descriptor,5.2.1.2.2.1,,"Participate in activities that require stretching muscles, such as climbing, reaching, and pulling.",PK,2023-10-25T17:31:09+00:00
Desc Category,5.2.1.2.3,,Building,PK,2023-10-25T17:31:09+00:00
Performance Descriptor,5.2.1.2.3.1,,"Engage in repetitive behavior to practice and promote skill and ability, recognizing that physical activity keeps the body healthy.",PK,2023-10-25T17:31:09+00:00
Learning Standard,5.2.2,Learning Standard 20.B,Assess individual fitness levels.,PK,2023-10-25T17:31:09+00:00
Learning Standard,5.2.3,Learning Standard 20.C,"Set goals based on fitness data and develop, implement, and monitor an individual fitness improvement plan.",PK,2023-10-25T17:31:09+00:00
Goal,5.3,Goal 21,Develop team-building skills by working with others through physical activity.,PK,2023-10-25T17:31:09+00:00
Learning Standard,5.3.1,Learning Standard 21.A,Demonstrate individual responsibility during group physical activities.,PK,2023-10-25T17:31:09+00:00
Benchmarks,5.3.1.1,,Preschool Benchmarks,PK,2023-10-25T17:31:09+00:00
Benchmark,5.3.1.1.1,21.A.ECa,Follow rules and procedures when participating in group physical activities.,PK,2023-10-25T17:31:09+00:00
Benchmark,5.3.1.1.2,21.A.ECb,"Follow directions, with occasional adult reminders, during group activities.",PK,2024-01-03T22:13:38+00:00
Descriptors,5.3.1.2,,Example Performance Descriptors,PK,2023-12-27T21:30:02+00:00
Desc Category,5.3.1.2.1,,Exploring,PK,2023-10-25T17:31:09+00:00
Performance Descriptor,5.3.1.2.1.1,,Ask questions such as “Is it my turn now?” during a game.,PK,2023-12-27T18:22:52+00:00
Performance Descriptor,5.3.1.2.1.2,,Participate in discussion of safety during physical activity.,PK,2023-10-25T17:31:09+00:00
Desc Category,5.3.1.2.2,,Developing,PK,2023-10-25T17:31:09+00:00
Performance Descriptor,5.3.1.2.2.1,,Show basic awareness of others and participate in an activity while remaining in their personal space.,PK,2023-10-25T17:31:09+00:00
Performance Descriptor,5.3.1.2.2.2,,"Participate safely in the day’s physical activity, with assistance from adults.",PK,2023-10-25T17:31:09+00:00
Desc Category,5.3.1.2.3,,Building,PK,2023-10-25T17:31:09+00:00
Performance Descriptor,5.3.1.2.3.1,,Follow rules for simple games.,PK,2023-10-25T17:31:09+00:00
Performance Descriptor,5.3.1.2.3.2,,"Participate safely in the day’s physical activity, with few reminders from adults.",PK,2023-10-25T17:31:09+00:00
Learning Standard,5.3.2,Learning Standard 21.B,Demonstrate cooperative skills during structured group physical activity.,PK,2023-10-25T17:31:09+00:00
Benchmarks,5.3.2.1,,Preschool Benchmarks,PK,2023-10-25T17:31:09+00:00
Benchmark,5.3.2.1.1,21.B.ECa,Demonstrate ability to cooperate with others during group physical activities.,PK,2023-12-27T18:22:58+00:00
Descriptors,5.3.2.2,,Example Performance Descriptors,PK,2023-10-25T17:31:09+00:00
Desc Category,5.3.2.2.1,,Exploring,PK,2023-10-25T17:31:09+00:00
Performance Descriptor,5.3.2.2.1.1,,Share equipment with others during a group physical activity.,PK,2023-10-25T17:31:09+00:00
Performance Descriptor,5.3.2.2.1.2,,Encourage peers to be successful.,PK,2023-10-25T17:31:09+00:00
Desc Category,5.3.2.2.2,,Developing,PK,2023-10-25T17:31:09+00:00
Performance Descriptor,5.3.2.2.2.1,,Take turns during group physical activities.,PK,2023-10-25T17:31:09+00:00
Performance Descriptor,5.3.2.2.2.2,,Respect others’ abilities.,PK,2023-10-25T17:31:09+00:00
Desc Category,5.3.2.2.3,,Building,PK,2023-10-25T17:31:09+00:00
Performance Descriptor,5.3.2.2.3.1,,Cooperate with others during a physical activity to complete a task.,PK,2023-10-25T17:31:09+00:00
Performance Descriptor,5.3.2.2.3.2,,Respect others’ abilities and cooperate to help the activity be fun and enjoyable for all.,PK,2023-10-25T17:31:09+00:00
Goal,5.4,Goal 22,Understand principles of health promotion and the prevention and treatment of illness and injury.,PK,2023-10-25T17:31:09+00:00
Learning Standard,5.4.1,Learning Standard 22.A,"Explain the basic principles of health promotion, illness prevention, treatment, and safety.",PK,2023-10-25T17:31:09+00:00
Benchmarks,5.4.1.1,,Preschool Benchmarks,PK,2023-10-25T17:31:09+00:00
Benchmark,5.4.1.1.1,22.A.ECa,Identify simple practices that promote healthy living and prevent illness.,PK,2023-10-25T17:31:09+00:00
Benchmark,5.4.1.1.2,22.A.ECb,"Demonstrate personal care and hygiene skills, with adult reminders.",PK,2023-10-25T17:31:09+00:00
Benchmark,5.4.1.1.3,22.A.ECc,Identify and follow basic safety rules.,PK,2023-10-25T17:31:09+00:00
Descriptors,5.4.1.2,,Example Performance Descriptors,PK,2023-10-25T17:31:09+00:00
Desc Category,5.4.1.2.1,,Exploring,PK,2023-10-25T17:31:09+00:00
Performance Descriptor,5.4.1.2.1.1,,"Participate in discussions about healthy living (e.g., eating healthy foods, hand washing, sneezing and coughing into sleeve).",PK,2023-10-25T17:31:09+00:00
Performance Descriptor,5.4.1.2.1.2,,"Participate in hand washing throughout the day, with adult reminders.",PK,2023-10-25T17:31:09+00:00
Performance Descriptor,5.4.1.2.1.3,,"Identify ways to reduce injuries on the playground, such as standing far enough from swings to avoid injury and using play equipment in safe ways.",PK,2023-10-25T17:31:09+00:00
Desc Category,5.4.1.2.2,,Developing,PK,2023-10-25T17:31:09+00:00
Performance Descriptor,5.4.1.2.2.1,,Distinguish food on a continuum from more healthy to less healthy.,PK,2023-10-25T17:31:09+00:00
Performance Descriptor,5.4.1.2.2.2,,"Practice personal hygiene, such as using a tissue to wipe nose and throwing used tissues in a wastebasket or covering the mouth when sneezing and coughing, with adult reminders.",PK,2023-10-25T17:31:09+00:00
Performance Descriptor,5.4.1.2.2.3,,"Discuss safety rules such as pedestrian safety (e.g., look both ways before crossing the street and walking on the sidewalk).",PK,2023-10-25T17:31:09+00:00
Desc Category,5.4.1.2.3,,Building,PK,2023-10-25T17:31:09+00:00
Performance Descriptor,5.4.1.2.3.1,,Recognize the importance of doctor and dentist visits for staying healthy.,PK,2023-10-25T17:31:09+00:00
Performance Descriptor,5.4.1.2.3.2,,"Complete personal care tasks, such as toileting and washing hands, with only occasional reminders.",PK,2023-10-25T17:31:09+00:00
Performance Descriptor,5.4.1.2.3.3,,"Demonstrate basic safety knowledge (e.g., looking both ways before crossing the street, wearing a seatbelt, practicing bus safety, using a helmet).",PK,2023-10-25T17:31:09+00:00
Learning Standard,5.4.2,Learning Standard 22.B,"Describe and explain the factors that influence health among individuals, groups, and communities.",PK,2023-10-25T17:31:09+00:00
Learning Standard,5.4.3,Learning Standard 22.C,Explain how the environment can affect health.,PK,2023-12-27T21:46:32+00:00
Goal,5.5,Goal 23,Understand human body systems and factors that influence growth and development.,PK,2023-10-25T17:31:09+00:00
Learning Standard,5.5.1,Learning Standard 23.A,Describe and explain the structure and functions of the human body systems and how they interrelate.,PK,2023-10-25T17:31:09+00:00
Benchmarks,5.5.1.1,,Preschool Benchmarks,PK,2023-10-25T17:31:09+00:00
Benchmark,5.5.1.1.1,23.A.ECa,Identify body parts and their functions.,PK,2023-12-27T18:23:08+00:00
Descriptors,5.5.1.2,,Example Performance Descriptors,PK,2023-10-25T17:31:09+00:00
Desc Category,5.5.1.2.1,,Exploring,PK,2023-10-25T17:31:09+00:00
Performance Descriptor,5.5.1.2.1.1,,"Point to external body parts, such as arms, legs, knees, ears, and toes.",PK,2023-10-25T17:31:09+00:00
Desc Category,5.5.1.2.2,,Developing,PK,2023-10-25T17:31:09+00:00
Performance Descriptor,5.5.1.2.2.1,,"Identify external body parts, such as arms, legs, knees, ears, and toes, by naming them.",PK,2023-10-25T17:31:09+00:00
Desc Category,5.5.1.2.3,,Building,PK,2023-10-25T17:31:09+00:00
Performance Descriptor,5.5.1.2.3.1,,"Identify or demonstrate ways to use body parts (e.g., ears to hear, eyes to see, legs to walk and run).",PK,2023-10-25T17:31:09+00:00
Learning Standard,5.5.2,Learning Standard 23.B,Identify ways to keep the body healthy.,PK,2023-12-27T18:05:07+00:00
Benchmarks,5.5.2.1,,Preschool Benchmarks,PK,2023-10-25T17:31:09+00:00
Benchmark,5.5.2.1.1,23.B.ECa,Identify examples of healthy habits.,PK,2023-12-27T18:23:35+00:00
Benchmark,5.5.2.1.2,23.B.ECb,Identify healthy and nonhealthy foods and explain the effect of these foods on the body.,PK,2023-12-27T18:23:39+00:00
Descriptors,5.5.2.2,,Example Performance Descriptors,PK,2023-10-25T17:31:09+00:00
Desc Category,5.5.2.2.1,,Exploring,PK,2023-10-25T17:31:09+00:00
Performance Descriptor,5.5.2.2.1.1,,Distinguish between being healthy and not healthy.,PK,2023-10-25T17:31:09+00:00
Performance Descriptor,5.5.2.2.1.2,,Participate in discussions about the importance of eating breakfast.,PK,2023-10-25T17:31:09+00:00
Desc Category,5.5.2.2.2,,Developing,PK,2023-10-25T17:31:09+00:00
Performance Descriptor,5.5.2.2.2.1,,"Participate in discussions of good health habits, such as getting enough sleep, eating healthy foods, and getting enough exercise every day.",PK,2023-10-25T17:31:09+00:00
Performance Descriptor,5.5.2.2.2.2,,Identify healthy foods and snacks.,PK,2023-10-25T17:31:09+00:00
Desc Category,5.5.2.2.3,,Building,PK,2023-10-25T17:31:09+00:00
Performance Descriptor,5.5.2.2.3.1,,"Identify good health habits, such as getting enough sleep, eating healthy foods, and getting enough exercise every day.",PK,2023-10-25T17:31:09+00:00
Performance Descriptor,5.5.2.2.3.2,,"Explain that bodies need healthy food to grow, feel well, and have energy to play.",PK,2023-10-25T17:31:09+00:00
Learning Standard,5.5.3,Learning Standard 23.C,Describe factors that affect growth and development.,PK,2023-12-27T18:04:55+00:00
Goal,5.6,Goal 24,Promote and enhance health and well-being through the use of effective communication and decision-making skills.,PK,2023-10-25T17:31:09+00:00
Learning Standard,5.6.1,Learning Standard 24.A,"Demonstrate procedures for communicating in positive ways, resolving differences, and preventing conflict.",PK,2023-10-25T17:31:09+00:00
Benchmarks,5.6.1.1,,Preschool Benchmarks - Refer to Social/Emotional Development,PK,2023-12-27T18:23:48+00:00
Learning Standard,5.6.2,Learning Standard 24.B,Apply decision-making skills related to the protection and promotion of individual health.,PK,2023-10-25T17:31:09+00:00
Learning Standard,5.6.3,Learning Standard 24.C,Demonstrate skills essential to enhancing health and avoiding dangerous situations.,PK,2023-10-25T17:31:09+00:00
Benchmarks,5.6.3.1,,Preschool Benchmarks,PK,2023-10-25T17:31:09+00:00
Benchmark,5.6.3.1.1,24.C.ECa,Participate in activities to learn to avoid dangerous situations.,PK,2023-12-27T18:23:56+00:00
Descriptors,5.6.3.2,,Example Performance Descriptors,PK,2023-10-25T17:31:09+00:00
Desc Category,5.6.3.2.1,,Exploring,PK,2023-10-25T17:31:09+00:00
Performance Descriptor,5.6.3.2.1.1,,"Understand some practices can be unsafe (e.g., horsing around on the playground equipment).",PK,2023-10-25T17:31:09+00:00
Performance Descriptor,5.6.3.2.1.2,,Participate in a discussion about familiar adults.,PK,2023-10-25T17:31:09+00:00
Desc Category,5.6.3.2.2,,Developing,PK,2023-10-25T17:31:09+00:00
Performance Descriptor,5.6.3.2.2.1,,"Communicate to adults if there is an unsafe condition in the play area, such as “Bobby is tripping other children.” or “The playground equipment is wet”.",PK,2024-01-04T18:06:13+00:00
Performance Descriptor,5.6.3.2.2.2,,Participate in a discussion about who is and who is not a stranger.,PK,2023-10-25T17:31:09+00:00
Desc Category,5.6.3.2.3,,Building,PK,2023-10-25T17:31:09+00:00
Performance Descriptor,5.6.3.2.3.1,,"Demonstrate understanding of how to respond in unsafe situations, such as what to do if playing near the street, not wearing a helmet, or someone gets hurt (e.g., tell an adult, call 911).",PK,2023-10-25T17:31:09+00:00
Performance Descriptor,5.6.3.2.3.2,,Know when you feel “uncomfortable” with an adult to express that to another adult.,PK,2023-10-25T17:31:09+00:00
Domain,6,,The Arts,PK,2023-10-25T17:31:09+00:00
Goal,6.1,Goal 25,Gain exposure to and explore the arts.,PK,2023-12-27T18:05:43+00:00
Learning Standard,6.1.1,Learning Standard 25.A,"Investigate, begin to appreciate, and participate in the arts.",PK,2023-12-27T18:05:40+00:00
Benchmarks,6.1.1.1,,Preschool Benchmarks,PK,2023-10-25T17:31:09+00:00
Benchmark,6.1.1.1.1,25.A.ECa,"Movement and dance: Build awareness of, explore, and participate in dance and creative movement activities.",PK,2023-12-27T18:05:34+00:00
Benchmark,6.1.1.1.2,25.A.ECb,Drama: Begin to appreciate and participate in dramatic activities.,PK,2023-12-27T18:05:31+00:00
Benchmark,6.1.1.1.3,25.A.ECc,Music: Begin to appreciate and participate in music activities.,PK,2023-12-27T18:05:28+00:00
Benchmark,6.1.1.1.4,25.A.ECd,Visual arts: Investigate and participate in activities using visual arts materials.,PK,2023-12-27T18:05:23+00:00
Descriptors,6.1.1.2,,Example Performance Descriptors: Movement and Dance,PK,2023-10-25T17:31:09+00:00
Desc Category,6.1.1.2.1,,Exploring,PK,2023-10-25T17:31:09+00:00
Performance Descriptor,6.1.1.2.1.1,,"Participate in movement games and activities (e.g., imitate animal movements in a group activity, dance with classmates, play “Simon Says”, freeze when music stops).",PK,2024-01-03T22:18:35+00:00
Performance Descriptor,6.1.1.2.1.2,,"Begin to purposely use simple movement patterns as they move to music (e.g., intentionally using dance movements they have learned or made up, dancing to a familiar tune).",PK,2023-10-25T17:31:09+00:00
Performance Descriptor,6.1.1.2.1.3,,"Perform imaginative and unstructured movement activities, such as galloping, twirling in response to music, or dancing with scarves.",PK,2023-10-25T17:31:09+00:00
Desc Category,6.1.1.2.2,,Developing,PK,2023-10-25T17:31:09+00:00
Performance Descriptor,6.1.1.2.2.1,,"Combine music and movement (e.g., move to the beat of a drum).",PK,2023-10-25T17:31:09+00:00
Performance Descriptor,6.1.1.2.2.2,,"Portray emotions through movement (e.g., hanging head and drooping shoulders to portray feeling sad; swinging arms, smiling, and taking big steps to portray feeling happy).",PK,2023-10-25T17:31:09+00:00
Performance Descriptor,6.1.1.2.2.3,,"Begin to coordinate rhythm and timing in movement activities (e.g., swinging on swings or sharing a teeter-totter).",PK,2023-10-25T17:31:09+00:00
Desc Category,6.1.1.2.3,,Building,PK,2023-10-25T17:31:09+00:00
Performance Descriptor,6.1.1.2.3.1,,"Change movement in response to tempo (e.g., moving more slowly when music slows down and more quickly when music speeds up).",PK,2023-10-25T17:31:09+00:00
Performance Descriptor,6.1.1.2.3.2,,"Move in coordination with a partner (e.g., mirroring the movements of a partner, holding hands and moving to rhythmic dance music, swinging partner by linking elbows).",PK,2023-10-25T17:31:09+00:00
Performance Descriptor,6.1.1.2.3.3,,Move to the beat of music.,PK,2023-10-25T17:31:09+00:00
Descriptors,6.1.1.3,,Example Performance Descriptors: Drama,PK,2023-10-25T17:31:09+00:00
Desc Category,6.1.1.3.1,,Exploring,PK,2023-10-25T17:31:09+00:00
Performance Descriptor,6.1.1.3.1.1,,"Participate in or dramatize familiar songs (e.g., imitate teacher in moving like various animals during a song about farm animals).",PK,2023-10-25T17:31:09+00:00
Performance Descriptor,6.1.1.3.1.2,,"Begin to dramatize character by changing speech, facial expression, gestures, and body movement (e.g., “washing animals” like Mrs. Wishy Washy with a teacher during a read-aloud).",PK,2023-12-27T18:06:03+00:00
Performance Descriptor,6.1.1.3.1.3,,View the dramatic performances of the teacher retelling a story or acting out a puppet play.,PK,2023-10-25T17:31:09+00:00
Desc Category,6.1.1.3.2,,Developing,PK,2023-10-25T17:31:09+00:00
Performance Descriptor,6.1.1.3.2.1,,"Act out roles in the dramatic play area (e.g., pretend to be a doctor, mother, cashier, or police officer).",PK,2023-10-25T17:31:09+00:00
Performance Descriptor,6.1.1.3.2.2,,"Begin to coordinate roles in dramatic play with others who take on roles (e.g., enters dramatic play about the grocery store and agrees with other children regarding who will play which role).",PK,2023-10-25T17:31:09+00:00
Performance Descriptor,6.1.1.3.2.3,,"View the dramatic performances of other children attentively (e.g., watches other children reenact a familiar story).",PK,2023-10-25T17:31:09+00:00
Desc Category,6.1.1.3.3,,Building,PK,2023-10-25T17:31:09+00:00
Performance Descriptor,6.1.1.3.3.1,,"Use a pretend play to represent known or anticipated situations (e.g., reenact a visit to the dentist).",PK,2023-10-25T17:31:09+00:00
Performance Descriptor,6.1.1.3.3.2,,"Proactively organize dramatic play with others (e.g., assigning roles, props, and laying out rules for the play).",PK,2023-10-25T17:31:09+00:00
Performance Descriptor,6.1.1.3.3.3,,"Appreciate the dramatic performances of others (e.g., may clap, laugh at, or verbally praise the comedic performance of others).",PK,2023-10-25T17:31:09+00:00
Descriptors,6.1.1.4,,Example Performance Descriptors: Music,PK,2023-10-25T17:31:09+00:00
Desc Category,6.1.1.4.1,,Exploring,PK,2023-10-25T17:31:09+00:00
Performance Descriptor,6.1.1.4.1.1,,"Listen to music representing a variety of rhythms, styles, and cultures.",PK,2023-10-25T17:31:09+00:00
Performance Descriptor,6.1.1.4.1.2,,"Show appreciation for music through body language and facial expressions (e.g., clap when a favorite song is played).",PK,2023-10-25T17:31:09+00:00
Desc Category,6.1.1.4.2,,Developing,PK,2023-10-25T17:31:09+00:00
Performance Descriptor,6.1.1.4.2.1,,Play various musical instruments to explore the type of sound each makes.,PK,2023-10-25T17:31:09+00:00
Performance Descriptor,6.1.1.4.2.2,,"Request favorite songs to sing, dance with, or listen to.",PK,2023-10-25T17:31:09+00:00
Desc Category,6.1.1.4.3,,Building,PK,2023-10-25T17:31:09+00:00
Performance Descriptor,6.1.1.4.3.1,,"Identify differences in styles of music or sounds of musical instruments (e.g., “That music is slower.” “The flute sounds high.”)",PK,2023-12-27T18:06:10+00:00
Performance Descriptor,6.1.1.4.3.2,,"Request favorite songs to sing, dance with, or listen to and describe favorite features of the song.",PK,2023-10-25T17:31:09+00:00
Descriptors,6.1.1.5,,Example Performance Descriptors: Visual Arts,PK,2023-10-25T17:31:09+00:00
Desc Category,6.1.1.5.1,,Exploring,PK,2023-10-25T17:31:09+00:00
Performance Descriptor,6.1.1.5.1.1,,"Explore various ways to use visual arts such as painting materials (e.g., combine paint colors, paint with large brushes as well as with cotton swabs).",PK,2023-10-25T17:31:09+00:00
Performance Descriptor,6.1.1.5.1.2,,"Use a variety of visual art materials independently (e.g., get out paper, glue, and scissors to create a collage; get clay, water bowl, and clay tools from shelves and bring to table to work; use digital camera to capture images).",PK,2023-10-25T17:31:09+00:00
Performance Descriptor,6.1.1.5.1.3,,"Use the visual arts to represent (not necessarily with appropriate details) a person, place, thing, or event (e.g., draw a picture of mommy or form a three-dimensional figure using clay).",PK,2023-10-25T17:31:09+00:00
Desc Category,6.1.1.5.2,,Developing,PK,2023-10-25T17:31:09+00:00
Performance Descriptor,6.1.1.5.2.1,,"Manipulate play dough or clay in different ways, such as rolling, pinching, or squeezing.",PK,2023-10-25T17:31:09+00:00
Performance Descriptor,6.1.1.5.2.2,,"Use a wide variety of tools and techniques to create art (e.g., use fine-bristled brush to paint fine lines and dots).",PK,2023-10-25T17:31:09+00:00
Performance Descriptor,6.1.1.5.2.3,,"Begin to coordinate the features of objects and their spatial relationship to one another (e.g., eyes are enclosed in circle that represents head, arms are connected to the body).",PK,2023-10-25T17:31:09+00:00
Desc Category,6.1.1.5.3,,Building,PK,2023-10-25T17:31:09+00:00
Performance Descriptor,6.1.1.5.3.1,,"Create two- and three-dimensional works of art while experimenting with color, line, shape, form, texture, and space (e.g., use paint, markers, crayon, clay, pipe cleaners, found art materials).",PK,2023-10-25T17:31:09+00:00
Performance Descriptor,6.1.1.5.3.2,,"Begin to revise and expand on ideas by revisiting art projects (e.g., add more detail to a drawing, use another media to elaborate on the original over several days in the art area).",PK,2023-10-25T17:31:09+00:00
Performance Descriptor,6.1.1.5.3.3,,"Use details to accurately represent some details of objects, people, places, or things (e.g., pictures of person include clothing, hair, and the correct number of fingers).",PK,2023-10-25T17:31:09+00:00
Learning Standard,6.1.2,Learning Standard 25.B,Display an awareness of some distinct characteristics of the arts.,PK,2023-12-27T18:06:16+00:00
Benchmarks,6.1.2.1,,Preschool Benchmarks,PK,2023-10-25T17:31:09+00:00
Benchmark,6.1.2.1.1,25.B.ECa,Describe or respond to their creative work or the creative work of others.,PK,2023-12-27T18:06:37+00:00
Descriptors,6.1.2.2,,Example Performance Descriptors,PK,2023-10-25T17:31:09+00:00
Desc Category,6.1.2.2.1,,Exploring,PK,2023-10-25T17:31:09+00:00
Performance Descriptor,6.1.2.2.1.1,,"Describe something in their own creative work (e.g., “I made two pancakes with play dough.”)",PK,2023-12-27T18:06:43+00:00
Performance Descriptor,6.1.2.2.1.2,,Paint a picture and discuss it with a classmate.,PK,2023-10-25T17:31:09+00:00
Desc Category,6.1.2.2.2,,Developing,PK,2023-10-25T17:31:09+00:00
Performance Descriptor,6.1.2.2.2.1,,"Describe feelings in response to music or art of self or others (e.g., comment that an upbeat song makes him/her feel happy or that he likes the blue paint his friend used).",PK,2023-10-25T17:31:09+00:00
Performance Descriptor,6.1.2.2.2.2,,"Comment on another child’s art and ask questions about it, independently or in response to teacher prompts.",PK,2023-10-25T17:31:09+00:00
Desc Category,6.1.2.2.3,,Building,PK,2023-10-25T17:31:09+00:00
Performance Descriptor,6.1.2.2.3.1,,"Show appreciation for the creative work of others (e.g., watch attentively as classmates put on a puppet show or perform with instruments).",PK,2023-10-25T17:31:09+00:00
Performance Descriptor,6.1.2.2.3.2,,Comment on the art of professional artists.,PK,2023-10-25T17:31:09+00:00
Goal,6.2,Goal 26,Understand that the arts can be used to communicate ideas and emotions.,PK,2023-12-27T18:06:47+00:00
Learning Standard,6.2.1,Learning Standard 26.A,"Understand processes, traditional tools, and modern technologies used in the arts.",PK,2023-12-27T18:06:50+00:00
Learning Standard,6.2.2,Learning Standard 26.B,Understand ways to express meaning through the arts.,PK,2023-12-27T18:06:53+00:00
Benchmarks,6.2.2.1,,Preschool Benchmarks,PK,2023-10-25T17:31:09+00:00
Benchmark,6.2.2.1.1,26.B.ECa,Use creative arts as an avenue for self-expression.,PK,2023-10-25T17:31:09+00:00
Descriptors,6.2.2.2,,Example Performance Descriptors,PK,2023-10-25T17:31:09+00:00
Desc Category,6.2.2.2.1,,Exploring,PK,2023-10-25T17:31:09+00:00
Performance Descriptor,6.2.2.2.1.1,,"Create movement to intentionally represent something or portray phenomena (e.g., move like a falling leaf, a bird flying, or a ball bouncing).",PK,2023-10-25T17:31:09+00:00
Performance Descriptor,6.2.2.2.1.2,,"Establish a play space for dramatization (e.g., set up chairs for a pretend bus ride).",PK,2023-10-25T17:31:09+00:00
Desc Category,6.2.2.2.2,,Developing,PK,2023-10-25T17:31:09+00:00
Performance Descriptor,6.2.2.2.2.1,,"Create music to accompany activities (e.g., sing and dance during play activities).",PK,2023-10-25T17:31:09+00:00
Performance Descriptor,6.2.2.2.2.2,,"Dramatize an event (e.g., act out going on a field trip to the zoo).",PK,2023-10-25T17:31:09+00:00
Desc Category,6.2.2.2.3,,Building,PK,2023-10-25T17:31:09+00:00
Performance Descriptor,6.2.2.2.3.1,,Create a puppet or mask to portray a character in a story.,PK,2023-10-25T17:31:09+00:00
Performance Descriptor,6.2.2.2.3.2,,"Use the visual arts to depict an event (e.g., draw a picture about something that happened on the playground).",PK,2023-10-25T17:31:09+00:00
Goal,6.3,Goal 27,"Understand the role of the arts in civilizations, past and present.",PK,2023-10-25T17:31:09+00:00
Learning Standard,6.3.1,Learning Standard 27.A,"Analyze how the arts function in history, society, and everyday life.",PK,2023-10-25T17:31:09+00:00
Learning Standard,6.3.2,Learning Standard 27.B,"Understand how the arts shape and reflect history, society, and everyday life.",PK,2023-10-25T17:31:09+00:00
Domain,7,,English Language Learner Home Language Development,PK,2023-12-27T18:06:59+00:00
Goal,7.1,Goal 28,Use the home language to communicate within and beyond the classroom.,PK,2023-10-25T17:31:09+00:00
Learning Standard,7.1.1,Learning Standard 28.A,Use the home language at age-appropriate levels for a variety of social and academic purposes.,PK,2023-10-25T17:31:09+00:00
Benchmarks,7.1.1.1,,Preschool Benchmarks,PK,2023-10-25T17:31:09+00:00
Benchmark,7.1.1.1.1,28.A.ECa,May demonstrate progress and mastery of benchmarks through home language.,PK,2023-10-25T17:31:09+00:00
Benchmark,7.1.1.1.2,28.A.ECb,"Use home language in family, community, and early childhood settings.",PK,2023-10-25T17:31:09+00:00
Benchmark,7.1.1.1.3,28.A.ECc,Develop an awareness of the different contextual and cultural features in the early childhood and community settings the child participates in.,PK,2023-10-25T17:31:09+00:00
Descriptors,7.1.1.2,,Example Performance Descriptors,PK,2023-10-25T17:31:09+00:00
Desc Category,7.1.1.2.1,,Exploring,PK,2023-10-25T17:31:09+00:00
Performance Descriptor,7.1.1.2.1.1,,Use the home language in greetings and other social situations.,PK,2023-10-25T17:31:09+00:00
Performance Descriptor,7.1.1.2.1.2,,"Label elements in family photo (e.g., self, family members, event, location) in the home language.",PK,2023-10-25T17:31:09+00:00
Performance Descriptor,7.1.1.2.1.3,,Use one- to two-word utterances to convey an idea in the home language.,PK,2023-10-25T17:31:09+00:00
Performance Descriptor,7.1.1.2.1.4,,"Begin to show some awareness of different languages, communication styles, and/or formats to use in community settings (e.g., home, grocery store, church).",PK,2023-10-25T17:31:09+00:00
Desc Category,7.1.1.2.2,,Developing,PK,2023-10-25T17:31:09+00:00
Performance Descriptor,7.1.1.2.2.1,,Answer questions about self in home language.,PK,2023-10-25T17:31:09+00:00
Performance Descriptor,7.1.1.2.2.2,,"Describe actions in play scenarios and act out familiar role in dramatic play using home language (e.g., mother, grandfather, doctor).",PK,2023-10-25T17:31:09+00:00
Performance Descriptor,7.1.1.2.2.3,,Use three- to five-word utterances to convey an idea in the home language.,PK,2023-10-25T17:31:09+00:00
Performance Descriptor,7.1.1.2.2.4,,"Begin to show some awareness of different languages, communication styles, and/or formats to use in early childhood settings (e.g., gym, art, playtime, group times).",PK,2023-10-25T17:31:09+00:00
Desc Category,7.1.1.2.3,,Building,PK,2023-10-25T17:31:09+00:00
Performance Descriptor,7.1.1.2.3.1,,"Use the home language to respond to stories, conversations, or share personally meaningful information, such as what the family did over the weekend.",PK,2023-10-25T17:31:09+00:00
Performance Descriptor,7.1.1.2.3.2,,"Resolve conflicts with another child who speaks the same language using home language (e.g., taking turns on a bike, sharing a doll).",PK,2023-10-25T17:31:09+00:00
Performance Descriptor,7.1.1.2.3.3,,Use utterances of five or more words to convey an idea in the home language.,PK,2023-10-25T17:31:09+00:00
Performance Descriptor,7.1.1.2.3.4,,"Use different languages, communication styles, and/or formats to use in early childhood settings and in community settings (e.g., chooses language(s) for play depending upon the peer(s), turns and talks to a peer using appropriate language, talks to adults using appropriate language).",PK,2023-10-25T17:31:09+00:00
Goal,7.2,Goal 29,Use the home language to make connections and reinforce knowledge and skills across academic and social areas.,PK,2023-10-25T17:31:09+00:00
Learning Standard,7.2.1,Learning Standard 29.A,Use the home language to attain benchmarks across all the learning areas and to build upon and develop transferable language and literacy skills.,PK,2023-10-25T17:31:09+00:00
Benchmarks,7.2.1.1,,Preschool Benchmarks,PK,2023-10-25T17:31:09+00:00
Benchmark,7.2.1.1.1,29.A.ECa,Use home cultural and linguistic knowledge to express current understandings and construct new concepts.,PK,2023-10-25T17:31:09+00:00
Benchmark,7.2.1.1.2,29.A.ECb,"With adult support, begin to bridge home language and English to demonstrate progress in meeting IELDS.",PK,2023-12-27T18:07:15+00:00
Benchmark,7.2.1.1.3,29.A.ECc,Exhibit foundational literacy skills in home language to foster transfer to English.,PK,2023-12-27T18:11:28+00:00
Descriptors,7.2.1.2,,Example Performance Descriptors,PK,2023-10-25T17:31:09+00:00
Desc Category,7.2.1.2.1,,Exploring,PK,2023-10-25T17:31:09+00:00
Performance Descriptor,7.2.1.2.1.1,,"In home language, retell home routine to understand concept of sequencing (e.g., tell the things done at home before school).",PK,2023-10-25T17:31:09+00:00
Performance Descriptor,7.2.1.2.1.2,,"With adult support, use one or two English words to communicate about familiar routines.",PK,2024-01-03T22:20:48+00:00
Performance Descriptor,7.2.1.2.1.3,,"Pretend to read text in home language (e.g., tell the things seen in pictures to read a picture book to a friend in home language).",PK,2023-10-25T17:31:09+00:00
Desc Category,7.2.1.2.2,,Developing,PK,2023-10-25T17:31:09+00:00
Performance Descriptor,7.2.1.2.2.1,,"In home language, describe what s/he is doing in a play or group experience.",PK,2023-10-25T17:31:09+00:00
Performance Descriptor,7.2.1.2.2.2,,"With adult support, attempt to use general and specific English words connected to a specific topic (e.g., butterfly, wing, eye, pretty, fly) with home language in conversations, responses, and/ or questions.",PK,2024-01-03T22:21:40+00:00
Performance Descriptor,7.2.1.2.2.3,,"Use knowledge of stories read in home language to answer simple questions in English or the home language (e.g., after completing a picture walk of a book in home language, the child answers questions about characters in the book).",PK,2024-01-03T22:13:11+00:00
Desc Category,7.2.1.2.3,,Building,PK,2023-10-25T17:31:09+00:00
Performance Descriptor,7.2.1.2.3.1,,"In home language, explain a new discovery or understanding acquired through a play or group experience.",PK,2023-10-25T17:31:09+00:00
Performance Descriptor,7.2.1.2.3.2,,"With adult support, connect vocabulary in home language with English vocabulary (e.g., círculo/ circle, más/more, carro/car).",PK,2024-01-03T22:12:47+00:00
Performance Descriptor,7.2.1.2.3.3,,"Dictate information that includes some details or sequence of events to be written on a piece of work in the home language (e.g., could dictate to a family member, classroom volunteer, or another person who speaks the child’s home language).",PK,2023-10-25T17:31:09+00:00
Domain,8,,Social/Emotional Development,PK,2023-10-25T17:31:09+00:00
Goal,8.1,Goal 30,Develop self-management skills to achieve school and life success and develop positive relationships with others.,PK,2023-10-25T17:31:09+00:00
Learning Standard,8.1.1,Learning Standard 30.A,Identify and manage one’s emotions and behavior.,PK,2023-12-27T18:12:02+00:00
Benchmarks,8.1.1.1,,Preschool Benchmarks,PK,2023-10-25T17:31:09+00:00
Benchmark,8.1.1.1.1,30.A.ECa,Recognize and label basic emotions.,PK,2023-10-25T17:31:09+00:00
Benchmark,8.1.1.1.2,30.A.ECb,"Use appropriate communication skills when expressing needs, wants, and feelings.",PK,2023-10-25T17:31:09+00:00
Benchmark,8.1.1.1.3,30.A.ECc,Begin to understand and follow rules.,PK,2023-10-25T17:31:09+00:00
Benchmark,8.1.1.1.4,30.A.ECd,Express feelings that are appropriate to the situation.,PK,2023-10-25T17:31:09+00:00
Benchmark,8.1.1.1.5,30.A.ECe,"Use materials with purpose, safety, and respect.",PK,2023-10-25T17:31:09+00:00
Benchmark,8.1.1.1.6,30.A.ECf,Begin to understand the consequences of his or her behavior.,PK,2023-10-25T17:31:09+00:00
Descriptors,8.1.1.2,,Example Performance Descriptors,PK,2023-10-25T17:31:09+00:00
Desc Category,8.1.1.2.1,,Exploring,PK,2023-10-25T17:31:09+00:00
Performance Descriptor,8.1.1.2.1.1,,"Begin to label own basic emotions with teacher assistance (e.g., teacher: “How does that make you feel when they don’t let you play here?” Child: “That makes me mad.”).",PK,2023-12-27T18:12:14+00:00
Performance Descriptor,8.1.1.2.1.2,,"Begin to increase ability to follow early childhood environment rules and procedures (e.g., accept need to wait when interested in playing at the sand table when it is already “full”).",PK,2023-10-25T17:31:09+00:00
Performance Descriptor,8.1.1.2.1.3,,"Begin to respond appropriately to teacher intervention when not following early childhood environment rules (e.g., stops throwing sand when asked most of the time).",PK,2023-10-25T17:31:09+00:00
Performance Descriptor,8.1.1.2.1.4,,Begin to use materials safely and with purpose.,PK,2023-10-25T17:31:09+00:00
Desc Category,8.1.1.2.2,,Developing,PK,2023-10-25T17:31:09+00:00
Performance Descriptor,8.1.1.2.2.1,,"Identify the emotions of characters in a storybook (e.g., “How do you think that made her feel when...”?).",PK,2023-10-25T17:31:09+00:00
Performance Descriptor,8.1.1.2.2.2,,"Increase ability to control impulses and follow rules (e.g., wait for teacher approval before opening the early childhood environment door to the outdoor play area).",PK,2023-10-25T17:31:09+00:00
Performance Descriptor,8.1.1.2.2.3,,"Can discuss with teacher reason for teacher intervention when not following classroom rules (e.g., teacher: “You need to come off the slide now. Do you know why?” Child: “Because I’m climbing up the slide instead of the stairs.”).",PK,2023-12-27T18:12:22+00:00
Performance Descriptor,8.1.1.2.2.4,,"Use materials safely and with purpose (e.g., put away things in designated locations at cleanup time).",PK,2023-10-25T17:31:09+00:00
Desc Category,8.1.1.2.3,,Building,PK,2023-10-25T17:31:09+00:00
Performance Descriptor,8.1.1.2.3.1,,"Use language to express feelings when playing with or negotiating with another child (e.g., “Don’t yell so loud. That scares me.”).",PK,2023-12-27T18:12:34+00:00
Performance Descriptor,8.1.1.2.3.2,,"State rules as reasons for own behavior and for what other children should do (e.g., “You shouldn’t run in the classroom. You can run outside.”).",PK,2023-12-27T18:12:49+00:00
Performance Descriptor,8.1.1.2.3.3,,"Accept, with minimal frustration, consequences for not following the rules (e.g., being removed from the water table after repeatedly and intentionally splashing another child).",PK,2023-10-25T17:31:09+00:00
Performance Descriptor,8.1.1.2.3.4,,Recognize unsafe use of materials and tell an adult.,PK,2023-10-25T17:31:09+00:00
Learning Standard,8.1.2,Learning Standard 30.B,Recognize own uniqueness and personal qualities.,PK,2023-12-27T18:12:58+00:00
Benchmarks,8.1.2.1,,Preschool Benchmarks,PK,2023-10-25T17:31:09+00:00
Benchmark,8.1.2.1.1,30.B.ECa,Describe self using several basic characteristics.,PK,2023-12-27T18:13:06+00:00
Descriptors,8.1.2.2,,Example Performance Descriptors,PK,2023-10-25T17:31:09+00:00
Desc Category,8.1.2.2.1,,Exploring,PK,2023-10-25T17:31:09+00:00
Performance Descriptor,8.1.2.2.1.1,,"Express likes and dislikes, including favorite foods, colors, or activities.",PK,2023-10-25T17:31:09+00:00
Desc Category,8.1.2.2.2,,Developing,PK,2023-10-25T17:31:09+00:00
Performance Descriptor,8.1.2.2.2.1,,"Show confidence in abilities, (e.g., “Look what I can do.” or “Look how far I jumped.)",PK,2023-12-27T18:13:14+00:00
Desc Category,8.1.2.2.3,,Building,PK,2023-10-25T17:31:09+00:00
Performance Descriptor,8.1.2.2.3.1,,"Describe him or her self (e.g., talk about self in terms of looks, gender, family, and interests; complete a self-portrait and describe the picture to the teacher).",PK,2023-10-25T17:31:09+00:00
Learning Standard,8.1.3,Learning Standard 30.C,Demonstrate skills related to successful personal and school outcomes.,PK,2023-12-27T18:13:30+00:00
Benchmarks,8.1.3.1,,Preschool Benchmarks,PK,2023-10-25T17:31:09+00:00
Benchmark,8.1.3.1.1,30.C.ECa,Exhibit eagerness and curiosity as a learner.,PK,2023-10-25T17:31:09+00:00
Benchmark,8.1.3.1.2,30.C.ECb,Demonstrate persistence and creativity in seeking solutions to problems.,PK,2023-10-25T17:31:09+00:00
Benchmark,8.1.3.1.3,30.C.ECc,"Show some initiative, self-direction, and independence in actions.",PK,2023-10-25T17:31:09+00:00
Benchmark,8.1.3.1.4,30.C.ECd,Demonstrate engagement and sustained attention in activities.,PK,2023-10-25T17:31:09+00:00
Descriptors,8.1.3.2,,Example Performance Descriptors,PK,2023-10-25T17:31:09+00:00
Desc Category,8.1.3.2.1,,Exploring,PK,2023-10-25T17:31:09+00:00
Performance Descriptor,8.1.3.2.1.1,,"Show excitement about new items in the early childhood environment (e.g., express delight over new blocks or science materials or the addition of bubbles in the water table).",PK,2023-10-25T17:31:09+00:00
Performance Descriptor,8.1.3.2.1.2,,"Use materials or props in novel ways (e.g., use a block as a cell phone or a banana as a microphone).",PK,2023-10-25T17:31:09+00:00
Performance Descriptor,8.1.3.2.1.3,,Begin to make choices for play activities and follow through with self-direction and independence.,PK,2023-10-25T17:31:09+00:00
Performance Descriptor,8.1.3.2.1.4,,Stay with one or two tasks that interest him or her for at least 10 minutes each.,PK,2023-10-25T17:31:09+00:00
Desc Category,8.1.3.2.2,,Developing,PK,2023-10-25T17:31:09+00:00
Performance Descriptor,8.1.3.2.2.1,,"Ask questions about new items in the early childhood environment (e.g., “How does this work, teacher?”).",PK,2023-10-25T17:31:09+00:00
Performance Descriptor,8.1.3.2.2.2,,"Persistently work toward completing challenging activities and ask for assistance from peers or an adult if needed (e.g., when trying to complete a difficult puzzle or build a complex block structure).",PK,2023-10-25T17:31:09+00:00
Performance Descriptor,8.1.3.2.2.3,,Make choices for play activities regularly and follow through with self-direction and independence.,PK,2023-10-25T17:31:09+00:00
Performance Descriptor,8.1.3.2.2.4,,Stay with more than two tasks that interest him or her for at least 10 minutes each.,PK,2023-10-25T17:31:09+00:00
Desc Category,8.1.3.2.3,,Building,PK,2023-10-25T17:31:09+00:00
Performance Descriptor,8.1.3.2.3.1,,"Ask questions using “who”, “what”, “how”, “why”, “when”, and “what if” to learn about the indoor and outdoor classroom environment.",PK,2023-10-25T17:31:09+00:00
Performance Descriptor,8.1.3.2.3.2,,"Independently seek out solutions to problems (e.g., use tape to combine materials to create new objects for dramatic play or to make a block structure more stable).",PK,2023-10-25T17:31:09+00:00
Performance Descriptor,8.1.3.2.3.3,,Suggest new ideas for play activities and follow through with self- direction and independence.,PK,2023-10-25T17:31:09+00:00
Performance Descriptor,8.1.3.2.3.4,,"Sustain engagement with a task that interests him or her for long periods of time (at least 30 minutes) and begin to sustain attention in tasks that are not based on his or her interests (e.g., in a teacher-led small or large group).",PK,2023-10-25T17:31:09+00:00
Goal,8.2,Goal 31,Use social-awareness and interpersonal skills to establish and maintain positive relationships.,PK,2023-10-25T17:31:09+00:00
Learning Standard,8.2.1,Learning Standard 31.A,Develop positive relationships with peers and adults.,PK,2023-12-27T18:13:38+00:00
Benchmarks,8.2.1.1,,Preschool Benchmarks,PK,2023-10-25T17:31:09+00:00
Benchmark,8.2.1.1.1,31.A.ECa,"Show empathy, sympathy, and caring for others.",PK,2023-10-25T17:31:09+00:00
Benchmark,8.2.1.1.2,31.A.ECb,Recognize the feelings and perspectives of others.,PK,2023-10-25T17:31:09+00:00
Benchmark,8.2.1.1.3,31.A.ECc,Interact easily with familiar adults.,PK,2023-10-25T17:31:09+00:00
Benchmark,8.2.1.1.4,31.A.ECd,Demonstrate attachment to familiar adults.,PK,2023-10-25T17:31:09+00:00
Benchmark,8.2.1.1.5,31.A.ECe,Develop positive relationships with peers.,PK,2023-10-25T17:31:09+00:00
Descriptors,8.2.1.2,,Example Performance Descriptors,PK,2023-10-25T17:31:09+00:00
Desc Category,8.2.1.2.1,,Exploring,PK,2023-10-25T17:31:09+00:00
Performance Descriptor,8.2.1.2.1.1,,"Ask about another child’s feelings (e.g., “Is she sad that her mom left?”).",PK,2023-12-27T18:13:46+00:00
Performance Descriptor,8.2.1.2.1.2,,Greet teachers upon arrival and say goodbye to family members upon departure.,PK,2023-10-25T17:31:09+00:00
Performance Descriptor,8.2.1.2.1.3,,Choose to play with another child more frequently than with others.,PK,2023-10-25T17:31:09+00:00
Desc Category,8.2.1.2.2,,Developing,PK,2023-10-25T17:31:09+00:00
Performance Descriptor,8.2.1.2.2.1,,"Demonstrate sympathy and caring (e.g., comfort a friend who has fallen on the playground).",PK,2023-10-25T17:31:09+00:00
Performance Descriptor,8.2.1.2.2.2,,"Demonstrate affection for familiar adults through hugs, kisses, or making gifts.",PK,2023-10-25T17:31:09+00:00
Performance Descriptor,8.2.1.2.2.3,,Develop friendships with peers.,PK,2023-10-25T17:31:09+00:00
Desc Category,8.2.1.2.3,,Building,PK,2023-10-25T17:31:09+00:00
Performance Descriptor,8.2.1.2.3.1,,"Describe how others are feeling based on their facial expressions, gestures, and what they say.",PK,2023-10-25T17:31:09+00:00
Performance Descriptor,8.2.1.2.3.2,,Engage in reciprocal conversations with familiar adults.,PK,2023-10-25T17:31:09+00:00
Performance Descriptor,8.2.1.2.3.3,,"Accept that others may have different preferences, such as foods they like, favorite colors, or activities they like to do.",PK,2023-10-25T17:31:09+00:00
Learning Standard,8.2.2,Learning Standard 31.B,Use communication and social skills to interact effectively with others.,PK,2023-10-25T17:31:09+00:00
Benchmarks,8.2.2.1,,Preschool Benchmarks,PK,2023-10-25T17:31:09+00:00
Benchmark,8.2.2.1.1,31.B.ECa,Use communication and social skills to interact effectively with others.,PK,2023-10-25T17:31:09+00:00
Benchmark,8.2.2.1.2,31.B.ECb,Interact verbally and nonverbally with other children.,PK,2023-10-25T17:31:09+00:00
Benchmark,8.2.2.1.3,31.B.ECc,"Engage in cooperative group play. Use socially appropriate behavior with peers and adults, such as helping, sharing, and taking turns.",PK,2023-10-25T17:31:09+00:00
Descriptors,8.2.2.2,,Example Performance Descriptors,PK,2023-10-25T17:31:09+00:00
Desc Category,8.2.2.2.1,,Exploring,PK,2023-10-25T17:31:09+00:00
Performance Descriptor,8.2.2.2.1.1,,Acknowledge another child through a smile or wave when she enters the early childhood environment.,PK,2023-10-25T17:31:09+00:00
Performance Descriptor,8.2.2.2.1.2,,"With teacher assistance, communicate with another child to determine roles and activities during play (e.g., teacher: “Can you tell your friend that you want to help him build his road?” Child: “Can I build with you?”).",PK,2023-12-27T18:13:56+00:00
Performance Descriptor,8.2.2.2.1.3,,"Respond to teacher request to help or share (e.g., responding to request to help teacher and children clean up the block area).",PK,2023-10-25T17:31:09+00:00
Desc Category,8.2.2.2.2,,Developing,PK,2023-10-25T17:31:09+00:00
Performance Descriptor,8.2.2.2.2.1,,Talk with another child in play or other daily activities.,PK,2023-10-25T17:31:09+00:00
Performance Descriptor,8.2.2.2.2.2,,"Communicate with another child to determine roles and activities during cooperative play (e.g., talk with classmate to decide who will be the nurse during dramatic play, talk with classmate to come up with a plan for setting the table together).",PK,2023-10-25T17:31:09+00:00
Performance Descriptor,8.2.2.2.2.3,,"Interact in socially appropriate ways with peers, such as helping and sharing (e.g., assist another child with a puzzle, share blocks with a classmate).",PK,2023-10-25T17:31:09+00:00
Desc Category,8.2.2.2.3,,Building,PK,2023-10-25T17:31:09+00:00
Performance Descriptor,8.2.2.2.3.1,,Engage in reciprocal conversations with other children throughout the day.,PK,2023-10-25T17:31:09+00:00
Performance Descriptor,8.2.2.2.3.2,,"Follow through with cooperative actions after communicating with another child to determine roles and activities during cooperative play (e.g., act out roles in doctor/nurse play, set the table together).",PK,2023-10-25T17:31:09+00:00
Performance Descriptor,8.2.2.2.3.3,,"Interact in socially appropriate ways with peers and adults, such as helping and sharing (e.g., offer help to adult in getting the paints cleaned up).",PK,2023-10-25T17:31:09+00:00
Learning Standard,8.2.3,Learning Standard 31.C,"Demonstrate an ability to prevent, manage, and resolve interpersonal conflicts in constructive ways.",PK,2023-10-25T17:31:09+00:00
Benchmarks,8.2.3.1,,Preschool Benchmarks,PK,2023-10-25T17:31:09+00:00
Benchmark,8.2.3.1.1,31.C.ECa,Begin to share materials and experiences and take turns.,PK,2023-10-25T17:31:09+00:00
Benchmark,8.2.3.1.2,31.C.ECb,"Solve simple conflicts with peers with independence, using gestures or words.",PK,2023-10-25T17:31:09+00:00
Benchmark,8.2.3.1.3,31.C.ECc,Seek adult help when needed to resolve conflict.,PK,2023-10-25T17:31:09+00:00
Descriptors,8.2.3.2,,Example Performance Descriptors,PK,2023-10-25T17:31:09+00:00
Desc Category,8.2.3.2.1,,Exploring,PK,2023-10-25T17:31:09+00:00
Performance Descriptor,8.2.3.2.1.1,,Respond positively to teacher reminders to share materials and take turns most of the time.,PK,2023-10-25T17:31:09+00:00
Performance Descriptor,8.2.3.2.1.2,,Respond positively to teacher assistance in solving a conflict with another child.,PK,2023-10-25T17:31:09+00:00
Performance Descriptor,8.2.3.2.1.3,,Begin to accept adult help when needed to resolve conflict.,PK,2023-10-25T17:31:09+00:00
Desc Category,8.2.3.2.2,,Developing,PK,2023-10-25T17:31:09+00:00
Performance Descriptor,8.2.3.2.2.1,,Keep play going with another child by sharing materials most of the time.,PK,2023-10-25T17:31:09+00:00
Performance Descriptor,8.2.3.2.2.2,,Attempt to resolve conflicts to keep play going with another child.,PK,2023-10-25T17:31:09+00:00
Performance Descriptor,8.2.3.2.2.3,,Accept adult help when needed to resolve conflict.,PK,2023-10-25T17:31:09+00:00
Desc Category,8.2.3.2.3,,Building,PK,2023-10-25T17:31:09+00:00
Performance Descriptor,8.2.3.2.3.1,,"Take turns with another child when materials are limited (e.g., share microscope with classmate, each taking turns to look at objects).",PK,2023-10-25T17:31:09+00:00
Performance Descriptor,8.2.3.2.3.2,,"Suggest solutions to conflicts (e.g., propose to classmate: “You play with these cars, and I can use these trucks.”).",PK,2023-12-27T18:14:43+00:00
Performance Descriptor,8.2.3.2.3.3,,"Ask an adult for help when needed (e.g., seek out a teacher when another child is being physically aggressive).",PK,2023-10-25T17:31:09+00:00
Goal,8.3,Goal 32,"Demonstrate decision-making skills and behaviors in personal, school, and community contexts.",PK,2023-10-25T17:31:09+00:00
Learning Standard,8.3.1,Learning Standard 32.A,"Begin to consider ethical, safety, and societal factors in making decisions.",PK,2023-12-27T18:15:03+00:00
Benchmarks,8.3.1.1,,Preschool Benchmarks,PK,2023-10-25T17:31:09+00:00
Benchmark,8.3.1.1.1,32.A.ECa,Participate in discussions about why rules exist.,PK,2023-12-27T18:15:10+00:00
Benchmark,8.3.1.1.2,32.A.ECb,Follow rules and make good choices about behavior.,PK,2023-10-25T17:31:09+00:00
Descriptors,8.3.1.2,,Example Performance Descriptors,PK,2023-10-25T17:31:09+00:00
Desc Category,8.3.1.2.1,,Exploring,PK,2023-10-25T17:31:09+00:00
Performance Descriptor,8.3.1.2.1.1,,Accept reminders from teacher about why rules exist.,PK,2023-10-25T17:31:09+00:00
Performance Descriptor,8.3.1.2.1.2,,Follow an early childhood environment rule with teacher reminder.,PK,2023-10-25T17:31:09+00:00
Desc Category,8.3.1.2.2,,Developing,PK,2023-10-25T17:31:09+00:00
Performance Descriptor,8.3.1.2.2.1,,Participate in a discussion about how throwing objects in the early childhood environment is dangerous.,PK,2023-10-25T17:31:09+00:00
Performance Descriptor,8.3.1.2.2.2,,Follow more than one early childhood environment rule with teacher reminder.,PK,2023-10-25T17:31:09+00:00
Desc Category,8.3.1.2.3,,Building,PK,2023-10-25T17:31:09+00:00
Performance Descriptor,8.3.1.2.3.1,,Discuss how hitting others is not allowed because it can hurt others.,PK,2023-10-25T17:31:09+00:00
Performance Descriptor,8.3.1.2.3.2,,Follow simple early childhood environment rules independently much of the time.,PK,2023-10-25T17:31:09+00:00
Learning Standard,8.3.2,Learning Standard 32.B,Apply decision-making skills to deal responsibly with daily academic and social situations.,PK,2023-10-25T17:31:09+00:00
Benchmarks,8.3.2.1,,Preschool Benchmarks,PK,2023-10-25T17:31:09+00:00
Benchmark,8.3.2.1.1,32.B.ECa,Participate in discussions about finding alternative solutions to problems.,PK,2023-12-27T18:15:17+00:00
Descriptors,8.3.2.2,,Example Performance Descriptors,PK,2023-10-25T17:31:09+00:00
Desc Category,8.3.2.2.1,,Exploring,PK,2023-10-25T17:31:09+00:00
Performance Descriptor,8.3.2.2.1.1,,Stop actions and listen to teacher discuss alternative solutions to hitting someone.,PK,2023-10-25T17:31:09+00:00
Desc Category,8.3.2.2.2,,Developing,PK,2023-10-25T17:31:09+00:00
Performance Descriptor,8.3.2.2.2.1,,Participate in a discussion with a teacher about alternative solutions to hitting someone who has taken a toy.,PK,2023-10-25T17:31:09+00:00
Desc Category,8.3.2.2.3,,Building,PK,2023-10-25T17:31:09+00:00
Performance Descriptor,8.3.2.2.3.1,,"Offer solutions to problems (e.g., “I am using these; you can use those.”).",PK,2023-12-27T18:15:25+00:00
Learning Standard,8.3.3,Learning Standard 32.C,Contribute to the well-being of one’s school and community.,PK,2023-10-25T17:31:09+00:00
Benchmarks,8.3.3.1,,"Preschool Benchmarks -- Refer to Social Studies, Standard 14.A",PK,2023-12-27T18:15:47+00:00