Item Type,Sequence,Human Code,Full Statement,Ed. Level,Last Modified
,1,,Statements of Practice for Social Studies,,2023-11-03T00:32:05+00:00
Disciplinary Competency,1.1,,Inquiry Arc,,2023-11-03T00:32:05+00:00
Statement of Practice,1.1.1,,Gathering Diverse Perspectives and Evaluating Evidence,,2023-11-03T00:32:05+00:00
Statement of Practice,1.1.2,,Using Evidence to Develop Claims and Civic Dispositions,,2023-11-03T00:32:05+00:00
Statement of Practice,1.1.3,,Identity,,2023-11-03T00:32:05+00:00
Statement of Practice,1.1.4,,Global Perspectives,,2023-11-03T00:32:05+00:00
Disciplinary Competency,1.2,,History,,2023-11-03T00:32:05+00:00
Statement of Practice,1.2.1,,"Continuity, Change, and Context",,2023-11-03T00:32:05+00:00
Statement of Practice,1.2.2,,Historical Causation,,2023-11-03T00:32:05+00:00
Disciplinary Competency,1.3,,"Civics, Government, and Human Rights",,2023-11-03T00:32:05+00:00
Statement of Practice,1.3.1,,World Governments,,2023-11-03T00:32:05+00:00
Statement of Practice,1.3.2,,Foundations of US Government,,2023-11-03T00:32:05+00:00
Statement of Practice,1.3.3,,Laws and Policies,,2023-11-03T00:32:05+00:00
Statement of Practice,1.3.4,,Engaging in Civil Discourse and Taking Informed Action,,2023-11-03T00:32:05+00:00
Disciplinary Competency,1.4,,Geography,,2023-11-03T00:32:05+00:00
Statement of Practice,1.4.1,,Physical Geography and Geographical Representations,,2023-11-03T00:32:05+00:00
Statement of Practice,1.4.2,,Human Population Patterns,,2023-11-03T00:32:05+00:00
Statement of Practice,1.4.3,,The Diversity of Human Cultures,,2023-11-03T00:32:05+00:00
Statement of Practice,1.4.4,,Human-Environment Interaction,,2023-11-03T00:32:05+00:00
Statement of Practice,1.4.5,,Global Interconnections and the Global Economy,,2023-11-03T00:32:05+00:00
Disciplinary Competency,1.5,,Economics,,2023-11-03T00:32:05+00:00
Statement of Practice,1.5.1,,Economic Decision Making,,2023-11-03T00:32:05+00:00
Statement of Practice,1.5.2,,Exchanges and Markets,,2023-11-03T00:32:05+00:00
Statement of Practice,1.5.3,,The United States Economy,,2023-11-03T00:32:05+00:00
,2,,Academic Standards,,2023-11-03T00:32:05+00:00
Grade Band,2.1,,K-2 Standards,,2023-11-03T00:32:05+00:00
Course,2.1.1,,Kindergarten: Myself and My Community,,2023-11-03T00:32:05+00:00
Driving Concept,2.1.1.1,,Driving Concept 1: Working Together,,2023-11-03T00:32:05+00:00
Standard,2.1.1.1.1,K.1,"Describe the roles and responsibilities of being a part of a family, classroom and local community.",,2023-11-03T00:32:05+00:00
Standard,2.1.1.1.2,K.2,"Identify different kinds of families and caregivers within a community (e.g., single-parent, blended, grandparent-headed, conditionally separated, foster, LGBTQ+, multiracial), and explain the importance of demonstrating respect for all people.",,2023-11-03T00:32:05+00:00
Standard,2.1.1.1.3,K.3,"Identify social and cultural factors that shape individual identities, including family, ethnicity, culture, religion, gender, interests and abilities, and explain that a person’s sense of identity can change over time.",,2023-11-03T00:32:05+00:00
Standard,2.1.1.1.4,K.4,Identify individuals (historical or present-day) whose actions made the local or global community more just or fair and explain how their actions helped their community.,,2023-11-03T00:32:05+00:00
Standard,2.1.1.1.5,K.5,Explain why classrooms and schools have rules and describe the consequences of not following them.,,2023-11-03T00:32:05+00:00
Standard,2.1.1.1.6,K.6,Identify an example of a rule that may not be fair for all and explain how it could be changed to make it fair.,,2023-11-03T00:32:05+00:00
Standard,2.1.1.1.7,K.7,Identify which skills lead to respectful and productive conversations.,,2023-11-03T00:32:05+00:00
Standard,2.1.1.1.8,K.8,"Use civil discourse skills, such as listening, turn taking, consensus building and voting procedures to take collaborative action in the classroom or school community.",,2023-11-03T00:32:05+00:00
Driving Concept,2.1.1.2,,Driving Concept 2: Showing Why History Matters,,2023-11-03T00:32:05+00:00
Standard,2.1.1.2.1,K.9,"Identify artifacts in the lives of students and their community, and use sequential language (e.g., first, next, then, after) to put artifacts in chronological order.",,2023-11-03T00:32:05+00:00
Standard,2.1.1.2.2,K.10,"Identify why artifacts are historically important, and describe how artifacts help us learn about the past.",,2023-11-03T00:32:05+00:00
Standard,2.1.1.2.3,K.11,Compare different kinds of artifacts to determine what they can and cannot tell us about the past and/or present.,,2023-11-03T00:32:05+00:00
Standard,2.1.1.2.4,K.12,Evaluate the utility of an artifact in responding to a question about the past or present.,,2023-11-03T00:32:05+00:00
Standard,2.1.1.2.5,K.13,"Evaluate sources of information, and identify how the creator’s job, training and/or experiences affect the reliability of that information.",,2023-11-03T00:32:05+00:00
Driving Concept,2.1.1.3,,Driving Concept 3: Who are We?,,2023-11-03T00:32:05+00:00
Standard,2.1.1.3.1,K.14,Identify and describe the historic achievements and contributions of individuals with different abilities.,,2023-11-03T00:32:05+00:00
Standard,2.1.1.3.2,K.15,"Explain important contributions individuals with different gender, racial, religious and ethnic identities and ability statuses have made to the community.",,2023-11-03T00:32:05+00:00
Standard,2.1.1.3.3,K.16,Identify a time when someone used power unfairly and describe how individuals have resisted the unfair exercise of power.,,2023-11-03T00:32:05+00:00
Standard,2.1.1.3.4,K.17,"Compare how historical people in our families and communities and from different countries lived, learned, worked and relaxed.",,2023-11-03T00:32:05+00:00
Standard,2.1.1.3.5,K.18,"Explain that while individuals may be different, everyone should have the same human rights.",,2023-11-03T00:32:05+00:00
Driving Concept,2.1.1.4,,Driving Concept 4: Where I Live,,2023-11-03T00:32:05+00:00
Standard,2.1.1.4.1,K.19,Explain the relationship between a map and a globe and explain how they help us to understand our place in the world and community.,,2023-11-03T00:32:05+00:00
Standard,2.1.1.4.2,K.20,Explain the concept of relative location using directional words.,,2023-11-03T00:32:05+00:00
Standard,2.1.1.4.3,K.21,"Identify geographic characteristics of the local community (e.g., climate, population, landforms, vegetation, culture, industry), and explain how these characteristics shape our interactions with our environment and communities.",,2023-11-03T00:32:05+00:00
Standard,2.1.1.4.4,K.22,"Explain some reasons why people live where they do, including why people live in different parts of Washington, DC, and identify the benefits and challenges of living in different places.",,2023-11-03T00:32:05+00:00
Driving Concept,2.1.1.5,,Driving Concept 5: Meeting Community Needs,,2023-11-03T00:32:05+00:00
Standard,2.1.1.5.1,K.23,"Compare the different jobs individuals around the world perform and the ways in which specific goods and services are produced, both inside and outside of the home.",,2023-11-03T00:32:05+00:00
Standard,2.1.1.5.2,K.24,Identify and explain the difference between what we want versus what we need to survive on a daily basis.,,2023-11-03T00:32:05+00:00
Standard,2.1.1.5.3,K.25,Explain why people try to save money and resources.,,2023-11-03T00:32:05+00:00
Standard,2.1.1.5.4,K.26,"Identify a scarce resource in our classroom, community or world, and evaluate how to allocate it to promote fairness.",,2023-11-03T00:32:05+00:00
Standard,2.1.1.5.5,K.27,"Identify products that we use in our daily lives, where they come from, and how they connect us to local and global communities.",,2023-11-03T00:32:05+00:00
Course,2.1.2,,Grade 1: Working and Building Together,,2023-11-03T00:32:05+00:00
Driving Concept,2.1.2.1,,Driving Concept 1: Building a Community,,2023-11-03T00:32:05+00:00
Standard,2.1.2.1.1,1.1,Explain what constitutes a community and describe characteristics of different local and global communities.,,2023-11-03T00:32:05+00:00
Standard,2.1.2.1.2,1.2,"Describe the ways individuals with different backgrounds, including ethnicity, gender, religion, sexual orientation, ability, national origin, economic status and beliefs are all part of the same community.",,2023-11-03T00:32:05+00:00
Standard,2.1.2.1.3,1.3,"Explain the ways in which different populations including but not limited to Latinx, Black, Asian, white, immigrant, religious, LGBTQ+ and Indigenous communities, have shaped and defined the community of Washington, DC.",,2023-11-03T00:32:05+00:00
Standard,2.1.2.1.4,1.4,"Describe ways in which groups of people in the same community can hold different beliefs and live their daily lives in different ways, while still working together toward shared goals.",,2023-11-03T00:32:05+00:00
Standard,2.1.2.1.5,1.5,"Identify and define the rights of learners in the classroom community, and describe how individuals can work together to respect the rights of community members.",,2023-11-03T00:32:05+00:00
Standard,2.1.2.1.6,1.6,"Analyze the characteristics of just and effectives rules and laws, and evaluate the rules and processes of the classroom.",,2023-11-03T00:32:05+00:00
Standard,2.1.2.1.7,1.7,"Describe how different individuals and groups in a local or global community provide services, uphold rights, and work to promote the common good for all members.",,2023-11-03T00:32:05+00:00
Standard,2.1.2.1.8,1.8,"Describe the responsibilities of a leader, and identify characteristics of effective and just leaders.",,2023-11-03T00:32:05+00:00
Standard,2.1.2.1.9,1.9,"Identify and describe the roles and responsibilities of current leaders, including the president of the United States and the mayor of Washington, DC.",,2023-11-03T00:32:05+00:00
Standard,2.1.2.1.10,1.10,"Identify symbols, songs phrases and national holidays that unify the people of the United States and different communities within the United States.",,2023-11-03T00:32:05+00:00
Standard,2.1.2.1.11,1.11,"Identify community leaders from the past (e.g., George Washington, Abraham Lincoln, Susan B. Anthony, Harriet Tubman, Dolores Huerta, Dr. Martin Luther King, Jr., Harvey Milk, Wilma Pearl Mankiller, Lee Yick and Liliʻuokalani), and compare how each person created change.",,2023-11-03T00:32:05+00:00
Standard,2.1.2.1.12,1.12,"Describe how voting and elections determine who will be president, vice president, and mayor.",,2023-11-03T00:32:05+00:00
Standard,2.1.2.1.13,1.13,"Describe how voting and elections can exemplify democratic principles, including but not limited to equality, freedom, fairness, respect for individual rights, citizen participation, majority rules, and accepting the results of an election.",,2023-11-03T00:32:05+00:00
Standard,2.1.2.1.14,1.14,"Identify a source of information about Washington, DC, and explain how the author’s job, training and/ or experiences affect the reliability of information.",,2023-11-03T00:32:05+00:00
Standard,2.1.2.1.15,1.15,"Identify issues or needs in the school, local or global community that students care about, and generate possible actions to create positive change.",,2023-11-03T00:32:05+00:00
Driving Concept,2.1.2.2,,Driving Concept 2: In This Space,,2023-11-03T00:32:05+00:00
Standard,2.1.2.2.1,1.16,"Analyze different representations of Washington, DC to make a claim about different places in the District.",,2023-11-03T00:32:05+00:00
Standard,2.1.2.2.2,1.17,"Identify key political features of each region on a map, to include, local neighborhoods, wards, Washington, DC, the United States and North America.",,2023-11-03T00:32:05+00:00
Standard,2.1.2.2.3,1.18,"Compare the features of a city, county, state, country and continent.",,2023-11-03T00:32:05+00:00
Standard,2.1.2.2.4,1.19,Locate and explain physical features on maps.,,2023-11-03T00:32:05+00:00
Standard,2.1.2.2.5,1.20,"Describe the absolute and relative locations of Washington, DC area institutions, businesses or landmarks, and describe the physical characteristics of those places.",,2023-11-03T00:32:05+00:00
Standard,2.1.2.2.6,1.21,"Construct a simple map of the classroom, school or local community, using cardinal directions, physical features and map symbols.",,2023-11-03T00:32:05+00:00
Standard,2.1.2.2.7,1.22,"Describe how and why people have changed the physical landscape of the local community and/or the greater Washington, DC area over time.",,2023-11-03T00:32:05+00:00
Standard,2.1.2.2.8,1.23,"Describe how location, weather and physical environment affect the way people live, including the effects on their food, clothing, shelter, transportation and recreation.",,2023-11-03T00:32:05+00:00
Standard,2.1.2.2.9,1.24,"Identify a problem caused by humans to the local environment, and propose a solution.",,2023-11-03T00:32:05+00:00
Driving Concept,2.1.2.3,,Driving Concept 3: My Community Then and Now,,2023-11-03T00:32:05+00:00
Standard,2.1.2.3.1,1.25,Differentiate between events that happened long ago and events that happened in the not-so-distant past and order the events on a timeline.,,2023-11-03T00:32:05+00:00
Standard,2.1.2.3.2,1.26,"Analyze maps and images of the Chesapeake region and Washington, DC from different historical periods to describe the ways the community has changed over time.",,2023-11-03T00:32:05+00:00
Standard,2.1.2.3.3,1.27,"Identify significant events in the history of the school community, and explain what makes each event significant.",,2023-11-03T00:32:05+00:00
Standard,2.1.2.3.4,1.28,"Analyze texts, family or community stories, and/or historical photographs to compare family, school and/or community life in the past and the present.",,2023-11-03T00:32:05+00:00
Standard,2.1.2.3.5,1.29,"Describe why some groups of people were treated unjustly in the past, and identify actions individuals took to promote greater equality and fairness in society.",,2023-11-03T00:32:05+00:00
Standard,2.1.2.3.6,1.30,"Compare different accounts of the same historical event in Washington, DC, and propose possible reasons for the differences.",,2023-11-03T00:32:05+00:00
Driving Concept,2.1.2.4,,Driving Concept 4: Meeting a Community's Needs,,2023-11-03T00:32:05+00:00
Standard,2.1.2.4.1,1.31,"Describe and locate different human, natural or capital resources in Washington, DC, and compare the availability of those resources across the city.",,2023-11-03T00:32:05+00:00
Standard,2.1.2.4.2,1.32,"Explain the varied ways that people labor, define the term income, and describe the kinds of work that people do inside and outside of the home.",,2023-11-03T00:32:05+00:00
Standard,2.1.2.4.3,1.33,"Describe the goods and services that communities need (e.g., grocery stores, transportation, public safety), and identify how they are provided by local government and private businesses.",,2023-11-03T00:32:05+00:00
Standard,2.1.2.4.4,1.34,Explain how wealth and scarcity affect individual and group power and the ability to make decisions about personal savings and spending.,,2023-11-03T00:32:05+00:00
Standard,2.1.2.4.5,1.35,Analyze the reasons for and consequences of choices individuals make when purchasing goods and services.,,2023-11-03T00:32:05+00:00
Course,2.1.3,,Grade 2: This Wide World,,2023-11-03T00:32:05+00:00
Driving Concept,2.1.3.1,,Driving Concept 1: Understanding Ourselves in the Larger World,,2023-11-03T00:32:05+00:00
Standard,2.1.3.1.1,2.1,"Compare different representations of the Washington, DC and Chesapeake region, including maps representing the political geography of Indigenous Nations, to develop claims about the changes to the region over time.",,2023-11-03T00:32:05+00:00
Standard,2.1.3.1.2,2.2,"Compare different kinds of maps, with a focus on physical and political maps, and identify key parts of a map (e.g., title, legend or key, scale, compass or cardinal directions).",,2023-11-03T00:32:05+00:00
Standard,2.1.3.1.3,2.3,"Create and compare visual representations of communities and school spaces, and evaluate the utility of each representation in understanding community and school spaces.",,2023-11-03T00:32:05+00:00
Standard,2.1.3.1.4,2.4,"Identify and locate the seven continents and five oceans using maps, and describe major geographic features around the world.",,2023-11-03T00:32:05+00:00
Standard,2.1.3.1.5,2.5,Identify and explain the different climate patterns in different global regions.,,2023-11-03T00:32:05+00:00
Standard,2.1.3.1.6,2.6,"Analyze data, images, maps and texts to compare how different people around the world live today and have lived in the past.",,2023-11-03T00:32:05+00:00
Standard,2.1.3.1.7,2.7,"Compare different ways people get food and water today locally, nationally and globally.",,2023-11-03T00:32:05+00:00
Driving Concept,2.1.3.2,,Driving Concept 2: First Ancient Civilizations,,2023-11-03T00:32:05+00:00
Standard,2.1.3.2.1,2.8,"Analyze artifacts –– such as photographs, renderings, petroglyphs, cave dwellings, etc. –– and text-based sources to explain how historians learn about the past.",,2023-11-03T00:32:05+00:00
Standard,2.1.3.2.2,2.9,"Describe characteristics of “ancient civilizations,” with a focus on using water and land for large-scale farming and explain that governments helped oversee the distribution of resources. *",,2023-11-03T00:32:05+00:00
Standard,2.1.3.2.3,2.10,"Explain the importance of using water to grow a food source and the importance of developing systems of irrigation in early civilizations, such as Egypt, Kush, Mesopotamia, and Olmec.",,2023-11-03T00:32:05+00:00
Standard,2.1.3.2.4,2.11,"Compare examples of how food was grown in ancient civilizations, such as Egypt, Kush, Mesopotamia and Olmec to how food is grown by people around the world today.",,2023-11-03T00:32:05+00:00
Standard,2.1.3.2.5,2.12,"Compare the different kinds of jobs or social roles of ancient people in Egypt, Kush, Mesopotamia and Olmec and how they were filled by people of different genders.",,2023-11-03T00:32:05+00:00
Standard,2.1.3.2.6,2.13,"Compare cultural elements of early civilizations, such as forms of writing or art in Egypt, Kush, Mesopotamia and Olmec.",,2023-11-03T00:32:05+00:00
Standard,2.1.3.2.7,2.14,"Compare scientific, religious, and technological innovations of early civilizations, such as the ziggurats of Mesopotamia, the pyramids of Egypt and Kush, and Olmec architecture.",,2023-11-03T00:32:05+00:00
Standard,2.1.3.2.8,2.15,"Compare and describe basic features of government of early civilizations, such as the priesthoods and kings of Mesopotamia, the pharaohs of Egypt, the monarchy of Olmec and the ruling queens of Kush (e.g., identify patrilineal and matrilineal practices; Hatshepsut was a female pharaoh of Egypt).
* Note that “civilization” does not mean more advanced or superior but reflects a way of living that utilized a “fixed” location, which usually meant large-scale farming of grains was taking place, as well as the development of physical structures, sometimes writing or communication systems were developed, and formal governments were often formed to oversee the use of land, resources.",,2023-11-03T00:32:05+00:00
Driving Concept,2.1.3.3,,Driving Concept 3: Innovations of Long Ago,,2023-11-03T00:32:05+00:00
Standard,2.1.3.3.1,2.16,"Locate and identify key geographic characteristics of Central America, South America, Ancient China and Ancient Rome.",,2023-11-03T00:32:05+00:00
Standard,2.1.3.3.2,2.17,"Explain the utility of different artifacts –– such as photographs, renderings, petroglyphs, cave dwellings, etc. –– and textbased sources in answering questions about the past.",,2023-11-03T00:32:05+00:00
Standard,2.1.3.3.3,2.18,"Compare the crops grown in ancient civilizations across the Americas, Ancient Rome and Ancient China.",,2023-11-03T00:32:05+00:00
Standard,2.1.3.3.4,2.19,"Compare the physical structures constructed across the Americas, Ancient Rome and Ancient China, and analyze the purposes of these structures (e.g., temples, pyramids, walls).",,2023-11-03T00:32:05+00:00
Standard,2.1.3.3.5,2.20,"Compare the scientific and technological innovations across the Americas, Ancient Rome and Ancient China (e.g., alphabets and language systems, roads, aqueducts).",,2023-11-03T00:32:05+00:00
Standard,2.1.3.3.6,2.21,"Describe governing and social structures developed in the Americas, Ancient Rome and Ancient China, including female-led kingdoms and matriarchal societies, and explain how different individuals exercised power in society.",,2023-11-03T00:32:05+00:00
Standard,2.1.3.3.7,2.22,"Analyze the daily lives of different individuals in ancient societies including histories of same-sex relationships, and the evolution of gender roles and identities in civilizations.",,2023-11-03T00:32:05+00:00
Driving Concept,2.1.3.4,,"Driving Concept 4: Kingdoms, Cities and Communities",,2023-11-03T00:32:05+00:00
Standard,2.1.3.4.1,2.23,"Analyze primary sources to describe at least two of the significant architectural, cultural, and technological innovations of the empires in Mali, Songhai or Gedi between 1200 and 1600 CE.",,2023-11-03T00:32:05+00:00
Standard,2.1.3.4.2,2.24,"Analyze primary sources to describe at least two of the significant architectural, cultural, and technological innovations of the monarchies in England, Spain or France between 1200 and 1600 CE.",,2023-11-03T00:32:05+00:00
Standard,2.1.3.4.3,2.25,"Analyze primary sources to describe at least two of the significant architectural, cultural, and technological innovations of the Ottoman, Safavid or Mughal Empires between 1200 and 1600 CE.",,2023-11-03T00:32:05+00:00
Standard,2.1.3.4.4,2.26,"Analyze primary sources to describe at least two of the significant architectural, cultural, and technological innovations of the Aztec and Incan Kingdoms between 1200 and 1600 CE.",,2023-11-03T00:32:05+00:00
Standard,2.1.3.4.5,2.27,"Compare gender roles and the daily lives of individuals across societies in Africa, Europe, the Americas, and Asia between
1200 and 1600, and explain how women exercised power in different contexts.",,2023-11-03T00:32:05+00:00
Standard,2.1.3.4.6,2.28,"Compare the social or political structures of societies in Africa, Europe, the Americas and Asia between 1200 and 1600.",,2023-11-03T00:32:05+00:00
Driving Concept,2.1.3.5,,Driving Concept 5: Our World Today,,2023-11-03T00:32:05+00:00
Standard,2.1.3.5.1,2.29,Explain how people use water and land today to produce or grow food locally and nationally.,,2023-11-03T00:32:05+00:00
Standard,2.1.3.5.2,2.30,Explain how the climate has changed from long ago to today and explain how the changing climate impacts life on Earth.,,2023-11-03T00:32:05+00:00
Standard,2.1.3.5.3,2.31,"Evaluate local and global methods of human-environment interactions (e.g., farming, fishing, mining, irrigation) to identify practices that may be considered sustainable.",,2023-11-03T00:32:05+00:00
Standard,2.1.3.5.4,2.32,"Identify a current sustainability challenge, and develop an action plan for increasing sustainability in the community or globally.",,2023-11-03T00:32:05+00:00
Grade Band,2.2,,3-5 Standards,,2023-11-03T00:32:05+00:00
Course,2.2.1,,"Grade 3: Geography, History, and Cultures of the District of Columbia",,2023-11-03T00:32:05+00:00
Driving Concept,2.2.1.1,,"Driving Concept 1: Changing Geography of Washington, DC",,2023-11-03T00:32:05+00:00
Standard,2.2.1.1.1,3.1,"Analyze maps, demographic data and images of Washington, DC to answer a specific question about how the Washington region has changed over time.",,2023-11-03T00:32:05+00:00
Standard,2.2.1.1.2,3.2,"Use cardinal directions, map scales, legends and titles to locate Washington, DC on a map, and identify significant physical features and natural characteristics of the Washington metropolitan area.",,2023-11-03T00:32:05+00:00
Standard,2.2.1.1.3,3.3,"Analyze maps and images of the Washington, DC region from different historical eras to develop claims about how the physical landscape has changed over time.",,2023-11-03T00:32:05+00:00
Standard,2.2.1.1.4,3.4,"Describe how different groups have interacted with the environment over time, and compare the ways in which Washingtonians interact with their environment with the ways that individuals in at least two global communities interact with their environment.",,2023-11-03T00:32:05+00:00
Standard,2.2.1.1.5,3.5,"Compare the physical, economic and demographic features of the District of Columbia to America’s 50 states and territories, including size and population.",,2023-11-03T00:32:05+00:00
Standard,2.2.1.1.6,3.6,"Identify different wards within Washington, DC, and compare their distinct features, including significant roads, businesses, public transportation lines, landmarks, businesses, parks, memorials, public artworks and public buildings.",,2023-11-03T00:32:05+00:00
Standard,2.2.1.1.7,3.7,"Analyze how populations in Washington, DC have changed over time, including population increases, immigration and examples of racial and ethnic integration, segregation, and displacement (e.g., in Southwest DC).",,2023-11-03T00:32:05+00:00
Standard,2.2.1.1.8,3.8,"Analyze photographs, maps and demographic information from one neighborhood in Washington, DC between the 17th century and the modern era to make a claim about how the community has changed over time.",,2023-11-03T00:32:05+00:00
Standard,2.2.1.1.9,3.9,"Explain the impact of at least one significant urban planning decision in the history of Washington, DC on the health and composition of different communities in Washington, DC (e.g., redlining, public transit planning, the construction of highway
295).",,2023-11-03T00:32:05+00:00
Standard,2.2.1.1.10,3.10,"Evaluate modern proposals to alter the urban geography of Washington, DC, and take action to support or oppose a change.",,2023-11-03T00:32:05+00:00
Driving Concept,2.2.1.2,,"Driving Concept 2: Shaping the Early History of Washington, DC",,2023-11-03T00:32:05+00:00
Standard,2.2.1.2.1,3.11,"Evaluate the utility of different representations of Washington, DC and the Chesapeake region, and use them to answer specific questions about the past.",,2023-11-03T00:32:05+00:00
Standard,2.2.1.2.2,3.12,"Create a personal history of Washington, DC using oral histories, written sources and artifacts collected from family or community members.",,2023-11-03T00:32:05+00:00
Standard,2.2.1.2.3,3.13,"Identify ancestral lands of the Nacotchtank (or Anacostan), Piscataway and Pamunkey peoples on a map, and describe the political, social and cultural structures of each nation.",,2023-11-03T00:32:05+00:00
Standard,2.2.1.2.4,3.14,"Identify the contemporary communities of Piscataway and Pamunkey peoples in the Washington, DC area, and explain their current connections and contributions to the Washington, DC region.",,2023-11-03T00:32:05+00:00
Standard,2.2.1.2.5,3.15,"Evaluate the reasons for and impact of early European colonization of the Washington region, including the role of European colonization in the displacement of Indigenous Nations.",,2023-11-03T00:32:05+00:00
Standard,2.2.1.2.6,3.16,Evaluate the limits of European representations of the history of the Piscataway and Pamunkey peoples for understanding the past.,,2023-11-03T00:32:05+00:00
Driving Concept,2.2.1.3,,Driving Concept 3: Building the Capital City,,2023-11-03T00:32:05+00:00
Standard,2.2.1.3.1,3.17,Explain how the economic conditions in the Chesapeake Bay region led to a slave economy and the difference between indentured servitude and enslavement.,,2023-11-03T00:32:05+00:00
Standard,2.2.1.3.2,3.18,"Describe the lives, experiences, culture, and communities of free and enslaved Black Americans in the Chesapeake Bay region during the 18th century.",,2023-11-03T00:32:05+00:00
Standard,2.2.1.3.3,3.19,"Explain the role of individuals living in the Chesapeake region, including women, Indigenous peoples and Black Washingtonians in the movement for independence from England.",,2023-11-03T00:32:05+00:00
Standard,2.2.1.3.4,3.20,"Explain the reasons for and consequence of the selection of Washington, DC as the nation's capital city.",,2023-11-03T00:32:05+00:00
Standard,2.2.1.3.5,3.21,"Explain how the history of slavery impacted different neighborhoods and institutions in Washington, DC, including Georgetown University, the U.S. Capitol building, the White House and the “Yellow House”.",,2023-11-03T00:32:05+00:00
Standard,2.2.1.3.6,3.22,"Analyze the lived experiences of different Washingtonians in the 19th century, including efforts to resist enslavement and the growth of a free Black community in the District.",,2023-11-03T00:32:05+00:00
Standard,2.2.1.3.7,3.23,"Evaluate the role of Washingtonians and Washington, DC during and directly following the Civil War, including the reasons many formerly enslaved people settled in Washington, DC, the impact of DC Emancipation Day, and the efforts of Black families to reunite following emancipation.",,2023-11-03T00:32:05+00:00
Driving Concept,2.2.1.4,,"Driving Concept 4: The Evolving History of Washington, DC",,2023-11-03T00:32:05+00:00
Standard,2.2.1.4.1,3.24,"Analyze changes in Washington, DC between the Civil War and the 1950s, including the impact of segregation, “Black Codes,” immigration and industry on the District, using primary sources and demographic data.",,2023-11-03T00:32:05+00:00
Standard,2.2.1.4.2,3.25,Evaluate the cultural and civic impact of significant people and institutions that comprised the Black U Street community in the 1920s and 1930s.,,2023-11-03T00:32:05+00:00
Standard,2.2.1.4.3,3.26,"Explain the reasons for the growth of Asian American, Latinx, East African, and Caribbean communities in Washington, DC, and efforts taken by different individuals to claim a voice in the city, such as the organization of the Latino festival or the role of a community organization.",,2023-11-03T00:32:05+00:00
Standard,2.2.1.4.4,3.27,"Identify significant political movements that took place in Washington, DC, including the women’s suffrage movement, the
1963 March on Washington for Jobs and Freedom and the Poor People's March.",,2023-11-03T00:32:05+00:00
Standard,2.2.1.4.5,3.28,"Evaluate the impact of significant political movements, including labor movements, the Civil Rights movement, the Disability Rights movement, LGBTQ+ liberation and women’s suffrage on life for District of Columbia residents.",,2023-11-03T00:32:05+00:00
Standard,2.2.1.4.6,3.29,"Compare and contrast the lived experiences of diverse individuals who lived in the Washington region during different time periods (e.g., Benjamin Banneker, Anna Julia Cooper, William Costin, Frederick Douglass, Henry Fleet, Opechancanough, Carlos Manuel Rosario).",,2023-11-03T00:32:05+00:00
Standard,2.2.1.4.7,3.30,Explain the reasons for the rise of the Home Rule movement and its impact on the rights and freedoms of District residents.,,2023-11-03T00:32:05+00:00
Standard,2.2.1.4.8,3.31,"Evaluate the legacy and contributions of significant historical and contemporary community and elected leaders in Washington, DC including but not limited to Walter Washington, Marion Barry, Sharon Pratt and Muriel Bowser.",,2023-11-03T00:32:05+00:00
Driving Concept,2.2.1.5,,"Driving Concept 5: Today’s Washington, DC",,2023-11-03T00:32:05+00:00
Standard,2.2.1.5.1,3.32,"Discuss the factors that affect the credibility of websites about contemporary policy and social issues in Washington, DC when provided with details about a source.",,2023-11-03T00:32:05+00:00
Standard,2.2.1.5.2,3.33,"Explain the structure of the Washington, DC government, including the role and functions of the DC Council and the mayor.",,2023-11-03T00:32:05+00:00
Standard,2.2.1.5.3,3.34,"Identify key leaders and representatives of Washingtonians in the District and national government, and explain the roles and responsibilities of each including but not limited to the mayor and the Congressional representative.",,2023-11-03T00:32:05+00:00
Standard,2.2.1.5.4,3.35,Identify multiple ways people in the Washington community can influence their local government.,,2023-11-03T00:32:05+00:00
Standard,2.2.1.5.5,3.36,"Analyze the District's relationship to the national government as a federal district, including how a lack of statehood impacts the local rights and privileges of District residents.",,2023-11-03T00:32:05+00:00
Standard,2.2.1.5.6,3.37,"Evaluate the legacy of immigration in the District and explain the contributions of different Washingtonians to the cultural landscape of Washington, DC including but not limited to Latinx, European, Asian American and African American communities.",,2023-11-03T00:32:05+00:00
Standard,2.2.1.5.7,3.38,"Analyze how groups maintain their cultural heritage and how this heritage is manifested in the symbols, traditions and culture of Washington, DC.",,2023-11-03T00:32:05+00:00
Standard,2.2.1.5.8,3.39,"Analyze the impact of significant local organizations and businesses on the history of Washington, DC.",,2023-11-03T00:32:05+00:00
Standard,2.2.1.5.9,3.40,"Explain the history and legacy of cultural expressions that are unique to Washingtonians (e.g., go-go, Smithsonian Institution museums, embassies).",,2023-11-03T00:32:05+00:00
Standard,2.2.1.5.10,3.41,"Analyze the history and legacy of major monuments and historical sites in and around Washington, DC.",,2023-11-03T00:32:05+00:00
Standard,2.2.1.5.11,3.42,"Evaluate different perspectives on the challenges facing current residents, and develop a plan for action to address one of those challenges.",,2023-11-03T00:32:05+00:00
Course,2.2.2,,Grade 4: American Foundations – Early American Civilizations Through the Founding of the United States,,2023-11-03T00:32:05+00:00
Driving Concept,2.2.2.1,,Driving Concept 1: Early Societies in the Americas (13000 BCE to 1100 CE),,2023-11-03T00:32:05+00:00
Standard,2.2.2.1.1,4.1,"Evaluate the strengths and weaknesses of different kinds of evidence (e.g., archeological evidence, artifacts, oral history, secondary sources) to understand events and life in the past.",,2023-11-03T00:32:05+00:00
Standard,2.2.2.1.2,4.2,"Analyze how physical geography (e.g., natural resources, waterways, landforms) influences the choices people make and how people impact the natural environment.",,2023-11-03T00:32:05+00:00
Standard,2.2.2.1.3,4.3,"Explain which natural resources were available in North America before 1100 CE, and use maps to explain how the availability of natural resources has changed over time.",,2023-11-03T00:32:05+00:00
Standard,2.2.2.1.4,4.4,"Compare different theories about how and when people began to migrate around the globe and populate the Americas (e.g., land-bridge theory, Beringia, Yana Rhinoceros Horn Site and evidence of mammoth hunting, coastal-route theory, Clovis sites).",,2023-11-03T00:32:05+00:00
Standard,2.2.2.1.5,4.5,"Compare the development of agricultural practices of Indigenous peoples across the Americas, including the Hohokam cultivation of corn, beans, squash and cotton.",,2023-11-03T00:32:05+00:00
Standard,2.2.2.1.6,4.6,"Explain the development of various economies and systems of trade of Indigenous peoples across the Americas using historical evidence (e.g., Inca Ceque system, the use of cacao as currency, the trade of turquoise and minerals in Chaco).",,2023-11-03T00:32:05+00:00
Standard,2.2.2.1.7,4.7,"Analyze the development of physical documentation in the early Americas, such as the writing and iconographic systems of Indigenous peoples across the Americas to make claims about historic societies (e.g., Cave of the Painted Rock in current-day Brazil, the writing system developed by the Maya, glyphs of the Grand Canyon).",,2023-11-03T00:32:05+00:00
Driving Concept,2.2.2.2,,Driving Concept 2: Civilizations of the Americas (1100 CE to 1500 CE),,2023-11-03T00:32:05+00:00
Standard,2.2.2.2.1,4.8,"Identify the geographic locations of major civilizations in the Americas in the 12th, 13th and 14th centuries, and analyze the changes to the political geography of the Americas during this time.",,2023-11-03T00:32:05+00:00
Standard,2.2.2.2.2,4.9,"Analyze the political structure, technological achievements, religious beliefs and legacy of the Mississippian, Hohokam or Haudenosaunee societies.",,2023-11-03T00:32:05+00:00
Standard,2.2.2.2.3,4.10,"Compare the political structures, technological achievements, religious beliefs and social structures of the Aztec and Inca empires.",,2023-11-03T00:32:05+00:00
Standard,2.2.2.2.4,4.11,"Compare Indigenous practices of land cultivation across the Americas in the 12th and 13th centuries, including environmentally sustainable practices (e.g., the use of controlled fires, the building and development of roads).",,2023-11-03T00:32:05+00:00
Standard,2.2.2.2.5,4.12,Analyze reasons for and consequences of the formation of the Haudenosaunee Confederacy.,,2023-11-03T00:32:05+00:00
Standard,2.2.2.2.6,4.13,Evaluate the governing model created by the Haudenosaunee Confederacy and the ways women and men exercised political power.,,2023-11-03T00:32:05+00:00
Standard,2.2.2.2.7,4.14,"Explain the diverse legacy of Indigenous Nations on the political geography of America today, including areas where Indigenous Nations retain sovereignty.",,2023-11-03T00:32:05+00:00
Driving Concept,2.2.2.3,,Driving Concept 3: Europeans Enter the Americas (1400s-1500s),,2023-11-03T00:32:05+00:00
Standard,2.2.2.3.1,4.15,"Evaluate the purposes and ideologies of early European colonization using primary sources (e.g., Vikings, Christopher Columbus, Hernán Cortés).",,2023-11-03T00:32:05+00:00
Standard,2.2.2.3.2,4.16,"Compare the legacy of Christopher Columbus to primary source descriptions of his actions in the Americas, with specific attention to the treatment and enslavement of Carib and Taíno peoples.",,2023-11-03T00:32:05+00:00
Standard,2.2.2.3.3,4.17,"Evaluate the limitations of using European source material and terminology to understand the history of Indigenous Peoples (e.g., use of the word “savage,” ideas that perpetuate a false hierarchy for human beings, limitations of European understandings of Indigenous cultures, limitations of European understanding of Two-Spirit identities).",,2023-11-03T00:32:05+00:00
Standard,2.2.2.3.4,4.18,"Assess the immediate and enduring impact of the arrival of European nations in the Americas through the perspective of Indigenous Nations, including the legacy of settler colonialism.",,2023-11-03T00:32:05+00:00
Standard,2.2.2.3.5,4.19,"Describe examples of Indigenous Nations’ resistance to European colonization, subjugation, capture and enslavement.",,2023-11-03T00:32:05+00:00
Standard,2.2.2.3.6,4.20,"Evaluate the global impact of European colonization in regard to cultural and social shifts (e.g., exchange of foods, diseases, enslaved humans, etc., often coined the “Columbian Exchange”).",,2023-11-03T00:32:05+00:00
Driving Concept,2.2.2.4,,Driving Concept 4: Life in the Colonies – Rebellions and the Roots of Revolution (1500s1700s),,2023-11-03T00:32:05+00:00
Standard,2.2.2.4.1,4.21,Compare and contrast maps of Indigenous Nations’ land at the start of each century from 1500 to the present with a special focus on areas east of the Mississippi River.,,2023-11-03T00:32:05+00:00
Standard,2.2.2.4.2,4.22,"Evaluate primary sources to make claims about the experiences, motivations, and legacies of different Europeans who traveled across the Atlantic between 1607 and 1700.",,2023-11-03T00:32:05+00:00
Standard,2.2.2.4.3,4.23,"Explain the reasons for the start of the slave trade in Africa and compare how different African societies resisted or responded to the slave trade (e.g., the resistance of Queen Nzinga Mbande).",,2023-11-03T00:32:05+00:00
Standard,2.2.2.4.4,4.24,Explain the reasons for enslavement and describe the experiences of individuals who were kidnapped and brought to the Americas from Africa as enslaved people using primary sources.,,2023-11-03T00:32:05+00:00
Standard,2.2.2.4.5,4.25,"Explain the status, treatment and experiences of European indentured servants.",,2023-11-03T00:32:05+00:00
Standard,2.2.2.4.6,4.26,"Analyze the impact of Spanish settlement on the Southern and Western United States, with a particular focus on Indigenous Nations and the ways in which they resisted Spanish settlement.",,2023-11-03T00:32:05+00:00
Standard,2.2.2.4.7,4.27,"Explain the reasons for the establishment of Jamestown in 1607, and analyze the experiences of early life in the colony from the perspectives of Indigenous Nations and Europeans.",,2023-11-03T00:32:05+00:00
Standard,2.2.2.4.8,4.28,"Explain the reasons for establishing Plymouth and the Massachusetts Bay Colony, analyze the different experiences of early life in the colony from the perspectives of Indigenous Nations and Europeans, and explain the significance of the Mayflower Compact.",,2023-11-03T00:32:05+00:00
Standard,2.2.2.4.9,4.29,"Evaluate the significance of 1619, when enslaved Africans were forcibly brought to the shores of Virginia by Europeans.",,2023-11-03T00:32:05+00:00
Standard,2.2.2.4.10,4.30,"Identify and compare key geographical, cultural, religious, and economic characteristics of the Thirteen Colonies.",,2023-11-03T00:32:05+00:00
Standard,2.2.2.4.11,4.31,"Analyze the experience and treatment of enslaved people in different parts of the Colonies, including experiences in Northern and Southern colonies.",,2023-11-03T00:32:05+00:00
Standard,2.2.2.4.12,4.32,"Analyze the language used in primary and/or secondary sources to describe the “Triangular Slave Trade,” or the “Trade of Enslaved People” to explain the history and historiography of slavery.",,2023-11-03T00:32:05+00:00
Standard,2.2.2.4.13,4.33,Analyze the diverse histories of people who were kidnapped from Western Africa (enslaved people were not a monolith but a diverse group of people who spoke numerous languages and retained various belief systems).,,2023-11-03T00:32:05+00:00
Standard,2.2.2.4.14,4.34,Evaluate the cultural and technological contributions of people of African descent –– both enslaved and free –– across the colonies to American history and society.,,2023-11-03T00:32:05+00:00
Standard,2.2.2.4.15,4.35,Evaluate laws and policies across the colonies –– including the right to vote and slave codes –– to evaluate the extent to which different individual populations have had access to freedom and power.,,2023-11-03T00:32:05+00:00
Standard,2.2.2.4.16,4.36,"Compare the daily lives of different groups of people within colonial society, including women during the 1600s.",,2023-11-03T00:32:05+00:00
Driving Concept,2.2.2.5,,Driving Concept 5: The Creation of a New Nation – The American Revolution and,,2023-11-03T00:32:05+00:00
Standard,2.2.2.5.1,4.37,"Explain the significant events that created tension and contributed to calls from Colonial Americans to take action against Britain (e.g., the Great Awakening, the Sugar Act, the Stamp Act, the Townshend Acts, the Tea Act, the Intolerable Acts.).",,2023-11-03T00:32:05+00:00
Standard,2.2.2.5.2,4.38,"Explain acts of resistance taken by some colonists and the British response to these actions (e.g., boycotts, the Boston Massacre, the Boston Tea Party, the Intolerable Acts).",,2023-11-03T00:32:05+00:00
Standard,2.2.2.5.3,4.39,"Analyze the different perspectives and reactions of people across the Colonies to British actions and revolution (e.g., “Patriots,” “Loyalists,” people from different racial, ethnic, and socioeconomic statuses and different Indigenous Nations).",,2023-11-03T00:32:05+00:00
Standard,2.2.2.5.4,4.40,"Analyze the impact of key battles and historical figures of the American Revolution and the Independence movement, including George Washington, Benjamin Franklin, Thomas Jefferson, James Armistead Lafayette, the First Rhode Island Regiment and the Minutemen.",,2023-11-03T00:32:05+00:00
Standard,2.2.2.5.5,4.41,"Evaluate the legacy of the European American men who became the founders of a new nation, including the contradiction that many of them were champions of independence and freedom, as well as active enslavers.",,2023-11-03T00:32:05+00:00
Standard,2.2.2.5.6,4.42,"Evaluate the ideals of the Declaration of Independence, and assess the opportunities and contradictions of the document.",,2023-11-03T00:32:05+00:00
Standard,2.2.2.5.7,4.43,Analyze the reasons for the creation of the Constitution.,,2023-11-03T00:32:05+00:00
Standard,2.2.2.5.8,4.44,"Evaluate the Constitutional debates about the size and role of a federal government and the compromises that delegates reached in framing the Constitution (e.g., the Three-Fifths Compromise, the Connecticut Compromise).",,2023-11-03T00:32:05+00:00
Standard,2.2.2.5.9,4.45,"Analyze the US Constitution, naming the three branches of government (legislative, executive and judicial), and discuss the concept of checks and balances.",,2023-11-03T00:32:05+00:00
Standard,2.2.2.5.10,4.46,"Explain the role of Congress, including the role of the House of Representatives and the Senate, and its power to make laws.",,2023-11-03T00:32:05+00:00
Standard,2.2.2.5.11,4.47,Explain the role of the president and the executive branch of government and the president’s power to carry out laws.,,2023-11-03T00:32:05+00:00
Standard,2.2.2.5.12,4.48,Explain the role of the courts and the judicial branch of government and their power to evaluate laws.,,2023-11-03T00:32:05+00:00
Standard,2.2.2.5.13,4.49,Compare the structure of the United States’ government with the forms of governments in at least two other countries.,,2023-11-03T00:32:05+00:00
Standard,2.2.2.5.14,4.50,Explain the protections that the Bill of Rights provides to individuals and the importance of these 10 amendments to the ratification of the US Constitution.,,2023-11-03T00:32:05+00:00
Standard,2.2.2.5.15,4.51,"Analyze the political motivations that led to Washington, DC being established as the capital of the United States.",,2023-11-03T00:32:05+00:00
Standard,2.2.2.5.16,4.52,Discuss and form arguments about the factors that affect the credibility of websites about the history or application of the US Constitution when provided with details about a source.,,2023-11-03T00:32:05+00:00
Standard,2.2.2.5.17,4.53,"Analyze the reasons for and impact of the expansion of individual rights in the United States over time, including the right to vote.",,2023-11-03T00:32:05+00:00
Standard,2.2.2.5.18,4.54,Evaluate the creation of the United States and the ways it may serve as an example (both for its strengths and limitations) to other democracies around the world.,,2023-11-03T00:32:05+00:00
Course,2.2.3,,Grade 5: Foundations of the Modern United States,,2023-11-03T00:32:05+00:00
Driving Concept,2.2.3.1,,Driving Concept 1: Inquiry in American History,,2023-11-03T00:32:05+00:00
Standard,2.2.3.1.1,5.1,"Analyze how maps of the United States and surrounding territories created by different peoples between 1776 and the present day convey different ideas about the history of the United States, Indigenous Nations, Mexico, Canada and surrounding territories.",,2023-11-03T00:32:05+00:00
Standard,2.2.3.1.2,5.2,"Compare multiple accounts of one significant event in American history, and analyze the reasons for differences in each account.",,2023-11-03T00:32:05+00:00
Standard,2.2.3.1.3,5.3,"Compare multiple accounts of one significant event in American history, and make a claim about which account is more useful in understanding the past.",,2023-11-03T00:32:05+00:00
Standard,2.2.3.1.4,5.4,"Compare multiple primary source accounts of a significant policy in American history, and make a claim about why different individuals were differently impacted by that policy decision.",,2023-11-03T00:32:05+00:00
Standard,2.2.3.1.5,5.5,Compare different ways individuals and communities have used artistic expressions and acts of joy to resist oppression in American history.,,2023-11-03T00:32:05+00:00
Standard,2.2.3.1.6,5.6,"Describe lateral reading, and discuss the credibility of the source of websites about an event in American history using lateral sources provided by the teacher.",,2023-11-03T00:32:05+00:00
Driving Concept,2.2.3.2,,Driving Concept 2: War and Conquest in the West,,2023-11-03T00:32:05+00:00
Standard,2.2.3.2.1,5.7,"Evaluate historical perspectives about US imperial expansion, including Manifest Destiny and American exceptionalism, from multiple perspectives, including Indigenous Nations and peoples in the Pacific, Caribbean, Asia and Americas.",,2023-11-03T00:32:05+00:00
Standard,2.2.3.2.2,5.8,"Compare and contrast maps of Indigenous Nations and land at the start of each century from 1700 to the present, with a special focus on areas west of the Mississippi River.",,2023-11-03T00:32:05+00:00
Standard,2.2.3.2.3,5.9,Use primary sources and Indigenous histories to explain the causes and consequences of significant events in the territorial conquest of sovereign Indigenous Nations territories between 1781 and 1877 including but not limited to the Louisiana Purchase and the Trail of Tears.,,2023-11-03T00:32:05+00:00
Standard,2.2.3.2.4,5.10,"Using primary sources, evaluate the legacy of American settlers, including the treatment of Indigenous Nations during the Lewis and Clark expedition and resistance to settler colonialism.",,2023-11-03T00:32:05+00:00
Standard,2.2.3.2.5,5.11,Analyze the experiences and legacies of Black Americans in the Northwest Territory.,,2023-11-03T00:32:05+00:00
Standard,2.2.3.2.6,5.12,"Describe the causes of the Texas Independence movement and Mexican-American War from the perspective of Tejanos, enslaved Texans, Mexicans, American settlers and Indigenous Nations, with a focus on the impact of these events on individual lived experiences.",,2023-11-03T00:32:05+00:00
Standard,2.2.3.2.7,5.13,"Explain Indigenous resistance to territorial invasion, cultural and religious assimilation, and attack, including efforts to maintain sovereignty and independence (e.g., Geronimo, the Battle of Little Bighorn, Ghost Dance movement).",,2023-11-03T00:32:05+00:00
Standard,2.2.3.2.8,5.14,"Evaluate the environmental impact that settler colonialism had on the Great Plains region, West Coast, Northwest, and Southwest between the 19th and 20th centuries.",,2023-11-03T00:32:05+00:00
Standard,2.2.3.2.9,5.15,"Analyze the lived experiences of different immigrant communities between 1850 and 1900 (e.g., religious minority, Irish, German, Mexican, Italian, British, Southeast Asian, Chinese, and Japanese communities).",,2023-11-03T00:32:05+00:00
Standard,2.2.3.2.10,5.16,"Describe the motivations and lived experiences of people who migrated to the West in the 19th century, including Asian and African Americans.",,2023-11-03T00:32:05+00:00
Standard,2.2.3.2.11,5.17,"Compare the different artistic, cultural, political, and spiritual traditions of current-day Indigenous peoples and how those practices and ways of life persevered and still thrive today, including Two-Spirit identities.",,2023-11-03T00:32:05+00:00
Driving Concept,2.2.3.3,,Driving Concept 3: Enslavement and Resistance,,2023-11-03T00:32:05+00:00
Standard,2.2.3.3.1,5.18,"Explain the importance of language when discussing challenging topics (e.g., “enslaved person” rather than “slave”).",,2023-11-03T00:32:05+00:00
Standard,2.2.3.3.2,5.19,"Explain that white enslavers adopted and spread false beliefs about racial inferiority, and evaluate the impact of that ideology today.",,2023-11-03T00:32:05+00:00
Standard,2.2.3.3.3,5.20,"Describe how enslaved Africans in early America used religion, writing, speeches, rebellion, sabotage and maroon communities as resistance against the institution of chattel slavery.",,2023-11-03T00:32:05+00:00
Standard,2.2.3.3.4,5.21,"Evaluate how enslaved Africans practiced religion covertly through singing spirituals in the fields, gathering in hush harbors on Sundays for ring shouts, and fusions of Protestant Christianity and African-based spiritualities like Vodoun and hoodoo.",,2023-11-03T00:32:05+00:00
Standard,2.2.3.3.5,5.23,"Compare and evaluate the strategies of abolitionists Venture Smith, Nat Turner, and Olaudah Equiano.",,2023-11-03T00:32:05+00:00
Standard,2.2.3.3.6,5.24,Compare and contrast how the system of slavery operated in the North and the South.,,2023-11-03T00:32:05+00:00
Standard,2.2.3.3.7,5.25,Discuss how the experience of enslaved people differed based on geographic location and labor performed.,,2023-11-03T00:32:05+00:00
Standard,2.2.3.3.8,5.26,"Explain how some contemporary music forms including but not limited to gospel, blues, and rock and roll, trace their roots to enslaved people.",,2023-11-03T00:32:05+00:00
Standard,2.2.3.3.9,5.27,"Describe how the Underground Railroad developed in the United States, including the work of activists from the District of Columbia in assisting enslaved people fleeing to the North.",,2023-11-03T00:32:05+00:00
Driving Concept,2.2.3.4,,Driving Concept 4: Civil War,,2023-11-03T00:32:05+00:00
Standard,2.2.3.4.1,5.28,Explain how territorial expansion and key events between the Constitutional Convention and the attack on Fort Sumter ultimately led to the Civil War.,,2023-11-03T00:32:05+00:00
Standard,2.2.3.4.2,5.29,"Explain that arguments about slavery, especially the expansion of the slave system into new territories, caused secession and the Civil War.",,2023-11-03T00:32:05+00:00
Standard,2.2.3.4.3,5.30,"Analyze the impact of abolitionists on the fight for freedom, including reformers Frederick Douglass, William Lloyd Garrison, Harriet Beecher Stowe, Harriet Tubman, Sojourner Truth, Martin Delany and John Brown.",,2023-11-03T00:32:05+00:00
Standard,2.2.3.4.4,5.31,Analyze how economic pressures related to the slave economy determined whether states remained with the Union or joined the Confederacy.,,2023-11-03T00:32:05+00:00
Standard,2.2.3.4.5,5.32,Identify at least two major Civil War battles and their effects on the outcome of the war.,,2023-11-03T00:32:05+00:00
Standard,2.2.3.4.6,5.33,"Evaluate why many Black soldiers fought for the Union Army, but Indigenous soldiers fought for both the Confederacy and the Union.",,2023-11-03T00:32:05+00:00
Standard,2.2.3.4.7,5.34,Evaluate the impact and legacy of the Gettysburg Address and the Emancipation Proclamation.,,2023-11-03T00:32:05+00:00
Standard,2.2.3.4.8,5.35,"Evaluate the political and social impact of the end of the Civil War and the assassination of Abraham Lincoln on different individuals in America, including the experiences of emancipation.",,2023-11-03T00:32:05+00:00
Standard,2.2.3.4.9,5.36,Use primary and secondary sources to analyze emancipation in Texas and subsequent efforts to memorialize emancipation.,,2023-11-03T00:32:05+00:00
Driving Concept,2.2.3.5,,Driving Concept 5: Reconstruction and the Early Struggle for Equality,,2023-11-03T00:32:05+00:00
Standard,2.2.3.5.1,5.37,"Evaluate the impact of the 13th, 14th and 15th Amendments on the lived experiences of formerly enslaved persons in the South, including the promise and shortcomings of each amendment.",,2023-11-03T00:32:05+00:00
Standard,2.2.3.5.2,5.38,"Analyze the early political successes of the Reconstruction era, including the election of approximately 2,000 Black Americans to local, state and national office.",,2023-11-03T00:32:05+00:00
Standard,2.2.3.5.3,5.39,"Explain the grassroots efforts by Black Americans to gain access to the American economy, political institutions, and social equality.",,2023-11-03T00:32:05+00:00
Standard,2.2.3.5.4,5.40,"Analyze the lived experiences of Black citizens after the Civil War and how laws passed after the end of slavery, such as the “Black Codes,” impacted Black Americans’ ability to work, vote and move in public spaces.",,2023-11-03T00:32:05+00:00
Standard,2.2.3.5.5,5.41,"Explain how white supremacist groups founded in the aftermath of emancipation, such as the Ku Klux Klan, enacted terror against Black people and also Jewish, Catholic, Latinx and Asian American communities.",,2023-11-03T00:32:05+00:00
Standard,2.2.3.5.6,5.42,Evaluate the reasons for and impact of the Great Migration.,,2023-11-03T00:32:05+00:00
Standard,2.2.3.5.7,5.43,"Analyze the rise in Black art, music, literature, businesses and queer culture in the Black Renaissance period including but not limited to Harlem and DC (e.g., Black Broadway).",,2023-11-03T00:32:05+00:00
Driving Concept,2.2.3.6,,Driving Concept 6: World War II and Postwar US,,2023-11-03T00:32:05+00:00
Standard,2.2.3.6.1,5.44,"Explain the causes of World War II and the rise of fascism in Italy and Germany, and explain how bias and prejudice led to the scapegoating of marginalized groups in Europe, including Jewish, Romani, Slavic, disabled, Jehovah’s Witness and LGBTQ+ communities.",,2023-11-03T00:32:05+00:00
Standard,2.2.3.6.2,5.45,"Describe the causes and consequences of major events of World War II, including Pearl Harbor, D-Day and the decision to drop atomic bombs on Japan.",,2023-11-03T00:32:05+00:00
Standard,2.2.3.6.3,5.46,"Analyze changes at home as the US mobilized for and entered World War II, including social, economic, and political wartime opportunities for women and communities of color (e.g., women of color as riveters and war material assembly workers, Japanese American interpreters, Navajo coders, Tuskegee Airmen).",,2023-11-03T00:32:05+00:00
Standard,2.2.3.6.4,5.47,"Using primary sources from the perspective of American citizens of Japanese descent, analyze the struggles and resistance of those who were incarcerated during World War II.",,2023-11-03T00:32:05+00:00
Standard,2.2.3.6.5,5.48,"Compare the different experiences of servicemembers when they returned to the United States after the war, including white, Black, Latinx, Indigenous, LGBTQ+ and Asian American servicemen.",,2023-11-03T00:32:05+00:00
Driving Concept,2.2.3.7,,Driving Concept 7: The Long Civil Rights Movement,,2023-11-03T00:32:05+00:00
Standard,2.2.3.7.1,5.49,"Analyze the work of activists, including but not limited to Ida B. Wells, W.E.B. Du Bois, and A. Philip Randolph, and grassroots acts of resistance following the end of slavery through the 20th century to determine when the Civil Rights Movement began.",,2023-11-03T00:32:05+00:00
Standard,2.2.3.7.2,5.50,"Evaluate the impact of Tape v. Hurley, Plessy v. Ferguson, Piper v. Big Pine School, Mendez v. Westminster and Brown v. Board of Education on school segregation and the movement for equality.",,2023-11-03T00:32:05+00:00
Standard,2.2.3.7.3,5.51,"Evaluate different strategies for resistance to Jim Crow laws in the South in the 20th century, such as boycotts, legal battles and direct action organized by grassroots groups such as the Student Nonviolent Coordinating Committee (SNCC), the Southern Christian Leadership Conference (SCLC) and the Congress for Racial Equality (CORE).",,2023-11-03T00:32:05+00:00
Standard,2.2.3.7.4,5.52,"Evaluate the reasons for and resistance to segregation in the North and West, including the impact of redlining and uprisings.",,2023-11-03T00:32:05+00:00
Standard,2.2.3.7.5,5.53,"Evaluate the impact of key moments and figures in the fight for Black equality and voting rights including but not limited to the Montgomery Bus Boycott, Freedom Rides, sit-in protests, the Little Rock Nine and the March on Washington.",,2023-11-03T00:32:05+00:00
Standard,2.2.3.7.6,5.54,"Compare the efforts and impact of diverse groups and organizations inspired by the African American Civil Rights movement to address inequalities in American society including but not limited to the gay rights movement, the Stonewall Uprising, the American Indian Movement (AIM), the United Farm Workers, the Women’s Liberation Movement, the Asian American Movement, the Disability Rights Movement, the Chicano Movement and Latinx resistance.",,2023-11-03T00:32:05+00:00
Standard,2.2.3.7.7,5.55,Evaluate the impact and influence of historical movements for justice and equality on modern social movements and organizations.,,2023-11-03T00:32:05+00:00
Standard,2.2.3.7.8,5.56,"Analyze methods of impacting political change, and develop a plan for taking action to address an issue of local, national, or global concern.",,2023-11-03T00:32:05+00:00
Grade Band,2.3,,6-8 Standards,,2023-11-03T00:32:05+00:00
Course,2.3.1,,Grade 6: World Geography,,2023-11-03T00:32:05+00:00
Driving Concept,2.3.1.1,,Driving Concept 1: The Power of Maps,,2023-11-03T00:32:05+00:00
Standard,2.3.1.1.1,6.1,"Analyze the impact of the perspective of common map projections on understanding world geography, and explain how maps can convey a point of view.",,2023-11-03T00:32:05+00:00
Standard,2.3.1.1.2,6.2,Analyze how the environment and physical geography shape human behaviors and identities.,,2023-11-03T00:32:05+00:00
Standard,2.3.1.1.3,6.3,"Evaluate the ways in which continents are divided, and develop a claim about the strengths and limitations of the current approach.",,2023-11-03T00:32:05+00:00
Standard,2.3.1.1.4,6.4,"Describe the purpose, creation, evolution and role of international borders, and evaluate the impact of the creation of a specific border.",,2023-11-03T00:32:05+00:00
Standard,2.3.1.1.5,6.5,Explain how terms and language used to describe different regions and nations can influence our understanding of those places and the people who live there.,,2023-11-03T00:32:05+00:00
Standard,2.3.1.1.6,6.6,"Evaluate the strengths and limitations of different geographic tools, data sets and primary sources for understanding the lived experiences of individuals in different parts of the world.",,2023-11-03T00:32:05+00:00
Driving Concept,2.3.1.2,,Driving Concept 2: Africa,,2023-11-03T00:32:05+00:00
Standard,2.3.1.2.1,6.7,Analyze different geographic representations of Africa created by different groups of people over time to support claims about African history and geography.,,2023-11-03T00:32:05+00:00
Standard,2.3.1.2.2,6.8,"Analyze maps of Africa that represent a variety of environmental (e.g., landforms, bodies of water, natural resources) and cultural characteristics (e.g., languages, religions) to assess geographic patterns on the continent.",,2023-11-03T00:32:05+00:00
Standard,2.3.1.2.3,6.9,"Use physical, cultural and economic maps to draw regions on the African continent, and compare these regions to existing economic communities.",,2023-11-03T00:32:05+00:00
Standard,2.3.1.2.4,6.10,Evaluate the reasons for patterns of conflict and cooperation between at least two countries or regions of Africa including the impact of colonialism.,,2023-11-03T00:32:05+00:00
Standard,2.3.1.2.5,6.11,"Evaluate the impact of climate change on people in at least one region, country, or city within Africa.",,2023-11-03T00:32:05+00:00
Standard,2.3.1.2.6,6.12,"Explain how population distribution, natural resources and the history of at least one country or region within Africa have impacted land use over time.",,2023-11-03T00:32:05+00:00
Standard,2.3.1.2.7,6.13,"Analyze geographic data to explain the reasons for the voluntary and forced migration of people within, from, and/or to at least one country, region or city within Africa over time.",,2023-11-03T00:32:05+00:00
Standard,2.3.1.2.8,6.14,Analyze the reasons for and development of the African diaspora.,,2023-11-03T00:32:05+00:00
Standard,2.3.1.2.9,6.15,"Analyze cultural, political and economic forces that impact urbanization in at least one city in Africa, and evaluate the impact of these forces on the structure of that city.",,2023-11-03T00:32:05+00:00
Standard,2.3.1.2.10,6.16,"Analyze at least one cultural element of a country located in Africa (e.g., art, literature, music, dance, cuisine, philosophy, religious or political thought), including its local significance and influence on other societies.",,2023-11-03T00:32:05+00:00
Standard,2.3.1.2.11,6.17,"Identify ways that global climate policy could impact equitable access to economic, social and public health opportunities for at least one group of people in Africa.",,2023-11-03T00:32:05+00:00
Standard,2.3.1.2.12,6.18,"Identify a Sustainable Development Goal (SDG), and assess options for individual and/or collective action to address the causes and impacts of a challenge facing a region, city or country in Africa.",,2023-11-03T00:32:05+00:00
Driving Concept,2.3.1.3,,Driving Concept 3: Asia,,2023-11-03T00:32:05+00:00
Standard,2.3.1.3.1,6.19,Analyze different geographic representations of Asia created by different groups of people over time to support claims about Asian history and geography.,,2023-11-03T00:32:05+00:00
Standard,2.3.1.3.2,6.20,"Analyze maps of Asia that represent a variety of environmental (e.g., landforms, bodies of water, natural resources) and cultural (e.g., languages, religions) characteristics to assess geographic patterns on the continent.",,2023-11-03T00:32:05+00:00
Standard,2.3.1.3.3,6.21,"Use physical, cultural, and economic maps to draw regions on the Asian continent, and compare these to the existing regional economic communities.",,2023-11-03T00:32:05+00:00
Standard,2.3.1.3.4,6.22,Evaluate the reasons for patterns of conflict and cooperation among at least two countries or regions within Asia.,,2023-11-03T00:32:05+00:00
Standard,2.3.1.3.5,6.23,"Assess the ways in which changes in land use over time have impacted the economy, ecology, population, exposure to disease or climate change in one region, country or city within Asia.",,2023-11-03T00:32:05+00:00
Standard,2.3.1.3.6,6.24,Assess how the environmental characteristics of Asia influenced the economic development of at least one region or country within Asia and the region’s or country’s role in global trade patterns over time.,,2023-11-03T00:32:05+00:00
Standard,2.3.1.3.7,6.25,"Analyze cultural, political, and economic forces that affect urbanization in at least one city in Asia, and evaluate the impact of these forces on the structure of that city.",,2023-11-03T00:32:05+00:00
Standard,2.3.1.3.8,6.26,"Analyze the impact of climate change on at least one region, country or city in Asia.",,2023-11-03T00:32:05+00:00
Standard,2.3.1.3.9,6.27,"Evaluate the reasons for and the impact of the migration of people within, from and/or to one region or country within Asia over time.",,2023-11-03T00:32:05+00:00
Standard,2.3.1.3.10,6.28,Explain how changes in transportation and communication technology have influenced the connections between people and affected the spread of at least one idea or cultural practice within Asia and between Asia and other regions.,,2023-11-03T00:32:05+00:00
Standard,2.3.1.3.11,6.29,"Analyze at least one cultural element of a country located in Asia (e.g., art, literature, music, dance, cuisine, philosophy, religious or political thought), including its local significance and influence on other societies.",,2023-11-03T00:32:05+00:00
Standard,2.3.1.3.12,6.30,"Identify Sustainable Development Goal (SDG), and assess options for individual and/or collective action to address the causes and impacts of a challenge facing a region, city or country in Asia.",,2023-11-03T00:32:05+00:00
Driving Concept,2.3.1.4,,Driving Concept 4: South America and the Caribbean,,2023-11-03T00:32:05+00:00
Standard,2.3.1.4.1,6.31,Analyze different geographic representations of South America and the Caribbean created by different groups of people over time to support claims about South American and Caribbean history and geography.,,2023-11-03T00:32:05+00:00
Standard,2.3.1.4.2,6.32,"Analyze maps of South America and the Caribbean that represent a variety of environmental (e.g., landforms, bodies of water, natural resources) and cultural (e.g., languages, religions) characteristics to assess geographic patterns on the continent.",,2023-11-03T00:32:05+00:00
Standard,2.3.1.4.3,6.33,"Use physical, cultural and economic maps to draw regions in South America and the Caribbean, and compare these to the existing region's economic communities.",,2023-11-03T00:32:05+00:00
Standard,2.3.1.4.4,6.34,Evaluate the reasons for patterns of conflict and cooperation among at least two countries or regions within South America and the Caribbean.,,2023-11-03T00:32:05+00:00
Standard,2.3.1.4.5,6.35,"Assess the ways in which changes in land use over time have impacted the economy, ecology, population, exposure to disease or climate change in one region, country or city within South American and the Caribbean.",,2023-11-03T00:32:05+00:00
Standard,2.3.1.4.6,6.36,"Evaluate the influences of long-term, human-induced climate change on patterns of conflict, cooperation and migration on one region, country or city within South America and the Caribbean.",,2023-11-03T00:32:05+00:00
Standard,2.3.1.4.7,6.37,"Analyze the reasons for and consequences of the migration of people within, from and/or to one region or country in South America and the Caribbean over time, and assess the impact of migration on the region.",,2023-11-03T00:32:05+00:00
Standard,2.3.1.4.8,6.38,"Analyze cultural, political, and economic forces that affect urbanization in at least one city in South America and the Caribbean, and evaluate the impact of these forces on the structure of that city.",,2023-11-03T00:32:05+00:00
Standard,2.3.1.4.9,6.39,"Analyze at least one cultural element of a country located in South America and the Caribbean (e.g., art, literature, music, dance, cuisine, philosophy, religious or political thought), including its local significance and influence on other societies.",,2023-11-03T00:32:05+00:00
Standard,2.3.1.4.10,6.40,"Identify a Sustainable Development Goal (SDG) and assess options for individual and/or collective action to address the causes and impacts of challenges facing a region, city or country in South America or the Caribbean.",,2023-11-03T00:32:05+00:00
Driving Concept,2.3.1.5,,Driving Concept 5: Europe,,2023-11-03T00:32:05+00:00
Standard,2.3.1.5.1,6.41,Analyze different geographic representations of Europe created by different groups of people over time to support claims about European history and geography.,,2023-11-03T00:32:05+00:00
Standard,2.3.1.5.2,6.42,"Analyze maps of Europe that represent a variety of environmental (e.g., landforms, bodies of water, natural resources) and cultural (e.g., languages, borders, religions) characteristics to assess geographic patterns on the continent.",,2023-11-03T00:32:05+00:00
Standard,2.3.1.5.3,6.43,"Use physical, cultural and economic maps to draw regions in Europe, and compare these to the existing region's economic communities.",,2023-11-03T00:32:05+00:00
Standard,2.3.1.5.4,6.44,"Assess the ways in which changes in land use over time have impacted the economy, ecology, population, exposure to disease or climate change in one region, country or city within Europe.",,2023-11-03T00:32:05+00:00
Standard,2.3.1.5.5,6.45,"Analyze the reasons for and the consequences of the migration of people within, from and/or to one region or country within Europe over time, and assess the impact of migration on the region.",,2023-11-03T00:32:05+00:00
Standard,2.3.1.5.6,6.46,"Analyze cultural, political and economic forces that impact urbanization in at least one city in Europe, and evaluate the impact of these forces on the structure of that city.",,2023-11-03T00:32:05+00:00
Standard,2.3.1.5.7,6.47,"Analyze at least one cultural element of a country located in Europe (e.g., art, literature, music, dance, cuisine, philosophy, religious or political thought), including its local significance and influence on other societies.",,2023-11-03T00:32:05+00:00
Standard,2.3.1.5.8,6.48,"Identify a Sustainable Development Goal (SDG), and assess options for individual and/or collective action to address the causes and impacts of challenges facing a region, city or country in Europe.",,2023-11-03T00:32:05+00:00
Driving Concept,2.3.1.6,,Driving Concept 6: North America,,2023-11-03T00:32:05+00:00
Standard,2.3.1.6.1,6.49,Analyze different geographic representations of North America created by different groups of people over time to support claims about North American history and geography.,,2023-11-03T00:32:05+00:00
Standard,2.3.1.6.2,6.50,"Analyze maps of North America that represent a variety of environmental (e.g., landforms, bodies of water, natural resources) and cultural characteristics (e.g., languages, religions) to assess geographic patterns on the continent.",,2023-11-03T00:32:05+00:00
Standard,2.3.1.6.3,6.51,"Assess the ways in which changes in land use over time have impacted the economy, ecology, population, exposure to disease or climate change in one region, country or city within North America.",,2023-11-03T00:32:05+00:00
Standard,2.3.1.6.4,6.52,"Analyze the reasons for and consequences of migration of people within, from, and/or to one region or country within North America over time, and assess the impact of migration on the region.",,2023-11-03T00:32:05+00:00
Standard,2.3.1.6.5,6.53,"Analyze cultural, political and economic forces that impact urbanization in at least one city in North America, and evaluate the impact of these forces on the structure of that city.",,2023-11-03T00:32:05+00:00
Standard,2.3.1.6.6,6.54,Explain how changes in transportation and communication technology influence the connections between people and affect the spread of ideas/or cultural practices within North America and between North America and other regions.,,2023-11-03T00:32:05+00:00
Driving Concept,2.3.1.7,,Driving Concept 7: Oceania,,2023-11-03T00:32:05+00:00
Standard,2.3.1.7.1,6.55,Analyze different geographic representations of Oceania created by different groups of people over time to support claims about the history and geography of Oceania.,,2023-11-03T00:32:05+00:00
Standard,2.3.1.7.2,6.56,"Analyze maps of Oceania that represent a variety of environmental (e.g., landforms, bodies of water, natural resources) and cultural characteristics (e.g., languages, religions) to assess geographic patterns that make up the continent.",,2023-11-03T00:32:05+00:00
Standard,2.3.1.7.3,6.57,"Use physical, cultural and economic maps to draw regions on Oceania, and compare these to the existing region's economic communities.",,2023-11-03T00:32:05+00:00
Standard,2.3.1.7.4,6.58,"Analyze the impact of climate change on at least one region, country or city within Oceania.",,2023-11-03T00:32:05+00:00
Standard,2.3.1.7.5,6.59,"Analyze the reasons for and consequences of the migration of people within, from and/or to at least one region or country within Oceania over time, with specific attention to the role of climate change on migration from Oceania.",,2023-11-03T00:32:05+00:00
Standard,2.3.1.7.6,6.60,Explain how changes in transportation and communication technology influence the connections between people and affect the spread of an idea or cultural practice within Oceania and between Oceania and other regions.,,2023-11-03T00:32:05+00:00
Standard,2.3.1.7.7,6.61,"Identify a Sustainable Development Goal (SDG), and assess options for individual and/or collective action to address the causes and impacts of challenges facing a region, city or country in Oceania.",,2023-11-03T00:32:05+00:00
Driving Concept,2.3.1.8,,Driving Concept 8: Thinking and Acting Globally,,2023-11-03T00:32:05+00:00
Standard,2.3.1.8.1,6.62,"Analyze the various causes of globalization, including advancements in communication and technology.",,2023-11-03T00:32:05+00:00
Standard,2.3.1.8.2,6.63,Evaluate the positive and negative effects of globalization and the differing impact of globalization on at least three regions of the world.,,2023-11-03T00:32:05+00:00
Standard,2.3.1.8.3,6.64,"Identify and explain the human causes and impacts of climate change, including on species extinction, and compare the responses of at least three individuals, groups or governments around the world.",,2023-11-03T00:32:05+00:00
Standard,2.3.1.8.4,6.65,Evaluate the credibility of online sources and claims about climate change using strategies like lateral reading.,,2023-11-03T00:32:05+00:00
Standard,2.3.1.8.5,6.66,Use geographic data to compare citizens access to power and political decision making.,,2023-11-03T00:32:05+00:00
Standard,2.3.1.8.6,6.67,Use maps to analyze global trade markets and to evaluate the spatiality of global supply chains.,,2023-11-03T00:32:05+00:00
Standard,2.3.1.8.7,6.68,"Analyze the characteristics and causes of at least one contemporary issue facing the global community, compare proposals for addressing the issue, and propose a course of action for making change.",,2023-11-03T00:32:05+00:00
Course,2.3.2,,Grade 7: US History I – Indigenous Nations through Reconstruction,,2023-11-03T00:32:05+00:00
Driving Concept,2.3.2.1,,"Driving Concept 1: Indigenous Nations and Early European Colonization: Political, Social,",,2023-11-03T00:32:05+00:00
Standard,2.3.2.1.1,7.1,"Evaluate historical and cultural sources –– archaeological, genetic, and linguistic evidence and Indigenous Nations’ creation stories –– to support claims about the history of early human migration to the Americas.",,2023-11-03T00:32:05+00:00
Standard,2.3.2.1.2,7.2,"Analyze the collection and use of anthropological and archeological evidence, including an analysis of the tension between Western anthropological or archeological practices and Indigenous scientific knowledge, to draw conclusions about Indigenous societies in the Americas.",,2023-11-03T00:32:05+00:00
Standard,2.3.2.1.3,7.3,"Locate and identify Indigenous Nations, tribes and/or communities from the 1400s through the present day on maps.",,2023-11-03T00:32:05+00:00
Standard,2.3.2.1.4,7.4,Compare the different ways Indigenous societies adapted to the land and climate and how they shaped their environments between 1400 and 1600.,,2023-11-03T00:32:05+00:00
Standard,2.3.2.1.5,7.5,"Explain the development of technological and scientific innovations of at least three Indigenous societies between 1400 and
1600.",,2023-11-03T00:32:05+00:00
Standard,2.3.2.1.6,7.6,"Evaluate the agricultural developments and accomplishments of at least three Indigenous societies in the Americas between
1400 and 1600.",,2023-11-03T00:32:05+00:00
Standard,2.3.2.1.7,7.7,"Compare the complex systems of governments of at least three Indigenous societies, including chiefdoms and structures that had democratic characteristics between 1400 and 1600.",,2023-11-03T00:32:05+00:00
Standard,2.3.2.1.8,7.8,"Compare the different cultural, religious and/or spiritual belief systems of early Indigenous societies, with a particular focus on the role of gender and family, including the history of Two-Spirit identities between 1400 and 1600.",,2023-11-03T00:32:05+00:00
Standard,2.3.2.1.9,7.9,"Evaluate European colonists’ ideas about religion and conquest, including the conception of the “New World” between 1400 and 1600.",,2023-11-03T00:32:05+00:00
Standard,2.3.2.1.10,7.10,"Analyze the impact of the arrival of European colonists in the Americas using primary and secondary sources, including population data.",,2023-11-03T00:32:05+00:00
Standard,2.3.2.1.11,7.11,"Compare Indigenous and European perspectives of early contact, with attention to the limitations of using European sources to understand the history and culture of Indigenous Nations.",,2023-11-03T00:32:05+00:00
Standard,2.3.2.1.12,7.12,"Evaluate the impact of the arrival of Europeans from the perspective of Indigenous peoples, including the effects of warfare and diplomacy, the immense loss of life and land, the impact on Indigenous sovereignty, and the role of conquest and disease using primary and secondary sources.",,2023-11-03T00:32:05+00:00
Standard,2.3.2.1.13,7.13,"Analyze the economic and cultural impact of what is often referred to as the “Columbian Exchange,” or the widespread transfer of diseases, commodities, technology, people, animals and ideas as a result of European colonization and interaction with the Americas and other parts of the world.",,2023-11-03T00:32:05+00:00
Standard,2.3.2.1.14,7.14,Assess the ways Indigenous Nations have been portrayed in American history and popular culture and the limitations of such portrayals in understanding the diverse communities that comprise the “Native American” identity.,,2023-11-03T00:32:05+00:00
Driving Concept,2.3.2.2,,Driving Concept 2: Colonization and Revolution (1500-1783),,2023-11-03T00:32:05+00:00
Standard,2.3.2.2.1,7.15,"Analyze how the concepts of whiteness and blackness changed across time and place (e.g., the “one-drop rule,” Benjamin Franklin’s “Observations Concerning the Increase of Mankind,” race in Cuba)",,2023-11-03T00:32:05+00:00
Standard,2.3.2.2.2,7.16,"Compare the economic, religious and political motives that led to the establishment of early, distinct European colonies in the Americas.",,2023-11-03T00:32:05+00:00
Standard,2.3.2.2.3,7.17,"Identify and analyze global trade routes and their impact on the formation of European colonies throughout the Americas –– including North, Central, and South America and the Caribbean –– as well as the impact on African and European society.",,2023-11-03T00:32:05+00:00
Standard,2.3.2.2.4,7.18,"Analyze the reasons for and impact of Spanish colonization and settlement in the Southern and Western United States during the colonial period, including resistance to Spanish colonization by Indigenous Nations.",,2023-11-03T00:32:05+00:00
Standard,2.3.2.2.5,7.19,"Compare the motivations of different groups who settled in the 13 British colonies, and analyze the impact of these differences on the political, demographic, religious and social features of the colonies.",,2023-11-03T00:32:05+00:00
Standard,2.3.2.2.6,7.20,"Analyze the experience, perspectives and identities of Africans who were enslaved: 1) prior to enslavement; 2) during capture and transport in the Middle Passage; and 3) through bondage, including resistance to enslavement and the codification of race as a tool of oppression.",,2023-11-03T00:32:05+00:00
Standard,2.3.2.2.7,7.21,"Analyze the differing lived experiences of early colonists, free Black people, enslaved people, women, religious minorities and indentured servants across the colonies.",,2023-11-03T00:32:05+00:00
Standard,2.3.2.2.8,7.22,Compare the different ways that Indigenous Nations resisted British colonizing forces.,,2023-11-03T00:32:05+00:00
Standard,2.3.2.2.9,7.23,"Evaluate the causes of the social and legal codification of race in the colonial era and the proliferations of a race-based hierarchy, including the impact of Bacon’s Rebellion.",,2023-11-03T00:32:05+00:00
Standard,2.3.2.2.10,7.24,"Analyze the experiences, perspectives and identities of people who were denied access to full rights across the colonies (e.g., enslaved people, women, free Black people, religious minorities), including citizenship, marriage and voting restrictions, and evaluate efforts by those groups to gain access to legal rights.",,2023-11-03T00:32:05+00:00
Standard,2.3.2.2.11,7.25,Compare reasons for and the consequences of different colonial responses to British economic and political policies following the French and Indian War.,,2023-11-03T00:32:05+00:00
Standard,2.3.2.2.12,7.26,"Evaluate the economic, political and ideological reasons for the movement for independence from England, and construct a timeline of key events, including the Stamp Act, Boston Massacre, Boston Tea Party and the Battle at Lexington and Concord.",,2023-11-03T00:32:05+00:00
Standard,2.3.2.2.13,7.27,"Evaluate the contributions of key figures during the Revolutionary era including but not limited to George Washington, John and Abigail Adams, Phillis Wheatley, Benjamin Franklin, Thomas Jefferson and James Armistead Lafayette.",,2023-11-03T00:32:05+00:00
Standard,2.3.2.2.14,7.28,"Use historical context to analyze the ideals contained in the Declaration of Independence, identifying Thomas Jefferson as a main contributor and critiquing the extent to which such ideals have fully applied to the people of the United States –– from the Revolutionary era to today.",,2023-11-03T00:32:05+00:00
Standard,2.3.2.2.15,7.29,"Compare multiple perspectives of participants during the Revolutionary War, including military leaders like George Washington and everyday efforts across colonial society.",,2023-11-03T00:32:05+00:00
Standard,2.3.2.2.16,7.30,Evaluate the reasons for American colonial victory over the British Empire.,,2023-11-03T00:32:05+00:00
Standard,2.3.2.2.17,7.31,"Evaluate the immediate impact of the Revolutionary War on the new country’s domestic and international relations, including the impact of the Treaty of Paris on Indigenous Nations.",,2023-11-03T00:32:05+00:00
Standard,2.3.2.2.18,7.32,"Compare the causes and impacts of the American Revolution to the Haitian Revolution, the French Revolution and Bolivarian revolutions in Latin America.",,2023-11-03T00:32:05+00:00
Standard,2.3.2.2.19,7.33,"Analyze the impact of the American Revolution on the social and political status of different groups in the new nation including but not limited to women, Indigenous Nations, enslaved and free Black Americans, religious minorities, and European Americans of various socioeconomic groups (e.g., rural farmers, Southern planters, urban craftsmen, Northern merchants).",,2023-11-03T00:32:05+00:00
Driving Concept,2.3.2.3,,"Driving Concept 3: A Newly Formed, Diverse Nation: Confederation to Constitution",,2023-11-03T00:32:05+00:00
Standard,2.3.2.3.1,7.34,"Analyze the strengths and weaknesses of the Articles of Confederation, evaluating the competing arguments for and against revision.",,2023-11-03T00:32:05+00:00
Standard,2.3.2.3.2,7.35,"Identify key individuals at the Constitutional Convention, and evaluate the consequences of the compromises that emerged to secure ratification by the states, including the distribution of political power, rights of the states and the makeup of the Senate and Electoral College.",,2023-11-03T00:32:05+00:00
Standard,2.3.2.3.3,7.36,"Evaluate the issue of slavery at the Constitutional Convention through primary and secondary sources, analyzing the attempted rationale and implications of its protection in the Constitution, including how the decision reinforced the institution of slavery and the power of states in which slavery was prevalent.",,2023-11-03T00:32:05+00:00
Standard,2.3.2.3.4,7.37,"Explain the structure, power and function of the federal government created by the Constitution, including key constitutional principles such as the division of power between federal and state government, the creation of checks and balances, the sovereignty of the people, limited government, and judicial independence.",,2023-11-03T00:32:05+00:00
Standard,2.3.2.3.5,7.38,"Evaluate the arguments of the Federalists and the Anti-Federalists, including a focus on individual rights and the size of the republic, and explain how historical context shaped these arguments.",,2023-11-03T00:32:05+00:00
Standard,2.3.2.3.6,7.39,"Compare the US Constitution to the Articles of Confederation, the Haudenosaunee Confederacy and the British Government by examining government structure and power, as well as individual rights and liberties.",,2023-11-03T00:32:05+00:00
Standard,2.3.2.3.7,7.40,"Evaluate the reasons for the creation of the Bill of Rights, and determine the extent to which the fundamental liberties ensured by the Bill of Rights were equitably and fairly applied to people within the United States.",,2023-11-03T00:32:05+00:00
Standard,2.3.2.3.8,7.41,"Analyze the political debate regarding the location of the national capital, the compromise that led to the establishment of the District of Columbia and the consequences for DC residents.",,2023-11-03T00:32:05+00:00
Standard,2.3.2.3.9,7.42,"Analyze the presidency and legacy of George Washington, including his legacy as an enslaver and as a leader who voluntarily relinquished political power.",,2023-11-03T00:32:05+00:00
Standard,2.3.2.3.10,7.43,"Analyze the daily lives of those who were not allowed to participate in the formation of the US government or were denied access to civil rights, such as voting and/or citizenship using primary sources (e.g., the writings of Olaudah Equiano and Harriet Jacobs).",,2023-11-03T00:32:05+00:00
Standard,2.3.2.3.11,7.44,Analyze the international and domestic disputes that shaped the formation of early political parties such as the Federalists and the Democratic-Republicans and the short-and long-term significance of these disputes.,,2023-11-03T00:32:05+00:00
Standard,2.3.2.3.12,7.45,"Evaluate the causes and impacts of at least one rebellion led by enslaved individuals in the 18th or early 19th century (e.g., the Stono Rebellion, Nat Turner’s Rebellion, Denmark Vesey’s Rebellion).",,2023-11-03T00:32:05+00:00
Standard,2.3.2.3.13,7.46,"Evaluate the legacy of the presidential elections of 1800, 1876, 2000 and 2020 to evaluate the significance of peaceful transfers of power and their impact on democratic ideals.",,2023-11-03T00:32:05+00:00
Standard,2.3.2.3.14,7.47,"Analyze the social and political changes during the Jacksonian era, including the expansion of voting rights, from multiple perspectives and evaluate the legacy of these changes.",,2023-11-03T00:32:05+00:00
Driving Concept,2.3.2.4,,Driving Concept 4: Invasion and Control: Conquest of the Nation (1800-1860),,2023-11-03T00:32:05+00:00
Standard,2.3.2.4.1,7.48,"Assess the extent to which perspectives toward American territorial expansion, including Manifest Destiny and Indigenous resistance, changed over time, including an understanding that the removal of Indigenous Nations was not inevitable.",,2023-11-03T00:32:05+00:00
Standard,2.3.2.4.2,7.49,"Compare and evaluate the different ways in which the United States acquired territory from 1800 to 1860, including an evaluation of the Louisiana Purchase.",,2023-11-03T00:32:05+00:00
Standard,2.3.2.4.3,7.50,"Evaluate the reasons different individuals, including Federalists, Abolitionists and Democratic-Republicans, supported and opposed American territorial expansion.",,2023-11-03T00:32:05+00:00
Standard,2.3.2.4.4,7.51,Analyze the experiences of free Black communities in the American Northwest.,,2023-11-03T00:32:05+00:00
Standard,2.3.2.4.5,7.52,"Compare and evaluate the actions taken and rationales provided by the United States government to acquire western or Indigenous territory in the 1800s, with particular attention given to the policies and campaigns of President Andrew Jackson and the consequences such actions had on the land and people.",,2023-11-03T00:32:05+00:00
Standard,2.3.2.4.6,7.53,Analyze the perspectives and actions (both adaptation and resistance) of Indigenous Nations in response to territorial invasion between 1800 and 1860 using primary and secondary sources.,,2023-11-03T00:32:05+00:00
Standard,2.3.2.4.7,7.54,"Evaluate the causes and consequences of the Mexican-American War, with specific attention to the impact of the war and the Treaty of Guadalupe-Hidalgo.",,2023-11-03T00:32:05+00:00
Standard,2.3.2.4.8,7.55,"Evaluate the impact of territorial expansion, immigration, and Northern industrialization on the institution of slavery and American politics.",,2023-11-03T00:32:05+00:00
Driving Concept,2.3.2.5,,Driving Concept 5: Emerging Social Movements (1800-1877),,2023-11-03T00:32:05+00:00
Standard,2.3.2.5.1,7.56,"Use charts, graphs and data to evaluate the impact of the institution of slavery on the economic growth of the United States between 1800 and 1861, with a particular focus on the impact of the invention of the cotton gin.",,2023-11-03T00:32:05+00:00
Standard,2.3.2.5.2,7.57,Analyze the complex and varied lives and experiences of enslaved people and free Black Americans between 1800-1877.,,2023-11-03T00:32:05+00:00
Standard,2.3.2.5.3,7.58,"Evaluate the growth and international context of the Abolitionist movement, including the effectiveness of various tactics and leaders by analyzing primary and secondary sources –– including the perspectives of abolitionists such as Sojourner Truth, Harriet Tubman, Elizabeth Freeman, Henry Highland Garnet and Frederick Douglass.",,2023-11-03T00:32:05+00:00
Standard,2.3.2.5.4,7.59,"Evaluate the reasons for Asian and European immigration to the United States, the political, social and economic opportunities and challenges faced by Asian and European immigrants, and the ways individuals demonstrated resilience between
1800-1877.",,2023-11-03T00:32:05+00:00
Standard,2.3.2.5.5,7.60,"Evaluate the political, social, and economic opportunities and challenges faced by Indigenous Nations, Mexicans and Genizaros living in land incorporated into America after 1848.",,2023-11-03T00:32:05+00:00
Standard,2.3.2.5.6,7.61,"Compare gender rights and roles in different geographic regions and communities within the United States, and evaluate the goals and tactics of the women’s suffrage movement.",,2023-11-03T00:32:05+00:00
Standard,2.3.2.5.7,7.62,"Analyze societal confines and constraints within social reform movements of the 19th century, including the role of gender, sexuality, religion and race.",,2023-11-03T00:32:05+00:00
Driving Concept,2.3.2.6,,Driving Concept 6: The Civil War,,2023-11-03T00:32:05+00:00
Standard,2.3.2.6.1,7.63,Evaluate the impact of territorial expansion and the conflict over the expansion of slavery on sectional tensions between Northern and Southern states.,,2023-11-03T00:32:05+00:00
Standard,2.3.2.6.2,7.64,"Use primary sources to evaluate the reasons for the start of the Civil War, including the decision of Southern states to secede from the United States to protect the institution of slavery.",,2023-11-03T00:32:05+00:00
Standard,2.3.2.6.3,7.65,"Use primary sources to analyze the Union rationale for the Civil War, including the perspectives of Frederick Douglass, abolitionists, and Northerners who were not pro-abolition.",,2023-11-03T00:32:05+00:00
Standard,2.3.2.6.4,7.66,"Compare the Union and Confederate approaches to the war, including how strategy, resources, technology and international support shaped its course and outcome.",,2023-11-03T00:32:05+00:00
Standard,2.3.2.6.5,7.67,"Evaluate the role of women, civilians, free Black Americans, religious minorities and Indigenous Nations in the Civil War.",,2023-11-03T00:32:05+00:00
Standard,2.3.2.6.6,7.68,"Use context to assess the reasons for Abraham Lincoln’s issuance of the Emancipation Proclamation, evaluating its short- and long-term impact.",,2023-11-03T00:32:05+00:00
Standard,2.3.2.6.7,7.69,Analyze the methods of abolition and emancipation undertaken by enslaved people during the Civil War.,,2023-11-03T00:32:05+00:00
Standard,2.3.2.6.8,7.70,Evaluate the credibility of websites about the Civil War using lateral reading,,2023-11-03T00:32:05+00:00
Driving Concept,2.3.2.7,,Driving Concept 7: Unresolved: The Reconstruction Era (1865-1877),,2023-11-03T00:32:05+00:00
Standard,2.3.2.7.1,7.71,"Evaluate the impact of the 13th, 14th and 15th Amendments on the lived experiences of Black Americans, including the extent to which each amendment expanded freedom and constitutional protections for Black Americans.",,2023-11-03T00:32:05+00:00
Standard,2.3.2.7.2,7.72,"Compare different federal approaches toward and policies of Reconstruction (e.g., Abraham Lincoln, Andrew Johnson and Congressional Republicans), evaluating their rationale and impact.",,2023-11-03T00:32:05+00:00
Standard,2.3.2.7.3,7.73,"Explain the impact of grassroots efforts by Black Americans to gain access to land, public education and fair labor and participate in political, economic and legal systems (including voting) on reconstituting a multiracial, democratic society.",,2023-11-03T00:32:05+00:00
Standard,2.3.2.7.4,7.74,"Use primary and secondary sources to analyze the means by which formerly enslaved persons created new lives for themselves in the South, North and West following the legal end of slavery.",,2023-11-03T00:32:05+00:00
Standard,2.3.2.7.5,7.75,"Evaluate the reasons for and tactics of challenges to federal initiatives begun during Reconstruction, and assess their shortand long-term effects using primary and secondary sources.",,2023-11-03T00:32:05+00:00
Standard,2.3.2.7.6,7.76,Analyze the rise of white supremacy and racial violence during Reconstruction – including incidents of mass violence – and the impact of “Black Codes” on Black Americans.,,2023-11-03T00:32:05+00:00
Standard,2.3.2.7.7,7.77,"Analyze American military actions against Indigenous Nations during the Civil War and Reconstruction, and the impact of the Civil War on the sovereignty of Indigenous Nations.",,2023-11-03T00:32:05+00:00
Standard,2.3.2.7.8,7.78,"Analyze the legacy of unresolved challenges facing the nation after the Compromise of 1877, including the continued impact of the Reconstruction era on American democracy.",,2023-11-03T00:32:05+00:00
Standard,2.3.2.7.9,7.79,"Analyze continued efforts of Black Americans to access political, social and economic equality in the South following 1877, including an analysis of Plessy v. Ferguson and the impact of “separate but equal”.",,2023-11-03T00:32:05+00:00
Standard,2.3.2.7.10,7.80,Evaluate the origins and consequences of conflicting narratives about the Civil War and Reconstruction.,,2023-11-03T00:32:05+00:00
Course,2.3.3,,Grade 8: Action Civics,,2023-11-03T00:32:05+00:00
Driving Concept,2.3.3.1,,Driving Concept 1: The Role of Government in Society,,2023-11-03T00:32:05+00:00
Standard,2.3.3.1.1,8.1,Evaluate and compare competing ideas for the purpose of government and the role of the people across three different countries or Indigenous Nations.,,2023-11-03T00:32:05+00:00
Standard,2.3.3.1.2,8.2,"Use excerpts from documents that shape constitutional democracy in the United States, such as the Declaration of Independence, the Preamble to the Constitution, and the Federalist Papers, to analyze principles about the role of the government.",,2023-11-03T00:32:05+00:00
Standard,2.3.3.1.3,8.3,"Evaluate major tensions within the United States’ constitutional democracy, including majority rule and individual rights, liberty and security, civil disobedience and the rule of law, local versus federal control, and the size and scope of the federal government.",,2023-11-03T00:32:05+00:00
Standard,2.3.3.1.4,8.4,"Analyze the historical and philosophical influences on the creation of the American government, including the role of race, gender, religion and socioeconomic status.",,2023-11-03T00:32:05+00:00
Standard,2.3.3.1.5,8.5,Evaluate how the role of the US federal government has expanded and contracted over time.,,2023-11-03T00:32:05+00:00
Standard,2.3.3.1.6,8.6,"Analyze explicit liberties guaranteed by the US Constitution, and explain how these liberties have been used to influence the role and purpose of government.",,2023-11-03T00:32:05+00:00
Standard,2.3.3.1.7,8.7,"Analyze the role of the Washington, DC government over time, including its power to enact local policies to address economic, social and political problems.",,2023-11-03T00:32:05+00:00
Standard,2.3.3.1.8,8.8,Construct a claim about the role of the government in the lives of citizens and residents of the United States.,,2023-11-03T00:32:05+00:00
Driving Concept,2.3.3.2,,Driving Concept 2: How does the Government Function?,,2023-11-03T00:32:05+00:00
Standard,2.3.3.2.1,8.9,Evaluate and compare the structures of government across three different countries or Indigenous Nations.,,2023-11-03T00:32:05+00:00
Standard,2.3.3.2.2,8.10,Analyze the structures and functions of the three branches of the US federal government.,,2023-11-03T00:32:05+00:00
Standard,2.3.3.2.3,8.11,"Explain how a bill becomes a law in the federal government, and evaluate the efficacy of the current system.",,2023-11-03T00:32:05+00:00
Standard,2.3.3.2.4,8.12,"Analyze how a historic or current piece of legislation, such as the Americans with Disabilities Act (ADA), impacts citizens.",,2023-11-03T00:32:05+00:00
Standard,2.3.3.2.5,8.13,"Analyze a historic or current piece of legislation or law such as the Americans with Disabilities Act (ADA) to evaluate the role of citizens, interest groups, corporations, and elected leaders in the legislative process.",,2023-11-03T00:32:05+00:00
Standard,2.3.3.2.6,8.14,Analyze a historic or current executive action to evaluate the power and limitations of presidential executive orders.,,2023-11-03T00:32:05+00:00
Standard,2.3.3.2.7,8.15,Analyze a recent Supreme Court ruling to understand the role of the court system in the United States.,,2023-11-03T00:32:05+00:00
Standard,2.3.3.2.8,8.16,"Identify elected leaders in the legislative and executive branches of the federal and local governments, and identify multiple ways for citizens to contact government officials to advocate for legislation or public policy.",,2023-11-03T00:32:05+00:00
Standard,2.3.3.2.9,8.17,Evaluate the efficacy of different government policies in helping individuals increase their personal savings and economic resilience.,,2023-11-03T00:32:05+00:00
Standard,2.3.3.2.10,8.18,Assess the responsiveness of elected federal officials in enacting policies reflective of national public concerns and interests.,,2023-11-03T00:32:05+00:00
Standard,2.3.3.2.11,8.19,"Explain the structure and powers of the Washington, DC government, including the features of the executive, legislative and judicial branches.",,2023-11-03T00:32:05+00:00
Standard,2.3.3.2.12,8.20,"Evaluate the extent to which the interests of Washington, DC residents are represented in the federal government, and evaluate the impact of the relationship between the District and the federal government on local policy.",,2023-11-03T00:32:05+00:00
Standard,2.3.3.2.13,8.21,"Evaluate the effectiveness of the structure and functions of the Washington, DC government in enacting policies that are reflective of community concerns.",,2023-11-03T00:32:05+00:00
Standard,2.3.3.2.14,8.22,"Propose and advocate for specific changes to the structure and function of federal or local government to best meet the needs of the people, and/or propose a specific way to best create change within the current system.",,2023-11-03T00:32:05+00:00
Driving Concept,2.3.3.3,,"Driving Concept 3: Media, Society, Government, and Digital Literacy",,2023-11-03T00:32:05+00:00
Standard,2.3.3.3.1,8.23,"Compare the ways in which individuals in at least three different countries around the world receive information, including an analysis of the relationship between different governments and media.",,2023-11-03T00:32:05+00:00
Standard,2.3.3.3.2,8.24,Evaluate the credibility of a range of digital sources using civic online reasoning strategies including lateral reading and click restraint.,,2023-11-03T00:32:05+00:00
Standard,2.3.3.3.3,8.25,Evaluate the accuracy of a range of claims made by digital sources through lateral reading when information about the source is unavailable.,,2023-11-03T00:32:05+00:00
Standard,2.3.3.3.4,8.26,"Identify resources to reference (e.g., fact checking and news organizations) while evaluating online sources and claims.",,2023-11-03T00:32:05+00:00
Standard,2.3.3.3.5,8.27,"Analyze the point of view and evaluate the claims of an editorial, editorial cartoon or op-ed commentary on a public policy issue at the local, state or national level.",,2023-11-03T00:32:05+00:00
Standard,2.3.3.3.6,8.28,Compare multiple accounts from different news or media sources about an issue of concern.,,2023-11-03T00:32:05+00:00
Standard,2.3.3.3.7,8.29,"Evaluate the strengths and weaknesses of traditional news media organizations (newspapers, magazines, and television) in creating an informed public, including an analysis of the use of fact checkers, editors, framing and focus.",,2023-11-03T00:32:05+00:00
Standard,2.3.3.3.8,8.30,Analyze historical examples of using art or mass media to successfully influence public policy outcomes.,,2023-11-03T00:32:05+00:00
Standard,2.3.3.3.9,8.31,"Analyze the role of social media in shaping political ideology, framing policy debates, and accurately informing the public about major policy issues within the United States.",,2023-11-03T00:32:05+00:00
Standard,2.3.3.3.10,8.32,"Critically evaluate price, product claims, and quality of information from a variety of sources to make informed consumer decisions.",,2023-11-03T00:32:05+00:00
Standard,2.3.3.3.11,8.33,Develop a plan to use technology and online platforms for civic engagement and to drive social change.,,2023-11-03T00:32:05+00:00
Driving Concept,2.3.3.4,,Driving Concept 4: Rights of the People,,2023-11-03T00:32:05+00:00
Standard,2.3.3.4.1,8.34,"Analyze the rights of citizens in at least three countries around the world and how the government upholds or violates these rights, and evaluate the extent to which the public has the ability to influence the decision-making of different governments globally.",,2023-11-03T00:32:05+00:00
Standard,2.3.3.4.2,8.35,Analyze the history of the Universal Declaration of Human Rights and the rights enumerated in the document.,,2023-11-03T00:32:05+00:00
Standard,2.3.3.4.3,8.36,"Identify the rights of individuals and groups codified in the US Constitution, and evaluate the extent to which those rights have been realized.",,2023-11-03T00:32:05+00:00
Standard,2.3.3.4.4,8.37,"Analyze at least 3 historic Supreme Court cases that establish, extend or limit the rights of individuals.",,2023-11-03T00:32:05+00:00
Standard,2.3.3.4.5,8.38,Evaluate the ways different activist groups have used the court system to expand or limit the rights of different individuals and groups.,,2023-11-03T00:32:05+00:00
Standard,2.3.3.4.6,8.39,"Analyze a current economic issue that curtails or infringes on the rights of individuals and groups and offer alternative approaches to address the needs of different individuals, groups and society.",,2023-11-03T00:32:05+00:00
Standard,2.3.3.4.7,8.40,"Evaluate contemporary debates about the proper enforcement of the 13th, 14th and 15th Amendments.",,2023-11-03T00:32:05+00:00
Standard,2.3.3.4.8,8.41,"Evaluate contemporary debates about the proper application of the rights reserved through the Bill of Rights, and develop a proposal for personal or collective action to address the issue.",,2023-11-03T00:32:05+00:00
Standard,2.3.3.4.9,8.42,"Evaluate the status of Washington, DC in the federal government, the impact on the rights of the citizens and residents of the District and the movement for DC statehood.",,2023-11-03T00:32:05+00:00
Standard,2.3.3.4.10,8.43,"Identify a local, national or international issue connected to human rights, conduct relevant research, identify and assess policy options to address the issue, and construct a public policy proposal designed to improve the situation.",,2023-11-03T00:32:05+00:00
Driving Concept,2.3.3.5,,Driving Concept 5: Power and Access to Power in Society,,2023-11-03T00:32:05+00:00
Standard,2.3.3.5.1,8.44,"Analyze how international alliances and agreements (e.g., the United Nations, North Atlantic Treaty Organization, North American Free Trade Agreement, International Monetary Fund, treaties with Indigenous Nations,) expand and limit people’s access to power around the world.",,2023-11-03T00:32:05+00:00
Standard,2.3.3.5.2,8.45,"Evaluate the impact of the federal system and the structure of the federal government on the abilities of individuals in different states, territories and Indigenous Nations to influence national policy.",,2023-11-03T00:32:05+00:00
Standard,2.3.3.5.3,8.46,Compare the ability of different individuals and public and private interest groups to influence public policy.,,2023-11-03T00:32:05+00:00
Standard,2.3.3.5.4,8.47,"Compare 21st-century voter suppression to voter suppression in previous centuries, and analyze the historic, racialized, and economic effects of voter suppression on various groups.",,2023-11-03T00:32:05+00:00
Standard,2.3.3.5.5,8.48,Analyze the way in which national or local policy has shaped access to resources and opportunity or increased exposure to harmful environmental effects and how people have sought to address this.,,2023-11-03T00:32:05+00:00
Standard,2.3.3.5.6,8.49,"Evaluate the change in access to local and national power in Washington, DC over time and the impact of these changes on the government of Washington, DC.",,2023-11-03T00:32:05+00:00
Standard,2.3.3.5.7,8.50,"Identify and analyze opportunities to access political power in Washington, DC to initiate and support change.",,2023-11-03T00:32:05+00:00
Standard,2.3.3.5.8,8.51,"Analyze the impact of urban geography and zoning on access to power and opportunity in Washington, DC.",,2023-11-03T00:32:05+00:00
Standard,2.3.3.5.9,8.52,"Identify a local, national or international issue connected to access to power and representation, conduct relevant research, identify and assess policy options, and construct a public policy proposal designed to improve the situation.",,2023-11-03T00:32:05+00:00
Driving Concept,2.3.3.6,,Driving Concept 6: Protest and Resistance,,2023-11-03T00:32:05+00:00
Standard,2.3.3.6.1,8.53,"Analyze global examples of citizen action to enact change through protests and resistance to government action, and evaluate their success in achieving their stated purpose and the long-term effects of the action.",,2023-11-03T00:32:05+00:00
Standard,2.3.3.6.2,8.54,"Analyze how the First Amendment of the US Constitution has been interpreted to limit or provide opportunities for citizen action to protest, resist and influence government policy.",,2023-11-03T00:32:05+00:00
Standard,2.3.3.6.3,8.55,"Compare the tactics, strategies, leaders, major events and enduring impacts of at least two different social movements within the US.",,2023-11-03T00:32:05+00:00
Standard,2.3.3.6.4,8.56,Analyze the ways in which media and technology have been used as tools for resistance and protest.,,2023-11-03T00:32:05+00:00
Standard,2.3.3.6.5,8.57,"Evaluate lasting and short-term impacts of protests to economic, social and environmental policy.",,2023-11-03T00:32:05+00:00
Standard,2.3.3.6.6,8.58,"Analyze the significance of Washington, DC as a historic and current location for national protests, rallies or other demonstrations.",,2023-11-03T00:32:05+00:00
Standard,2.3.3.6.7,8.59,"Evaluate the effectiveness of non-governmental organizations in Washington, DC at participating in and creating change.",,2023-11-03T00:32:05+00:00
Standard,2.3.3.6.8,8.60,Analyze an individual or a group involved in a historic or current protest movement to evaluate their efforts to achieve reform or improve society.,,2023-11-03T00:32:05+00:00
Standard,2.3.3.6.9,8.61,"Evaluate the role and efficacy of civil disobedience, mass protest and strikes in creating change.",,2023-11-03T00:32:05+00:00
Standard,2.3.3.6.10,8.62,"Identify a local, national or international issue, assess options for taking action, and construct an action proposal designed to make change.",,2023-11-03T00:32:05+00:00
Driving Concept,2.3.3.7,,Driving Concept 7: Global Opportunities for Action,,2023-11-03T00:32:05+00:00
Standard,2.3.3.7.1,8.63,"Analyze the ways in which governments, organizations or individuals from at least three different countries impact policy beyond their borders.",,2023-11-03T00:32:05+00:00
Standard,2.3.3.7.2,8.64,"Compare the effectiveness of methods used by the United States government to enact foreign policy, including sanctions, aid, diplomacy, military force, coalition building and deterrence.",,2023-11-03T00:32:05+00:00
Standard,2.3.3.7.3,8.65,"Analyze common risk factors and warning signs that indicate a country is at risk for genocide or mass atrocity, and identify how they were present during the Holocaust and at least one other genocide, such as the Armenian Genocide, Cambodian genocide or Rwandan genocide.",,2023-11-03T00:32:05+00:00
Standard,2.3.3.7.4,8.66,Evaluate the ways in which countries and international organizations recognize and respond to indications that a country is at risk for genocide or mass atrocity.,,2023-11-03T00:32:05+00:00
Standard,2.3.3.7.5,8.67,Propose and advocate for a specific method of action that can be taken by the federal government to best respond to a current situation in which a country is at risk for genocide or mass atrocity.,,2023-11-03T00:32:05+00:00
Grade Band,2.4,,9-12 Standards,,2023-11-03T00:32:05+00:00
Course,2.4.1,,World History I,,2023-11-03T00:32:05+00:00
Driving Concept,2.4.1.1,,Driving Concept 1: The Beginnings of Human Communities (Up to 8000 BCE),,2023-11-03T00:32:05+00:00
Standards,2.4.1.1.1,WH1.1,Analyze the scientific and archeological evidence for hominin evolution from the Australopithecines to Homo sapiens.,,2023-11-03T00:32:05+00:00
Standards,2.4.1.1.2,WH1.2,"Describe types of evidence and methods of investigation that anthropologists, archaeologists and other scholars have used to reconstruct early human evolution and cultural development.",,2023-11-03T00:32:05+00:00
Standards,2.4.1.1.3,WH1.3,"Evaluate scientific and archeological evidence to analyze interactions between Homo sapiens and other species of humans (e.g., Homo neanderthalensis, Homo erectus, Homo floresiensis).",,2023-11-03T00:32:05+00:00
Standards,2.4.1.1.4,WH1.4,"Integrate evidence from multiple disciplines (e.g., genetics, archeology, anthropology, linguistics) to trace early human migration from Africa to other major world regions.",,2023-11-03T00:32:05+00:00
Standards,2.4.1.1.5,WH1.5,Evaluate how early humans adapted to different environments and how their presence shaped their environments over time.,,2023-11-03T00:32:05+00:00
Standards,2.4.1.1.6,WH1.6,"Analyze the impact of Paleolithic technological advances on early human evolution, migration and communities.",,2023-11-03T00:32:05+00:00
Standards,2.4.1.1.7,WH1.7,"Analyze Paleolithic and Mesolithic art, tools, and artifacts to describe early human cultures.",,2023-11-03T00:32:05+00:00
Standards,2.4.1.1.8,WH1.8,Evaluate the effects of different approaches to gathering resources (foraging and farming) that emerged during the Mesolithic era.,,2023-11-03T00:32:05+00:00
Standards,2.4.1.1.9,WH1.9,"Evaluate archaeological evidence to analyze the characteristics of early complex belief systems, including widespread worship of female deities.",,2023-11-03T00:32:05+00:00
Standards,2.4.1.1.10,WH1.10,"Analyze possible links between environmental conditions associated with the last Ice Age and changes in the economy, culture and organization of human communities.",,2023-11-03T00:32:05+00:00
Driving Concept,2.4.1.2,,"Driving Concept 2: Early Societies and Cities (10,000 BCE to 500 BCE)",,2023-11-03T00:32:05+00:00
Standards,2.4.1.2.1,WH1.11,Explain how historians categorize time periods and the strengths and limitations of periodization.,,2023-11-03T00:32:05+00:00
Standards,2.4.1.2.2,WH1.12,Analyze the values and limits of different archeological evidence in reconstructing the early history of domestication and agricultural settlement.,,2023-11-03T00:32:05+00:00
Standards,2.4.1.2.3,WH1.13,"Analyze the geographical and environmental factors that encouraged human communities to organize into complex states and adopt approaches to procure resources, including pastoral nomadism and other non-agricultural approaches.",,2023-11-03T00:32:05+00:00
Standards,2.4.1.2.4,WH1.14,"Locate and explain the significance of specific landforms and bodies of water to early complex societies in different regions between 10,000 BCE and 500 BCE.",,2023-11-03T00:32:05+00:00
Standards,2.4.1.2.5,WH1.15,"Analyze the role of agricultural, technological and cultural innovations in the emergence and maintenance of early complex societies between 10,000 BCE and 500 BCE.",,2023-11-03T00:32:05+00:00
Standards,2.4.1.2.6,WH1.16,"Explain how the development of cities in Africa, Asia, and the Americas between 10,000 BCE and 500 BCE led to common characteristics of early complex societies including social hierarchies, governments and laws, specialization and writing.",,2023-11-03T00:32:05+00:00
Standards,2.4.1.2.7,WH1.17,"Analyze how early religions and belief systems shaped the political, legal, economic and social structure of states in Africa, Asia and the Americas between 10,000 BCE and 500 BCE.",,2023-11-03T00:32:05+00:00
Standards,2.4.1.2.8,WH1.18,"Compare the role of women in different societies, including ways in which women exercised power between 10,000 BCE and 500 BCE.",,2023-11-03T00:32:05+00:00
Standards,2.4.1.2.9,WH1.19,"Analyze archeological and primary source materials to make a claim about daily life for different individuals within Africa, Asia, and the Americas between 10,000 BCE and 500 BCE.",,2023-11-03T00:32:05+00:00
Standards,2.4.1.2.10,WH1.20,"Compare and contrast the reasons for the decline of complex agrarian societies in Asia, Africa and the Americas between
10,000 BCE and 500 BCE.",,2023-11-03T00:32:05+00:00
Driving Concept,2.4.1.3,,Driving Concept 3: Ancient Empires (800 BCE to 700 CE),,2023-11-03T00:32:05+00:00
Standards,2.4.1.3.1,WH1.21,"Evaluate the credibility and perspectives of different sources in understanding Ancient Empires, and use them to answer specific questions about societies between 800 BCE and 700 CE.",,2023-11-03T00:32:05+00:00
Standards,2.4.1.3.2,WH1.22,"Compare and contrast the tenets of various belief systems that developed in ancient empires and how they spread, including Christianity, Islam, Buddhism, Judaism, Hinduism and Confucianism.",,2023-11-03T00:32:05+00:00
Standards,2.4.1.3.3,WH1.23,"Compare the emergence of empires across Africa, Asia, Europe and the Americas, including their methods of consolidating and maintaining power between 800 BCE and 700 CE.",,2023-11-03T00:32:05+00:00
Standards,2.4.1.3.4,WH1.24,"Analyze the ways in which ancient empires in Africa, Asia, Europe and the Americas, were governed, including decisionmaking, means of promoting the common good, and the relationship between people and their government between 800 BCE and 700 CE.",,2023-11-03T00:32:05+00:00
Standards,2.4.1.3.5,WH1.25,"Assess the importance and enduring legacy of major technological, religious and cultural achievements of ancient empires in Europe, Asia, the Americas, and Africa between 800 BCE and 700 CE.",,2023-11-03T00:32:05+00:00
Standards,2.4.1.3.6,WH1.26,"Evaluate the different government structures of ancient empires in Europe, Asia, the Americas and Africa between 800 BCE and 700 CE, including a comparison of how citizens exercised power across different civilizations.",,2023-11-03T00:32:05+00:00
Standards,2.4.1.3.7,WH1.27,"Compare and contrast social hierarchies of ancient empires in Africa, Asia, Europe and the Americas and the ideologies that guided them between 800 BCE and 700 CE.",,2023-11-03T00:32:05+00:00
Standards,2.4.1.3.8,WH1.28,Analyze archaeological evidence and primary sources to compare the rights of individuals in different ancient empires between 800 BCE and 700 CE.,,2023-11-03T00:32:05+00:00
Standards,2.4.1.3.9,WH1.29,"Analyze the differences among gender roles during this time, including the role of women in different societies and the ways in which women exercised power between 800 BCE and 700 CE.",,2023-11-03T00:32:05+00:00
Standards,2.4.1.3.10,WH1.30,"Analyze the emergence of complex, interregional networks of trade throughout Afro-Eurasia and how trade networks led to the diffusion and evolution of ideas, resources and technologies between 800 BCE and 700 CE.",,2023-11-03T00:32:05+00:00
Standards,2.4.1.3.11,WH1.31,Analyze the effects of new long-distance trade networks on collaboration and conflict among empires between 800 BCE and 700 CE.,,2023-11-03T00:32:05+00:00
Standards,2.4.1.3.12,WH1.32,"Evaluate the social, political, cultural, and economic factors that led to the decline of ancient empires in Europe, Asia, Africa and the Americas between 800 BCE and 700 CE.",,2023-11-03T00:32:05+00:00
Driving Concept,2.4.1.4,,Driving Concept 4: Reorganization of Societies and Increasing Networks of Exchange,,2023-11-03T00:32:05+00:00
Standards,2.4.1.4.1,WH1.33,Use maps to analyze the decline of ancient empires and the emergence of new empires from 400-1200 CE.,,2023-11-03T00:32:05+00:00
Standards,2.4.1.4.2,WH1.34,"Analyze the political changes and continuities in the societies and dynasties that emerged after the decline of ancient empires in Africa, Asia, Europe, Oceania and the Americas between 400-1200 CE.",,2023-11-03T00:32:05+00:00
Standards,2.4.1.4.3,WH1.35,Analyze the social and cultural changes and continuities between ancient empires and their successors in the same place between 400-1200 CE.,,2023-11-03T00:32:05+00:00
Standards,2.4.1.4.4,WH1.36,"Analyze the role of religion, belief systems and culture in the governance and maintenance of societies in Africa, Asia, the Americas, Oceania and Europe between 400-1200 CE.",,2023-11-03T00:32:05+00:00
Standards,2.4.1.4.5,WH1.37,"Explain the ways geography influenced the development of economic, political, religious, and cultural centers in Africa, Asia, the Americas, Oceania and Europe and how the centers facilitated population and cultural diffusion between 400-1200 CE.",,2023-11-03T00:32:05+00:00
Standards,2.4.1.4.6,WH1.38,"Use maps to analyze the emergence of major networks of exchange (trade routes) between 400-1200 CE, including the role of specific goods and commodities and technology.",,2023-11-03T00:32:05+00:00
Standards,2.4.1.4.7,WH1.39,"Analyze the roles of men and women in different societies, including ways in which women exercised power, between
400-1200 CE.",,2023-11-03T00:32:05+00:00
Standards,2.4.1.4.8,WH1.40,"Evaluate the economic, political, religious, cultural and social impacts of migration and cultural diffusion in Africa, Asia, the Americas and Europe due to trade, military expansion and migration between 400-1200 CE.",,2023-11-03T00:32:05+00:00
Standards,2.4.1.4.9,WH1.41,Evaluate the impact of intellectual and technological innovations from Asia on the development of societies in Africa and Europe between 400-1200 CE.,,2023-11-03T00:32:05+00:00
Driving Concept,2.4.1.5,,Driving Concept 5: Early Modern Empires (1000 CE-1600 CE),,2023-11-03T00:32:05+00:00
Standards,2.4.1.5.1,WH1.42,"Evaluate the credibility and perspectives of different sources in understanding Early Modern Empires, and use them to answer specific questions about societies between 1000 CE and 1600 CE.",,2023-11-03T00:32:05+00:00
Standards,2.4.1.5.2,WH1.43,"Analyze the factors that contributed to the expansion and/or emergence of powerful nation-states and empires in Asia, Europe, Oceania, Africa and the Americas between 1000 CE and 1600 CE.",,2023-11-03T00:32:05+00:00
Standards,2.4.1.5.3,WH1.44,"Compare and contrast the methods rulers used to legitimize and consolidate power within Asia, Europe, Oceania, Africa and the Americas, including bureaucracies, religion, militarism, feudalism, architecture, taxation and art between 1000 CE and
1600 CE.",,2023-11-03T00:32:05+00:00
Standards,2.4.1.5.4,WH1.45,"Analyze the impact of centralizing power on both trade and conflict among and within states and empires in Asia, Europe, Africa, Oceania and the Americas between 1000 CE and 1600 CE.",,2023-11-03T00:32:05+00:00
Standards,2.4.1.5.5,WH1.46,"Compare and contrast how states and empires in Asia, the Americas, Africa and Europe addressed issues of cultural diversity, religious diversity and conflict within their societies, including an analysis of the rise of Sikhism between 1000 CE and
1600 CE.",,2023-11-03T00:32:05+00:00
Standards,2.4.1.5.6,WH1.47,"Analyze the roles of men and women in different societies, including ways in which women exercised power between
1000 CE and 1600 CE.",,2023-11-03T00:32:05+00:00
Standards,2.4.1.5.7,WH1.48,Analyze the development of institutions of higher education and intellectual centers and assess their role in advancing societies between 1000 CE and 1600 CE.,,2023-11-03T00:32:05+00:00
Standards,2.4.1.5.8,WH1.49,"Explain the causes and effects of technological innovations and early urbanization on societies in Asia, Europe, Africa, and the Americas between 1000 CE and 1600 CE.",,2023-11-03T00:32:05+00:00
Driving Concept,2.4.1.6,,Driving Concept 6: Analyzing Antiquity,,2023-11-03T00:32:05+00:00
Standards,2.4.1.6.1,WH1.50,Identify a compelling question related to the UNESCO World Heritage List or the ownership of artifacts from antiquity.,,2023-11-03T00:32:05+00:00
Standards,2.4.1.6.2,WH1.51,Evaluate the credibility of online sources and claims about UNESCO World Heritage Sites or ownership of artifacts.,,2023-11-03T00:32:05+00:00
Standards,2.4.1.6.3,WH1.52,"Use information such as authorship, point of view, purpose, intended audience, and historical context to evaluate the credibility of source materials about UNESCO World Heritage Sites or ownership of artifacts.",,2023-11-03T00:32:05+00:00
Standards,2.4.1.6.4,WH1.53,"Using evidence, construct a claim about a compelling question regarding a UNESCO World Heritage Site or the ownership of artifacts from antiquity.",,2023-11-03T00:32:05+00:00
Course,2.4.2,,World History II,,2023-11-03T00:32:05+00:00
Driving Concept,2.4.2.1,,Driving Concept 1: Intraregional Interactions,,2023-11-03T00:32:05+00:00
Standards,2.4.2.1.1,WH2.1,"Evaluate the utility of the writings of Ibn Battuta, Marco Polo and Zheng He for understanding the lives and customs of different people across Afro-Eurasia.",,2023-11-03T00:32:05+00:00
Standards,2.4.2.1.2,WH2.2,"Analyze geographic features of Afro-Eurasia, Sub-Saharan Africa, the Americas and Oceania in the early 1400s, including the impact of native crops, bodies of water, landforms and climate on the development of societies in each region.",,2023-11-03T00:32:05+00:00
Standards,2.4.2.1.3,WH2.3,"Compare the size and relative isolation of different regional networks across Afro-Eurasia, Sub-Saharan Africa, the Americas and Oceania at the start of the 15th century.",,2023-11-03T00:32:05+00:00
Standards,2.4.2.1.4,WH2.4,"Analyze the impact of the exchange of natural resources, disease, technology, ideas, goods and religious practices on at least three different societies across Afro-Eurasia in the 14th and 15th centuries.",,2023-11-03T00:32:05+00:00
Standards,2.4.2.1.5,WH2.5,"Analyze the impact of the exchange of natural resources, goods, ideas, technologies and religion on at least two different societies across Western Africa and Sub-Saharan Africa in the 14th and 15th centuries.",,2023-11-03T00:32:05+00:00
Standards,2.4.2.1.6,WH2.6,"Analyze the impact of the exchange of agricultural methods and scientific, mathematical and technological innovations on at least two different societies across the Americas in the 14th and 15th centuries.",,2023-11-03T00:32:05+00:00
Standards,2.4.2.1.7,WH2.7,Analyze the impact of navigation techniques and the exchange of natural resources on at least two societies across Oceania in the 14th and 15th centuries.,,2023-11-03T00:32:05+00:00
Standards,2.4.2.1.8,WH2.8,Compare the nomadic lifestyle and culture of the Mongolian Empire and the pastoral agricultural lifestyle of the Khoisan people of Southern Africa to the sedentary lifestyles and cultures of city-states.,,2023-11-03T00:32:05+00:00
Standards,2.4.2.1.9,WH2.9,"Compare the political and social structures created by Islam in the Songhai Empire of Western Africa, Christianity and the Catholic Church in Europe, and Confucianism, Buddhism and Daoism in Ming China.",,2023-11-03T00:32:05+00:00
Driving Concept,2.4.2.2,,"Driving Concept 2: Convergence, Upheaval and Resistance (1400- 1750)",,2023-11-03T00:32:05+00:00
Standards,2.4.2.2.1,WH2.10,"**Northern/Eastern Afro-Eurasia Region** Explain the impact of large-scale systems of trade across Afro-Eurasia on the growth of militaries, communication networks and technological advancements (including sailing knowledge) and how large-scale systems of trade armed societies for global engagement.",,2023-11-03T00:32:05+00:00
Standards,2.4.2.2.2,WH2.11,**Asia** Evaluate the purposes and impact of the naval expeditions of the Ming Dynasty in China and the reasons for the cessation of naval expeditions.,,2023-11-03T00:32:05+00:00
Standards,2.4.2.2.3,WH2.12,"**Europe** Evaluate the motivations for European maritime expeditions across the Atlantic Ocean and the impact of ideology, disease, and inherited and revised technologies on systems of enslavement and colonization.",,2023-11-03T00:32:05+00:00
Standards,2.4.2.2.4,WH2.13,"**Americas** Analyze government structures, technological innovations and geographical features of empires and city states across the Americas to evaluate the drastic impact of European colonization on Indigenous societies, including the Aztec and Incan Empires.",,2023-11-03T00:32:05+00:00
Standards,2.4.2.2.5,WH2.14,**Americas** Analyze examples of Indigenous resistance to European colonization in the Americas.,,2023-11-03T00:32:05+00:00
Standards,2.4.2.2.6,WH2.15,"**Americas** Compare different forms of European colonization and enslavement, such as in plantation-based societies and economies across the Americas and the Caribbean, and resistance to such enslavement.",,2023-11-03T00:32:05+00:00
Standards,2.4.2.2.7,WH2.16,"**Africa** Evaluate the factors that led to the expansion and solidification of the Islamic kingdoms of Western Africa, Christian kingdoms of Northeast Africa and the Swahili city-states on the eastern coast, and analyze the political, economic and social structures of at least three different countries.",,2023-11-03T00:32:05+00:00
Standards,2.4.2.2.8,WH2.17,"**Africa** Analyze different forms of engagement and/or resistance of Africans to European traders (e.g., the fight for independence led by Queen Nzinga Mbande), and evaluate the impact of the transatlantic trade of enslaved people on the social fabric of regions, cultures, family structures and populations across Africa.",,2023-11-03T00:32:05+00:00
Standards,2.4.2.2.9,WH2.18,**Africa** Evaluate primary source accounts of the Middle Passage to analyze the dehumanizing experience forced upon enslaved people and the ways in which individuals worked to maintain humanity and dignity in the face of mass atrocity.,,2023-11-03T00:32:05+00:00
Standards,2.4.2.2.10,WH2.19,"**Oceania** Analyze the impact of global interaction and European colonization on at least two societies in Oceania, including Australia.",,2023-11-03T00:32:05+00:00
Standards,2.4.2.2.11,WH2.20,"**Oceania** Evaluate the limits of using European sources for understanding the political, technological, and cultural life of empires in the Americas.",,2023-11-03T00:32:05+00:00
Driving Concept,2.4.2.3,,Driving Concept 3: Cultural Shifts (1500-1750),,2023-11-03T00:32:05+00:00
Standards,2.4.2.3.1,WH2.21,Analyze the political reasons for the rise of Shi’ism as a state religion in Iran and the impact on the architecture and philosophy in the region.,,2023-11-03T00:32:05+00:00
Standards,2.4.2.3.2,WH2.22,"Analyze the reasons for and social consequences of the Renaissance, Protestant Reformation and Scientific Revolution in Europe, identifying major achievements of each movement and the impact of each on the dissemination of power within Europe.",,2023-11-03T00:32:05+00:00
Standards,2.4.2.3.3,WH2.23,"Analyze the conditions that led to the development and rise of Sikhism in India and describe its core tenets, including the role of women, and explain how Muslim persecution and the caste system impacted the evolution and spread of Sikhism.",,2023-11-03T00:32:05+00:00
Standards,2.4.2.3.4,WH2.24,Analyze primary sources to explain how Chinese and Japanese elites regarded Jesuit missionaries and the impact of Chinese and Japanese culture and politics on the reception of Christianity.,,2023-11-03T00:32:05+00:00
Standards,2.4.2.3.5,WH2.25,"Evaluate the impact of Spanish missionaries and resistance to colonization on Indigenous culture and social roles in the Americas, including on the evolution of language and the impact on Two-Spirit identities in different cultures.",,2023-11-03T00:32:05+00:00
Standards,2.4.2.3.6,WH2.26,"Analyze the context for the evolution of political philosophy between 1500 and 1750, including the reasons for the Enlightenment and Confucian Reformation, and compare the philosophies of John Locke, Wang Yangming and Zera Yacob.",,2023-11-03T00:32:05+00:00
Standards,2.4.2.3.7,WH2.27,Compare the political reactions to novel religious and intellectual upheavals and the impact of persecution on the spread of different ideas between 1500 and 1750.,,2023-11-03T00:32:05+00:00
Driving Concept,2.4.2.4,,Driving Concept 4: Empires and Power Structures (1500-1750),,2023-11-03T00:32:05+00:00
Standards,2.4.2.4.1,WH2.28,"**The Rise and Consolidation of Empires** Analyze the factors that led to the expansion and consolidation of the Tokugawa Shogunate in Japan, and evaluate the role of social hierarchy, centralized bureaucracy and isolationism in centralizing and maintaining power.",,2023-11-03T00:32:05+00:00
Standards,2.4.2.4.2,WH2.29,"**The Rise and Consolidation of Empires** Analyze the factors that led to the expansion and consolidation of the Qing Dynasty in China, and evaluate the role of policies toward ethnic and cultural diversity in centralizing and maintaining power.",,2023-11-03T00:32:05+00:00
Standards,2.4.2.4.3,WH2.30,"**The Rise and Consolidation of Empires** Analyze the factors that led to the expansion and consolidation of the Mughal Empire in India, and evaluate the role of religious tolerance, centralized administration and military power in centralizing and maintaining power.",,2023-11-03T00:32:05+00:00
Standards,2.4.2.4.4,WH2.31,"**The Rise and Consolidation of Empires** Analyze the factors that led to the expansion and consolidation of the Ottoman Empire, including the role of religion, arts and architecture in centralizing and maintaining power.",,2023-11-03T00:32:05+00:00
Standards,2.4.2.4.5,WH2.32,"**The Rise and Consolidation of Empires** Analyze the factors that led to the to the expansion and consolidation of the Russian Empire during the 16th, 17th and
18th centuries, and evaluate the role of serfdom, the military system, and conscription in centralizing and maintaining political power.",,2023-11-03T00:32:05+00:00
Standards,2.4.2.4.6,WH2.33,"**The Rise and Consolidation of Empires** Evaluate the role of alliances and military power in expanding and maintaining the Habsburg Empire during the 16th,
17th and 18th centuries.",,2023-11-03T00:32:05+00:00
Standards,2.4.2.4.7,WH2.34,"**The Rise and Consolidation of Empires** Compare the ways in which women exercised power during the 16th, 17th and 18th centuries within different empires.",,2023-11-03T00:32:05+00:00
Standards,2.4.2.4.8,WH2.35,"**The Rise and Consolidation of Empires** Analyze the empires of Morocco or Kongo, including their political and social organization, trade networks, and cultural achievements, and assess the responses of smaller powers to these empires, including those led by women.",,2023-11-03T00:32:05+00:00
Standards,2.4.2.4.9,WH2.36,"**The Global Economy** Analyze the factors that contributed to the rise of global systems of trade, such as joint stock companies and banks, in the 16th, 17th and 18th centuries.",,2023-11-03T00:32:05+00:00
Standards,2.4.2.4.10,WH2.37,"**The Global Economy** Evaluate the impact of the silver trade, spice trade, cotton trade and sugar industry on different societies and individuals during the 16th, 17th and 18th centuries.",,2023-11-03T00:32:05+00:00
Standards,2.4.2.4.11,WH2.38,**Historical Source Material** Evaluate the reliability and limitations of different source material in reconstructing the lives of non-elite individuals in at least two different empires.,,2023-11-03T00:32:05+00:00
Driving Concept,2.4.2.5,,Driving Concept 5: Revolutions (1750-1930),,2023-11-03T00:32:05+00:00
Standards,2.4.2.5.1,WH2.39,"**Atlantic Revolutions** Analyze political, social and economic conditions that led to the French Revolution, and evaluate its impact on French government and society.",,2023-11-03T00:32:05+00:00
Standards,2.4.2.5.2,WH2.40,"**Atlantic Revolutions** Analyze the social, political and economic factors that contributed to the Haitian Revolution, and evaluate the impact of the Haitian revolution on Haiti and global events.",,2023-11-03T00:32:05+00:00
Standards,2.4.2.5.3,WH2.41,"**Atlantic Revolutions** Analyze the social, political and economic factors that led to revolution in at least one Latin American country in the 19th century, and evaluate the impact of the revolution on social, political and economic structures within that country.",,2023-11-03T00:32:05+00:00
Standards,2.4.2.5.4,WH2.42,**Industrial Revolution** Analyze causes and effects of the Industrial Revolution in Great Britain and Europe.,,2023-11-03T00:32:05+00:00
Standards,2.4.2.5.5,WH2.43,"**Industrial Revolution** Analyze the impact of industrialization during the Meiji Restoration in Japan, using primary and secondary sources to explore the social, economic and political changes that occurred during this period.",,2023-11-03T00:32:05+00:00
Standards,2.4.2.5.6,WH2.44,"**Industrial Revolution** Analyze the reasons for the rise of industrialization in Egypt in the 19th century, and evaluate the reasons for and impact of its collapse on Egyptian society and government.",,2023-11-03T00:32:05+00:00
Standards,2.4.2.5.7,WH2.45,"**Industrial Revolution** Evaluate the impact of industrialization on individuals of different race, class, gender and religion in different regions, and evaluate the efficacy of workers’ rights movements in different regions during the 18th and 19th centuries.",,2023-11-03T00:32:05+00:00
Standards,2.4.2.5.8,WH2.46,"**Industrial Revolution** Analyze the participation and impact of religious minorities, women and marginalized groups traditionally excluded from government in the political and social revolutions of the 18th and 19th centuries.",,2023-11-03T00:32:05+00:00
Standards,2.4.2.5.9,WH2.47,"**Imperialism** Compare the differences between settler colonialism and economic imperialism in the 19th and 20th centuries, including the roles of technology, trade, racism and military power in each system.",,2023-11-03T00:32:05+00:00
Standards,2.4.2.5.10,WH2.48,**Imperialism** Evaluate the causes of European Imperialism in Africa and the impact of political borders on conflict between different ethnic groups in the 19th and 20th centuries.,,2023-11-03T00:32:05+00:00
Standards,2.4.2.5.11,WH2.49,"**Imperialism** Evaluate the causes and consequences of dissent, disruption and resistance to colonization across Africa, including Ethiopia in the 19th and 20th centuries.",,2023-11-03T00:32:05+00:00
Standards,2.4.2.5.12,WH2.50,"**Imperialism** Evaluate the methods of and resistance to European colonialism in one society within Southeast Asia in the 19th and
20th centuries.",,2023-11-03T00:32:05+00:00
Standards,2.4.2.5.13,WH2.51,**Imperialism** Evaluate the motivations for and impact of Japanese imperialism on Chinese and Korean society in the 19th and 20th centuries.,,2023-11-03T00:32:05+00:00
Standards,2.4.2.5.14,WH2.52,"**Imperialism** Analyze the effects and legacy of settler colonialism in Kenya and Australia, including the displacement and marginalization of indigenous peoples, the exploitation of natural resources and the suppression of traditional cultural practices, and analyze the role of resistance movements on the struggle for independence and self-determination.",,2023-11-03T00:32:05+00:00
Standards,2.4.2.5.15,WH2.53,"**New Revolutions** Analyze the Opium Wars’ impact on China’s political, economic and social systems, and evaluate the global consequences of the Opium Wars.",,2023-11-03T00:32:05+00:00
Standards,2.4.2.5.16,WH2.54,"**New Revolutions** Analyze the economic, social and political conditions in China that led to the Boxer Uprising, evaluate the Qing Dynasty’s response, and examine its impact on China’s relationships with other countries.",,2023-11-03T00:32:05+00:00
Standards,2.4.2.5.17,WH2.55,"**New Revolutions** Evaluate the causes and legacy of the Mexican Revolution, including the reasons for the successes and shortcomings of different leaders and factions in reforming Mexican society, with particular attention to land reform, social movements and political systems.",,2023-11-03T00:32:05+00:00
Standards,2.4.2.5.18,WH2.56,"**New Revolutions** Compare the causes and consequences of the Boer War, Boxer Rebellion and Sepoy Rebellion on the lives of individuals in South Africa, China and India.",,2023-11-03T00:32:05+00:00
Standards,2.4.2.5.19,WH2.57,"**New Revolutions** Analyze the causes, consequences and impact of the Russian Revolution on Russian and global politics, social structures, human rights, and economic systems.",,2023-11-03T00:32:05+00:00
Standards,2.4.2.5.20,WH2.58,"**Nation Building** Analyze the successes and limitations of nation-building in one country in South America during the 19th and early 20th centuries, including the role of early constitutions, economic factors and outside nations.",,2023-11-03T00:32:05+00:00
Driving Concept,2.4.2.6,,Driving Concept 6: World Wars (1870-1945),,2023-11-03T00:32:05+00:00
Standards,2.4.2.6.1,WH2.59,"**World War I** Analyze the causes of World War I in Africa, Asia, Europe and the Americas, including the role of new technology, alliances and nationalism.",,2023-11-03T00:32:05+00:00
Standards,2.4.2.6.2,WH2.60,"**World War I** Evaluate the role of imperial nations and empires in World War I, including the role of Ethiopia, China, Japan and Brazil.",,2023-11-03T00:32:05+00:00
Standards,2.4.2.6.3,WH2.61,"**World War I** Evaluate the causes, course and consequences of the Armenian genocide.",,2023-11-03T00:32:05+00:00
Standards,2.4.2.6.4,WH2.62,"**World War I** Evaluate the experience of soldiers, including Chinese workers, in World War I and the impact of World War I on the political, social and economic structures of different countries.",,2023-11-03T00:32:05+00:00
Standards,2.4.2.6.5,WH2.63,"**Interwar Years** Evaluate the efficacy of different women’s movements for equality and political rights, including the suffrage movement.",,2023-11-03T00:32:05+00:00
Standards,2.4.2.6.6,WH2.64,"**Interwar Years** Analyze political, economic and social changes in the 1920s, including the rise of communism, the dismantling of Ottoman, Austro-Hungarian and German empires, the Irish Civil War, the Chinese Civil War and the nationalization of countries in Latin America.",,2023-11-03T00:32:05+00:00
Standards,2.4.2.6.7,WH2.65,"**Interwar Years** Analyze the factors that led to the rise of totalitarian states and the erosion of individual liberties in the 1920s and
1930s, including the rise of fascism in Russia, Germany, Japan and Italy.",,2023-11-03T00:32:05+00:00
Standards,2.4.2.6.8,WH2.66,"**World War II** Analyze the causes and events of World War II in Africa, Asia, Europe and the Americas.",,2023-11-03T00:32:05+00:00
Standards,2.4.2.6.9,WH2.67,"**World War II** Analyze the history, causes and consequences of discrimination against religious minorities in Europe, Asia, Africa and Latin America, including antisemitism.",,2023-11-03T00:32:05+00:00
Standards,2.4.2.6.10,WH2.68,"**World War II** Evaluate the causes, course and consequences of the Holocaust, as well as Jewish, Romani, Slavic, disabled and/ or LGBTQ+ resistance to Nazism.",,2023-11-03T00:32:05+00:00
Standards,2.4.2.6.11,WH2.69,"**World War II** Analyze the reasons for and the consequences of human rights violations during World War II, including the Nanjing Massacre, Japanese War Crimes in Manchuria and the Philippines, actions of the Red Army and the dropping of the atomic bombs, and analyze the cooperative global response of the Universal Declaration of Human Rights.",,2023-11-03T00:32:05+00:00
Standards,2.4.2.6.12,WH2.70,"**World War II** Analyze the short- and long-term economic, political, environmental and social consequences of World War II.",,2023-11-03T00:32:05+00:00
Standards,2.4.2.6.13,WH2.71,"**World War II** Compare the ideologies of socialism, communism, fascism and liberal democracy, and explain the reasons for their growth and decline around the world in the 20th century.",,2023-11-03T00:32:05+00:00
Standards,2.4.2.6.14,WH2.72,**World War II** Evaluate the shift in global power dynamics after World War II and the reasons for the start of the Cold War.,,2023-11-03T00:32:05+00:00
Driving Concept,2.4.2.7,,"Driving Concept 7: Cold War, Decolonization and Nation Building",,2023-11-03T00:32:05+00:00
Standards,2.4.2.7.1,WH2.73,"Evaluate the major ideological and economic distinctions between the Eastern and Western blocs, and explore the contextual factors that influenced the Cold War, including the non-aligned movement and the role of small non-aligned nations throughout the 20th century.",,2023-11-03T00:32:05+00:00
Standards,2.4.2.7.2,WH2.74,"**Decolonization** Evaluate the campaign for Independence in India and the factors that led to the establishment of Indian sovereignty, including the reasons for and impact of the Partition of India.",,2023-11-03T00:32:05+00:00
Standards,2.4.2.7.3,WH2.75,"**Decolonization** Analyze the impact of the Chinese Communist Revolution on China, the world and the global spread of communism, including its historical background, political and economic developments, and the relationship between Taiwan and China.",,2023-11-03T00:32:05+00:00
Standards,2.4.2.7.4,WH2.76,"**Decolonization** Compare the approaches of different leaders in promoting African unity and independence in the 20th century, including the impact of the Pan-African movement on African nations and communities globally.",,2023-11-03T00:32:05+00:00
Standards,2.4.2.7.5,WH2.77,"**Decolonization** Evaluate the causes and impact of at least two African independence movements, such as those in the Democratic Republic of Congo, Angola, Kenya, Ghana, Algeria or Nigeria.",,2023-11-03T00:32:05+00:00
Standards,2.4.2.7.6,WH2.78,"**Decolonization** Analyze the impact of the struggle for economic autonomy, political sovereignty and social justice that led to revolutions in Guatemala, Cuba or Nicaragua.",,2023-11-03T00:32:05+00:00
Standards,2.4.2.7.7,WH2.79,"**Decolonization** Evaluate the efficacy of the ideologies and methodologies of at least three nationalist leaders, including Mahatma Gandhi and Ho Chi Minh.",,2023-11-03T00:32:05+00:00
Standards,2.4.2.7.8,WH2.80,"**Revolutions and Proxy wars** Evaluate the causes and consequences of proxy wars during the Cold War from the perspective of the inhabitants of Afghanistan, North and South Korea or Vietnam.",,2023-11-03T00:32:05+00:00
Standards,2.4.2.7.9,WH2.81,"**Revolutions and Proxy wars** Analyze the reasons for the rise of the Khmer Rouge in Cambodia, and analyze the course and consequences of the Cambodian Genocide.",,2023-11-03T00:32:05+00:00
Standards,2.4.2.7.10,WH2.82,"**Revolutions and Proxy wars** Analyze the causes and effects of the Iranian Revolution, and evaluate its impact on Iran and the global community.",,2023-11-03T00:32:05+00:00
Standards,2.4.2.7.11,WH2.83,"**Revolutions and Proxy wars** Analyze the environmental impact of nuclear weapons, and evaluate the effectiveness of historic and modern efforts to limit nuclear arms.",,2023-11-03T00:32:05+00:00
Standards,2.4.2.7.12,WH2.84,"**Revolutions and Proxy wars** Evaluate the reasons for rise of populist leaders in Guatemala, Argentina, Bolivia or Chile, and analyze the impact of American intervention on civil liberties and economic conditions in Latin America.",,2023-11-03T00:32:05+00:00
Standards,2.4.2.7.13,WH2.85,"**Revolutions and Proxy wars** Analyze economic exploitation during the Cold War and decolonization eras, and evaluate the efficacy of different forms of resistance.",,2023-11-03T00:32:05+00:00
Standards,2.4.2.7.14,WH2.86,"**Post-Cold War** Analyze the impact of the collapse of the Soviet Union on global power dynamics, including the role of NATO in the postCold War era and the emergence of new democracies in Eastern Europe.",,2023-11-03T00:32:05+00:00
Standards,2.4.2.7.15,WH2.87,**Post-Cold War** Analyze causes and consequences of the post-Cold War shift toward populism and socialism in one country in Central and South America.,,2023-11-03T00:32:05+00:00
Standards,2.4.2.7.16,WH2.88,"**Post-Cold War** Analyze the historical and social context, impact on political and economic systems and resistance to Apartheid in South Africa, evaluate the role of international pressure in dismantling Apartheid and assess the system's legacy on South African society and the ongoing struggle for social justice.",,2023-11-03T00:32:05+00:00
Standards,2.4.2.7.17,WH2.89,"**Post-Cold War** Evaluate the reasons for the rise of rivalry between Saudi Arabia and Iran, including the historical and religious factors and the role of international actors, and assess its impact on regional and global politics in the 21st century.",,2023-11-03T00:32:05+00:00
Standards,2.4.2.7.18,WH2.90,"**Post-Cold War** Analyze the historical and structural factors that contribute to unequal economic development across the globe, and assess the impact of neocolonialism and international organizations and actors in promoting or hindering economic and social development in at least two different regions of the world.",,2023-11-03T00:32:05+00:00
Driving Concept,2.4.2.8,,Driving Concept 8: Shifting power (1980s- Modern Era),,2023-11-03T00:32:05+00:00
Standards,2.4.2.8.1,WH2.91,Evaluate the impact of technological innovations as well as changing economic and political policies on the world’s population and social order and the Earth’s resources.,,2023-11-03T00:32:05+00:00
Standards,2.4.2.8.2,WH2.92,Analyze the final events of the Cold War and its impact on the spread or dissolution of political or social ideologies and forms of government and the (re)formation of political and economic alliances around the world.,,2023-11-03T00:32:05+00:00
Standards,2.4.2.8.3,WH2.93,"Evaluate the conditions that have contributed to the contraction of democracy in the 21st century and the methods of citizens in resisting authoritarian consolidation (e.g., consolidation of power in Russia, Mali and Turkey).",,2023-11-03T00:32:05+00:00
Standards,2.4.2.8.4,WH2.94,"Evaluate the various motives and impacts of wars in the Middle East (e.g., the Persian Gulf War, the Invasion of Kuwait, the war in Iraq, the Syrian Civil War) on regional stability and government.",,2023-11-03T00:32:05+00:00
Standards,2.4.2.8.5,WH2.95,"Analyze the conditions that led to at least two social movements across the world between the 1990s and the present and the impact they had locally and globally, including the Arab Spring and demonstrations in Hong Kong.",,2023-11-03T00:32:05+00:00
Standards,2.4.2.8.6,WH2.96,"Compare the reasons for the spread and/or emergence of at least two pathogens and diseases (e.g., HIV/AIDS, malaria, Ebola, SARS, COVID-19) across the world since the 1980s, including social and economic impacts at a local, national and global scale.",,2023-11-03T00:32:05+00:00
Standards,2.4.2.8.7,WH2.97,"Evaluate the patterns of global population movement from the 1980s through the present, as well as the causes for migration and the experiences of individuals who have migrated.",,2023-11-03T00:32:05+00:00
Standards,2.4.2.8.8,WH2.98,Evaluate the impact of the rise of technological innovations (including advancements in telecommunications) and the extent to which innovation has democratized or centralized power.,,2023-11-03T00:32:05+00:00
Standards,2.4.2.8.9,WH2.99,"Evaluate the impact of increased industrialization and global economic activities to analyze both the obstacles and proposed solutions to address climate change (e.g., UN Sustainable goals, Paris Climate Agreement), including the intersection of consumption-based modernity and environmental limits.",,2023-11-03T00:32:05+00:00
Course,2.4.3,,US History II: Reconstruction through the Present,,2023-11-03T00:32:05+00:00
Driving Concept,2.4.3.1,,Driving Concept 1: Reconstruction,,2023-11-03T00:32:05+00:00
Standards,2.4.3.1.1,US2.1,"Analyze the principal rights and ideals established in the United States Constitution and Declaration of Independence, and evaluate the extent to which early American history fulfilled those ideals.",,2023-11-03T00:32:05+00:00
Standards,2.4.3.1.2,US2.2,"Analyze key events, as well as actions taken by everyday people and notable historical figures, to evaluate how the fight for abolition and civil or human rights preceded the post-Civil War era.",,2023-11-03T00:32:05+00:00
Standards,2.4.3.1.3,US2.3,"Use primary sources from freedpeople to analyze the perspectives, everyday actions, and aspirations of Black Americans after the Civil War.",,2023-11-03T00:32:05+00:00
Standards,2.4.3.1.4,US2.4,"Evaluate the impact of the Civil War, identify the challenges and opportunities for reuniting the country and compare the perspectives of people in the North, West and South and Indigenous Nations, across gender, socio-economic and racial lines.",,2023-11-03T00:32:05+00:00
Standards,2.4.3.1.5,US2.5,"Analyze the federal and grassroots aims of different individuals for Reconstruction, including Abraham Lincoln’s Plan, Andrew Johnson’s Plan and the Radical Republican Plan for Reconstruction.",,2023-11-03T00:32:05+00:00
Standards,2.4.3.1.6,US2.6,Analyze the reasons for the adoption of “Black Codes” immediately following the Civil War and the response of the federal government and freedpeople to restrictions on freedom.,,2023-11-03T00:32:05+00:00
Standards,2.4.3.1.7,US2.7,"Analyze the role of the Freedmen’s Bureau in meeting the needs and desires of freedpeople at the end of the Civil War, and evaluate its successes and failures, including why it was dismantled.",,2023-11-03T00:32:05+00:00
Standards,2.4.3.1.8,US2.8,"Assess the extent to which the 13th, 14th and 15th Amendments and federal policies of Reconstruction presented transformational opportunities to American social, political and economic institutions, as well as their limitations.",,2023-11-03T00:32:05+00:00
Standards,2.4.3.1.9,US2.9,"Analyze the political, social and economic goals and actions taken by freedpeople during the era of Reconstruction –– including organized efforts to gain access to land, fair labor, public education and political office using primary and secondary sources.",,2023-11-03T00:32:05+00:00
Standards,2.4.3.1.10,US2.10,"Analyze the systematized tactics and impact of widespread terror and violence implemented by mostly white Americans throughout, but not limited to, the Southern states to cease Reconstruction gains, naming and identifying this as a form of white supremacy (e.g., the rise of the Ku Klux Klan, violence at voting booths, fraud) and the impact it continues to have on US society today.",,2023-11-03T00:32:05+00:00
Standards,2.4.3.1.11,US2.11,"Analyze legislative actions intended to spur westward settlement between 1860 and 1880, including but not limited to the Homestead Act and the Transcontinental Railroad Act, and the impact they had on the land and people of the Western region of the United States, with a particular focus on the lives and acts of resistance of Native Americans and Chinese immigrants or Chinese Americans.",,2023-11-03T00:32:05+00:00
Standards,2.4.3.1.12,US2.12,"Evaluate the forces that led to the end of Reconstruction –– including the “Compromise of 1877” –– and assess the impact of Reconstruction’s successes and failures on American political, social and economic life.",,2023-11-03T00:32:05+00:00
Standards,2.4.3.1.13,US2.13,"Evaluate laws and policies of the Jim Crow era, including the immediate and longer-term impact of racialized segregation and unequal access to legal and economic institutions, rights and opportunities.",,2023-11-03T00:32:05+00:00
Driving Concept,2.4.3.2,,Driving Concept 2: Rise of Industrial and Progressive America,,2023-11-03T00:32:05+00:00
Standards,2.4.3.2.1,US2.14,Analyze the transformation of the American economy during the Industrial Revolution to explain the changing social and political conditions in the United States and its impact on the environment.,,2023-11-03T00:32:05+00:00
Standards,2.4.3.2.2,US2.15,"Evaluate arguments about the causes of rising inequality in industrial America related to wealth, health, economic opportunity and social class.",,2023-11-03T00:32:05+00:00
Standards,2.4.3.2.3,US2.16,"Evaluate the reasons for and consequences of the rise in Asian, European and Latin American immigration to the United States in the late 19th and early 20th century, including the varied experiences of different individuals.",,2023-11-03T00:32:05+00:00
Standards,2.4.3.2.4,US2.17,"Analyze the reasons for and consequence of rising nativism in the late 19th and early 20th centuries, including the passage of the Chinese Exclusion Act and the Immigration Act of 1924, and the role violence, discrimination and resistance had on the experiences of Asian, Italian, Jewish and other ethnic communities.",,2023-11-03T00:32:05+00:00
Standards,2.4.3.2.5,US2.18,"Analyze the ways different immigrant communities resisted economic, social, and political oppression, including through labor activism and the establishment of community organizations.",,2023-11-03T00:32:05+00:00
Standards,2.4.3.2.6,US2.19,"Analyze the reasons for racial and ethnic inequality in industrial America, and evaluate the different reasons for and efficacy of different tactics used by movements for racial and ethnic equality.",,2023-11-03T00:32:05+00:00
Standards,2.4.3.2.7,US2.20,"Analyze the reasons for the rise of organized labor, evaluate the effectiveness of at least one labor tactic, and analyze at least one reaction to the labor movement, including the interactions between the federal government and labor groups.",,2023-11-03T00:32:05+00:00
Standards,2.4.3.2.8,US2.21,"Use primary and secondary sources to analyze a case study, such as the Homestead strike, to evaluate the extent to which labor movements were able to create change.",,2023-11-03T00:32:05+00:00
Standards,2.4.3.2.9,US2.22,"Analyze the ideological and strategic debates of the feminist movement of the early 20th century, and connect the debates to other reform movements of the time.",,2023-11-03T00:32:05+00:00
Standards,2.4.3.2.10,US2.23,"Use context to evaluate different ideas and tactics for achieving racial equality and opportunity, including those of Booker
T. Washington, Ida B. Wells and W.E.B. Du Bois.",,2023-11-03T00:32:05+00:00
Standards,2.4.3.2.11,US2.24,"Analyze the political response to industrialization, progressivism and the labor movement, and evaluate the efficacy of federal policies under Theodore Roosevelt and William Howard Taft in furthering the aims of different groups.",,2023-11-03T00:32:05+00:00
Standards,2.4.3.2.12,US2.25,"Evaluate the reasons for and consequences of the Great Migration, including its impact on the cultures of different cities, including Washington, DC.",,2023-11-03T00:32:05+00:00
Standards,2.4.3.2.13,US2.26,"Evaluate the impact of progressive and populist movements on economic, social and political inequality in America.",,2023-11-03T00:32:05+00:00
Driving Concept,2.4.3.3,,"Driving Concept 3: Empire, Expansion and Consequences",,2023-11-03T00:32:05+00:00
Standards,2.4.3.3.1,US2.27,"Evaluate federal policies and actions toward westward invasion, and evaluate their impact on the national economy, environment, Indigenous populations and the American public.",,2023-11-03T00:32:05+00:00
Standards,2.4.3.3.2,US2.28,Analyze the impact on and implications of Native American boarding schools for Indigenous Nations and individuals.,,2023-11-03T00:32:05+00:00
Standards,2.4.3.3.3,US2.29,Analyze and explain efforts by Indigenous Nations to resist American conquest and expansion between 1860 and 1920.,,2023-11-03T00:32:05+00:00
Standards,2.4.3.3.4,US2.30,"Analyze the history, culture and government structure of at least two countries prior to American intervention (e.g., Hawaii, the Philippines, Puerto Rico).",,2023-11-03T00:32:05+00:00
Standards,2.4.3.3.5,US2.31,"Analyze the domestic debates and decisions regarding foreign intervention and the United States’ emergence as an imperial power (e.g., the Spanish-American War, Philippine-American War, intervention in Latin America, the annexation of Hawaii).",,2023-11-03T00:32:05+00:00
Standards,2.4.3.3.6,US2.32,"Analyze reasons for and efforts of different nations to maintain or regain economic and political freedoms following American intervention using primary sources from the perspective of native communities (e.g., Hawaiians, Filipinos)",,2023-11-03T00:32:05+00:00
Standards,2.4.3.3.7,US2.33,"Evaluate the role of mass media, sensationalism, white supremacy and propaganda in promoting American imperialism.",,2023-11-03T00:32:05+00:00
Standards,2.4.3.3.8,US2.34,"Assess the modern political, social and economic impacts of American imperialism on different territories and governments (e.g., the Philippines, Marshall Islands, Puerto Rico, Guam, American Samoa).",,2023-11-03T00:32:05+00:00
Standards,2.4.3.3.9,US2.35,"Assess the reasons for and consequence of United States involvement in World War I, and analyze its effects on post-war international relations.",,2023-11-03T00:32:05+00:00
Standards,2.4.3.3.10,US2.36,"Analyze the social, political and economic ramifications of World War I on American society, including the labor movement, women, Black Americans, ethnic and religious groups, and efforts by different groups to advance civil rights.",,2023-11-03T00:32:05+00:00
Driving Concept,2.4.3.4,,Driving Concept 4: “Prosperity and Progress” to Depression,,2023-11-03T00:32:05+00:00
Standards,2.4.3.4.1,US2.37,"Analyze the impact of the Harlem Renaissance and the Black Renaissance in Washington, DC on American culture, including analysis of literature, music, dance, theater, queer culture and scholarship from the period.",,2023-11-03T00:32:05+00:00
Standards,2.4.3.4.2,US2.38,"Evaluate the portrayal of the “Roaring ‘20s,” including an assessment of the changing societal roles and rights of women and Black Americans, along with the cultural backlash to these changes.",,2023-11-03T00:32:05+00:00
Standards,2.4.3.4.3,US2.39,"Analyze the reasons for the Great Depression, including the impact of underlying economic and social conditions of the
1920s, and evaluate its impact on different groups of people in the United States, with special attention to race, ethnicity, religion, gender and class.",,2023-11-03T00:32:05+00:00
Standards,2.4.3.4.4,US2.40,"Analyze the causes and consequences of the Dust Bowl, comparing it to other natural disasters and its impact on Americans across race, ethnicity, gender and class groups.",,2023-11-03T00:32:05+00:00
Standards,2.4.3.4.5,US2.41,"Analyze the rise of nativism and violence as a result of the Great Depression, including efforts of the American government to “repatriate” American citizens of Mexican descent to Mexico.",,2023-11-03T00:32:05+00:00
Standards,2.4.3.4.6,US2.42,"Evaluate the domestic response to the Great Depression, including the election of Franklin Delano Roosevelt, assessing the impact of and resistance to New Deal programming, including its impact on the economy and different groups of Americans.",,2023-11-03T00:32:05+00:00
Driving Concept,2.4.3.5,,Driving Concept 5: Emerging as a World Power: Conflict at Home and Abroad,,2023-11-03T00:32:05+00:00
Standards,2.4.3.5.1,US2.43,"Analyze the events that led to the United States’ participation in World War II, including the impact of the bombing of Pearl Harbor on the course and outcome of the war.",,2023-11-03T00:32:05+00:00
Standards,2.4.3.5.2,US2.44,"Evaluate the reasons for the rise of fascism and Nazism in Europe and the scapegoating and genocide of historically marginalized peoples (including Jewish, Romani, Slavic, disabled and LGBTQ+ peoples) by Hitler, Mussolini and Franco.",,2023-11-03T00:32:05+00:00
Standards,2.4.3.5.3,US2.45,"Analyze the social, political and economic impact of World War II on American society, including the contributions of and discrimination faced by different Americans, including women, Black Americans, Indigenous Nations, Asian Americans and Latinx Americans.",,2023-11-03T00:32:05+00:00
Standards,2.4.3.5.4,US2.46,"Assess the United States’ global commitment to universal human rights before, during and after World War II, including but not limited to its role during the Holocaust.",,2023-11-03T00:32:05+00:00
Standards,2.4.3.5.5,US2.47,"Critique the reasons for the incarceration of Japanese Americans while drafting Japanese men to serve in the army during World War II, and evaluate the consequence of the decision, including ways in which Japanese Americans resisted internment.",,2023-11-03T00:32:05+00:00
Standards,2.4.3.5.6,US2.48,Evaluate the reasons for and the consequences of the United States’ decision to drop the atomic bombs including the human and environmental impact of these decisions.,,2023-11-03T00:32:05+00:00
Standards,2.4.3.5.7,US2.49,Analyze reasons for and the consequences of the post-war foreign policy goals of the United States.,,2023-11-03T00:32:05+00:00
Standards,2.4.3.5.8,US2.50,"Analyze the different experiences of American servicemen in World War II and upon returning to the United States, including access to postwar economic opportunities for white, Black, Latinx, Indigenous and Asian-American servicemen.",,2023-11-03T00:32:05+00:00
Standards,2.4.3.5.9,US2.51,"Analyze the development of American culture during the 1930s and 1940s, including music, art, literature and goods.",,2023-11-03T00:32:05+00:00
Driving Concept,2.4.3.6,,Driving Concept 6: Ideological Global Conflict,,2023-11-03T00:32:05+00:00
Standards,2.4.3.6.1,US2.52,Evaluate how political and ideological differences between the United States and the Soviet Union led to the US policy of containment and the period known as the Cold War.,,2023-11-03T00:32:05+00:00
Standards,2.4.3.6.2,US2.53,"Analyze the legacy of the development of atomic weapons and the nuclear age in American society, and explain how it altered the balance of global power.",,2023-11-03T00:32:05+00:00
Standards,2.4.3.6.3,US2.54,"Analyze the reasons for and the consequences of efforts to limit civil liberties in the United States during the Cold War, including an analysis of McCarthyism and the “Lavender Scare.”",,2023-11-03T00:32:05+00:00
Standards,2.4.3.6.4,US2.55,"Evaluate the reasons for and efficacy of containment policies enacted by the United States, including conflicts and proxy wars in Latin America, Southeast Asia and the Middle East.",,2023-11-03T00:32:05+00:00
Standards,2.4.3.6.5,US.56,"Analyze the policies that led to United States military involvement in Vietnam, and evaluate the social, political and economic impacts of US involvement in Vietnam on Vietnam, Cambodia and the United States",,2023-11-03T00:32:05+00:00
Standards,2.4.3.6.6,US2.57,"Evaluate the reasons for and impact of opposition to US intervention in foreign countries during the Cold War, including the anti-Vietnam War movement.",,2023-11-03T00:32:05+00:00
Standards,2.4.3.6.7,US2.58,"Assess the extent to which US actions contributed to the collapse of the Soviet Union, and evaluate the impact of the USSR’s collapse on US foreign policy and the post-Cold War international order.",,2023-11-03T00:32:05+00:00
Driving Concept,2.4.3.7,,Driving Concept 7: Movements for Justice and Equality,,2023-11-03T00:32:05+00:00
Standards,2.4.3.7.1,US2.59,"Evaluate the impact of Jim Crow and other discriminatory laws in the North and South on the lived experiences of different individuals, including but not limited to Black, Latinx and Asian Americans across different gender and socioeconomic contexts.",,2023-11-03T00:32:05+00:00
Standards,2.4.3.7.2,US2.60,"Evaluate the impact of federal and local policies in housing, infrastructure and economic development, such as redlining and housing covenants on the distribution of economic opportunity in the early 20th century.",,2023-11-03T00:32:05+00:00
Standards,2.4.3.7.3,US2.61,"Evaluate the reasons for and consequences of the Immigration and Nationality Act of 1965, with specific attention to the experiences of Asian, African and Latinx immigrants.",,2023-11-03T00:32:05+00:00
Standards,2.4.3.7.4,US2.62,"Assess when the Civil Rights Movement began and ended, evaluating grassroots and advocacy movements from the 1890s through the 1960s and into the 21st century.",,2023-11-03T00:32:05+00:00
Standards,2.4.3.7.5,US2.63,"Evaluate the different goals and tactics of African American movements for racial equality during and following World War II, including Charles Hamilton Houston’s plan for fighting segregation through the courts.",,2023-11-03T00:32:05+00:00
Standards,2.4.3.7.6,US2.64,"Analyze grassroots efforts by African Americans to participate in political, economic, and legal systems and to access public education.",,2023-11-03T00:32:05+00:00
Standards,2.4.3.7.7,US2.65,"Analyze the systematized tactics and impact of widespread terror, white supremacy and violence to undermine the gains of the Long Civil Rights Movement (e.g., the reemergence of the Ku Klux Klan, lynchings, massacres, assassinations, violence at voting booths).",,2023-11-03T00:32:05+00:00
Standards,2.4.3.7.8,US2.66,"Analyze the tactics used by different Civil Rights organizations and leaders to achieve racial and economic equality in the South, including key events organized by the National Association for the Advancement of Colored People (NAACP), Student Nonviolent Coordinating Committee (SNCC), the Congress of Racial Equality (CORE), Black Panthers, Brown Berets, and the Southern Christian Leadership Conference (SCLC).",,2023-11-03T00:32:05+00:00
Standards,2.4.3.7.9,US2.67,"Assess reasons for the successes and unfinished work of the Civil Rights Movement, including the impact and legacy of
*Brown v. Board of Education,* the Civil Rights Act of 1964, the Voting Rights Act of 1965 and *Shelby County v. Holder.*",,2023-11-03T00:32:05+00:00
Standards,2.4.3.7.10,US2.68,"Assess the reasons for and the impact of institutional racism and segregation in the Northern United States, and analyze local movements and uprisings in the North.",,2023-11-03T00:32:05+00:00
Standards,2.4.3.7.11,US2.69,"Analyze the contributions of different groups to the Civil Rights Movement and how it inspired and intersected with various other civil rights movements and events including but not limited to the gay rights movement, the Stonewall Uprising, the American Indian Movement (AIM), the United Farm Workers, the Women’s Liberation Movement, the Asian American Movement, disability rights movement, Chicano Movement, Latinx resistance and the anti-war movements.",,2023-11-03T00:32:05+00:00
Standards,2.4.3.7.12,US2.70,"Use historical context to analyze the reaction to movements for political, social and economic equality.",,2023-11-03T00:32:05+00:00
Standards,2.4.3.7.13,US2.71,Analyze the reasons for and impact of the occupation of Alcatraz and the American Indian Movement.,,2023-11-03T00:32:05+00:00
Standards,2.4.3.7.14,US2.72,"Analyze the writings of different perspectives of the Women's Liberation Movement from women from diverse backgrounds such as but not limited to Gloria Steinem, Elaine Brown, Phyllis Schlafly and Gloria Anzaldúa.",,2023-11-03T00:32:05+00:00
Standards,2.4.3.7.15,US2.73,"Analyze media coverage of two key events in a movement for equality, comparing multiple perspectives and the use of framing and focus in the coverage of key events.",,2023-11-03T00:32:05+00:00
Driving Concept,2.4.3.8,,Driving Concept 8: Access to Democracy and Power from the 1980s-Present Day,,2023-11-03T00:32:05+00:00
Standards,2.4.3.8.1,US2.74,Evaluate the tension over the role of the federal government in regulating the economy and providing a social safety net during the late 20th and early 21st century.,,2023-11-03T00:32:05+00:00
Standards,2.4.3.8.2,US2.75,"Evaluate the legacy of American foreign policy after the collapse of the Soviet Union, including conflicts in Latin America and the Middle East.",,2023-11-03T00:32:05+00:00
Standards,2.4.3.8.3,US2.76,Analyze the reasons for and the impact of political polarization from the 1980s through contemporary America.,,2023-11-03T00:32:05+00:00
Standards,2.4.3.8.4,US2.77,Evaluate the federal response to the AIDS crisis in the 1980s and the strategies of activists and patient advocates to respond to the crisis.,,2023-11-03T00:32:05+00:00
Standards,2.4.3.8.5,US2.78,"Analyze the consequences of the terrorist attacks of Sept. 11, 2001, on global and domestic policy, including foreign and domestic surveillance, the rise of anti-Muslim hate and violence and discrimination against communities such as but not limited to Sikh and Arab Americans.",,2023-11-03T00:32:05+00:00
Standards,2.4.3.8.6,US2.79,"Evaluate the effort of American foreign policy to meet humanitarian goals, further economic interests, and increase domestic security, including the War on Drugs and the invasion of Afghanistan during the Global War on Terror.",,2023-11-03T00:32:05+00:00
Standards,2.4.3.8.7,US2.80,"Analyze the claims that led to the 2003 US invasion of Iraq, and evaluate the social, political, and economic impacts of the invasion on Iraq and the United States.",,2023-11-03T00:32:05+00:00
Standards,2.4.3.8.8,US2.81,Evaluate the legacy of the election and presidency of Barack Obama.,,2023-11-03T00:32:05+00:00
Standards,2.4.3.8.9,US2.82,"Evaluate the tactics and efficacy of modern social, labor, political, and environmental activist movements in America.",,2023-11-03T00:32:05+00:00
Standards,2.4.3.8.10,US2.83,"Evaluate the impact of the internet and modern technological advancements on the American economy and social landscape, specifically continued inequality, the shift from factory-based to a knowledge-based economy and the increase in regional inequality (e.g., between major urban centers like Washington, DC and rural areas like West Virginia).",,2023-11-03T00:32:05+00:00
Standards,2.4.3.8.11,US2.84,Analyze the successes and challenges to the environmental movement after 2000.,,2023-11-03T00:32:05+00:00
Standards,2.4.3.8.12,US2.85,Evaluate the extent to which advances in technology and investments in capital goods increased standards of living throughout the United States.,,2023-11-03T00:32:05+00:00
Standards,2.4.3.8.13,US2.86,"Using a case study approach, analyze ways Indigenous Nations have continued and updated cultural traditions, including music, art and games (e.g., lacrosse).",,2023-11-03T00:32:05+00:00
Course,2.4.4,,Government and Civics,,2023-11-03T00:32:05+00:00
Driving Concept,2.4.4.1,,Driving Concept 1: Foundations of American Democracy,,2023-11-03T00:32:05+00:00
Standards,2.4.4.1.1,GC.1,"Analyze major tensions within the United States’ constitutional democracy: majority rule and individual rights, liberty and security, state and national authority in a federal system, civil disobedience and the rule of law and the relationship between religion and government.",,2023-11-03T00:32:05+00:00
Standards,2.4.4.1.2,GC.2,"Analyze the foundational principles of democratic societies, including respect for individual civil and political rights, fair and competitive elections, and the equal exercise of power by the governed over their government.",,2023-11-03T00:32:05+00:00
Standards,2.4.4.1.3,GC.3,"Analyze the historic events and philosophies that shaped the perspectives of the authors of the US Constitution, and assess the impact of these perspectives on the government they created, including an analysis of the Declaration of Independence.",,2023-11-03T00:32:05+00:00
Standards,2.4.4.1.4,GC.4,"Evaluate the debates about rights, power, civic participation, slavery and decision-making during the creation of the US Constitution that shaped its design.",,2023-11-03T00:32:05+00:00
Standards,2.4.4.1.5,GC.5,"Evaluate the principles of the US Constitution, including the rule of law, consent of the governed, limited government, separation of powers, and federalism, and evaluate the way in which these principles function today.",,2023-11-03T00:32:05+00:00
Standards,2.4.4.1.6,GC.6,Analyze the structures and functions of the three branches of the US government in order to evaluate current conflicts between them.,,2023-11-03T00:32:05+00:00
Standards,2.4.4.1.7,GC.7,"Analyze the means by which a bill becomes a law, and identify opportunities for citizens to influence the process.",,2023-11-03T00:32:05+00:00
Standards,2.4.4.1.8,GC.8,"Analyze the ways in which the US Constitution established limited government, and evaluate the ongoing tension between an empowered but limited federal government, including the evolution of the use of the Necessary and Proper and Commerce Clauses.",,2023-11-03T00:32:05+00:00
Standards,2.4.4.1.9,GC.9,"Assess the appropriate balance of power between the federal, state and tribal governments, including an analysis of significant Supreme Court rulings such as *McCulloch v. Maryland, Gibbons v. Ogden, and United States v. Lopez.*",,2023-11-03T00:32:05+00:00
Standards,2.4.4.1.10,GC.10,Evaluate historic and current efforts by marginalized groups to be represented and protected by the US Constitution.,,2023-11-03T00:32:05+00:00
Standards,2.4.4.1.11,GC.11,Assess how different interpretations and perspectives of the US Constitution have promoted or limited civic virtues and democratic principles in the past and present.,,2023-11-03T00:32:05+00:00
Standards,2.4.4.1.12,GC.12,Analyze past and present efforts to adapt and redesign the US Constitution and political institutions both formally and informally.,,2023-11-03T00:32:05+00:00
Driving Concept,2.4.4.2,,Driving Concept 2: Rights and Responsibilities,,2023-11-03T00:32:05+00:00
Standards,2.4.4.2.1,GC.13,"Evaluate the credibility of different perspectives and sources about an event in civil or human rights’ history, and use the analysis to develop a claim in response to a specific question.",,2023-11-03T00:32:05+00:00
Standards,2.4.4.2.2,GC.14,"Analyze the ways in which the US Constitution and Bill of Rights protect individual rights and liberties from undue governmental influence, analyzing to what extent these rights have expanded or been abridged over time.",,2023-11-03T00:32:05+00:00
Standards,2.4.4.2.3,GC.15,"Evaluate the historic and contemporary impact and effectiveness of the 13th, 14th, 15th and 19th Amendments in expanding access to rights and freedoms in the United States.",,2023-11-03T00:32:05+00:00
Standards,2.4.4.2.4,GC.16,"Evaluate the evolution of civil liberties over time, including landmark Supreme Court cases such as the *Slaughter-House Cases, Gideon v. Wainwright, Miranda v. Arizona, Schenck v. United States, Tinker v. Des Moines, Loving v. Virginia, Obergefell v. Hodges and Dobbs v. Jackson Women’s Health Organization.*",,2023-11-03T00:32:05+00:00
Standards,2.4.4.2.5,GC.17,"Evaluate how the right to citizenship has evolved over time, including the impact of *United States v. Bhagat Singh Thind, United States v. Wong Kim Ark* and the current rights of citizens living in US territories.",,2023-11-03T00:32:05+00:00
Standards,2.4.4.2.6,GC.18,"Analyze the evolution of what is considered a constitutional right and civil liberty, comparing their application over time with a specific focus on marginalized and underrepresented groups.",,2023-11-03T00:32:05+00:00
Standards,2.4.4.2.7,GC.19,"Analyze the reasons for the evolution of Indigenous Nations’ sovereignty over time, including the impact of significant treaties and Supreme Court cases on the rights of Indigenous Nations.",,2023-11-03T00:32:05+00:00
Standards,2.4.4.2.8,GC.20,Evaluate the extent to which the Constitution protects individuals from discrimination in contemporary society.,,2023-11-03T00:32:05+00:00
Standards,2.4.4.2.9,GC.21,"Analyze the origin and continued efforts of at least two organized social movements fighting to expand civil and/or voting rights, including public action, protests, courts, and the passage of laws and amendments specific to women.",,2023-11-03T00:32:05+00:00
Standards,2.4.4.2.10,GC.22,"Analyze a political, economic, environmental or social issue relating to civil rights or liberties, and advocate for a specific change in current government policy or law.",,2023-11-03T00:32:05+00:00
Driving Concept,2.4.4.3,,Driving Concept 3: Citizenship in a Digital World,,2023-11-03T00:32:05+00:00
Standards,2.4.4.3.1,GC.23,"Find and evaluate a range of digital sources and claims about a current political issue, and decide which are worth investing time to read to learn about the political issue using lateral reading and click restraint.",,2023-11-03T00:32:05+00:00
Standards,2.4.4.3.2,GC.24,"Evaluate the utility of different resources (e.g., fact checking organizations, news organizations) to reference while evaluating online sources and claims.",,2023-11-03T00:32:05+00:00
Standards,2.4.4.3.3,GC.25,"Evaluate the perspective and claims of an editorial, editorial cartoon, or op-ed commentary and its impact on a public policy issue at the local, state, or national level.",,2023-11-03T00:32:05+00:00
Standards,2.4.4.3.4,GC.26,"Evaluate the strengths and weaknesses of traditional news media organizations (newspapers, magazines, radio, and television) in creating an informed public, including an analysis of the use of fact checkers, editors, framing and focus.",,2023-11-03T00:32:05+00:00
Standards,2.4.4.3.5,GC.27,"Use research from national and international sources to analyze the impact of media and social media on democracy, and develop a public policy proposal to strengthen democratic expression and participation in American civil life.",,2023-11-03T00:32:05+00:00
Standards,2.4.4.3.6,GC.28,"Evaluate the role of government, individuals and corporations in ensuring public access to accurate information, including the impact of algorithms and machine learning in directing and influencing individuals’ access to information.",,2023-11-03T00:32:05+00:00
Standards,2.4.4.3.7,GC.29,Develop and iterate a plan to use technology and online platforms for civic engagement and to drive social change.,,2023-11-03T00:32:05+00:00
Driving Concept,2.4.4.4,,Driving Concept 4: Political Participation and Engagement,,2023-11-03T00:32:05+00:00
Standards,2.4.4.4.1,GC.30,"Analyze opportunities for civic engagement within local, state, and federal government, and assess the extent to which participants enjoy equitable access and influence.",,2023-11-03T00:32:05+00:00
Standards,2.4.4.4.2,GC.31,"Analyze the expansion and contraction of voting rights throughout US history, including movements by different groups to access the right to vote.",,2023-11-03T00:32:05+00:00
Standards,2.4.4.4.3,GC.32,"Analyze civic participation in the political process over time (including voter trends, restrictions, and expansions) and the evolution of opportunities to engage with the government.",,2023-11-03T00:32:05+00:00
Standards,2.4.4.4.4,GC.33,"Analyze how political parties, interest groups and other organizations provide people with opportunities for civic involvement, evaluating how each impacts the powers of citizens.",,2023-11-03T00:32:05+00:00
Standards,2.4.4.4.5,GC.34,"Compare historic or contemporary examples in which groups of people attempted to resist unjust economic conditions, evaluating short- and long-term impacts.",,2023-11-03T00:32:05+00:00
Standards,2.4.4.4.6,GC.35,"Evaluate the use of the court system to achieve or restrict equality historically, including an analysis of *Dred Scott v. Sandford, Plessy v. Ferguson, Korematsu v. United States, Mendez v. Westminster, Brown v. Board of Education, Loving v. Virginia,* and *Obergefell v. Hodges.*",,2023-11-03T00:32:05+00:00
Standards,2.4.4.4.7,GC.36,"Evaluate voting rights, laws, and practices in Washington, DC, a state or a territory, and develop a proposal for a specific change in current government policy or law to impact voting rights or civic engagement.",,2023-11-03T00:32:05+00:00
Standards,2.4.4.4.8,GC.37,Compare different forms of political engagement and the efficacy of different methods for taking actions.,,2023-11-03T00:32:05+00:00
Standards,2.4.4.4.9,GC.38,"Analyze the ways that young people are impacting change, including individual changemakers and through youth-led organizations, with attention paid to organizations led by historically marginalized groups.",,2023-11-03T00:32:05+00:00
Standards,2.4.4.4.10,GC.39,"Analyze a local, state, national or international issue, and develop a corresponding plan of action for making change.",,2023-11-03T00:32:05+00:00
Driving Concept,2.4.4.5,,Driving Concept 5: Public Policy,,2023-11-03T00:32:05+00:00
Standards,2.4.4.5.1,GC.40,"Analyze and explain the process by which various levels and branches of government and outside organizations shape, implement, amend and enforce public policy.",,2023-11-03T00:32:05+00:00
Standards,2.4.4.5.2,GC.41,"Evaluate the extent to which different groups of Americans impact domestic and foreign policy, and identify the reasons and consequences of disparities in influence.",,2023-11-03T00:32:05+00:00
Standards,2.4.4.5.3,GC.42,"Evaluate the extent to which specific public policies are successful in implementation, and explain the reasons for success and failure of public policy.",,2023-11-03T00:32:05+00:00
Standards,2.4.4.5.4,GC.43,Evaluate the environmental impact of at least one policy decision on a geographic region within the United States.,,2023-11-03T00:32:05+00:00
Standards,2.4.4.5.5,GC.44,"Evaluate the effectiveness of United States government’s response to the threat of climate change, and develop a corresponding plan of action.",,2023-11-03T00:32:05+00:00
Standards,2.4.4.5.6,GC.45,"Assess different policies for the collection and use of federal, state, and local taxes to fund government-provided goods and services, including income taxes, payroll taxes, property taxes and sales taxes.",,2023-11-03T00:32:05+00:00
Standards,2.4.4.5.7,GC.46,"Analyze the process by which competition among buyers and sellers determines a market price, and evaluate the consequences of government intervention in the marketplace.",,2023-11-03T00:32:05+00:00
Standards,2.4.4.5.8,GC.47,"Evaluate the role of government in a market economy, including providing for national defense, addressing environmental concerns, defining and enforcing property rights, attempting to make markets more competitive, resolution of market failures and protecting consumers’ rights.",,2023-11-03T00:32:05+00:00
Standards,2.4.4.5.9,GC.48,"Compare and contrast at least three economic systems (capitalism, mercantilism, communism, socialism, libertarianism), and produce a claim about the strengths and weaknesses of at least one economic or political-economic system.",,2023-11-03T00:32:05+00:00
Standards,2.4.4.5.10,GC.49,"Analyze the origins of a public policy issue, and present a proposal defending a position or invoking a call to action at the local, state or national level.",,2023-11-03T00:32:05+00:00
Course,2.4.5,,District of Columbia History and Government,,2023-11-03T00:32:05+00:00
Driving Concept,2.4.5.1,,"Driving Concept 1: Early Settlement and Geography of Washington, DC (1400- 1790)",,2023-11-03T00:32:05+00:00
Standards,2.4.5.1.1,DC.1,"Evaluate different geographic representations of Washington, DC and the Chesapeake region to develop claims about how the city and region have changed over time.",,2023-11-03T00:32:05+00:00
Standards,2.4.5.1.2,DC.2,"Analyze the social, cultural and political lives of Nacotchtank (Anacostan) and Piscataway societies using archival and archaeological evidence.",,2023-11-03T00:32:05+00:00
Standards,2.4.5.1.3,DC.3,"Evaluate the impact of the local environment, ecology and natural resources of the Potomac region on agricultural and economic structures of the Nacotchtank (Anacostan) and Piscataway societies and compare the way in which these societies used land with early colonial land use practices.",,2023-11-03T00:32:05+00:00
Standards,2.4.5.1.4,DC.4,"Analyze the initial interactions between European colonists and Indigenous Nations in the Potomac Region, from the perspectives of the Nacotchtank (Anacostan) and Piscataway and the Europeans, and analyze the ways Nacotchtank (Anacostan) and Piscataway nations resisted and were impacted by colonization.",,2023-11-03T00:32:05+00:00
Standards,2.4.5.1.5,DC.5,"Use primary sources to evaluate the lived experiences of different individuals in Washington, DC in the 17th century, including the different experiences across race, gender, class and religion.",,2023-11-03T00:32:05+00:00
Standards,2.4.5.1.6,DC.6,"Analyze different political statuses of enslaved and free Black Americans in the region during the 18th century, evaluate how their labor shaped the development of local colonies, and analyze how they resisted European enslavement.",,2023-11-03T00:32:05+00:00
Driving Concept,2.4.5.2,,Driving Concept 2: Birth and Early Development of the Nation’s Capital (1790- 1865),,2023-11-03T00:32:05+00:00
Standards,2.4.5.2.1,DC.7,"Evaluate the reasons for and consequences of the establishment of a federal district during the Constitutional Convention, as well as the factors that resulted in the choice of the location for the new nation’s capital, including the role of slavery.",,2023-11-03T00:32:05+00:00
Standards,2.4.5.2.2,DC.8,"Evaluate the ways in which the creation of Washington, DC both embodied and failed to embody the ideals of the American Revolution.",,2023-11-03T00:32:05+00:00
Standards,2.4.5.2.3,DC.9,Evaluate the reasons for and opposition to the Organic Act of 1801 and the impact of federal legislation on the lives of DC residents.,,2023-11-03T00:32:05+00:00
Standards,2.4.5.2.4,DC.10,Evaluate the reasons for and consequences of the movement for retrocession.,,2023-11-03T00:32:05+00:00
Standards,2.4.5.2.5,DC.11,"Analyze the ways in which Washingtonians, including immigrants as well as both free and enslaved persons of African descent, responded to the economic and political opportunities and challenges in the early history of the city.",,2023-11-03T00:32:05+00:00
Standards,2.4.5.2.6,DC.12,"Evaluate how Washingtonians, both free and enslaved, along with Black and white abolitionists from across the country, organized in the long struggle to resist and ultimately abolish slavery in the nation’s capital.",,2023-11-03T00:32:05+00:00
Standards,2.4.5.2.7,DC.13,"Evaluate the ways in which the sale and trade of enslaved individuals impacted the geography and development of Washington, DC.",,2023-11-03T00:32:05+00:00
Standards,2.4.5.2.8,DC.14,"Analyze the impact of federal policies, including the Fugitive Slave Act and the Compromise of 1850 on the lives and experiences of Washingtonians, including enslaved Washingtonians and free Black Washingtonians, before and during the Civil War.",,2023-11-03T00:32:05+00:00
Standards,2.4.5.2.9,DC.15,Evaluate Pierre L’Enfant’s symbolic design for the capital city and the growth and development of the early capital.,,2023-11-03T00:32:05+00:00
Standards,2.4.5.2.10,DC.16,Analyze the impact of the Civil War on the city’s physical and political life.,,2023-11-03T00:32:05+00:00
Standards,2.4.5.2.11,DC.17,Analyze the reasons for and the impact of the Compensated Emancipation Act of 1862 and its impact on federal policy.,,2023-11-03T00:32:05+00:00
Driving Concept,2.4.5.3,,"Driving Concept 3: Emergence of Modern Washington, DC (1865-1968)",,2023-11-03T00:32:05+00:00
Standards,2.4.5.3.1,DC.18,Evaluate the impact of Congressional Reconstruction and the Freedmen’s Bureau on the District.,,2023-11-03T00:32:05+00:00
Standards,2.4.5.3.2,DC.19,"Analyze the expansion of suffrage rights in Washington, DC during Reconstruction and the impact of biracial democracy on the political structure of Washington, DC.",,2023-11-03T00:32:05+00:00
Standards,2.4.5.3.3,DC.20,Evaluate reasons for and the impact of the establishment of territorial government and the end of home rule in the 1870s.,,2023-11-03T00:32:05+00:00
Standards,2.4.5.3.4,DC.21,"Evaluate the impact of city planning and federal policy on the geography of Washington, DC in the late 19th and early 20th centuries, including the city’s alley dwellings, local efforts at housing reform, and the development and displacement of the city’s first Chinatown.",,2023-11-03T00:32:05+00:00
Standards,2.4.5.3.5,DC.22,"Analyze the origins and the impact of segregation and Jim Crow laws on the culture, geography and economy of Washington, DC.",,2023-11-03T00:32:05+00:00
Standards,2.4.5.3.6,DC.23,"Evaluate the reasons for and impact of the New Negro Renaissance on the Washington, DC community between 1900 and
1930.",,2023-11-03T00:32:05+00:00
Standards,2.4.5.3.7,DC.24,"Analyze the reasons for the growth of the Asian American community in Washington, DC, and evaluate the methods used by the community to resist displacement resulting from urban planning and federal policy.",,2023-11-03T00:32:05+00:00
Standards,2.4.5.3.8,DC.25,"Analyze the impact of World War I, the New Deal, and World War II on the District’s population, geography and residents.",,2023-11-03T00:32:05+00:00
Standards,2.4.5.3.9,DC.26,"Analyze the impact of the Lavender Scare on LGBTQ+ life in Washington DC and the actions taken by specific individuals and organizations (e.g., William Dorsey Swan and the Gay Liberation Front-DC), to increase visibility and equality for LGBTQ+ individuals in Washington.",,2023-11-03T00:32:05+00:00
Standards,2.4.5.3.10,DC.27,"Analyze the reasons for and the efficacy of different forms of political activism, and analyze the cultural achievements of Black and immigrant Washingtonians during and between the world wars.",,2023-11-03T00:32:05+00:00
Standards,2.4.5.3.11,DC.28,Evaluate the global forces that spurred the growth of a Latinx community in Washington in the 1960s.,,2023-11-03T00:32:05+00:00
Standards,2.4.5.3.12,DC.29,"Analyze the rise of Latinx-owned businesses and non-profit organizations and the methods by which different individuals have exercised political power in Washington, DC.",,2023-11-03T00:32:05+00:00
Standards,2.4.5.3.13,DC.30,"Evaluate the tactics and goals of different movements for freedom, economic justice and equality within Washington, DC, including boycott campaigns, sit-ins, direct action, and court cases.",,2023-11-03T00:32:05+00:00
Standards,2.4.5.3.14,DC.31,"Evaluate the successes and shortcomings of the fight for racial equality in Washington, DC, including the impact of Washington DC’s status as the nation’s capital and a federal district on the movement for equality.",,2023-11-03T00:32:05+00:00
Standards,2.4.5.3.15,DC.32,"Analyze the successes and unfinished work of the fight to desegregate schools in Washington, DC, including the role of
*Bolling v. Sharpe.*",,2023-11-03T00:32:05+00:00
Standards,2.4.5.3.16,DC.33,"Analyze the rationale for and the impact of urban planning decisions — including urban renewal policies and city infrastructure — on communities in Washington, DC, as well as how communities resisted some of these policies.",,2023-11-03T00:32:05+00:00
Driving Concept,2.4.5.4,,Driving Concept 4: Self-Determination in the District (1968-1998),,2023-11-03T00:32:05+00:00
Standards,2.4.5.4.1,DC.34,"Evaluate the roots and impact of cultural changes to Washington, DC in the 1970s, including the rise of go-go and punk.",,2023-11-03T00:32:05+00:00
Standards,2.4.5.4.2,DC.35,"Evaluate the reasons for and impact of immigration to Washington, DC at the end of the 20th century, including the impact of immigration from Central America, Asia and Africa.",,2023-11-03T00:32:05+00:00
Standards,2.4.5.4.3,DC.36,"Evaluate the efforts and opposition to the struggle for greater self-determination and suffrage for Washington, DC residents in the 1960s and 1970s, culminating in the passage of the Home Rule Act of 1973.",,2023-11-03T00:32:05+00:00
Standards,2.4.5.4.4,DC.37,"Evaluate the executive and legislative powers of the DC government, as established by the Home Rule Act, and analyze the extent to which limited government under home rule addressed issues facing the District.",,2023-11-03T00:32:05+00:00
Standards,2.4.5.4.5,DC.38,"Evaluate the roles different grassroots community organizations played in fighting for the expansion of political and economic power in the District and nation from the mid- to late 20th century, including local organizing for tenant protections, LGBTQ+ rights and immigrant rights; national struggles for welfare rights and against poverty; and international fights against the Vietnam War, Apartheid and US imperialism in Latin America.",,2023-11-03T00:32:05+00:00
Standards,2.4.5.4.6,DC.39,Analyze the causes and effects of the city’s financial crisis in the mid-1990s and the role of the federal and city government in responding to the crisis.,,2023-11-03T00:32:05+00:00
Standards,2.4.5.4.7,DC.40,"Use a case study approach to evaluate the history of at least two different communities in Washington, DC and how the communities have grown and changed over time (e.g., Chinatown, Columbia Heights, Mt. Pleasant, Shaw, Southwest, Anacostia).",,2023-11-03T00:32:05+00:00
Driving Concept,2.4.5.5,,"Driving Concept 5: Contemporary Washington, DC (1998-present)",,2023-11-03T00:32:05+00:00
Standards,2.4.5.5.1,DC.41,Evaluate the contemporary relationship between the federal government and the District of Columbia and the impact of this relationship on the rights and privileges of District residents.,,2023-11-03T00:32:05+00:00
Standards,2.4.5.5.2,DC.42,"Evaluate the origins of the movement for statehood for Washington, DC, and evaluate the reasons for national support and opposition to the movement.",,2023-11-03T00:32:05+00:00
Standards,2.4.5.5.3,DC.43,"Analyze the current structure of District government, and identify important public officials in Washington and how they impact change.",,2023-11-03T00:32:05+00:00
Standards,2.4.5.5.4,DC.44,Assess the multiple ways District residents can influence the DC local government.,,2023-11-03T00:32:05+00:00
Standards,2.4.5.5.5,DC.45,Evaluate the history and legacy of cultural institutions and monuments that are unique to Washingtonians.,,2023-11-03T00:32:05+00:00
Standards,2.4.5.5.6,DC.46,"Compare contemporary ward maps and the distinct features of each of Washington, DC’s wards, and evaluate the different resources available across Washington, DC.",,2023-11-03T00:32:05+00:00
Standards,2.4.5.5.7,DC.47,"Evaluate financial resources and opportunities available to District residents to increase financial independence, and critically evaluate information from a variety of sources to make informed consumer decisions.",,2023-11-03T00:32:05+00:00
Standards,2.4.5.5.8,DC.48,"Assess successful efforts for creating change in Washington, DC, and evaluate the efficacy of methods for achieving change in the District.",,2023-11-03T00:32:05+00:00
Standards,2.4.5.5.9,DC.49,"Evaluate the credibility of online sources and claims about contemporary political and social issues in Washington, DC using strategies like lateral reading.",,2023-11-03T00:32:05+00:00
Standards,2.4.5.5.10,DC.50,"Compare multiple accounts from different news or media sources about an issue of concern, with attention to the credibility and perspective of each account.",,2023-11-03T00:32:05+00:00
Standards,2.4.5.5.11,DC.51,"Evaluate the current challenges and opportunities facing Washingtonians, and propose a solution for District residents.",,2023-11-03T00:32:05+00:00