Item Type,Sequence,Human Code,Full Statement,Ed. Level,Last Modified
Discipline,1,AFNR,"Agriculture, Food, And Natural Resources",,2023-08-03T20:09:09+00:00
Grade Level,1.1,AFNR.e,Grades PK-5,PK-5,2023-08-07T21:49:59+00:00
Content Area,1.1.1,AFNR.e.ABS,Agriculture Business Standards,,2023-08-03T20:20:52+00:00
Standard,1.1.1.1,AFNR.e.ABS.1,Students will use economic principles to establish and manage an AFNR enterprise.,,2023-08-03T20:20:52+00:00
Learning Priority,1.1.1.1.1,AFNR.e.ABS.1.a,Apply principles of capitalism in the business environment.,,2023-08-03T20:20:52+00:00
Performance Indicator,1.1.1.1.1.1,AFNR.e.ABS.1.a.1,Recognize the use of money as a medium for exchange in a capitalistic system.,,2023-08-03T20:20:52+00:00
Learning Priority,1.1.1.1.2,AFNR.e.ABS.1.b,Apply principles of entrepreneurship in businesses.,,2023-08-03T20:20:52+00:00
Performance Indicator,1.1.1.1.2.1,AFNR.e.ABS.1.b.1,"Describe the meaning, importance and economic impact of entrepreneurship.",,2023-08-03T20:20:52+00:00
Standard,1.1.1.2,AFNR.e.ABS.2,Students will use appropriate management planning principles in AFNR business enterprise.,,2023-08-03T20:20:52+00:00
Learning Priority,1.1.1.2.1,AFNR.e.ABS.2.a,Compose and analyze a business plan for an enterprise.,,2023-08-03T20:20:52+00:00
Performance Indicator,1.1.1.2.1.1,AFNR.e.ABS.2.a.1,Recognize the importance of setting goals for success of a business.,,2023-08-03T20:20:52+00:00
Performance Indicator,1.1.1.2.1.2,AFNR.e.ABS.2.a.2,Connect DATCP to consumer safety standards.,,2023-08-03T20:20:52+00:00
Learning Priority,1.1.1.2.2,AFNR.e.ABS.2.b,"Read, interpret, evaluate and write a mission statement to guide business goals, objectives and resource allocation.",,2023-08-03T20:20:52+00:00
Performance Indicator,1.1.1.2.2.1,AFNR.e.ABS.2.b.1,Recognize goals or purposes of a club.,,2023-08-03T20:20:52+00:00
Performance Indicator,1.1.1.2.2.2,AFNR.e.ABS.2.b.2,"Make the connection between goals, means and outcomes.",,2023-08-03T20:20:52+00:00
Learning Priority,1.1.1.2.3,AFNR.e.ABS.2.c,Apply appropriate management skills to organize a business.,,2023-08-03T20:20:52+00:00
Performance Indicator,1.1.1.2.3.1,AFNR.e.ABS.2.c.1,Recognize the roles in a business owners and employees.,,2023-08-03T20:20:52+00:00
Learning Priority,1.1.1.2.4,AFNR.e.ABS.2.d,"Recruit, train and retain appropriate and productive human resources for businesses.",,2023-08-03T20:20:52+00:00
Performance Indicator,1.1.1.2.4.1,AFNR.e.ABS.2.d.1,Identify types of skills that people can contribute to a business.,,2023-08-03T20:20:52+00:00
Performance Indicator,1.1.1.2.4.2,AFNR.e.ABS.2.d.2,Consider how someone might develop skills and grow in a business.,,2023-08-03T20:20:52+00:00
Performance Indicator,1.1.1.2.4.3,AFNR.e.ABS.2.d.3,Explain why it is important to get along with others you work with.,,2023-08-03T20:20:52+00:00
Performance Indicator,1.1.1.2.4.4,AFNR.e.ABS.2.d.4,Identify dangers that exist in work places.,,2023-08-03T20:20:52+00:00
Standard,1.1.1.3,AFNR.e.ABS.3,Students will use record keeping to accomplish AFNR business objectives while complying with laws and regulations.,,2023-08-03T20:20:52+00:00
Learning Priority,1.1.1.3.1,AFNR.e.ABS.3.a,Prepare and maintain all files needed to accomplish effective record keeping.,,2023-08-03T20:20:52+00:00
Performance Indicator,1.1.1.3.1.1,AFNR.e.ABS.3.a.1,Describe the income and expenses of a business.,,2023-08-03T20:20:52+00:00
Learning Priority,1.1.1.3.2,AFNR.e.ABS.3.b,Implement appropriate inventory management practices.,,2023-08-03T20:20:52+00:00
Performance Indicator,1.1.1.3.2.1,AFNR.e.ABS.3.b.1,Consider items a business might own or borrow to operate.,,2023-08-03T20:20:52+00:00
Standard,1.1.1.4,AFNR.e.ABS.4,"Students will apply generally accepted accounting principles and skills to manage cash budgets, credit budgets and credit for AFNR businesses.",,2023-08-03T20:20:52+00:00
Learning Priority,1.1.1.4.1,AFNR.e.ABS.4.a,Use accounting fundamentals to accomplish dependable bookkeeping and fiscal management.,,2023-08-03T20:20:52+00:00
Performance Indicator,1.1.1.4.1.1,AFNR.e.ABS.4.a,Create a budget for earning and spending allowance money.,,2023-08-03T20:20:52+00:00
Standard,1.1.1.5,AFNR.e.ABS.5,Students will access accomplishment of goals and objectives by an AFNR business.,,2023-08-07T18:10:03+00:00
Learning Priority,1.1.1.5.1,AFNR.e.ABS.5.a,"Maintain and interpret financial information (i.e., income statements, balance sheets, inventory, purchase orders, accounts receivable and cash-flow analyses) for businesses.",,2023-08-03T20:20:52+00:00
Performance Indicator,1.1.1.5.1.1,AFNR.e.ABS.5.a.1,Keep track of expenses and deposits on a checkbook ledger.,,2023-08-07T18:15:35+00:00
Performance Indicator,1.1.1.5.1.2,AFNR.e.ABS.5.a.2,Determine the value of a commodity by considering the yield and commodity price.,,2023-08-07T18:16:29+00:00
Performance Indicator,1.1.1.5.1.3,AFNR.e.ABS.5.a.3,Identify expenses and incomes that might be incurred by a business.,,2023-08-07T18:17:24+00:00
Standard,1.1.1.6,AFNR.e.ABS.6,Students will use industry-accepted marketing principles to accomplish AFNR business objectives.,,2023-08-03T20:20:52+00:00
Learning Priority,1.1.1.6.1,AFNR.e.ABS.6.a,Conduct appropriate market and marketing research.,,2023-08-03T20:20:52+00:00
Performance Indicator,1.1.1.6.1.1,AFNR.e.ABS.6.a.1,Consider ways of marketing products of a business.,,2023-08-03T20:20:52+00:00
Performance Indicator,1.1.1.6.1.2,AFNR.e.ABS.6.a.2,Identify agricultural products that consumers purchase.,,2023-08-03T20:20:52+00:00
Learning Priority,1.1.1.6.2,AFNR.e.ABS.6.b,Develop a marketing plan.,,2023-08-03T20:20:52+00:00
Performance Indicator,1.1.1.6.2.1,AFNR.e.ABS.6.b.1,Identify places that consumers purchase agricultural products.,,2023-08-03T20:20:52+00:00
Learning Priority,1.1.1.6.3,AFNR.e.ABS.6.c,Develop strategies for marketing plan implementation.,,2023-08-03T20:20:52+00:00
Performance Indicator,1.1.1.6.3.1,AFNR.e.ABS.6.c.1,Consider how you would convince others to buy your goods if you had a business.,,2023-08-03T20:20:52+00:00
Learning Priority,1.1.1.6.4,AFNR.e.ABS.6.d,Develop specific tactics to market AFNR products and services.,,2023-08-03T20:20:52+00:00
Performance Indicator,1.1.1.6.4.1,AFNR.e.ABS.6.d.1,Identify the people involved in bring agricultural products to consumers.,,2023-08-03T20:20:52+00:00
Standard,1.1.1.7,AFNR.e.ABS.7,Students will create a production system plan.,,2023-08-03T20:20:52+00:00
Learning Priority,1.1.1.7.1,AFNR.e.ABS.7.a,Prepare a step-by-step production plan that identifies needed resources.,,2023-08-03T20:20:52+00:00
Performance Indicator,1.1.1.7.1.1,AFNR.e.ABS.7.a.1,Explain what a business flowchart is and how it works.,,2023-08-03T20:20:52+00:00
Learning Priority,1.1.1.7.2,AFNR.e.ABS.7.b,Develop a production and operational plan.,,2023-08-03T20:20:52+00:00
Performance Indicator,1.1.1.7.2.1,AFNR.e.ABS.7.b.1,Consider the use of a plan to conduct an activity.,,2023-08-03T20:20:52+00:00
Learning Priority,1.1.1.7.3,AFNR.e.ABS.7.c,"Use appropriate techniques to determine the most likely strengths, weaknesses and inconsistencies in a business plan and relate these to risk management strategies.",,2023-08-03T20:20:52+00:00
Learning Priority,1.1.1.7.4,AFNR.e.ABS.7.d,Manage risk and uncertainty.,,2023-08-03T20:20:52+00:00
Performance Indicator,1.1.1.7.4.1,AFNR.e.ABS.7.d.1,Identify risks of having a business.,,2023-08-03T20:20:52+00:00
Content Area,1.1.2,AFNR.e.AS,Animal Science,,2023-08-03T20:20:52+00:00
Standard,1.1.2.1,AFNR.e.AS.1,"Students will examine the components, historical development, global implications and future trends of the animal systems industry.",,2023-08-03T20:20:52+00:00
Learning Priority,1.1.2.1.1,AFNR.e.AS.1.a,"Evaluate the development and implications of animal origin, domestication and distribution.",,2023-08-03T20:20:52+00:00
Performance Indicator,1.1.2.1.1.1,AFNR.e.AS.1.a.1,Identify domesticated animals used in production agriculture and pets by sight and/or sounds.,,2023-08-03T20:20:52+00:00
Performance Indicator,1.1.2.1.1.2,AFNR.e.AS.1.a.2,Recognize products and the animals that the products are derived from.,,2023-08-03T20:20:52+00:00
Standard,1.1.2.2,AFNR.e.AS.2,"Students will classify, evaluate, select and manage animals based on anatomical and physiological characteristics.",,2023-08-03T20:20:52+00:00
Learning Priority,1.1.2.2.1,AFNR.e.AS.2.a,Classify animals according to hierarchical taxonomy and agricultural use.,,2023-08-03T20:20:52+00:00
Performance Indicator,1.1.2.2.1.1,AFNR.e.AS.2.a.1,Identify major animal species by sight and/or sound.,,2023-08-03T20:20:52+00:00
Learning Priority,1.1.2.2.2,AFNR.e.AS.2.b,Apply principles of comparative anatomy and physiology to uses within various animal systems.,,2023-08-03T20:20:52+00:00
Performance Indicator,1.1.2.2.2.1,AFNR.e.AS.2.b.1,Identify body parts of domestic food animals and pets.,,2023-08-03T20:20:52+00:00
Learning Priority,1.1.2.2.3,AFNR.e.AS.2.c,Select animals for specific purposes and maximum performance based on anatomy and physiology.,,2023-08-03T20:20:52+00:00
Performance Indicator,1.1.2.2.3.1,AFNR.e.AS.2.c.1,Identify a sick animal by sight and/or sound.,,2023-08-03T20:20:52+00:00
Standard,1.1.2.3,AFNR.e.AS.3,Students will provide for the proper health care of animals.,,2023-08-03T20:20:52+00:00
Learning Priority,1.1.2.3.1,AFNR.e.AS.3.a,"Prescribe and implement a prevention treatment program for animal diseases, parasites and other disorders.",,2023-08-03T20:20:52+00:00
Performance Indicator,1.1.2.3.1.1,AFNR.e.AS.3.a.1,Explain basic care of animals and how it affects their health.,,2023-08-03T20:20:52+00:00
Performance Indicator,1.1.2.3.1.2,AFNR.e.AS.3.a.2,Identify agriculture careers in animal health (small and large).,,2023-08-03T20:20:52+00:00
Performance Indicator,1.1.2.3.1.3,AFNR.e.AS.3.a.3,"Identify photos of healthy cats, dogs, other pets and equipment used to keep them healthy.",,2023-08-03T20:20:52+00:00
Learning Priority,1.1.2.3.2,AFNR.e.AS.3.b,Identify bio-security threats and provide for the bio-security of agricultural animals and production facilities.,,2023-08-03T20:20:52+00:00
Performance Indicator,1.1.2.3.2.1,AFNR.e.AS.3.b.1,"Define ""bio-security"" as it relates to the animal industry and its importance to humans.",,2023-08-03T20:20:52+00:00
Standard,1.1.2.4,AFNR.e.AS.4,"Students will apply principles of animal nutrition to ensure the proper growth, development, reproduction and economic production of animals.",,2023-08-03T20:20:52+00:00
Learning Priority,1.1.2.4.1,AFNR.e.AS.4.a,Formulate feed rations to provide for the nutritional needs of animals.,,2023-08-03T20:20:52+00:00
Performance Indicator,1.1.2.4.1.1,AFNR.e.AS.4.a.1,Understand that food and fiber can originate from animals.,,2023-08-03T20:20:52+00:00
Learning Priority,1.1.2.4.2,AFNR.e.AS.4.b,Prescribe and administer animal feed additives and growth promotants in animal production.,,2023-08-03T20:20:52+00:00
Performance Indicator,1.1.2.4.2.1,AFNR.e.AS.4.b.1,Identify foods fed to domestic food animals and pets.,,2023-08-03T20:20:52+00:00
Standard,1.1.2.5,AFNR.e.AS.5,Students will evaluate and select animals based on scientific principles of animal production.,,2023-08-03T20:20:52+00:00
Learning Priority,1.1.2.5.1,AFNR.e.AS.5.a,Evaluate the male and females reproductive systems in selecting animals.,,2023-08-03T20:20:52+00:00
Performance Indicator,1.1.2.5.1.1,AFNR.e.AS.5.a.1,Identify differences between babies and adults species of pets and production animals.,,2023-08-03T20:20:52+00:00
Learning Priority,1.1.2.5.2,AFNR.e.AS.5.b,Evaluate the make and females reproductive systems in selecting animals.,,2023-08-03T20:20:52+00:00
Learning Priority,1.1.2.5.3,AFNR.e.AS.5.c,Describe how selection and geographical regions impact the economic decisions of our livestock business.,,2023-08-03T20:20:52+00:00
Performance Indicator,1.1.2.5.3.1,AFNR.e.AS.5.c.1,Identify livestock raised in different geographic regions.,,2023-08-03T20:20:52+00:00
Learning Priority,1.1.2.5.4,AFNR.e.AS.5.d,Apply scientific principles in the selection and breeding of animals.,,2023-08-03T20:20:52+00:00
Performance Indicator,1.1.2.5.4.1,AFNR.e.AS.5.d.1,"Explain the selection of animals for ""specific traits""",,2023-08-03T20:20:52+00:00
Learning Priority,1.1.2.5.5,AFNR.e.AS.5.f,Compare and contrast scientific methods associated with animal reproduction.,,2023-08-03T20:20:52+00:00
Performance Indicator,1.1.2.5.5.1,AFNR.e.AS.5.f.1,Identify ways that animal reproduction is science based.,,2023-08-03T20:20:52+00:00
Standard,1.1.2.6,AFNR.e.AS.6,"Students will prepare and implement animal handling procedures for the safety of animals, producers and consumers of animal products.",,2023-08-03T20:20:52+00:00
Learning Priority,1.1.2.6.1,AFNR.e.AS.6.a,Demonstrate safe animal handling and management techniques.,,2023-08-03T20:20:52+00:00
Performance Indicator,1.1.2.6.1.1,AFNR.e.AS.6.a.1,Demonstrate safe practices around animals.,,2023-08-03T20:20:52+00:00
Learning Priority,1.1.2.6.2,AFNR.e.AS.6.b,Implement procedures to ensure that animal products are safe.,,2023-08-03T20:20:52+00:00
Performance Indicator,1.1.2.6.2.1,AFNR.e.AS.6.b.1,Identify safety hazards effecting animals.,,2023-08-03T20:20:52+00:00
Standard,1.1.2.7,AFNR.e.AS.7,"Students will select animal facilities and equipment that provide for the safe and efficient production, housing and handling of animals.",,2023-08-03T20:20:52+00:00
Learning Priority,1.1.2.7.1,AFNR.e.AS.7.a,"Design animal housing, equipment and handling facilities for the major systems of animal production.",,2023-08-03T20:20:52+00:00
Performance Indicator,1.1.2.7.1.1,AFNR.e.AS.7.a.1,Identify animal facilities and equipment used in animal husbandry.,,2023-08-07T18:23:59+00:00
Learning Priority,1.1.2.7.2,AFNR.e.AS.7.b,Comply with government regulations and safety standards for facilities used in animal production,,2023-08-03T20:20:52+00:00
Standard,1.1.2.8,AFNR.e.AS.8,Students will analyze environmental factors associated with animal production.,,2023-08-03T20:20:52+00:00
Learning Priority,1.1.2.8.1,AFNR.e.AS.8.a,Reduce the effects of animal production on the environment.,,2023-08-03T20:20:52+00:00
Performance Indicator,1.1.2.8.1.1,AFNR.e.AS.8.a.1,Identify how the food and fiber system uses natural resources.,,2023-08-07T18:25:22+00:00
Learning Priority,1.1.2.8.2,AFNR.e.AS.8.b,Evaluate the effects of environmental conditions on animals.,,2023-08-07T18:26:18+00:00
Content Area,1.1.3,AFNR.e.BT,Biotechnology Systems,,2023-08-03T20:20:52+00:00
Standard,1.1.3.1,AFNR.e.BT.1,"Students will recognize the historical, social, cultural and potential applications of biotechnology.",,2023-08-03T20:20:52+00:00
Learning Priority,1.1.3.1.1,AFNR.e.BT.1.a,"Distinguish major innovators, historical developments and potential applications of biotechnology in agriculture.",,2023-08-03T20:20:52+00:00
Performance Indicator,1.1.3.1.1.1,AFNR.e.BT.1.a.1,Define biotechnology; identify examples of agricultural products and processes created through biotechnology.,,2023-08-03T20:20:52+00:00
Learning Priority,1.1.3.1.2,AFNR.e.BT.1.b,"Analyze the ethical, legal, social and cultural issues relating to biotechnology.",,2023-08-03T20:20:52+00:00
Performance Indicator,1.1.3.1.2.1,AFNR.e.BT.1.b.1,List reasons why biotechnology should be regulated by the government.,,2023-08-03T20:20:52+00:00
Performance Indicator,1.1.3.1.2.2,AFNR.e.BT.1.b.2,Identify reasons why people would either support or not support breakthroughs in biotechnology.,,2023-08-03T20:20:52+00:00
Standard,1.1.3.2,AFNR.e.BT.2,Students will demonstrate laboratory skills as applied to biotechnology.,,2023-08-03T20:20:52+00:00
Learning Priority,1.1.3.2.1,AFNR.e.BT.2.a,Demonstrate safe and proper laboratory procedures and record keeping using biological materials.,,2023-08-03T20:20:52+00:00
Performance Indicator,1.1.3.2.1.1,AFNR.e.BT.2.a.1,Recall what you did to complete a scientific experiment.,,2023-08-03T20:20:52+00:00
Performance Indicator,1.1.3.2.1.2,AFNR.e.BT.2.a.2,Demonstrate how to measure a substance in a scientific experiment.,,2023-08-03T20:20:52+00:00
Performance Indicator,1.1.3.2.1.3,AFNR.e.BT.2.a.3,Recognize that microbes can grow on any surface.,,2023-08-03T20:20:52+00:00
Performance Indicator,1.1.3.2.1.4,AFNR.e.BT.2.a.4,Demonstrate how to properly follow instructions in an experiment.,,2023-08-03T20:20:52+00:00
Performance Indicator,1.1.3.2.1.5,AFNR.e.BT.2.a.5,Recognize that some laboratory chemicals can be very dangerous.,,2023-08-03T20:20:52+00:00
Performance Indicator,1.1.3.2.1.6,AFNR.e.BT.2.a.6,Explain how to prevent accidents when doing scientific experiments.,,2023-08-03T20:20:52+00:00
Learning Priority,1.1.3.2.2,AFNR.e.BT.2.b,"Perform microbiology, molecular biology, enzymology and immunology procedures.",,2023-08-03T20:20:52+00:00
Performance Indicator,1.1.3.2.2.1,AFNR.e.BT.2.b.1,Recognize that microbes are living organisms like animals and plants.,,2023-08-03T20:20:52+00:00
Performance Indicator,1.1.3.2.2.2,AFNR.e.BT.2.b.2,Describe what all living organisms (including microbes) need to survive.,,2023-08-03T20:20:52+00:00
Performance Indicator,1.1.3.2.2.3,AFNR.e.BT.2.b.3,State why DNA and proteins are needed by living organisms.,,2023-08-03T20:20:52+00:00
Performance Indicator,1.1.3.2.2.4,AFNR.e.BT.2.b.4,Recognize that biotechnology can be used to improve human health.,,2023-08-03T20:20:52+00:00
Performance Indicator,1.1.3.2.2.5,AFNR.e.BT.2.b.5,Distinguish between examples of helpful and harmful microbes.,,2023-08-03T20:20:52+00:00
Learning Priority,1.1.3.2.3,AFNR.e.BT.2.c,Evaluate the application of genetic engineering to improve products of AFNR systems.,,2023-08-03T20:20:52+00:00
Performance Indicator,1.1.3.2.3.1,AFNR.e.BT.2.c.1,Recognize that scientists can change the DNA of living organisms.,,2023-08-03T20:20:52+00:00
Performance Indicator,1.1.3.2.3.2,AFNR.e.BT.2.c.2,"Identify products, medicines and services created by changing the DNA of organisms.",,2023-08-03T20:20:52+00:00
Learning Priority,1.1.3.2.4,AFNR.e.BT.2.d,Perform biotechnology processes used in AFNR systems.,,2023-08-03T20:20:52+00:00
Performance Indicator,1.1.3.2.4.1,AFNR.e.BT.2.d.1,Define hormones.,,2023-08-03T20:20:52+00:00
Performance Indicator,1.1.3.2.4.2,AFNR.e.BT.2.d.2,Define fermentation.,,2023-08-03T20:20:52+00:00
Performance Indicator,1.1.3.2.4.3,AFNR.e.BT.2.d.3,List a product created by fermentation.,,2023-08-03T20:20:52+00:00
Performance Indicator,1.1.3.2.4.4,AFNR.e.BT.2.d.4,Recognize that we can use plants to make fuel.,,2023-08-03T20:20:52+00:00
Performance Indicator,1.1.3.2.4.5,AFNR.e.BT.2.d.5,Distinguish between renewable and nonrenewable resources.,,2023-08-03T20:20:52+00:00
Performance Indicator,1.1.3.2.4.6,AFNR.e.BT.2.d.6,Recognize that we can obtain energy from waste.,,2023-08-03T20:20:52+00:00
Learning Priority,1.1.3.2.5,AFNR.e.BT.2.f,Use biotechnology to monitor and evaluate procedures performed in AFNR systems.,,2023-08-03T20:20:52+00:00
Performance Indicator,1.1.3.2.5.1,AFNR.e.BT.2.f.1,Summarize how a plant reproduces.,,2023-08-03T20:20:52+00:00
Performance Indicator,1.1.3.2.5.2,AFNR.e.BT.2.f.2,Identify how animals are kept healthy.,,2023-08-03T20:20:52+00:00
Performance Indicator,1.1.3.2.5.3,AFNR.e.BT.2.f.3,Recognize that biotechnology can be used to clean up pollution and waste.,,2023-08-03T20:20:52+00:00
Performance Indicator,1.1.3.2.5.4,AFNR.e.BT.2.f.4,Explain the importance of biodiversity.,,2023-08-03T20:20:52+00:00
Performance Indicator,1.1.3.2.5.5,AFNR.e.BT.2.f.5,Give examples of human impact on various ecosystems and wild populations.,,2023-08-03T20:20:52+00:00
Performance Indicator,1.1.3.2.5.6,AFNR.e.BT.2.f.6,Describe how they use natural resources in their everyday lives.,,2023-08-03T20:20:52+00:00
Content Area,1.1.4,AFNR.e.FPP,Food Production and Processing,,2023-08-03T20:20:52+00:00
Standard,1.1.4.1,AFNR.e.FPP.1,Students will examine components of the food industry and historical development of food products and processing.,,2023-08-03T20:24:20+00:00
Learning Priority,1.1.4.1.1,AFNR.e.FPP.1.a,Evaluate the significance and implications of changes and trends in the food products and processing industry.,,2023-08-03T20:20:52+00:00
Performance Indicator,1.1.4.1.1.1,AFNR.e.FPP.1.a.1,Identify where food is produced and why it is processed.,,2023-08-03T20:20:52+00:00
Performance Indicator,1.1.4.1.1.2,AFNR.e.FPP.1.a.2,Identify and explain environmental and safety concerns about the food supply.,,2023-08-03T20:20:52+00:00
Learning Priority,1.1.4.1.2,AFNR.e.FPP.1.b,"Work effectively with industry organizations, groups and regulatory agencies affecting the food products and processing industry.",,2023-08-03T20:20:52+00:00
Performance Indicator,1.1.4.1.2.1,AFNR.e.FPP.1.b.1,Explain food production is monitored and inspected.,,2023-08-03T20:20:52+00:00
Performance Indicator,1.1.4.1.2.2,AFNR.e.FPP.1.b.2,Explain the importance and usage of guidelines in the products and processing.,,2023-08-03T20:20:52+00:00
Standard,1.1.4.2,AFNR.e.FPP.2,Students will apply safety principles; recommend and facility management techniques to the food products and processing industry.,,2023-08-03T20:24:20+00:00
Learning Priority,1.1.4.2.1,AFNR.e.FPP.2.a,Manage operational procedures and create equipment and facility maintenance plans.,,2023-08-03T20:20:52+00:00
Performance Indicator,1.1.4.2.1.1,AFNR.e.FPP.2.a.1,Demonstrate how to properly clean a food preparation work space.,,2023-08-03T20:20:52+00:00
Performance Indicator,1.1.4.2.1.2,AFNR.e.FPP.2.a.2,"Discuss the importance of food processors hygience expectation (i.e., hair nets, gloves, hand washing, equipment sanitation, etc.).",,2023-08-03T20:20:52+00:00
Learning Priority,1.1.4.2.2,AFNR.e.FPP.2.b,Implement Hazard Analysis and Critical Control Point (HACCP) procedures to establish operating parameters.,,2023-08-03T20:20:52+00:00
Performance Indicator,1.1.4.2.2.1,AFNR.e.FPP.2.b.1,Describe the dangers associated with food borne illness.,,2023-08-03T20:20:52+00:00
Performance Indicator,1.1.4.2.2.2,AFNR.e.FPP.2.b.2,Determine optimum refrigerator and freezer temperatures.,,2023-08-03T20:20:52+00:00
Learning Priority,1.1.4.2.3,AFNR.e.FPP.2.c,"Apply safety and sanitation procedures in the handling, processing and storing of food products.",,2023-08-03T20:20:52+00:00
Performance Indicator,1.1.4.2.3.1,AFNR.e.FPP.2.c.1,Explain techniques and procedures for the safe handling of food products,,2023-08-03T20:20:52+00:00
Performance Indicator,1.1.4.2.3.2,AFNR.e.FPP.2.c.2,"Explore the sensory aspects of various foods (taste, touch, smell, etc).",,2023-08-03T20:20:52+00:00
Performance Indicator,1.1.4.2.3.3,AFNR.e.FPP.2.c.3,Describe the effects food-borne pathogens have on food products and humans.,,2023-08-03T20:20:52+00:00
Performance Indicator,1.1.4.2.3.4,AFNR.e.FPP.2.c.4,Explain the importance of record keeping in a food product and processing systems.,,2023-08-03T20:20:52+00:00
Learning Priority,1.1.4.2.4,AFNR.e.FPP.2.d,Demonstrate worker safety procedures with food product and processing equipment and facilities.,,2023-08-03T20:20:52+00:00
Performance Indicator,1.1.4.2.4.1,AFNR.e.FPP.2.d.1,Explain safety standards in the food industry.,,2023-08-03T20:20:52+00:00
Standard,1.1.4.3,AFNR.e.FPP.3,Students will apply principles of science to the food products and processing industry.,,2023-08-03T20:24:20+00:00
Learning Priority,1.1.4.3.1,AFNR.e.FPP.3.a,"Apply principles of science to food processing to provide a safe, wholesome and nutritious food supply.",,2023-08-03T20:20:52+00:00
Performance Indicator,1.1.4.3.1.1,AFNR.e.FPP.3.a.1,Create a timeline showing how food processing evolved over the past century.,,2023-08-03T20:20:52+00:00
Performance Indicator,1.1.4.3.1.2,AFNR.e.FPP.3.a.2,Observe changes in food during processing.,,2023-08-03T20:20:52+00:00
Performance Indicator,1.1.4.3.1.3,AFNR.e.FPP.3.a.3,Illustrate which food products provide the essential nutrients in the human diet.,,2023-08-03T20:20:52+00:00
Performance Indicator,1.1.4.3.1.4,AFNR.e.FPP.3.a.4,"Discuss common food components (e.g., proteins, carbohydates, fats, vitamins, minerals).",,2023-08-03T20:20:52+00:00
Performance Indicator,1.1.4.3.1.5,AFNR.e.FPP.3.a.5,"Examine food labels to identify common food additives (e.g., preservatives, colors, flavors).",,2023-08-03T20:20:52+00:00
Performance Indicator,1.1.4.3.1.6,AFNR.e.FPP.3.a.6,Explain the importance of food labeling to the consumer.,,2023-08-03T20:20:52+00:00
Performance Indicator,1.1.4.3.1.7,AFNR.e.FPP.3.a.7,"Describe factors in planning and developing a new food product (i.e., regulation, creativity and economics).",,2023-08-03T20:20:52+00:00
Standard,1.1.4.4,AFNR.e.FPP.4,"Students will select and process food products for storage, distribution and consumption.",,2023-08-03T20:24:20+00:00
Learning Priority,1.1.4.4.1,AFNR.e.FPP.4.a,"Using harvesting, selection and inspection techniques to obtain quality food products for processing.",,2023-08-03T20:20:52+00:00
Performance Indicator,1.1.4.4.1.1,AFNR.e.FPP.4.a.1,"Identify techniques used to sort and classify of food products. (i.e., size, color, maturity, etc).",,2023-08-03T20:20:52+00:00
Performance Indicator,1.1.4.4.1.2,AFNR.e.FPP.4.a.2,"Compare and contrast fresh, frozen, canned or other forms of processed food products.",,2023-08-03T20:20:52+00:00
Performance Indicator,1.1.4.4.1.3,AFNR.e.FPP.4.a.3,Identify proper care of production animals and describe accepted animal treatment and harvesting techniques.,,2023-08-03T20:20:52+00:00
Performance Indicator,1.1.4.4.1.4,AFNR.e.FPP.4.a.4,Describe the purpose and importance of meat inspection.,,2023-08-03T20:20:52+00:00
Learning Priority,1.1.4.4.2,AFNR.e.FPP.4.b,Evaluate grade and classify processed food products.,,2023-08-03T20:20:52+00:00
Performance Indicator,1.1.4.4.2.1,AFNR.e.FPP.4.b.1,"Identify and describe foods derived from meat, egg, poultry, fish and dairy products.",,2023-08-03T20:20:52+00:00
Performance Indicator,1.1.4.4.2.2,AFNR.e.FPP.4.b.2,Identify and describe products derived from fruits and vegetables.,,2023-08-03T20:20:52+00:00
Performance Indicator,1.1.4.4.2.3,AFNR.e.FPP.4.b.3,"Identify and describe products derived from grains, legumes and oilseeds.",,2023-08-03T20:20:52+00:00
Learning Priority,1.1.4.4.3,AFNR.e.FPP.4.c,"Process, preserves, package and present food and food products for sale and distribution.",,2023-08-03T20:20:52+00:00
Performance Indicator,1.1.4.4.3.1,AFNR.e.FPP.4.c.1,Identify and explain common weights and measures used in the food products and processing industry.,,2023-08-03T20:20:52+00:00
Performance Indicator,1.1.4.4.3.2,AFNR.e.FPP.4.c.2,Explain methods and materials for processing foods for sale as fresh-food products.,,2023-08-03T20:20:52+00:00
Performance Indicator,1.1.4.4.3.3,AFNR.e.FPP.4.c.3,Identify methods of food preservation and give examples of foods preserved by each method.,,2023-08-03T20:20:52+00:00
Performance Indicator,1.1.4.4.3.4,AFNR.e.FPP.4.c.4,"Explain techniques for preparing ready-to-eat food products. (Various categories of read to eat food, such as snack food, convince meals, microwaveable meal).",,2023-08-03T20:20:52+00:00
Performance Indicator,1.1.4.4.3.5,AFNR.e.FPP.4.c.5,Explain materials and methods of food packaging and presentation.,,2023-08-03T20:20:52+00:00
Performance Indicator,1.1.4.4.3.6,AFNR.e.FPP.4.c.6,Identify and explain methods used to store food.,,2023-08-03T20:20:52+00:00
Content Area,1.1.5,AFNR.e.ESS,Environmental Service Systems,,2023-08-03T20:20:52+00:00
Standard,1.1.5.1,AFNR.e.ESS.1,Students will use analytical procedures to plan and evaluate environmental service systems while assessing the impact of policies and regulations on environmental service systems.,,2023-08-03T20:20:52+00:00
Learning Priority,1.1.5.1.1,AFNR.e.ESS.1.a,Analyze and interpret samples.,,2023-08-03T20:20:52+00:00
Performance Indicator,1.1.5.1.1.1,AFNR.e.ESS.1.a.1,Identify items to sample and basic tools to use during sampling and testing procedures.,,2023-08-03T20:20:52+00:00
Performance Indicator,1.1.5.1.1.2,AFNR.e.ESS.1.a.2,Actively participate in basic sampling and measuring procedures with one activity connected to the indoors and one to the outdoors.,,2023-08-03T20:20:52+00:00
Learning Priority,1.1.5.1.2,AFNR.e.ESS.1.b,Interpret laws affecting environmental service systems.,,2023-08-03T20:20:52+00:00
Performance Indicator,1.1.5.1.2.1,AFNR.e.ESS.1.b.1,Be able to identify a law connected to the environment.,,2023-08-03T20:20:52+00:00
Standard,1.1.5.2,AFNR.e.ESS.2,Students will apply scientific principles to environmental service systems.,,2023-08-03T20:20:52+00:00
Learning Priority,1.1.5.2.1,AFNR.e.ESS.2.a,Apply meteorology principles to environmental service systems.,,2023-08-03T20:20:52+00:00
Performance Indicator,1.1.5.2.1.1,AFNR.e.ESS.2.a.1,Explain the rain cycle in a format that correlates to grade level.,,2023-08-03T20:20:52+00:00
Performance Indicator,1.1.5.2.1.2,AFNR.e.ESS.2.a.2,Describe weather conditions and identify factors that influence quality of water and air.,,2023-08-03T20:20:52+00:00
Performance Indicator,1.1.5.2.1.3,AFNR.e.ESS.2.a.3,Decide on indicators that may signal a change in weather and the general climate of an area.,,2023-08-03T20:20:52+00:00
Performance Indicator,1.1.5.2.1.4,AFNR.e.ESS.2.a.4,Compare and contrast how the earth’s energy changes.,,2023-08-03T20:20:52+00:00
Learning Priority,1.1.5.2.2,AFNR.e.ESS.2.b,Apply soil science and microbiology principles to environmental service systems.,,2023-08-03T20:20:52+00:00
Performance Indicator,1.1.5.2.2.1,AFNR.e.ESS.2.b.1,Describe soil and compare and contrast different soil types.,,2023-08-03T20:20:52+00:00
Performance Indicator,1.1.5.2.2.2,AFNR.e.ESS.2.b.2,Identify the basic make-up of soil biodiversity.,,2023-08-03T20:20:52+00:00
Performance Indicator,1.1.5.2.2.3,AFNR.e.ESS.2.b.3,Participate in a demonstration of water percolating through different soil types.,,2023-08-03T20:20:52+00:00
Performance Indicator,1.1.5.2.2.4,AFNR.e.ESS.2.b.4,Compare and contrast land and how it is used.,,2023-08-03T20:20:52+00:00
Performance Indicator,1.1.5.2.2.5,AFNR.e.ESS.2.b.5,Identify a simple organism.,,2023-08-03T20:20:52+00:00
Performance Indicator,1.1.5.2.2.6,AFNR.e.ESS.2.b.6,List how pollution affects organisms.,,2023-08-03T20:20:52+00:00
Learning Priority,1.1.5.2.3,AFNR.e.ESS.2.c,Apply hydrology principles to environmental service systems.,,2023-08-03T20:20:52+00:00
Performance Indicator,1.1.5.2.3.1,AFNR.e.ESS.2.c.1,List ways water is used in daily life tracking its source.,,2023-08-03T20:20:52+00:00
Performance Indicator,1.1.5.2.3.2,AFNR.e.ESS.2.c.2,Define ground and surface water and reinforce the difference by comparing and contrasting.,,2023-08-03T20:20:52+00:00
Performance Indicator,1.1.5.2.3.3,AFNR.e.ESS.2.c.3,Explain the source of drinking water.,,2023-08-03T20:20:52+00:00
Performance Indicator,1.1.5.2.3.4,AFNR.e.ESS.2.c.4,Match environmental hazards with the natural resource that could be potentially damaged.,,2023-08-03T20:20:52+00:00
Performance Indicator,1.1.5.2.3.5,AFNR.e.ESS.2.c.5,Explain how water moves through an open channel.,,2023-08-03T20:20:52+00:00
Performance Indicator,1.1.5.2.3.6,AFNR.e.ESS.2.c.6,Describe what happens when a fluid moves through a hose or group of pipes.,,2023-08-03T20:20:52+00:00
Learning Priority,1.1.5.2.4,AFNR.e.ESS.2.d,"Apply best management techniques associated with the properties, classifications and functions of wetlands.",,2023-08-03T20:20:52+00:00
Performance Indicator,1.1.5.2.4.1,AFNR.e.ESS.2.d.1,Define wetlands and list reasons and why they are important.,,2023-08-03T20:20:52+00:00
Performance Indicator,1.1.5.2.4.2,AFNR.e.ESS.2.d.2,Compare and contrast what organisms might live in a wetland verses some other type of habitat.,,2023-08-03T20:20:52+00:00
Performance Indicator,1.1.5.2.4.3,AFNR.e.ESS.2.d.3,List ways to improve a wetland.,,2023-08-03T20:20:52+00:00
Performance Indicator,1.1.5.2.4.4,AFNR.e.ESS.2.d.4,Explain how chemistry helps the world.,,2023-08-03T20:20:52+00:00
Standard,1.1.5.3,AFNR.e.ESS.3,Students will operate environmental service systems to manage a facility environment.,,2023-08-03T20:20:52+00:00
Learning Priority,1.1.5.3.1,AFNR.e.ESS.3.a,Use pollution control measures to maintain a safe facility environment.,,2023-08-03T20:20:52+00:00
Performance Indicator,1.1.5.3.1.1,AFNR.e.ESS.3.a.1,Identify different types of pollution.,,2023-08-03T20:20:52+00:00
Performance Indicator,1.1.5.3.1.2,AFNR.e.ESS.3.a.2,List types of pollution that can be found in the country vs. city and ways it can be prevented.,,2023-08-03T20:20:52+00:00
Learning Priority,1.1.5.3.2,AFNR.e.ESS.3.b,Manage safe disposal of all categories of solid waste.,,2023-08-03T20:20:52+00:00
Performance Indicator,1.1.5.3.2.1,AFNR.e.ESS.3.b.1,Define solid waste.,,2023-08-03T20:20:52+00:00
Performance Indicator,1.1.5.3.2.2,AFNR.e.ESS.3.b.2,Identify solid waste and its sources.,,2023-08-03T20:20:52+00:00
Performance Indicator,1.1.5.3.2.3,AFNR.e.ESS.3.b.3,Identify a sanitary landfill.,,2023-08-03T20:20:52+00:00
Performance Indicator,1.1.5.3.2.4,AFNR.e.ESS.3.b.4,Describe how items decay in nature.,,2023-08-03T20:20:52+00:00
Performance Indicator,1.1.5.3.2.5,AFNR.e.ESS.3.b.5,Compare and contrast solid waste handling.,,2023-08-03T20:20:52+00:00
Performance Indicator,1.1.5.3.2.6,AFNR.e.ESS.3.b.6,Generate a list of items that are recycled.,,2023-08-03T20:20:52+00:00
Learning Priority,1.1.5.3.3,AFNR.e.ESS.3.c,Apply the principles of public drinking water treatment operations to ensure safe water at a facility.,,2023-08-03T20:20:52+00:00
Performance Indicator,1.1.5.3.3.1,AFNR.e.ESS.3.c.1,Explain what safe drinking water is.,,2023-08-03T20:20:52+00:00
Performance Indicator,1.1.5.3.3.2,AFNR.e.ESS.3.c.2,List important reasons for water testing.,,2023-08-03T20:20:52+00:00
Learning Priority,1.1.5.3.4,AFNR.e.ESS.3.d,Apply principles of wastewater treatment to manage wastewater disposal in keeping with rules and regulations.,,2023-08-03T20:20:52+00:00
Performance Indicator,1.1.5.3.4.1,AFNR.e.ESS.3.d.1,List sources of wastewater.,,2023-08-03T20:20:52+00:00
Performance Indicator,1.1.5.3.4.2,AFNR.e.ESS.3.d.2,Define hazardous.,,2023-08-03T20:20:52+00:00
Standard,1.1.5.4,AFNR.e.ESS.4,"Students will examine the relationships between energy sources and environmental service system with a basic understanding of the use of tools, equipment, machinery and technology to accomplish tasks n environmental service systems.",,2023-08-03T20:20:52+00:00
Learning Priority,1.1.5.4.1,AFNR.e.ESS.4.a,Compare and contrast the impact of conventional and alternative energy sources on the environment.,,2023-08-03T20:20:52+00:00
Performance Indicator,1.1.5.4.1.1,AFNR.e.ESS.4.a.1,Explain energy and ways in which it can be used.,,2023-08-03T20:20:52+00:00
Performance Indicator,1.1.5.4.1.2,AFNR.e.ESS.4.a.2,List ways energy is created that is friendly to the earth.,,2023-08-03T20:20:52+00:00
Learning Priority,1.1.5.4.2,AFNR.e.ESS.4.b,"Use technological and mathematical tools to map land, facilities and infrastructure with inclusion of basic maintenance knowledge related to tools, equipment and machinery in safe working order for tasks in environmental service systems.",,2023-08-03T20:20:52+00:00
Performance Indicator,1.1.5.4.2.1,AFNR.e.ESS.4.b.1,Compare and contrast map types.,,2023-08-03T20:20:52+00:00
Performance Indicator,1.1.5.4.2.2,AFNR.e.ESS.4.b.2,Identify hand tools and what they are used for.,,2023-08-03T20:20:52+00:00
Content Area,1.1.6,AFNR.e.NR,Natural Resources,,2023-08-03T20:20:52+00:00
Standard,1.1.6.1,AFNR.e.NR.1,Students will explain interrelationships between natural resources and humans necessary to conduct management activities in natural environments.,,2023-08-03T20:20:52+00:00
Learning Priority,1.1.6.1.1,AFNR.e.NR.1.a,Apply knowledge of natural resource components to the management of natural resource systems.,,2023-08-03T20:20:52+00:00
Performance Indicator,1.1.6.1.1.1,AFNR.e.NR.1.a.1,Identify natural resources.,,2023-08-03T20:20:52+00:00
Performance Indicator,1.1.6.1.1.2,AFNR.e.NR.1.a.2,Compare and contrast different ecosystems.,,2023-08-03T20:20:52+00:00
Learning Priority,1.1.6.1.2,AFNR.e.NR.1.b,Classify natural resources.,,2023-08-03T20:20:52+00:00
Performance Indicator,1.1.6.1.2.1,AFNR.e.NR.1.b.1,List and describe differences in trees.,,2023-08-03T20:20:52+00:00
Performance Indicator,1.1.6.1.2.2,AFNR.e.NR.1.b.2,Match names to basic herbaceous plants.,,2023-08-03T20:20:52+00:00
Performance Indicator,1.1.6.1.2.3,AFNR.e.NR.1.b.3,Match names to wildlife species.,,2023-08-03T20:20:52+00:00
Performance Indicator,1.1.6.1.2.4,AFNR.e.NR.1.b.4,Match names to aquatic species.,,2023-08-03T20:20:52+00:00
Performance Indicator,1.1.6.1.2.5,AFNR.e.NR.1.b.5,"Match names to rock, mineral and soil types.",,2023-08-03T20:20:52+00:00
Standard,1.1.6.2,AFNR.e.NR.2,Students will apply scientific principles to natural resource management activities.,,2023-08-03T20:20:52+00:00
Learning Priority,1.1.6.2.1,AFNR.e.NR.2.a,"Use cartographic skills to aid in developing, implementing and evaluating natural resource management plans, measure and survey for natural resource status in developing related plans with interpretation of laws related to natural resource management and protection.",,2023-08-03T20:20:52+00:00
Performance Indicator,1.1.6.2.1.1,AFNR.e.NR.2.a.1,Identify hazards associated with the outdoor environment.,,2023-08-03T20:20:52+00:00
Performance Indicator,1.1.6.2.1.2,AFNR.e.NR.2.a.2,Explain biohazard materials.,,2023-08-03T20:20:52+00:00
Performance Indicator,1.1.6.2.1.3,AFNR.e.NR.2.a.3,Differentiate different types of maps.,,2023-08-03T20:20:52+00:00
Learning Priority,1.1.6.2.2,AFNR.e.NR.2.b,Apply ecological concepts and principles to natural resource systems.,,2023-08-03T20:20:52+00:00
Performance Indicator,1.1.6.2.2.1,AFNR.e.NR.2.b.1,Categorize natural resource inventories and/or population studies.,,2023-08-03T20:20:52+00:00
Performance Indicator,1.1.6.2.2.2,AFNR.e.NR.2.b.2,Explain why laws are needed for natural resource systems.,,2023-08-03T20:20:52+00:00
Performance Indicator,1.1.6.2.2.3,AFNR.e.NR.2.b.3,Identify natural resource systems that are at risk.,,2023-08-03T20:20:52+00:00
Learning Priority,1.1.6.2.3,AFNR.e.NR.2.c,Demonstrate natural resource enhancement techniques.,,2023-08-03T20:20:52+00:00
Performance Indicator,1.1.6.2.3.1,AFNR.e.NR.2.c.1,Illustrate a stream.,,2023-08-03T20:20:52+00:00
Performance Indicator,1.1.6.2.3.2,AFNR.e.NR.2.c.2,Describe different types of forests.,,2023-08-03T20:20:52+00:00
Performance Indicator,1.1.6.2.3.3,AFNR.e.NR.2.c.3,Illustrate a healthy wildlife habitat.,,2023-08-03T20:20:52+00:00
Performance Indicator,1.1.6.2.3.4,AFNR.e.NR.2.c.4,Illustrate a healthy rangeland.,,2023-08-03T20:20:52+00:00
Performance Indicator,1.1.6.2.3.5,AFNR.e.NR.2.c.5,Compare and contrast natural resources used for recreational purposes.,,2023-08-03T20:20:52+00:00
Performance Indicator,1.1.6.2.3.6,AFNR.e.NR.2.c.6,Compare and contrast healthy marine and coastal natural resources.,,2023-08-03T20:20:52+00:00
Learning Priority,1.1.6.2.4,AFNR.e.NR.2.d,Apply ecological concepts and principles to natural resource systems.,,2023-08-03T20:20:52+00:00
Performance Indicator,1.1.6.2.4.1,AFNR.e.NR.2.d.1,Label the parts of a biogeochemical cycle.,,2023-08-03T20:20:52+00:00
Performance Indicator,1.1.6.2.4.2,AFNR.e.NR.2.d.2,Identify parts of a watershed.,,2023-08-03T20:20:52+00:00
Performance Indicator,1.1.6.2.4.3,AFNR.e.NR.2.d.3,Match groundwater and surface-water flow to sources.,,2023-08-03T20:20:52+00:00
Performance Indicator,1.1.6.2.4.4,AFNR.e.NR.2.d.4,Illustrate a riparian zone.,,2023-08-03T20:20:52+00:00
Performance Indicator,1.1.6.2.4.5,AFNR.e.NR.2.d.5,Recognize illustrations of succession.,,2023-08-03T20:20:52+00:00
Performance Indicator,1.1.6.2.4.6,AFNR.e.NR.2.d.6,Recognize populations within natural resource systems.,,2023-08-03T20:20:52+00:00
Performance Indicator,1.1.6.2.4.7,AFNR.e.NR.2.d.7,Explain why invasive species have negative impacts on natural resource systems with recognition of polluted illustrations and a description of the climate you live in.,,2023-08-03T20:20:52+00:00
Standard,1.1.6.3,AFNR.e.NR.3,Students will apply knowledge of natural resources to production and processing industries.,,2023-08-03T20:20:52+00:00
Learning Priority,1.1.6.3.1,AFNR.e.NR.3.a,"Produce, harvest, process and use natural resource products.",,2023-08-03T20:20:52+00:00
Performance Indicator,1.1.6.3.1.1,AFNR.e.NR.3.a.1,Define harvesting related to tree products.,,2023-08-03T20:20:52+00:00
Performance Indicator,1.1.6.3.1.2,AFNR.e.NR.3.a.2,Match names to corresponding aquatic and wildlife species.,,2023-08-03T20:20:52+00:00
Performance Indicator,1.1.6.3.1.3,AFNR.e.NR.3.a.3,Compare and contrast wildlife and aquatic products from other products.,,2023-08-03T20:20:52+00:00
Performance Indicator,1.1.6.3.1.4,AFNR.e.NR.3.a.4,Recognize a mineral and ore.,,2023-08-03T20:20:52+00:00
Performance Indicator,1.1.6.3.1.5,AFNR.e.NR.3.a.5,Match names with corresponding fossil fuels.,,2023-08-03T20:20:52+00:00
Performance Indicator,1.1.6.3.1.6,AFNR.e.NR.3.a.6,List benefits of a hydroelectric dam as a power source.,,2023-08-03T20:20:52+00:00
Performance Indicator,1.1.6.3.1.7,AFNR.e.NR.3.a.7,List ways to enjoy natural resources.,,2023-08-03T20:20:52+00:00
Standard,1.1.6.4,AFNR.e.NR.4,Students will demonstrate techniques used to protect natural resources.,,2023-08-03T20:20:52+00:00
Learning Priority,1.1.6.4.1,AFNR.e.NR.4.a,Manage fires in natural resource systems.,,2023-08-03T20:20:52+00:00
Performance Indicator,1.1.6.4.1.1,AFNR.e.NR.4.a.1,Recognize forest fire types.,,2023-08-03T20:20:52+00:00
Learning Priority,1.1.6.4.2,AFNR.e.NR.4.b,Diagnose plant and wildlife diseases and follow protocol to prevent their spread while acquiring management protocol of insect infestations of natural resources.,,2023-08-03T20:20:52+00:00
Performance Indicator,1.1.6.4.2.1,AFNR.e.NR.4.b.1,Illustrate or recognize a diseased plant.,,2023-08-03T20:20:52+00:00
Performance Indicator,1.1.6.4.2.2,AFNR.e.NR.4.b.2,Choose a safe practice or procedure around a diseased wildlife animal.,,2023-08-03T20:20:52+00:00
Performance Indicator,1.1.6.4.2.3,AFNR.e.NR.4.b.3,Recognize insect damage within natural resources.,,2023-08-03T20:20:52+00:00
Standard,1.1.6.5,AFNR.e.NR.5,Students will use effective methods and venues to communicate natural resource processes to the public.,,2023-08-03T20:20:52+00:00
Learning Priority,1.1.6.5.1,AFNR.e.NR.5.a,Communicate natural resource information to the public.,,2023-08-03T20:20:52+00:00
Performance Indicator,1.1.6.5.1.1,AFNR.e.NR.5.a.1,Recognize messages that relate natural resources and the message being sent.,,2023-08-03T20:20:52+00:00
Content Area,1.1.7,AFNR.e.PS,Plant System,,2023-08-03T20:20:52+00:00
Standard,1.1.7.1,AFNR.e.PS.1,"Students will apply knowledge of plant classification, anatomy and physiology to the production and management of plants.",,2023-08-03T20:20:52+00:00
Learning Priority,1.1.7.1.1,AFNR.e.PS.1.a,Classify agricultural plants according to taxonomy systems.,,2023-08-03T20:20:52+00:00
Performance Indicator,1.1.7.1.1.1,AFNR.e.PS.1.a.1,Identify how people use plants and match plant products to the appropriate plant class.,,2023-08-03T20:20:52+00:00
Performance Indicator,1.1.7.1.1.2,AFNR.e.PS.1.a.2,Observe and describe changes in plants as the seasons change.,,2023-08-03T20:20:52+00:00
Performance Indicator,1.1.7.1.1.3,AFNR.e.PS.1.a.3,Prepare a chart categorizing plants or plant products by similar characteristics.,,2023-08-03T20:20:52+00:00
Learning Priority,1.1.7.1.2,AFNR.e.PS.1.b,Apply knowledge of plant anatomy and the functions of plant structures to activities associated with plant systems.,,2023-08-03T20:20:52+00:00
Performance Indicator,1.1.7.1.2.1,AFNR.e.PS.1.b.1,Draw the life cycle of a plant.,,2023-08-03T20:20:52+00:00
Performance Indicator,1.1.7.1.2.2,AFNR.e.PS.1.b.2,Match fruit to the plant structure that produces it and compare seeds of plants.,,2023-08-03T20:20:52+00:00
Learning Priority,1.1.7.1.3,AFNR.e.PS.1.c,Apply energy conversion to plant systems.,,2023-08-03T20:20:52+00:00
Performance Indicator,1.1.7.1.3.1,AFNR.e.PS.1.c.1,"Identify plants that require all sun, partial sun or shade.",,2023-08-03T20:20:52+00:00
Performance Indicator,1.1.7.1.3.2,AFNR.e.PS.1.c.2,Identify environmental products from plants.,,2023-08-03T20:20:52+00:00
Learning Priority,1.1.7.1.4,AFNR.e.PS.1.d,Apply knowledge of plant physiology to plant systems.,,2023-08-03T20:20:52+00:00
Performance Indicator,1.1.7.1.4.1,AFNR.e.PS.1.d.1,Observe seed and plant growth and changes in seed and plant characteristics.,,2023-08-03T20:20:52+00:00
Performance Indicator,1.1.7.1.4.2,AFNR.e.PS.1.d.2,Observe the effects of light on plant growth.,,2023-08-03T20:20:52+00:00
Standard,1.1.7.2,AFNR.e.PS.2,"Students will prepare and implement a plant management plan that addresses the influence of environmental factors, nutrients and soil on plant growth.",,2023-08-03T20:20:52+00:00
Learning Priority,1.1.7.2.1,AFNR.e.PS.2.a,Determine the influence of environmental factors on plant growth.,,2023-08-03T20:20:52+00:00
Performance Indicator,1.1.7.2.1.1,AFNR.e.PS.2.a.1,Define the elements that plants need to grow successfully.,,2023-08-03T20:20:52+00:00
Performance Indicator,1.1.7.2.1.2,AFNR.e.PS.2.a.2,Identify the different ways that land is used to grow plants.,,2023-08-03T20:20:52+00:00
Learning Priority,1.1.7.2.2,AFNR.e.PS.2.b,Prepare growing media for use in plant systems.,,2023-08-03T20:20:52+00:00
Performance Indicator,1.1.7.2.2.1,AFNR.e.PS.2.b.1,Demonstrate how to properly prepare media for plant growth.,,2023-08-03T20:20:52+00:00
Performance Indicator,1.1.7.2.2.2,AFNR.e.PS.2.b.2,Distinguish between media that is too dry or too wet for seeds or plants to grow efficiently.,,2023-08-03T20:20:52+00:00
Learning Priority,1.1.7.2.3,AFNR.e.PS.2.c,"Develop and implement a fertilization plan for specific plants, field crops and/or greenhouse crops.",,2023-08-03T20:20:52+00:00
Performance Indicator,1.1.7.2.3.1,AFNR.e.PS.2.c.1,Describe what elements plants use for food.,,2023-08-03T20:20:52+00:00
Performance Indicator,1.1.7.2.3.2,AFNR.e.PS.2.c.2,Distinguish between healthy and unhealthy plants.,,2023-08-03T20:20:52+00:00
Standard,1.1.7.3,AFNR.e.PS.3,"Students will propagate, culture and harvest plants.",,2023-08-03T20:20:52+00:00
Learning Priority,1.1.7.3.1,AFNR.e.PS.3.a,Demonstrate plant propagation techniques.,,2023-08-03T20:20:52+00:00
Performance Indicator,1.1.7.3.1.1,AFNR.e.PS.3.a.1,Demonstrate sowing techniques and provide favorable conditions for seed germination.,,2023-08-03T20:20:52+00:00
Performance Indicator,1.1.7.3.1.2,AFNR.e.PS.3.a.2,"Conduct tests associated with seed germination rates, viability and vigor.",,2023-08-03T20:20:52+00:00
Learning Priority,1.1.7.3.2,AFNR.e.PS.3.b,Develop and implement a plant management plan for crop production.,,2023-08-03T20:20:52+00:00
Performance Indicator,1.1.7.3.2.1,AFNR.e.PS.3.b.1,Identify acceptable medias for growing plants.,,2023-08-03T20:20:52+00:00
Performance Indicator,1.1.7.3.2.2,AFNR.e.PS.3.b.2,Prepare growing media for planting.,,2023-08-03T20:20:52+00:00
Performance Indicator,1.1.7.3.2.3,AFNR.e.PS.3.b.3,Demonstrate proper planting procedures and post-planting care.,,2023-08-03T20:20:52+00:00
Learning Priority,1.1.7.3.3,AFNR.e.PS.3.c,Develop and implement a plan for integrated pest management.,,2023-08-03T20:20:52+00:00
Performance Indicator,1.1.7.3.3.1,AFNR.e.PS.3.c.1,Identify the ways chemicals are used safely in the growing of plants.,,2023-08-03T20:20:52+00:00
Performance Indicator,1.1.7.3.3.2,AFNR.e.PS.3.c.2,Identify helpful insects as an alternative to chemicals.,,2023-08-03T20:20:52+00:00
Learning Priority,1.1.7.3.4,AFNR.e.PS.3.d,Apply principles and practises of sustainable agriculture to plant production.,,2023-08-03T20:20:52+00:00
Learning Priority,1.1.7.3.5,AFNR.e.PS.3.e,"Harvest, handle and store crops.",,2023-08-03T20:20:52+00:00
Performance Indicator,1.1.7.3.5.1,AFNR.e.PS.3.e.1,Identify important agricultural crops.,,2023-08-03T20:20:52+00:00
Performance Indicator,1.1.7.3.5.2,AFNR.e.PS.3.e.2,Describe how agricultural crops get from the farm to the table.,,2023-08-03T20:20:52+00:00
Standard,1.1.7.4,AFNR.e.PS.4,Students will employ elements of design to enhance an environment.,,2023-08-03T20:20:52+00:00
Learning Priority,1.1.7.4.1,AFNR.e.PS.4.a,Create designs using plants.,,2023-08-03T20:20:52+00:00
Performance Indicator,1.1.7.4.1.1,AFNR.e.PS.4.a.1,Draw a picture using the elements of design.,,2023-08-03T20:20:52+00:00
Performance Indicator,1.1.7.4.1.2,AFNR.e.PS.4.a.2,Explain how plants can be used to improve the appearance of an environment.,,2023-08-03T20:20:52+00:00
Standard,1.1.7.5,AFNR.e.PS.5,Students will recognize different systems in which plants grow.,,2023-08-03T20:20:52+00:00
Learning Priority,1.1.7.5.1,AFNR.e.PS.5.a,Investigate various means to grow plants.,,2023-08-03T20:20:52+00:00
Performance Indicator,1.1.7.5.1.1,AFNR.e.PS.5.a.1,Identify the various places plants grow.,,2023-08-03T20:20:52+00:00
Content Area,1.1.8,AFNR.e.PST,"Power, Structural and Technical Systems",,2023-08-04T16:25:58+00:00
Standard,1.1.8.1,AFNR.e.PST.1,"Students will demonstrate competence in the application of principles and techniques for the development and management of power, structural and technical systems.",,2023-08-03T20:20:52+00:00
Learning Priority,1.1.8.1.1,AFNR.e.PST.1.a,Select energy sources in power generation appropriate to the situation.,,2023-08-03T20:20:52+00:00
Performance Indicator,1.1.8.1.1.1,AFNR.e.PST.1.a.1,Identify renewable and nonrenewable energy sources.,,2023-08-03T20:20:52+00:00
Learning Priority,1.1.8.1.2,AFNR.e.PST.1.b,"Apply physical science laws and principles to identify, classify and use lubricants.",,2023-08-03T20:20:52+00:00
Performance Indicator,1.1.8.1.2.1,AFNR.e.PST.1.b.1,Identify the sources of lubricants and its importance.,,2023-08-03T20:20:52+00:00
Learning Priority,1.1.8.1.3,AFNR.e.PST.1.c,"Identify and use hand and power tools and equipment for service, construction and fabrication.",,2023-08-03T20:20:52+00:00
Performance Indicator,1.1.8.1.3.1,AFNR.e.PST.1.c.1,Identify risks of using hand tools and power tools.,,2023-08-03T20:20:52+00:00
Learning Priority,1.1.8.1.4,AFNR.e.PST.1.d,Perform service routines to maintain power units and equipment.,,2023-08-03T20:20:52+00:00
Performance Indicator,1.1.8.1.4.1,AFNR.e.PST.1.d.1,"Identify Agricultural Equipment such as tractors, mowers, discs and wagons.",,2023-08-03T20:20:52+00:00
Performance Indicator,1.1.8.1.4.2,AFNR.e.PST.1.d.2,Maintain the cleanliness and appearance of power units and equipment to assure functionality.,,2023-08-03T20:20:52+00:00
Performance Indicator,1.1.8.1.4.3,AFNR.e.PST.1.d.3,Demonstrate safe practices around power units and equipment.,,2023-08-03T20:20:52+00:00
Learning Priority,1.1.8.1.5,AFNR.e.PST.1.e,Identify the principles of operation and the systems of small engines.,,2023-08-03T20:20:52+00:00
Performance Indicator,1.1.8.1.5.1,AFNR.e.PST.1.e.1,Discuss the use of small engines.,,2023-08-03T20:20:52+00:00
Learning Priority,1.1.8.1.6,AFNR.e.PST.1.f,Troubleshoot and repair internal combustion engines.,,2023-08-03T20:20:52+00:00
Performance Indicator,1.1.8.1.6.1,AFNR.e.PST.1.f.1,Identify components and systems of internal combustion engines.,,2023-08-03T20:20:52+00:00
Performance Indicator,1.1.8.1.6.2,AFNR.e.PST.1.f.2,Describe the operation of internal combustion engines by types of fuel used.,,2023-08-03T20:20:52+00:00
Performance Indicator,1.1.8.1.6.3,AFNR.e.PST.1.f.3,Be safe around internal combustion engines.,,2023-08-03T20:20:52+00:00
Learning Priority,1.1.8.1.7,AFNR.e.PST.1.g,Use manufacturers’ guidelines to service and repair the power transmission systems of equipment.,,2023-08-03T20:20:52+00:00
Performance Indicator,1.1.8.1.7.1,AFNR.e.PST.1.g.1,Identify and describe applications of simple machines in power systems.,,2023-08-03T20:20:52+00:00
Learning Priority,1.1.8.1.8,AFNR.e.PST.1.h,Service and repair hydraulic and pneumatic systems.,,2023-08-03T20:20:52+00:00
Performance Indicator,1.1.8.1.8.1,AFNR.e.PST.1.h.1,"Describe the features, benefits and applications of common types of hydraulic and pneumatic systems.",,2023-08-03T20:20:52+00:00
Learning Priority,1.1.8.1.9,AFNR.e.PST.1.i,Troubleshoot and service electrical systems.,,2023-08-03T20:20:52+00:00
Performance Indicator,1.1.8.1.9.1,AFNR.e.PST.1.i.1,Identify the kinds and applications of electricity and its impact on your life.,,2023-08-03T20:20:52+00:00
Learning Priority,1.1.8.1.10,AFNR.e.PST.1.j,Create sketches and plans of agricultural structures.,,2023-08-03T20:20:52+00:00
Performance Indicator,1.1.8.1.10.1,AFNR.e.PST.1.j.1,Identify and sketch various agriculture structures.,,2023-08-03T20:20:52+00:00
Learning Priority,1.1.8.1.11,AFNR.e.PST.1.k,"Apply structural plans, specifications and building codes.",,2023-08-03T20:20:52+00:00
Performance Indicator,1.1.8.1.11.1,AFNR.e.PST.1.k.1,Identify major parts of a construction drawing.,,2023-08-03T20:20:52+00:00
Learning Priority,1.1.8.1.12,AFNR.e.PST.1.l,Examine structural requirements for materials and procedures and estimate construction cost.,,2023-08-03T20:20:52+00:00
Performance Indicator,1.1.8.1.12.1,AFNR.e.PST.1.l.1,Identify materials used in agricultural construction/fabrication.,,2023-08-03T20:20:52+00:00
Learning Priority,1.1.8.1.13,AFNR.e.PST.1.m,"Follow architectural and mechanical plans to construct and/or repair equipment, buildings and facilities.",,2023-08-03T20:20:52+00:00
Performance Indicator,1.1.8.1.13.1,AFNR.e.PST.1.m.1,Construct models of Agricultural Buildings with wood and metal.,,2023-08-03T20:20:52+00:00
Performance Indicator,1.1.8.1.13.2,AFNR.e.PST.1.m.2,Identify various fencing materials.,,2023-08-03T20:20:52+00:00
Performance Indicator,1.1.8.1.13.3,AFNR.e.PST.1.m.3,Be aware of energy conservation in your world.,,2023-08-03T20:20:52+00:00
Learning Priority,1.1.8.1.14,AFNR.e.PST.1.n,"Use arc, MIG/TIG welders, equipment and materials needed to weld.",,2023-08-03T20:20:52+00:00
Performance Indicator,1.1.8.1.14.1,AFNR.e.PST.1.n.1,Describe the shielded metal arc welding process.,,2023-08-03T20:20:52+00:00
Performance Indicator,1.1.8.1.14.2,AFNR.e.PST.1.n.2,Identify welding equipment.,,2023-08-03T20:20:52+00:00
Performance Indicator,1.1.8.1.14.3,AFNR.e.PST.1.n.3,Identify safety equipment and protective clothing for welding.,,2023-08-03T20:20:52+00:00
Performance Indicator,1.1.8.1.14.4,AFNR.e.PST.1.n.4,Point out various welds.,,2023-08-03T20:20:52+00:00
Learning Priority,1.1.8.1.15,AFNR.e.PST.1.o,Use gas welding equipment and materials to weld.,,2023-08-03T20:20:52+00:00
Performance Indicator,1.1.8.1.15.1,AFNR.e.PST.1.o.1,Be safe around welding equipment.,,2023-08-03T20:20:52+00:00
Learning Priority,1.1.8.1.16,AFNR.e.PST.1.p,Apply the use of welding to agricultural related industries.,,2023-08-03T20:20:52+00:00
Performance Indicator,1.1.8.1.16.1,AFNR.e.PST.1.p.1,Identify kinds and characteristics of metal materials.,,2023-08-03T20:20:52+00:00
Learning Priority,1.1.8.1.17,AFNR.e.PST.1.q,Apply electrical wiring principles in agricultural applications.,,2023-08-03T20:20:52+00:00
Performance Indicator,1.1.8.1.17.1,AFNR.e.PST.1.q.1,Discuss various types and sources of electricity.,,2023-08-03T20:20:52+00:00
Performance Indicator,1.1.8.1.17.2,AFNR.e.PST.1.q.2,"Identify uses of electrical sensors and controls (Thermostat, light sensors etc.).",,2023-08-03T20:20:52+00:00
Performance Indicator,1.1.8.1.17.3,AFNR.e.PST.1.q.3,Identify hazards and safety when using electricity.,,2023-08-03T20:20:52+00:00
Learning Priority,1.1.8.1.18,AFNR.e.PST.1.r,Apply technology principles in the use of agricultural technical systems.,,2023-08-03T20:20:52+00:00
Performance Indicator,1.1.8.1.18.1,AFNR.e.PST.1.r.1,"Identify the importance and uses of computer-based systems in agriculture, food and natural resources.",,2023-08-03T20:20:52+00:00
Learning Priority,1.1.8.1.19,AFNR.e.PST.1.s,Use geospatial technologies in agricultural applications.,,2023-08-03T20:20:52+00:00
Performance Indicator,1.1.8.1.19.1,AFNR.e.PST.1.s.1,"Identify geospatial technologies, including global positioning, geographical information and remote sensing.",,2023-08-03T20:20:52+00:00
Grade Level,1.2,AFNR.m,Grades 6-8,6-8,2023-08-07T21:50:25+00:00
Content Area,1.2.1,AFNR.m.ABS,Agriculture Business Standards,,2023-08-03T21:54:56+00:00
Standard,1.2.1.1,AFNR.m.ABS.1,Students will use economic principles to establish and manage an AFNR enterprise.,,2023-08-03T21:54:56+00:00
Learning Priority,1.2.1.1.1,AFNR.m.ABS.1.a,Apply principles of capitalism in the business environment.,,2023-08-03T21:54:56+00:00
Performance Indicator,1.2.1.1.1.1,AFNR.m.ABS.1.a.2,Recognize principles of capitalism as related to AFNR businesses.,,2023-08-03T21:54:56+00:00
Learning Priority,1.2.1.1.2,AFNR.m.ABS.1.b,Apply principles of entrepreneurship in businesses.,,2023-08-03T21:54:56+00:00
Performance Indicator,1.2.1.1.2.1,AFNR.m.ABS.1.b.2,Classify the characteristics of successful entrepreneurs in AFNR businesses.,,2023-08-03T21:54:56+00:00
Standard,1.2.1.2,AFNR.m.ABS.2,Students will use appropriate management planning principles in AFNR business enterprise.,,2023-08-03T21:54:56+00:00
Learning Priority,1.2.1.2.1,AFNR.m.ABS.2.a,Compose and analyze a business plan for an enterprise.,,2023-08-03T21:54:56+00:00
Performance Indicator,1.2.1.2.1.1,AFNR.m.ABS.2.a.3,"Recognize quality AFNR business plan components that have been developed using the SMART (specific, measurable, attainable, realistic and timely) format.",,2023-08-03T21:54:56+00:00
Performance Indicator,1.2.1.2.1.2,AFNR.m.ABS.2.a.4,Identify and observe ethical standards in planning and operating AFNR businesses.,,2023-08-03T21:54:56+00:00
Learning Priority,1.2.1.2.2,AFNR.m.ABS.2.b,"Read, interpret, evaluate and write a mission statement to guide business goals, objectives and resource allocation.",,2023-08-03T21:54:56+00:00
Performance Indicator,1.2.1.2.2.1,AFNR.m.ABS.2.b.3,Read and interpret mission statements.,,2023-08-03T21:54:56+00:00
Performance Indicator,1.2.1.2.2.2,AFNR.m.ABS.2.b.4,Identify the meaning and importance of goals and objectives in AFNR business enterprises.,,2023-08-03T21:54:56+00:00
Learning Priority,1.2.1.2.3,AFNR.m.ABS.2.c,Apply appropriate management skills to organize a business.,,2023-08-03T21:54:56+00:00
Performance Indicator,1.2.1.2.3.1,AFNR.m.ABS.2.c.2,Identify organizational structures and chains of command in AFNR businesses.,,2023-08-03T21:54:56+00:00
Performance Indicator,1.2.1.2.3.2,AFNR.m.ABS.2.c.3,"Identify appropriate local, state, federal, international and industry regulations for AFNR businesses.",,2023-08-03T21:54:56+00:00
Learning Priority,1.2.1.2.4,AFNR.m.ABS.2.d,"Recruit, train and retain appropriate and productive human resources for businesses.",,2023-08-03T21:54:56+00:00
Performance Indicator,1.2.1.2.4.1,AFNR.m.ABS.2.d.5,Identify the meaning and functions of human resources in AFNR businesses.,,2023-08-03T21:54:56+00:00
Performance Indicator,1.2.1.2.4.2,AFNR.m.ABS.2.d.6,Identify usual employee benefits in AFNR businesses.,,2023-08-03T21:54:56+00:00
Performance Indicator,1.2.1.2.4.3,AFNR.m.ABS.2.d.7,"Explain the meaning and importance of employee relations, including communication.",,2023-08-03T21:54:56+00:00
Performance Indicator,1.2.1.2.4.4,AFNR.m.ABS.2.d.8,Identify the meaning and nature of employee compensation.,,2023-08-03T21:54:56+00:00
Standard,1.2.1.3,AFNR.m.ABS.3,Students will use record keeping to accomplish AFNR business objectives while complying with laws and regulations.,,2023-08-03T21:54:56+00:00
Learning Priority,1.2.1.3.1,AFNR.m.ABS.3.a,Prepare and maintain all files needed to accomplish effective record keeping.,,2023-08-03T21:54:56+00:00
Performance Indicator,1.2.1.3.1.1,AFNR.m.ABS.3.a.2,Maintain production and agribusiness records.,,2023-08-03T21:54:56+00:00
Learning Priority,1.2.1.3.2,AFNR.m.ABS.3.b,Implement appropriate inventory management practices.,,2023-08-03T21:54:56+00:00
Performance Indicator,1.2.1.3.2.1,AFNR.m.ABS.3.b.2,Monitor inventory to maintain optimal levels and calculate costs of carrying input and output inventory.,,2023-08-03T21:54:56+00:00
Standard,1.2.1.4,AFNR.m.ABS.4,"Students will apply generally accepted accounting principles and skills to manage cash budgets, credit budgets and credit for AFNR businesses.",,2023-08-03T21:54:56+00:00
Learning Priority,1.2.1.4.1,AFNR.m.ABS.4.a,Use accounting fundamentals to accomplish dependable bookkeeping and fiscal management.,,2023-08-03T21:54:56+00:00
Performance Indicator,1.2.1.4.1.1,AFNR.m.ABS.4.a.2,"Budget resources, as applied to the AFNR business, including capital, human, financial and time.",,2023-08-03T21:54:56+00:00
Performance Indicator,1.2.1.4.1.2,AFNR.m.ABS.4.a.3,Identify financial concepts associated with production and profit.,,2023-08-03T21:54:56+00:00
Performance Indicator,1.2.1.4.1.3,AFNR.m.ABS.4.a.4,Explain the importance of return on investment for an agribusiness enterprise.,,2023-08-07T20:15:58+00:00
Standard,1.2.1.5,AFNR.m.ABS.5,Students will access accomplishment of goals and objectives by an AFNR business.,,2023-08-03T21:54:56+00:00
Learning Priority,1.2.1.5.1,AFNR.m.ABS.5.a,"Maintain and interpret financial information (i.e., income statements, balance sheets, inventory, purchase orders, accounts receivable and cash-flow analyses) for businesses.",,2023-08-03T21:54:56+00:00
Performance Indicator,1.2.1.5.1.1,AFNR.m.ABS.5.a.4,Identify accounting information in AFNR business reporting and management.,,2023-08-03T21:54:56+00:00
Performance Indicator,1.2.1.5.1.2,AFNR.m.ABS.5.a.5,Name and explain the impact of external economic factors on an AFNR business.,,2023-08-03T21:54:56+00:00
Performance Indicator,1.2.1.5.1.3,AFNR.m.ABS.5.a.6,"Identify information needed for an AFNR business manager to monitor performance on a daily, weekly, monthly, quarterly and annual basis.",,2023-08-03T21:54:56+00:00
Standard,1.2.1.6,AFNR.m.ABS.6,Students will use industry-accepted marketing principles to accomplish AFNR business objectives.,,2023-08-03T21:54:56+00:00
Learning Priority,1.2.1.6.1,AFNR.m.ABS.6.a,Conduct appropriate market and marketing research.,,2023-08-03T21:54:56+00:00
Performance Indicator,1.2.1.6.1.1,AFNR.m.ABS.6.a.3,"Investigate the meaning and methods of marketing in AFNR as related to agricultural commodities, products and services and to agricultural goods in domestic and international markets.",,2023-08-03T21:54:56+00:00
Performance Indicator,1.2.1.6.1.2,AFNR.m.ABS.6.a.4,Describe functions in agricultural marketing.,,2023-08-03T21:54:56+00:00
Learning Priority,1.2.1.6.2,AFNR.m.ABS.6.b,Develop a marketing plan.,,2023-08-03T21:54:56+00:00
Performance Indicator,1.2.1.6.2.1,AFNR.m.ABS.6.b.2,"Identify the purpose, components and developmental processes of marketing plans.",,2023-08-03T21:54:56+00:00
Learning Priority,1.2.1.6.3,AFNR.m.ABS.6.c,Develop strategies for marketing plan implementation.,,2023-08-03T21:54:56+00:00
Performance Indicator,1.2.1.6.3.1,AFNR.m.ABS.6.c.2,"Identify and use strategies frequently employed in marketing programs, including those used in niche markets.",,2023-08-03T21:54:56+00:00
Learning Priority,1.2.1.6.4,AFNR.m.ABS.6.d,Develop specific tactics to market AFNR products and services.,,2023-08-03T21:54:56+00:00
Performance Indicator,1.2.1.6.4.1,AFNR.m.ABS.6.d.2,Identify and maintain needed sales records.,,2023-08-03T21:54:56+00:00
Standard,1.2.1.7,AFNR.m.ABS.7,Students will create a production system plan.,,2023-08-03T21:54:56+00:00
Learning Priority,1.2.1.7.1,AFNR.m.ABS.7.a,Prepare a step-by-step production plan that identifies needed resources.,,2023-08-03T21:54:56+00:00
Performance Indicator,1.2.1.7.1.1,AFNR.m.ABS.7.a.2,"Prepare a flowchart that shows production processes, including the resources needed for each step.",,2023-08-03T21:54:56+00:00
Learning Priority,1.2.1.7.2,AFNR.m.ABS.7.b,Develop a production and operational plan.,,2023-08-03T21:54:56+00:00
Performance Indicator,1.2.1.7.2.1,AFNR.m.ABS.7.b.2,Identify the components of a production and operational plan.,,2023-08-03T21:54:56+00:00
Performance Indicator,1.2.1.7.2.2,AFNR.m.ABS.7.b.3,Identify common resources needed to operate a production facility,,2023-08-03T21:54:56+00:00
Learning Priority,1.2.1.7.3,AFNR.m.ABS.7.c,"Use appropriate techniques to determine the most likely strengths, weaknesses and inconsistencies in a business plan and relate these to risk management strategies.",,2023-08-03T21:54:56+00:00
Performance Indicator,1.2.1.7.3.1,AFNR.m.ABS.7.c.1,Examine a business plan to identify inconsistencies and actions to correct inconsistencies.,,2023-08-03T21:54:56+00:00
Learning Priority,1.2.1.7.4,AFNR.m.ABS.7.d,Manage risk and uncertainty.,,2023-08-03T21:54:56+00:00
Performance Indicator,1.2.1.7.4.1,AFNR.m.ABS.7.d.2,Determine the meaning and importance of risk and uncertainty with AFNR enterprises.,,2023-08-03T21:54:56+00:00
Content Area,1.2.2,AFNR.m.AS,Animal Systems,,2023-08-03T21:54:56+00:00
Standard,1.2.2.1,AFNR.m.AS.1,"Students will examine the components, historical development, global implications and future trends of the animal systems industry.",,2023-08-03T21:54:56+00:00
Learning Priority,1.2.2.1.1,AFNR.m.AS.1.a,"Evaluate the development and implications of animal origin, domestication and distribution.",,2023-08-03T21:54:56+00:00
Performance Indicator,1.2.2.1.1.1,AFNR.m.AS.1.a.3,"Identify the origin, significance, distribution and domestication of animal species.",,2023-08-03T21:54:56+00:00
Performance Indicator,1.2.2.1.1.2,AFNR.m.AS.1.a.4,Define major components of the animal industry.,,2023-08-03T21:54:56+00:00
Standard,1.2.2.2,AFNR.m.AS.2,"Students will classify, evaluate, select and manage animals based on anatomical and physiological characteristics.",,2023-08-03T21:54:56+00:00
Learning Priority,1.2.2.2.1,AFNR.m.AS.2.a,Classify animals according to hierarchical taxonomy and agricultural use.,,2023-08-03T21:54:56+00:00
Performance Indicator,1.2.2.2.1.1,AFNR.m.AS.2.a.2,Explain the importance of the binomial system of nomenclature.,,2023-08-03T21:54:56+00:00
Performance Indicator,1.2.2.2.1.2,AFNR.m.AS.2.a.3,Identify major animal species by common and scientific names.,,2023-08-03T21:54:56+00:00
Learning Priority,1.2.2.2.2,AFNR.m.AS.2.b,Apply principles of comparative anatomy and physiology to uses within various animal systems.,,2023-08-03T21:54:56+00:00
Performance Indicator,1.2.2.2.2.1,AFNR.m.AS.2.b.2,"Identify, diagram and describe characteristics of animal cells, tissues organs and body systems in growth and reproduction.",,2023-08-03T21:54:56+00:00
Performance Indicator,1.2.2.2.2.2,AFNR.m.AS.2.b.3,"Describe the properties, locations, functions and types of animal tissues.",,2023-08-03T21:54:56+00:00
Performance Indicator,1.2.2.2.2.3,AFNR.m.AS.2.b.4,"Describe the properties, locations, functions and types of animal organs.",,2023-08-03T21:54:56+00:00
Performance Indicator,1.2.2.2.2.4,AFNR.m.AS.2.b.5,Describe the functions of the animal body systems and system components.,,2023-08-03T21:54:56+00:00
Learning Priority,1.2.2.2.3,AFNR.m.AS.2.c,Select animals for specific purposes and maximum performance based on anatomy and physiology.,,2023-08-03T21:54:56+00:00
Performance Indicator,1.2.2.2.3.1,AFNR.m.AS.2.c.2,Identify ways an animal’s health can be affected by anatomical and physiological disorders.,,2023-08-03T21:54:56+00:00
Performance Indicator,1.2.2.2.3.2,AFNR.m.AS.2.c.3,Create a program to develop an animal to its highest potential performance.,,2023-08-03T21:54:56+00:00
Standard,1.2.2.3,AFNR.m.AS.3,Students will provide for the proper health care of animals.,,2023-08-03T21:54:56+00:00
Learning Priority,1.2.2.3.1,AFNR.m.AS.3.a,"Prescribe and implement a prevention treatment program for animal diseases, parasites and other disorders.",,2023-08-03T21:54:56+00:00
Performance Indicator,1.2.2.3.1.1,AFNR.m.AS.3.a.4,Explain methods of determining animal health and disorders.,,2023-08-03T21:54:56+00:00
Performance Indicator,1.2.2.3.1.2,AFNR.m.AS.3.a.5,"Identify common diseases, parasites and physiological disorders that affect animals.",,2023-08-03T21:54:56+00:00
Performance Indicator,1.2.2.3.1.3,AFNR.m.AS.3.a.6,Explain characteristics of causative agents and vectors of diseases and disorders in animals.,,2023-08-03T21:54:56+00:00
Performance Indicator,1.2.2.3.1.4,AFNR.m.AS.3.a.7,"Explain the clinical significance of common considerations in veterinary treatments, such as aseptic techniques.",,2023-08-03T21:54:56+00:00
Learning Priority,1.2.2.3.2,AFNR.m.AS.3.b,Identify bio-security threats and provide for the bio-security of agricultural animals and production facilities.,,2023-08-03T21:54:56+00:00
Performance Indicator,1.2.2.3.2.1,AFNR.m.AS.3.b.2,Identify and describe zoonotic diseases.,,2023-08-03T21:54:56+00:00
Performance Indicator,1.2.2.3.2.2,AFNR.m.AS.3.b.3,Explain the importance of biosecurty to the animal industry.,,2023-08-03T21:54:56+00:00
Standard,1.2.2.4,AFNR.m.AS.4,"Students will apply principles of animal nutrition to ensure the proper growth, development, reproduction and economic production of animals.",,2023-08-03T21:54:56+00:00
Learning Priority,1.2.2.4.1,AFNR.m.AS.4.a,Formulate feed rations to provide for the nutritional needs of animals.,,2023-08-03T21:54:56+00:00
Performance Indicator,1.2.2.4.1.1,AFNR.m.AS.4.a.2,Compare and contrast common types of feedstuffs and the roles they play in the diets of animals.,,2023-08-03T21:54:56+00:00
Performance Indicator,1.2.2.4.1.2,AFNR.m.AS.4.a.3,Explain the importance of a balanced ration for animals.,,2023-08-03T21:54:56+00:00
Learning Priority,1.2.2.4.2,AFNR.m.AS.4.b,Prescribe and administer animal feed additives and growth promotants in animal production.,,2023-08-03T21:54:56+00:00
Performance Indicator,1.2.2.4.2.1,AFNR.m.AS.4.b.2,Explain the purpose and benefits of feed additives and growth promotants in animal production.,,2023-08-03T21:54:56+00:00
Standard,1.2.2.5,AFNR.m.AS.5,Students will evaluate and select animals based on scientific principles of animal production.,,2023-08-03T21:54:56+00:00
Learning Priority,1.2.2.5.1,AFNR.m.AS.5.a,Evaluate the male and females reproductive systems in selecting animals.,,2023-08-03T21:54:56+00:00
Performance Indicator,1.2.2.5.1.1,AFNR.m.AS.5.a.2,Explain the male and female reproductive organs of the major animal species.,,2023-08-03T21:54:56+00:00
Learning Priority,1.2.2.5.2,AFNR.m.AS.5.b,Evaluate animals for breeding readiness and soundness.,,2023-08-03T21:54:56+00:00
Performance Indicator,1.2.2.5.2.1,AFNR.m.AS.5.b.1,"Explain how age, size, life cycle, maturity level and health statuses affect the reproductive efficiency of male and female animals.",,2023-08-03T21:54:56+00:00
Learning Priority,1.2.2.5.3,AFNR.m.AS.5.c,Describe how selection and geographical regions impact the economic decisions of our livestock business.,,2023-08-03T21:54:56+00:00
Performance Indicator,1.2.2.5.3.1,AFNR.m.AS.5.c.2,Discuss the importance of efficient and economic reproduction in animals.,,2023-08-03T21:54:56+00:00
Learning Priority,1.2.2.5.4,AFNR.m.AS.5.d,Apply scientific principles in the selection and breeding of animals.,,2023-08-03T21:54:56+00:00
Performance Indicator,1.2.2.5.4.1,AFNR.m.AS.5.d.2,Explain genetic inheritance in agricultural animals.,,2023-08-03T21:54:56+00:00
Learning Priority,1.2.2.5.5,AFNR.m.AS.5.f,Compare and contrast scientific methods associated with animal reproduction.,,2023-08-03T21:54:56+00:00
Performance Indicator,1.2.2.5.5.1,AFNR.m.AS.5.f.2,Define natural and artificial breeding methods.,,2023-08-03T21:54:56+00:00
Performance Indicator,1.2.2.5.5.2,AFNR.m.AS.5.f.3,"Explain the use of quantitative breeding values (e.g., EPDs) in the selection of genetically superior breeding stock.",,2023-08-03T21:54:56+00:00
Performance Indicator,1.2.2.5.5.3,AFNR.m.AS.5.f.4,"Explain the advantages of major reproductive management practices, including estrous synchronization, superovulation, flushing and embryo transfer.",,2023-08-03T21:54:56+00:00
Performance Indicator,1.2.2.5.5.4,AFNR.m.AS.5.f.5,"Discuss the uses, advantages and disadvantages of natural breeding and artificial insemination.",,2023-08-03T21:54:56+00:00
Standard,1.2.2.6,AFNR.m.AS.6,"Students will prepare and implement animal handling procedures for the safety of animals, producers and consumers of animal products.",,2023-08-03T21:54:56+00:00
Learning Priority,1.2.2.6.1,AFNR.m.AS.6.a,Demonstrate safe animal handling and management techniques.,,2023-08-03T21:54:56+00:00
Performance Indicator,1.2.2.6.1.1,AFNR.m.AS.6.a.2,Discuss the dangers involved in working with animals.,,2023-08-03T21:54:56+00:00
Performance Indicator,1.2.2.6.1.2,AFNR.m.AS.6.a.3,Explain the implications of animal welfare and animal rights for animal agriculture.,,2023-08-03T21:54:56+00:00
Learning Priority,1.2.2.6.2,AFNR.m.AS.6.b,Implement procedures to ensure that animal products are safe.,,2023-08-03T21:54:56+00:00
Performance Indicator,1.2.2.6.2.1,AFNR.m.AS.6.b.2,Identify animal production practices that could pose health risks or are considered to pose risks by some.,,2023-08-03T21:54:56+00:00
Performance Indicator,1.2.2.6.2.2,AFNR.m.AS.6.b.3,"Describe how animal identification systems can track an animal’s location, nutrition requirements, production progress and changes in health.",,2023-08-03T21:54:56+00:00
Standard,1.2.2.7,AFNR.m.AS.7,"Students will select animal facilities and equipment that provide for the safe and efficient production, housing and handling of animals.",,2023-08-03T21:54:56+00:00
Learning Priority,1.2.2.7.1,AFNR.m.AS.7.a,"Design animal housing, equipment and handling facilities for the major systems of animal production.",,2023-08-03T21:54:56+00:00
Performance Indicator,1.2.2.7.1.1,AFNR.m.AS.7.a.2,Identify facilities needed to house and produce each animal species safely and efficiently.,,2023-08-03T21:54:56+00:00
Performance Indicator,1.2.2.7.1.2,AFNR.m.AS.7.a.3,Identify equipment and handling facilities used in modern animal production.,,2023-08-03T21:54:56+00:00
Learning Priority,1.2.2.7.2,AFNR.m.AS.7.b,Comply with government regulations and safety standards for facilities used in animal production.,,2023-08-03T21:54:56+00:00
Performance Indicator,1.2.2.7.2.1,AFNR.m.AS.7.b.1,"List the general standards (e.g., environmental, zoning, construction) that must be met in facilities for animal production.",,2023-08-03T21:54:56+00:00
Standard,1.2.2.8,AFNR.m.AS.8,Students will analyze environmental factors associated with animal production.,,2023-08-03T21:54:56+00:00
Learning Priority,1.2.2.8.1,AFNR.m.AS.8.a,Reduce the effects of animal production on the environment.,,2023-08-03T21:54:56+00:00
Performance Indicator,1.2.2.8.1.1,AFNR.m.AS.8.a.2,Evaluate the effects of animal agriculture on the environment.,,2023-08-03T21:54:56+00:00
Learning Priority,1.2.2.8.2,AFNR.m.AS.8.b,Evaluate the effects of environmental conditions on animals.,,2023-08-03T21:54:56+00:00
Performance Indicator,1.2.2.8.2.1,AFNR.m.AS.8.b.1,Identify optimal environmental conditions for animals.,,2023-08-03T21:54:56+00:00
Content Area,1.2.3,AFNR.m.BT,Biotechnology Systems,,2023-08-03T21:54:56+00:00
Standard,1.2.3.1,AFNR.m.BT.1,"Students will recognize the historical, social, cultural and potential applications of biotechnology.",,2023-08-03T21:54:56+00:00
Learning Priority,1.2.3.1.1,AFNR.m.BT.1.a,"Distinguish major innovators, historical developments and potential applications of biotechnology in agriculture.",,2023-08-03T21:54:56+00:00
Performance Indicator,1.2.3.1.1.1,AFNR.m.BT.1.a.2,Define biotechnology and explore the historical impact it has had on agriculture.,,2023-08-03T21:54:56+00:00
Performance Indicator,1.2.3.1.1.2,AFNR.m.BT.1.a.3,Investigate current applications of biotechnology in agriculture.,,2023-08-03T21:54:56+00:00
Performance Indicator,1.2.3.1.1.3,AFNR.m.BT.1.a.4,Examine potential future applications of biotechnology in agriculture and compare them with alternative approaches to improving agriculture.,,2023-08-03T21:54:56+00:00
Learning Priority,1.2.3.1.2,AFNR.m.BT.1.b,"Analyze the ethical, legal, social and cultural issues relating to biotechnology.",,2023-08-03T21:54:56+00:00
Performance Indicator,1.2.3.1.2.1,AFNR.m.BT.1.b.3,Describe the role of agencies that regulate biotechnology.,,2023-08-03T21:54:56+00:00
Performance Indicator,1.2.3.1.2.2,AFNR.m.BT.1.b.4,"Explore ethical, legal and social biotechnology issues.",,2023-08-03T21:54:56+00:00
Performance Indicator,1.2.3.1.2.3,AFNR.m.BT.1.b.5,"Explore the emergence, evolution and implications of bioethics.",,2023-08-03T21:54:56+00:00
Performance Indicator,1.2.3.1.2.4,AFNR.m.BT.1.b.6,Explain the meaning of intellectual properties as related to biotechnology.,,2023-08-03T21:54:56+00:00
Standard,1.2.3.2,AFNR.m.BT.2,"Students will recognize the historical, social, cultural and potential applications of biotechnology.",,2023-08-03T21:54:56+00:00
Learning Priority,1.2.3.2.1,AFNR.m.BT.2.a,Demonstrate safe and proper laboratory procedures and record keeping using biological materials.,,2023-08-03T21:54:56+00:00
Performance Indicator,1.2.3.2.1.1,AFNR.m.BT.2.a.7,Maintain a biotechnology laboratory notebook.,,2023-08-03T21:54:56+00:00
Performance Indicator,1.2.3.2.1.2,AFNR.m.BT.2.a.8,Operate basic laboratory equipment and measurement devices.,,2023-08-03T21:54:56+00:00
Performance Indicator,1.2.3.2.1.3,AFNR.m.BT.2.a.9,Demonstrate basic aseptic techniques in the biotechnology laboratory.,,2023-08-03T21:54:56+00:00
Performance Indicator,1.2.3.2.1.4,AFNR.m.BT.2.a.10,Perform procedures with biological materials according to directions.,,2023-08-03T21:54:56+00:00
Performance Indicator,1.2.3.2.1.5,AFNR.m.BT.2.a.11,Identify and describe hazards associated with biological and chemical materials.,,2023-08-03T21:54:56+00:00
Performance Indicator,1.2.3.2.1.6,AFNR.m.BT.2.a.12,Maintain a safe environment by properly identifying and disposing of laboratory waste.,,2023-08-03T21:54:56+00:00
Learning Priority,1.2.3.2.2,AFNR.m.BT.2.b,"Perform microbiology, molecular biology, enzymology and immunology procedures.",,2023-08-03T21:54:56+00:00
Performance Indicator,1.2.3.2.2.1,AFNR.m.BT.2.b.6,Differentiate the types of organisms and demonstrate how to handle them safely.,,2023-08-03T21:54:56+00:00
Performance Indicator,1.2.3.2.2.2,AFNR.m.BT.2.b.7,Explain the structures of DNA and RNA and how genotype influences phenotype.,,2023-08-03T21:54:56+00:00
Performance Indicator,1.2.3.2.2.3,AFNR.m.BT.2.b.8,Extract and purify DNA and RNA.,,2023-08-03T21:54:56+00:00
Performance Indicator,1.2.3.2.2.4,AFNR.m.BT.2.b.9,Perform simple enzyme activity assays to detect proteins.,,2023-08-03T21:54:56+00:00
Performance Indicator,1.2.3.2.2.5,AFNR.m.BT.2.b.10,Describe how antibodies are formed and how they can be used in biotechnology applications.,,2023-08-03T21:54:56+00:00
Performance Indicator,1.2.3.2.2.6,AFNR.m.BT.2.b.11,Explain reasons for detecting microbes and identify sources of microbes.,,2023-08-03T21:54:56+00:00
Learning Priority,1.2.3.2.3,AFNR.m.BT.2.c,Evaluate the application of genetic engineering to improve products of AFNR systems.,,2023-08-03T21:54:56+00:00
Performance Indicator,1.2.3.2.3.1,AFNR.m.BT.2.c.3,"Explain biological, social, agronomic and economic reasons for genetic modification of eukaryotes.",,2023-08-03T21:54:56+00:00
Performance Indicator,1.2.3.2.3.2,AFNR.m.BT.2.c.4,"Describe enzymes, the changes they cause in foods and the physical and chemical parameters that affect enzymatic reactions.",,2023-08-03T21:54:56+00:00
Performance Indicator,1.2.3.2.3.3,AFNR.m.BT.2.c.5,Compare and contrast the use of natural organisms and genetically engineered organisms in the treatment of wastes.,,2023-08-03T21:54:56+00:00
Performance Indicator,1.2.3.2.3.4,AFNR.m.BT.2.c.6,Describe the benefits and risks associated with the use of biotechnology to increase productivity and improve quality of aquatic species.,,2023-08-03T21:54:56+00:00
Learning Priority,1.2.3.2.4,AFNR.m.BT.2.d,Perform biotechnology processes used in AFNR systems.,,2023-08-03T21:54:56+00:00
Performance Indicator,1.2.3.2.4.1,AFNR.m.BT.2.d.7,Explain the functions of hormones in animals.,,2023-08-03T21:54:56+00:00
Performance Indicator,1.2.3.2.4.2,AFNR.m.BT.2.d.8,Identify foods produced through fermentation.,,2023-08-03T21:54:56+00:00
Performance Indicator,1.2.3.2.4.3,AFNR.m.BT.2.d.9,Explain the process of fermentation.,,2023-08-03T21:54:56+00:00
Performance Indicator,1.2.3.2.4.4,AFNR.m.BT.2.d.10,Explain the process of transesterification.,,2023-08-03T21:54:56+00:00
Performance Indicator,1.2.3.2.4.5,AFNR.m.BT.2.d.11,Explain biomass and sources of biomass.,,2023-08-03T21:54:56+00:00
Performance Indicator,1.2.3.2.4.6,AFNR.m.BT.2.d.12,Explain the process of methanogenesis.,,2023-08-03T21:54:56+00:00
Learning Priority,1.2.3.2.5,AFNR.m.BT.2.f,Use biotechnology to monitor and evaluate procedures performed in AFNR systems.,,2023-08-03T21:54:56+00:00
Performance Indicator,1.2.3.2.5.1,AFNR.m.BT.2.f.7,Describe the selective plant breeding process.,,2023-08-03T21:54:56+00:00
Performance Indicator,1.2.3.2.5.2,AFNR.m.BT.2.f.8,Describe biotechnology processes applicable to animal health.,,2023-08-03T21:54:56+00:00
Performance Indicator,1.2.3.2.5.3,AFNR.m.BT.2.f.9,Give examples of instances in which bioremediation can be applied to clean up environmental contaminants.,,2023-08-03T21:54:56+00:00
Performance Indicator,1.2.3.2.5.4,AFNR.m.BT.2.f.10,Explain the use of microorganisms in biological waste management and industrial chemical waste treatment.,,2023-08-03T21:54:56+00:00
Performance Indicator,1.2.3.2.5.5,AFNR.m.BT.2.f.11,Explain the global importance of biodiversity.,,2023-08-03T21:54:56+00:00
Performance Indicator,1.2.3.2.5.6,AFNR.m.BT.2.f.12,Explain the consequences of agricultural practices on wild populations.,,2023-08-03T21:54:56+00:00
Performance Indicator,1.2.3.2.5.7,AFNR.m.BT.2.f.13,"Define industrial biotechnology and describe the benefits and risks associated with its use in the manufacturing of fabrics, plastics and other products.",,2023-08-03T21:54:56+00:00
Content Area,1.2.4,AFNR.m.FPP,Food Production and Processing,,2023-08-03T21:54:56+00:00
Standard,1.2.4.1,AFNR.m.FPP.1,Students will examine components of the food industry and historical development of food products and processing.,,2023-08-03T21:54:56+00:00
Learning Priority,1.2.4.1.1,AFNR.m.FPP.1.a,Evaluate the significance and implications of changes in the food products and processing industry.,,2023-08-03T21:54:56+00:00
Performance Indicator,1.2.4.1.1.1,AFNR.m.FPP.1.a.3,"Discuss the history and describe and explain the components (e.g., processing, distribution, byproducts) of the food products and processing industry.",,2023-08-03T21:54:56+00:00
Performance Indicator,1.2.4.1.1.2,AFNR.m.FPP.1.a.4,"Identify the issues of safety and environmental concerns about foods and food processing (e.g., Genetically Modified Organisms, microorganisms, contamination, irradiation).",,2023-08-03T21:54:56+00:00
Learning Priority,1.2.4.1.2,AFNR.m.FPP.1.b,"Work effectively with industry organizations, groups and regulatory agencies affecting the food products and processing industry.",,2023-08-03T21:54:56+00:00
Performance Indicator,1.2.4.1.2.1,AFNR.m.FPP.1.b.3,Evaluate the changes in the food products and processing industry brought about by industry organizations or regulatory Agencies.,,2023-08-03T21:54:56+00:00
Performance Indicator,1.2.4.1.2.2,AFNR.m.FPP.1.b.4,Discuss the application of industry standards in the food products and processing industry.,,2023-08-03T21:54:56+00:00
Standard,1.2.4.2,AFNR.m.FPP.2,Students will apply safety principles; recommend equipment and facility management techniques to the food products and processing industry.,,2023-08-03T21:54:56+00:00
Learning Priority,1.2.4.2.1,AFNR.m.FPP.2.a,Manage operational procedures and create equipment and facility maintenance plans.,,2023-08-03T21:54:56+00:00
Performance Indicator,1.2.4.2.1.1,AFNR.m.FPP.2.a.3,Explain the importance of developing and maintaining Sanitation Standard Operating Procedures (SSOP).,,2023-08-03T21:54:56+00:00
Performance Indicator,1.2.4.2.1.2,AFNR.m.FPP.2.a.4,Develop a basic equipment and facility maintenance program.,,2023-08-03T21:54:56+00:00
Performance Indicator,1.2.4.2.1.3,AFNR.m.FPP.2.a.5,Develop a basic equipment and facility maintenance program.,,2023-08-07T20:33:28+00:00
Learning Priority,1.2.4.2.2,AFNR.m.FPP.2.b,Implement Hazard Analysis and Critical Control Point (HACCP) procedures to establish operating parameters.,,2023-08-03T21:54:56+00:00
Performance Indicator,1.2.4.2.2.1,AFNR.m.FPP.2.b.3,Outline procedures to eliminate possible contamination hazards associated with food products and processing.,,2023-08-03T21:54:56+00:00
Performance Indicator,1.2.4.2.2.2,AFNR.m.FPP.2.b.4,Identify and explain the implementation of the seven principles of HACCP.,,2023-08-03T21:54:56+00:00
Learning Priority,1.2.4.2.3,AFNR.m.FPP.2.c,"Apply safety and sanitation procedures in the handling, processing and storing of food products.",,2023-08-03T21:54:56+00:00
Performance Indicator,1.2.4.2.3.1,AFNR.m.FPP.2.c.5,Evaluate food product handling procedures.,,2023-08-03T21:54:56+00:00
Performance Indicator,1.2.4.2.3.2,AFNR.m.FPP.2.c.6,Describe and perform quality-assurance tests on food products.,,2023-08-03T21:54:56+00:00
Performance Indicator,1.2.4.2.3.3,AFNR.m.FPP.2.c.7,"Explain the importance of microbiological tests in food product preparation, listing common spoilage and pathogenic microorganisms.",,2023-08-03T21:54:56+00:00
Performance Indicator,1.2.4.2.3.4,AFNR.m.FPP.2.c.8,Discuss documentation procedures in a food products and processing system.,,2023-08-03T21:54:56+00:00
Learning Priority,1.2.4.2.4,AFNR.m.FPP.2.d,Demonstrate worker safety procedures with food product and processing equipment and facilities.,,2023-08-03T21:54:56+00:00
Performance Indicator,1.2.4.2.4.1,AFNR.m.FPP.2.d.2,Outline guidelines for personnel safety in the food products and processing industry.,,2023-08-03T21:54:56+00:00
Standard,1.2.4.3,AFNR.m.FPP.3,Students will apply principles of science to the food products and processing industry.,,2023-08-03T21:54:56+00:00
Learning Priority,1.2.4.3.1,AFNR.m.FPP.3.a,"Apply principles of science to food processing to provide a safe, wholesome and nutritious food supply.",,2023-08-03T21:54:56+00:00
Performance Indicator,1.2.4.3.1.1,AFNR.m.FPP.3.a.8,Design a research project in food science using the scientific method.,,2023-08-03T21:54:56+00:00
Performance Indicator,1.2.4.3.1.2,AFNR.m.FPP.3.a.9,Determine the chemical and physical properties of food products.,,2023-08-03T21:54:56+00:00
Performance Indicator,1.2.4.3.1.3,AFNR.m.FPP.3.a.10,Designed a daily food guide for a healthful diet.,,2023-08-03T21:54:56+00:00
Performance Indicator,1.2.4.3.1.4,AFNR.m.FPP.3.a.11,"Compare and contrast food constituents and their relative value to product taste, appearance, etc.",,2023-08-03T21:54:56+00:00
Performance Indicator,1.2.4.3.1.5,AFNR.m.FPP.3.a.12,Describe the purpose of common food additives.,,2023-08-03T21:54:56+00:00
Performance Indicator,1.2.4.3.1.6,AFNR.m.FPP.3.a.13,Describe the purpose of common food additives.,,2023-08-03T21:54:56+00:00
Performance Indicator,1.2.4.3.1.7,AFNR.m.FPP.3.a.14,Plan and create a new food product.,,2023-08-03T21:54:56+00:00
Standard,1.2.4.4,AFNR.m.FPP.4,"Students will select and process food products for storage, distribution and consumption.",,2023-08-03T21:54:56+00:00
Learning Priority,1.2.4.4.1,AFNR.m.FPP.4.a,"Use harvesting, selection and inspection techniques to obtain quality food products for processing.",,2023-08-03T21:54:56+00:00
Performance Indicator,1.2.4.4.1.1,AFNR.m.FPP.4.a.5,Discuss factors that affect quality and yield grades of food products.,,2023-08-03T21:54:56+00:00
Performance Indicator,1.2.4.4.1.2,AFNR.m.FPP.4.a.6,Products perform quality-control inspections of raw food products for processing.,,2023-08-03T21:54:56+00:00
Performance Indicator,1.2.4.4.1.3,AFNR.m.FPP.4.a.7,Compare and contrast industry approved production animal care and treatment.,,2023-08-03T21:54:56+00:00
Performance Indicator,1.2.4.4.1.4,AFNR.m.FPP.4.a.8,Explain characteristics of animals in relation to food production.,,2023-08-03T21:54:56+00:00
Learning Priority,1.2.4.4.2,AFNR.m.FPP.4.b,"Evaluate, grade and classify processed food products.",,2023-08-03T21:54:56+00:00
Performance Indicator,1.2.4.4.2.1,AFNR.m.FPP.4.b.4,"Discuss desirable qualities of processed meat, egg, poultry, fish and dairy products.",,2023-08-03T21:54:56+00:00
Performance Indicator,1.2.4.4.2.2,AFNR.m.FPP.4.b.5,Discuss desirable qualities of fruit and vegetable products.,,2023-08-03T21:54:56+00:00
Performance Indicator,1.2.4.4.2.3,AFNR.m.FPP.4.b.6,"Discuss desirable qualities of grain, legume and oilseed products.",,2023-08-03T21:54:56+00:00
Learning Priority,1.2.4.4.3,AFNR.m.FPP.4.c,"Process, preserve, package and present food and food products for sale and distribution.",,2023-08-03T21:54:56+00:00
Performance Indicator,1.2.4.4.3.1,AFNR.m.FPP.4.c.7,Weight and measure food products and perform conversions between units of measure.,,2023-08-03T21:54:56+00:00
Performance Indicator,1.2.4.4.3.2,AFNR.m.FPP.4.c.8,Demonstrate how fresh foods are prepared for distribution.,,2023-08-03T21:54:56+00:00
Performance Indicator,1.2.4.4.3.3,AFNR.m.FPP.4.c.9,Explain the processes of food preservation methods.,,2023-08-03T21:54:56+00:00
Performance Indicator,1.2.4.4.3.4,AFNR.m.FPP.4.c.10,Research the steps involved in the creation of ready-to-eat food products.,,2023-08-03T21:54:56+00:00
Performance Indicator,1.2.4.4.3.5,AFNR.m.FPP.4.c.11,Explain the science behind packaging materials in storing processed foods and raw food products.,,2023-08-03T21:54:56+00:00
Performance Indicator,1.2.4.4.3.6,AFNR.m.FPP.4.c.12,Determine appropriate methods and conditions for storing raw and processed food products based on their characteristics.,,2023-08-03T21:54:56+00:00
Content Area,1.2.5,AFNR.m.ESS,Environmental Service Systems,,2023-08-03T21:54:56+00:00
Standard,1.2.5.1,AFNR.m.ESS.1,Students will use analytical procedures to plan and evaluate environmental service systems while assessing the impact of policies and regulations on environmental service systems.,,2023-08-03T21:54:56+00:00
Learning Priority,1.2.5.1.1,AFNR.m.ESS.1.a,Analyze and interpret samples.,,2023-08-03T21:54:56+00:00
Performance Indicator,1.2.5.1.1.1,AFNR.m.ESS.1.a.3,"Determine the appropriate sampling techniques needed, explain the importance of unbiased sampling and collection of samples.",,2023-08-03T21:54:56+00:00
Performance Indicator,1.2.5.1.1.2,AFNR.m.ESS.1.a.4,Identify basic laboratory equipment and environmental monitoring instruments and explain their uses.,,2023-08-03T21:54:56+00:00
Learning Priority,1.2.5.1.2,AFNR.m.ESS.1.b,Interpret laws affecting environmental service systems.,,2023-08-03T21:54:56+00:00
Performance Indicator,1.2.5.1.2.1,AFNR.m.ESS.1.b.2,Identify laws associated with Wisconsin environmental service systems.,,2023-08-03T21:54:56+00:00
Standard,1.2.5.2,AFNR.m.ESS.2,Students will apply scientific principles to environmental service systems.,,2023-08-03T21:54:56+00:00
Learning Priority,1.2.5.2.1,AFNR.m.ESS.2.a,Apply meteorology principles to environmental service systems.,,2023-08-03T21:54:56+00:00
Performance Indicator,1.2.5.2.1.1,AFNR.m.ESS.2.a.5,Identify components and structural layers of the earth’s atmosphere.,,2023-08-03T21:54:56+00:00
Performance Indicator,1.2.5.2.1.2,AFNR.m.ESS.2.a.6,Explain how meteorological conditions influence air quality.,,2023-08-03T21:54:56+00:00
Performance Indicator,1.2.5.2.1.3,AFNR.m.ESS.2.a.7,Explain and recognize signs of climate change within Wisconsin.,,2023-08-03T21:54:56+00:00
Performance Indicator,1.2.5.2.1.4,AFNR.m.ESS.2.a.8,Explain the Earth’s balance of energy.,,2023-08-03T21:54:56+00:00
Learning Priority,1.2.5.2.2,AFNR.m.ESS.2.b,Apply soil science and microbiology principles to environmental service systems.,,2023-08-03T21:54:56+00:00
Performance Indicator,1.2.5.2.2.1,AFNR.m.ESS.2.b.7,Explain the process of soil formation through weathering.,,2023-08-03T21:54:56+00:00
Performance Indicator,1.2.5.2.2.2,AFNR.m.ESS.2.b.8,Describe the biodiversity found in soil and the contribution of biodiversity of the physical and chemical characteristics of soil.,,2023-08-03T21:54:56+00:00
Performance Indicator,1.2.5.2.2.3,AFNR.m.ESS.2.b.9,Explain how the physical qualities of the soil influence the infiltration and percolation of water.,,2023-08-03T21:54:56+00:00
Performance Indicator,1.2.5.2.2.4,AFNR.m.ESS.2.b.10,"Identify land uses, capability factors and land capability classes.",,2023-08-03T21:54:56+00:00
Performance Indicator,1.2.5.2.2.5,AFNR.m.ESS.2.b.11,Identify the basic structures of microorganisms and the major groups of microorganisms.,,2023-08-03T21:54:56+00:00
Performance Indicator,1.2.5.2.2.6,AFNR.m.ESS.2.b.12,Define the purposes of bioassay tests.,,2023-08-03T21:54:56+00:00
Learning Priority,1.2.5.2.3,AFNR.m.ESS.2.c,Apply hydrology principles to environmental service systems.,,2023-08-03T21:54:56+00:00
Performance Indicator,1.2.5.2.3.1,AFNR.m.ESS.2.c.7,Describe the world’s water supplies and discuss water uses.,,2023-08-03T21:54:56+00:00
Performance Indicator,1.2.5.2.3.2,AFNR.m.ESS.2.c.8,Demonstrate knowledge of hydrogeology by differentiating between ground and surface water.,,2023-08-03T21:54:56+00:00
Performance Indicator,1.2.5.2.3.3,AFNR.m.ESS.2.c.9,Define groundwater potential.,,2023-08-03T21:54:56+00:00
Performance Indicator,1.2.5.2.3.4,AFNR.m.ESS.2.c.10,Identify environmental hazards associated with groundwater supplies.,,2023-08-03T21:54:56+00:00
Performance Indicator,1.2.5.2.3.5,AFNR.m.ESS.2.c.11,Discuss factors that influence the velocity of water through an open channel.,,2023-08-03T21:54:56+00:00
Performance Indicator,1.2.5.2.3.6,AFNR.m.ESS.2.c.12,Identify the operational components of a pumping or fluid movement system.,,2023-08-03T21:54:56+00:00
Learning Priority,1.2.5.2.4,AFNR.m.ESS.2.d,"Apply best management techniques associated with the properties, classifications and functions of wetlands.",,2023-08-03T21:54:56+00:00
Performance Indicator,1.2.5.2.4.1,AFNR.m.ESS.2.d.5,Describe the functions of wetlands and differentiate the types of wetlands.,,2023-08-03T21:54:56+00:00
Performance Indicator,1.2.5.2.4.2,AFNR.m.ESS.2.d.6,Identify the major types of living organisms that inhabit wetlands.,,2023-08-03T21:54:56+00:00
Performance Indicator,1.2.5.2.4.3,AFNR.m.ESS.2.d.7,"Explain the importance of wetland management, creation, enhancement and restoration programs.",,2023-08-03T21:54:56+00:00
Performance Indicator,1.2.5.2.4.4,AFNR.m.ESS.2.d.8,Explain basic chemistry principals.,,2023-08-03T21:54:56+00:00
Standard,1.2.5.3,AFNR.m.ESS.3,Students will operate environmental service systems to manage a facility environment.,,2023-08-03T21:54:56+00:00
Learning Priority,1.2.5.3.1,AFNR.m.ESS.3.a,Use pollution control measures to maintain a safe facility environment.,,2023-08-03T21:54:56+00:00
Performance Indicator,1.2.5.3.1.1,AFNR.m.ESS.3.a.3,Identify types of pollution and distinguish between point and nonpoint source pollution.,,2023-08-03T21:54:56+00:00
Performance Indicator,1.2.5.3.1.2,AFNR.m.ESS.3.a.4,Describe ways in which pollution can be managed and prevented.,,2023-08-03T21:54:56+00:00
Learning Priority,1.2.5.3.2,AFNR.m.ESS.3.b,Manage safe disposal of all categories of solid waste.,,2023-08-03T21:54:56+00:00
Performance Indicator,1.2.5.3.2.1,AFNR.m.ESS.3.b.7,Describe different types of solid wastes.,,2023-08-03T21:54:56+00:00
Performance Indicator,1.2.5.3.2.2,AFNR.m.ESS.3.b.8,Discuss practical management options for treating solid wastes.,,2023-08-03T21:54:56+00:00
Performance Indicator,1.2.5.3.2.3,AFNR.m.ESS.3.b.9,Explain sanitary landfill.,,2023-08-03T21:54:56+00:00
Performance Indicator,1.2.5.3.2.4,AFNR.m.ESS.3.b.10,Define composts and composting.,,2023-08-03T21:54:56+00:00
Performance Indicator,1.2.5.3.2.5,AFNR.m.ESS.3.b.11,Explain the basic concepts associated with solid waste incineration.,,2023-08-03T21:54:56+00:00
Performance Indicator,1.2.5.3.2.6,AFNR.m.ESS.3.b.12,Explain the importance of recycling.,,2023-08-03T21:54:56+00:00
Learning Priority,1.2.5.3.3,AFNR.m.ESS.3.c,Apply the principles of public drinking water treatment operations to ensure safe water at a facility.,,2023-08-03T21:54:56+00:00
Performance Indicator,1.2.5.3.3.1,AFNR.m.ESS.3.c.3,Identify chemical and physical properties of drinking water.,,2023-08-03T21:54:56+00:00
Performance Indicator,1.2.5.3.3.2,AFNR.m.ESS.3.c.4,Define source water quality and assessment steps.,,2023-08-03T21:54:56+00:00
Learning Priority,1.2.5.3.4,AFNR.m.ESS.3.d,Apply principles of wastewater treatment to manage wastewater disposal in keeping with rules and regulations.,,2023-08-03T21:54:56+00:00
Performance Indicator,1.2.5.3.4.1,AFNR.m.ESS.3.d.3,Diagram the steps in wastewater treatment.,,2023-08-03T21:54:56+00:00
Performance Indicator,1.2.5.3.4.2,AFNR.m.ESS.3.d.4,Identify types of hazardous material.,,2023-08-03T21:54:56+00:00
Standard,1.2.5.4,AFNR.m.ESS.4,"Students will examine the relationships between energy sources and environmental service system with a basic understanding of the use of tools, equipment, machinery and technology to accomplish tasks n environmental service systems.",,2023-08-03T21:54:56+00:00
Learning Priority,1.2.5.4.1,AFNR.m.ESS.4.a,Compare and contrast the impact of conventional and alternative energy sources on the environment.,,2023-08-03T21:54:56+00:00
Performance Indicator,1.2.5.4.1.1,AFNR.m.ESS.4.a.3,Identify conventional energy sources and list conservation measures to reduce energy consumption.,,2023-08-03T21:54:56+00:00
Performance Indicator,1.2.5.4.1.2,AFNR.m.ESS.4.a.4,Identify alternative energy sources.,,2023-08-03T21:54:56+00:00
Learning Priority,1.2.5.4.2,AFNR.m.ESS.4.b,"Use technological and mathematical tools to map land, facilities and infrastructure with inclusion of basic maintenance knowledge related to tools, equipment and machinery in safe working order for tasks in environmental service systems.",,2023-08-03T21:54:56+00:00
Performance Indicator,1.2.5.4.2.1,AFNR.m.ESS.4.b.3,Explain the importance of surveying and mapping for environmental service systems.,,2023-08-03T21:54:56+00:00
Performance Indicator,1.2.5.4.2.2,AFNR.m.ESS.4.b.4,Demonstrate proper use and maintenance of hand tools.,,2023-08-03T21:54:56+00:00
Content Area,1.2.6,AFNR.m.NR,Natural Resources,,2023-08-03T21:54:56+00:00
Standard,1.2.6.1,AFNR.m.NR.1,Students will explain interrelationships between natural resources and humans necessary to conduct management activities in natural environments.,,2023-08-03T21:54:56+00:00
Learning Priority,1.2.6.1.1,AFNR.m.NR.1.a,Apply knowledge of natural resource components to the management of natural resource systems.,,2023-08-03T21:54:56+00:00
Performance Indicator,1.2.6.1.1.1,AFNR.m.NR.1.a.3,Differentiate between renewable and nonrenewable natural resources.,,2023-08-03T21:54:56+00:00
Performance Indicator,1.2.6.1.1.2,AFNR.m.NR.1.a.4,Define ecosystem and related terms.,,2023-08-03T21:54:56+00:00
Learning Priority,1.2.6.1.2,AFNR.m.NR.1.b,Classify natural resources.,,2023-08-03T21:54:56+00:00
Performance Indicator,1.2.6.1.2.1,AFNR.m.NR.1.b.6,Describe morphological characteristics used to identify trees and other woody plants.,,2023-08-03T21:54:56+00:00
Performance Indicator,1.2.6.1.2.2,AFNR.m.NR.1.b.7,Explain morphological characteristics used to identify herbaceous plants.,,2023-08-03T21:54:56+00:00
Performance Indicator,1.2.6.1.2.3,AFNR.m.NR.1.b.8,Compare and contrast wildlife species.,,2023-08-03T21:54:56+00:00
Performance Indicator,1.2.6.1.2.4,AFNR.m.NR.1.b.9,Compare and contrast aquatic species.,,2023-08-03T21:54:56+00:00
Performance Indicator,1.2.6.1.2.5,AFNR.m.NR.1.b.10,"Demonstrate techniques used to identify rock, mineral and soil differences.",,2023-08-03T21:54:56+00:00
Standard,1.2.6.2,AFNR.m.NR.2,Students will apply scientific principles to natural resource management activities.,,2023-08-03T21:54:56+00:00
Learning Priority,1.2.6.2.1,AFNR.m.NR.2.a,"Use cartographic skills to aid in developing, implementing and evaluating natural resource management plans, measure and survey for natural resource status in developing related plans with interpretation of laws related to natural resource management and protection.",,2023-08-03T21:54:56+00:00
Performance Indicator,1.2.6.2.1.1,AFNR.m.NR.2.a.4,Identify hazards associated with the outdoor environment.,,2023-08-03T21:54:56+00:00
Performance Indicator,1.2.6.2.1.2,AFNR.m.NR.2.a.5,Recognize biohazards associated with natural resources.,,2023-08-03T21:54:56+00:00
Performance Indicator,1.2.6.2.1.3,AFNR.m.NR.2.a.6,"Demonstrate how to use maps to identify directions and features, calculate actual distance and determine the elevations of points.",,2023-08-03T21:54:56+00:00
Learning Priority,1.2.6.2.2,AFNR.m.NR.2.b,Apply ecological concepts and principles to natural resource systems.,,2023-08-03T21:54:56+00:00
Performance Indicator,1.2.6.2.2.1,AFNR.m.NR.2.b.4,Describe the value of resource inventories and population studies.,,2023-08-03T21:54:56+00:00
Performance Indicator,1.2.6.2.2.2,AFNR.m.NR.2.b.5,Identify laws associated with natural resource systems.,,2023-08-03T21:54:56+00:00
Performance Indicator,1.2.6.2.2.3,AFNR.m.NR.2.b.6,Define mitigation.,,2023-08-03T21:54:56+00:00
Learning Priority,1.2.6.2.3,AFNR.m.NR.2.c,Demonstrate natural resource enhancement techniques.,,2023-08-03T21:54:56+00:00
Performance Indicator,1.2.6.2.3.1,AFNR.m.NR.2.c.7,Categorize the different kinds of streams.,,2023-08-03T21:54:56+00:00
Performance Indicator,1.2.6.2.3.2,AFNR.m.NR.2.c.8,Generate characteristics of a healthy forest.,,2023-08-03T21:54:56+00:00
Performance Indicator,1.2.6.2.3.3,AFNR.m.NR.2.c.9,Identify characteristics of a healthy wildlife habitat.,,2023-08-03T21:54:56+00:00
Performance Indicator,1.2.6.2.3.4,AFNR.m.NR.2.c.10,Identify characteristics of a healthy rangeland.,,2023-08-03T21:54:56+00:00
Performance Indicator,1.2.6.2.3.5,AFNR.m.NR.2.c.11,Identify natural resource characteristics desirable for recreational purposes.,,2023-08-03T21:54:56+00:00
Performance Indicator,1.2.6.2.3.6,AFNR.m.NR.2.c.12,Identify characteristics of healthy marine and coastal natural resources.,,2023-08-03T21:54:56+00:00
Learning Priority,1.2.6.2.4,AFNR.m.NR.2.d,Apply ecological concepts and principles to natural resource systems.,,2023-08-03T21:54:56+00:00
Performance Indicator,1.2.6.2.4.1,AFNR.m.NR.2.d.8,Illustrate biogeochemical cycles.,,2023-08-03T21:54:56+00:00
Performance Indicator,1.2.6.2.4.2,AFNR.m.NR.2.d.9,Describe properties of watersheds and identify the boundaries of local watersheds.,,2023-08-03T21:54:56+00:00
Performance Indicator,1.2.6.2.4.3,AFNR.m.NR.2.d.10,Compare and contrast groundwater and surface-water flow.,,2023-08-03T21:54:56+00:00
Performance Indicator,1.2.6.2.4.4,AFNR.m.NR.2.d.11,Define riparian zones and riparian buffers and explain their functions.,,2023-08-03T21:54:56+00:00
Performance Indicator,1.2.6.2.4.5,AFNR.m.NR.2.d.12,Describe the processes associated with ecological succession.,,2023-08-03T21:54:56+00:00
Performance Indicator,1.2.6.2.4.6,AFNR.m.NR.2.d.13,"Explain population ecology, population density and population dispersion.",,2023-08-03T21:54:56+00:00
Performance Indicator,1.2.6.2.4.7,AFNR.m.NR.2.d.14,Define invasive species along with pollution descriptions and delineation between point and nonpoint source pollutions with descriptions of climatic factors that influence natural resources.,,2023-08-03T21:54:56+00:00
Standard,1.2.6.3,AFNR.m.NR.3,Students will apply knowledge of natural resources to production and processing industries.,,2023-08-03T21:54:56+00:00
Learning Priority,1.2.6.3.1,AFNR.m.NR.3.a,"Produce, harvest, process and use natural resource products.",,2023-08-03T21:54:56+00:00
Performance Indicator,1.2.6.3.1.1,AFNR.m.NR.3.a.8,List tree species and describe related uses and harvesting methods.,,2023-08-03T21:54:56+00:00
Performance Indicator,1.2.6.3.1.2,AFNR.m.NR.3.a.9,Identify wildlife and aquatic species that can be commercially and or sustainably harvested for commercial and recreational purposes.,,2023-08-03T21:54:56+00:00
Performance Indicator,1.2.6.3.1.3,AFNR.m.NR.3.a.10,Identify uses and products obtained from wildlife and aquatic species.,,2023-08-03T21:54:56+00:00
Performance Indicator,1.2.6.3.1.4,AFNR.m.NR.3.a.11,Describe the value of minerals and ores to the economy.,,2023-08-03T21:54:56+00:00
Performance Indicator,1.2.6.3.1.5,AFNR.m.NR.3.a.12,Describe the value of fossil fuels to the economy.,,2023-08-03T21:54:56+00:00
Performance Indicator,1.2.6.3.1.6,AFNR.m.NR.3.a.13,Describe the benefits of hydroelectric generation.,,2023-08-03T21:54:56+00:00
Performance Indicator,1.2.6.3.1.7,AFNR.m.NR.3.a.14,Identify recreational uses of natural resources.,,2023-08-03T21:54:56+00:00
Standard,1.2.6.4,AFNR.m.NR.4,Students will demonstrate techniques used to protect natural resources.,,2023-08-03T21:54:56+00:00
Learning Priority,1.2.6.4.1,AFNR.m.NR.4.a,Manage fires in natural resource systems.,,2023-08-03T21:54:56+00:00
Performance Indicator,1.2.6.4.1.1,AFNR.m.NR.4.a.2,Differentiate between desirable and undesirable fires and prepare a report on the role fire plays in a healthy ecosystem.,,2023-08-03T21:54:56+00:00
Learning Priority,1.2.6.4.2,AFNR.m.NR.4.b,Diagnose plant and wildlife diseases and follow protocol to prevent their spread while acquiring management protocol of insect infestations of natural resources.,,2023-08-03T21:54:56+00:00
Performance Indicator,1.2.6.4.2.1,AFNR.m.NR.4.b.4,Identify causes of diseases in plants.,,2023-08-03T21:54:56+00:00
Performance Indicator,1.2.6.4.2.2,AFNR.m.NR.4.b.5,Identify causes of diseases in wildlife.,,2023-08-03T21:54:56+00:00
Performance Indicator,1.2.6.4.2.3,AFNR.m.NR.4.b.6,Identify harmful and beneficial insects and signs of insect damage to natural resources.,,2023-08-03T21:54:56+00:00
Standard,1.2.6.5,AFNR.m.NR.5,Students will use effective methods and venues to communicate natural resource processes to the public.,,2023-08-03T21:54:56+00:00
Learning Priority,1.2.6.5.1,AFNR.m.NR.5.a,Communicate natural resource information to the public.,,2023-08-03T21:54:56+00:00
Performance Indicator,1.2.6.5.1.1,AFNR.m.NR.5.a.2,Identify ways in which a message regarding natural resources may be communicated to the public.,,2023-08-03T21:54:56+00:00
Content Area,1.2.7,AFNR.m.PS,Plant Systems,,2023-08-03T21:54:56+00:00
Standard,1.2.7.1,AFNR.m.PS.1,"Students will apply knowledge of plant classification, anatomy and physiology to the production and management of plants.",,2023-08-03T21:54:56+00:00
Learning Priority,1.2.7.1.1,AFNR.m.PS.1.a,Classify agricultural plants according to taxonomy systems.,,2023-08-03T21:54:56+00:00
Performance Indicator,1.2.7.1.1.1,AFNR.m.PS.1.a.4,Explain systems used to classify plants and compare and contrast the hierarchical agricultural plants.,,2023-08-03T21:54:56+00:00
Performance Indicator,1.2.7.1.1.2,AFNR.m.PS.1.a.5,Identify major groups of plants based on physiological characteristics.,,2023-08-03T21:54:56+00:00
Performance Indicator,1.2.7.1.1.3,AFNR.m.PS.1.a.6,Identify agriculturally important plants by common names.,,2023-08-03T21:54:56+00:00
Learning Priority,1.2.7.1.2,AFNR.m.PS.1.b,Apply knowledge of plant anatomy and the functions of plant structures to activities associated with plant systems.,,2023-08-03T21:54:56+00:00
Performance Indicator,1.2.7.1.2.1,AFNR.m.PS.1.b.3,Diagram a typical plant cell and identify plant cell organelles and their functions.,,2023-08-03T21:54:56+00:00
Performance Indicator,1.2.7.1.2.2,AFNR.m.PS.1.b.4,"Identify the components, the types and the functions of plant roots.",,2023-08-03T21:54:56+00:00
Performance Indicator,1.2.7.1.2.3,AFNR.m.PS.1.b.5,Identify the components and the functions of plant stems.,,2023-08-03T21:54:56+00:00
Performance Indicator,1.2.7.1.2.4,AFNR.m.PS.1.b.6,Discuss leaf morphology and the functions of leaves.,,2023-08-03T21:54:56+00:00
Performance Indicator,1.2.7.1.2.5,AFNR.m.PS.1.b.7,"Identify the components of a flower, the functions of a flower and the functions of flower components.",,2023-08-03T21:54:56+00:00
Performance Indicator,1.2.7.1.2.6,AFNR.m.PS.1.b.8,Explain the functions and components of seeds and fruit and describe ways they may be carried through the environment.,,2023-08-03T21:54:56+00:00
Learning Priority,1.2.7.1.3,AFNR.m.PS.1.c,Apply energy conversion to plant systems.,,2023-08-03T21:54:56+00:00
Performance Indicator,1.2.7.1.3.1,AFNR.m.PS.1.c.3,Explain the basic process of photosynthesis and its importance to life on Earth.,,2023-08-03T21:54:56+00:00
Performance Indicator,1.2.7.1.3.2,AFNR.m.PS.1.c.4,Explain requirements necessary for photosynthesis to occur and identify the products and byproducts of photosynthesis.,,2023-08-03T21:54:56+00:00
Learning Priority,1.2.7.1.4,AFNR.m.PS.1.d,Apply knowledge of plant physiology to plant systems.,,2023-08-03T21:54:56+00:00
Performance Indicator,1.2.7.1.4.1,AFNR.m.PS.1.d.3,Compare and contrast monocot and dicot seed and plant growth characteristics.,,2023-08-03T21:54:56+00:00
Performance Indicator,1.2.7.1.4.2,AFNR.m.PS.1.d.4,Identify different types of plant growth regulators and forms of tropism.,,2023-08-03T21:54:56+00:00
Standard,1.2.7.2,AFNR.m.PS.2,"Students will prepare and implement a plant management plan that addresses the influence of environmental factors, nutrients and soil on plant growth.",,2023-08-03T21:54:56+00:00
Learning Priority,1.2.7.2.1,AFNR.m.PS.2.a,Determine the influence of environmental factors on plant growth.,,2023-08-03T21:54:56+00:00
Performance Indicator,1.2.7.2.1.1,AFNR.m.PS.2.a.3,Describe the qualities of light that affect plant growth.,,2023-08-03T21:54:56+00:00
Performance Indicator,1.2.7.2.1.2,AFNR.m.PS.2.a.4,Describe the effects air; temperature and water have on plant metabolism and growth.,,2023-08-03T21:54:56+00:00
Performance Indicator,1.2.7.2.1.3,AFNR.m.PS.2.a.5,"Determine the optimal air, temperature and water conditions for plant growth.",,2023-08-03T21:54:56+00:00
Learning Priority,1.2.7.2.2,AFNR.m.PS.2.b,Prepare growing media for use in plant systems.,,2023-08-03T21:54:56+00:00
Performance Indicator,1.2.7.2.2.1,AFNR.m.PS.2.b.3,Identify the major components of growing media and describe how growing media support plant growth.,,2023-08-03T21:54:56+00:00
Performance Indicator,1.2.7.2.2.2,AFNR.m.PS.2.b.4,Compare and contrast different plant medias.,,2023-08-03T21:54:56+00:00
Learning Priority,1.2.7.2.3,AFNR.m.PS.2.c,"Develop and implement a fertilization plan for specific plants, field crops and/or greenhouse crops.",,2023-08-03T21:54:56+00:00
Performance Indicator,1.2.7.2.3.1,AFNR.m.PS.2.c.3,Identify the essential nutrients for plant growth and development and their major functions and monitor plants for signs of nutrient deficiencies.,,2023-08-03T21:54:56+00:00
Performance Indicator,1.2.7.2.3.2,AFNR.m.PS.2.c.4,Adjust the pH of growing media.,,2023-08-03T21:54:56+00:00
Performance Indicator,1.2.7.2.3.3,AFNR.m.PS.2.c.5,Collect soil and plant tissue samples for testing and interpret the test results.,,2023-08-03T21:54:56+00:00
Performance Indicator,1.2.7.2.3.4,AFNR.m.PS.2.c.6,"Identify fertilizer sources of essential plant nutrients, explain fertilizer formulations and describe different methods of fertilizer application.",,2023-08-03T21:54:56+00:00
Standard,1.2.7.3,AFNR.m.PS.3,"Students will propagate, culture and harvest plants.",,2023-08-03T21:54:56+00:00
Learning Priority,1.2.7.3.1,AFNR.m.PS.3.a,Demonstrate plant propagation techniques.,,2023-08-03T21:54:56+00:00
Performance Indicator,1.2.7.3.1.1,AFNR.m.PS.3.a.3,"Explain pollination, cross-pollination and self-pollination of flowering plants.",,2023-08-03T21:54:56+00:00
Performance Indicator,1.2.7.3.1.2,AFNR.m.PS.3.a.4,Diagram the process of plant fertilization.,,2023-08-03T21:54:56+00:00
Performance Indicator,1.2.7.3.1.3,AFNR.m.PS.3.a.5,Design and implement a plan to control the pollination of plants.,,2023-08-03T21:54:56+00:00
Performance Indicator,1.2.7.3.1.4,AFNR.m.PS.3.a.6,Handle seed to overcome seed dormancy mechanisms and to maintain seed viability and vigor.,,2023-08-03T21:54:56+00:00
Performance Indicator,1.2.7.3.1.5,AFNR.m.PS.3.a.7,"Describe optimal conditions for asexual propagation and demonstrate techniques used to propagate plants by cuttings, division, separation and layering.",,2023-08-03T21:54:56+00:00
Performance Indicator,1.2.7.3.1.6,AFNR.m.PS.3.a.8,Give examples of the risks and advantages associated with genetically modified plants.,,2023-08-03T21:54:56+00:00
Learning Priority,1.2.7.3.2,AFNR.m.PS.3.b,Develop and implement a plant management plan for crop production.,,2023-08-03T21:54:56+00:00
Performance Indicator,1.2.7.3.2.1,AFNR.m.PS.3.b.4,Explain the importance of starting with pest- and disease-free propagation material.,,2023-08-03T21:54:56+00:00
Performance Indicator,1.2.7.3.2.2,AFNR.m.PS.3.b.5,Explain the reasons for preparing growing media before planting.,,2023-08-03T21:54:56+00:00
Performance Indicator,1.2.7.3.2.3,AFNR.m.PS.3.b.6,Prepare soil for planting with the addition of amendments.,,2023-08-03T21:54:56+00:00
Performance Indicator,1.2.7.3.2.4,AFNR.m.PS.3.b.7,Apply pre-plant treatments required of seeds and plants and evaluate the results.,,2023-08-03T21:54:56+00:00
Performance Indicator,1.2.7.3.2.5,AFNR.m.PS.3.b.8,"Observe and record environmental conditions during the germination, growth and development of a crop.",,2023-08-03T21:54:56+00:00
Performance Indicator,1.2.7.3.2.6,AFNR.m.PS.3.b.9,Monitor the progress of plantings and determine the need to adjust environmental conditions.,,2023-08-03T21:54:56+00:00
Learning Priority,1.2.7.3.3,AFNR.m.PS.3.c,Develop and implement a plan for integrated pest management.,,2023-08-03T21:54:56+00:00
Performance Indicator,1.2.7.3.3.1,AFNR.m.PS.3.c.3,Identify types of plant pests and disorders.,,2023-08-03T21:54:56+00:00
Performance Indicator,1.2.7.3.3.2,AFNR.m.PS.3.c.4,"Identify major local weeds, insect pests and infectious and noninfectious plant diseases.",,2023-08-03T21:54:56+00:00
Performance Indicator,1.2.7.3.3.3,AFNR.m.PS.3.c.5,Design and implement a crop scouting program.,,2023-08-03T21:54:56+00:00
Performance Indicator,1.2.7.3.3.4,AFNR.m.PS.3.c.6,Describe damage caused by plant pests and diseases.,,2023-08-03T21:54:56+00:00
Performance Indicator,1.2.7.3.3.5,AFNR.m.PS.3.c.7,Diagram the life cycles of major plant pests and diseases.,,2023-08-03T21:54:56+00:00
Learning Priority,1.2.7.3.4,AFNR.m.PS.3.d,Apply principles and practices of sustainable agriculture to plant production.,,2023-08-03T21:54:56+00:00
Performance Indicator,1.2.7.3.4.1,AFNR.m.PS.3.d.1,Explain sustainable agriculture and objectives associated with the strategy.,,2023-08-03T21:54:56+00:00
Performance Indicator,1.2.7.3.4.2,AFNR.m.PS.3.d.2,Describe sustainable agriculture practices and compare the ecological effects of traditional agricultural practices with those of sustainable agriculture.,,2023-08-03T21:54:56+00:00
Learning Priority,1.2.7.3.5,AFNR.m.PS.3.e,"Harvest, handle and store crops.",,2023-08-03T21:54:56+00:00
Performance Indicator,1.2.7.3.5.1,AFNR.m.PS.3.e.3,Identify harvesting methods and harvesting equipment.,,2023-08-03T21:54:56+00:00
Performance Indicator,1.2.7.3.5.2,AFNR.m.PS.3.e.4,Identify storage methods for plants and plant products.,,2023-08-03T21:54:56+00:00
Performance Indicator,1.2.7.3.5.3,AFNR.m.PS.3.e.5,Assess the stage of growth to determine crop maturity or salability and demonstrate proper harvesting techniques.,,2023-08-03T21:54:56+00:00
Performance Indicator,1.2.7.3.5.4,AFNR.m.PS.3.e.6,Explain the reasons for preparing plants and plant products for distribution.,,2023-08-03T21:54:56+00:00
Performance Indicator,1.2.7.3.5.5,AFNR.m.PS.3.e.7,"Demonstrate techniques for grading, handling and packaging plants and plant products for distribution.",,2023-08-03T21:54:56+00:00
Standard,1.2.7.4,AFNR.m.PS.4,Students will employ elements of design to enhance an environment.,,2023-08-03T21:54:56+00:00
Learning Priority,1.2.7.4.1,AFNR.m.PS.4.a,Create designs using plants.,,2023-08-03T21:54:56+00:00
Performance Indicator,1.2.7.4.1.1,AFNR.m.PS.4.a.3,"Define, design and identify design elements.",,2023-08-03T21:54:56+00:00
Performance Indicator,1.2.7.4.1.2,AFNR.m.PS.4.a.4,Discuss the applications of art in agriculture/horticulture.,,2023-08-03T21:54:56+00:00
Standard,1.2.7.5,AFNR.m.PS.5,Students will recognize different systems in which plants grow.,,2023-08-03T21:54:56+00:00
Learning Priority,1.2.7.5.1,AFNR.m.PS.5.a,Investigate various means to grow plants.,,2023-08-03T21:54:56+00:00
Performance Indicator,1.2.7.5.1.1,AFNR.m.PS.5.a.2,Compare and contrast growing plants in soil versus growing plants in water.,,2023-08-03T21:54:56+00:00
Content Area,1.2.8,AFNR.m.PST,"Power, Structural and Technical Systems",,2023-08-03T21:54:56+00:00
Standard,1.2.8.1,AFNR.m.PST.1,"Students will demonstrate competence in the application of principles and techniques for the development and management of power, structural and technical systems.",,2023-08-03T21:54:56+00:00
Learning Priority,1.2.8.1.1,AFNR.m.PST.1.a,Select energy sources in power generation appropriate to the situation.,,2023-08-03T21:54:56+00:00
Performance Indicator,1.2.8.1.1.1,AFNR.m.PST.1.a.2,Examine environmental impacts and efficiencies of energy sources.,,2023-08-03T21:54:56+00:00
Learning Priority,1.2.8.1.2,AFNR.m.PST.1.b,"Apply physical science laws and principles to identify, classify and use lubricants.",,2023-08-03T21:54:56+00:00
Performance Indicator,1.2.8.1.2.1,AFNR.m.PST.1.b.2,Classify lubricants by SAE viscosity and API service classifications.,,2023-08-03T21:54:56+00:00
Learning Priority,1.2.8.1.3,AFNR.m.PST.1.c,"Identify and use hand and power tools and equipment for service, construction and fabrication.",,2023-08-03T21:54:56+00:00
Performance Indicator,1.2.8.1.3.1,AFNR.m.PST.1.c.2,"Select, maintain and use hand and power tools in service, construction and fabrication.",,2023-08-03T21:54:56+00:00
Learning Priority,1.2.8.1.4,AFNR.m.PST.1.d,Perform service routines to maintain power units and equipment.,,2023-08-03T21:54:56+00:00
Performance Indicator,1.2.8.1.4.1,AFNR.m.PST.1.d.4,Identify a maintenance schedule for power equipment.,,2023-08-03T21:54:56+00:00
Performance Indicator,1.2.8.1.4.2,AFNR.m.PST.1.d.5,Service filtration systems and maintain fluid levels on power units and equipment.,,2023-08-03T21:54:56+00:00
Performance Indicator,1.2.8.1.4.3,AFNR.m.PST.1.d.6,Develop a preventive maintenance schedule for power units and equipment.,,2023-08-03T21:54:56+00:00
Performance Indicator,1.2.8.1.4.4,AFNR.m.PST.1.d.7,"Identify power unit and equipment controls and instruments, along with their functions.",,2023-08-03T21:54:56+00:00
Performance Indicator,1.2.8.1.4.5,AFNR.m.PST.1.d.8,"Locate safety warnings, dangers and caution areas on equipment and in the operation manuals.",,2023-08-03T21:54:56+00:00
Learning Priority,1.2.8.1.5,AFNR.m.PST.1.e,Identify the principles of operation and the systems of small engines.,,2023-08-03T21:54:56+00:00
Performance Indicator,1.2.8.1.5.1,AFNR.m.PST.1.e.2,Observe safety precautions when working around small engines.,,2023-08-03T21:54:56+00:00
Performance Indicator,1.2.8.1.5.2,AFNR.m.PST.1.e.3,Distinguish between two and four stroke engines.,,2023-08-03T21:54:56+00:00
Performance Indicator,1.2.8.1.5.3,AFNR.m.PST.1.e.4,Identify the mechanical systems found in small engines.,,2023-08-03T21:54:56+00:00
Learning Priority,1.2.8.1.6,AFNR.m.PST.1.f,Troubleshoot and repair internal combustion engines.,,2023-08-03T21:54:56+00:00
Performance Indicator,1.2.8.1.6.1,AFNR.m.PST.1.f.4,Use technical manuals and computer-based diagnostics in engine analysis and repair.,,2023-08-03T21:54:56+00:00
Performance Indicator,1.2.8.1.6.2,AFNR.m.PST.1.f.5,Identify tools used to repair internal combustion engines.,,2023-08-03T21:54:56+00:00
Learning Priority,1.2.8.1.7,AFNR.m.PST.1.g,Use manufacturers’ guidelines to service and repair the power transmission systems of equipment.,,2023-08-03T21:54:56+00:00
Performance Indicator,1.2.8.1.7.1,AFNR.m.PST.1.g.2,Apply and use mechanical advantages of simple machines.,,2023-08-03T21:54:56+00:00
Performance Indicator,1.2.8.1.7.2,AFNR.m.PST.1.g.3,"Identify power transfer principles, including those using friction, gears and fluids.",,2023-08-03T21:54:56+00:00
Learning Priority,1.2.8.1.8,AFNR.m.PST.1.h,Service and repair hydraulic and pneumatic systems.,,2023-08-03T21:54:56+00:00
Performance Indicator,1.2.8.1.8.1,AFNR.m.PST.1.h.2,Describe principles of hydraulic and pneumatic system operation.,,2023-08-03T21:54:56+00:00
Performance Indicator,1.2.8.1.8.2,AFNR.m.PST.1.h.3,Identify major components of hydraulic and pneumatic systems and describe their use.,,2023-08-03T21:54:56+00:00
Performance Indicator,1.2.8.1.8.3,AFNR.m.PST.1.h.4,Identify hydraulic and pneumatic system fittings and ports.,,2023-08-03T21:54:56+00:00
Learning Priority,1.2.8.1.9,AFNR.m.PST.1.i,Troubleshoot and service electrical systems.,,2023-08-03T21:54:56+00:00
Performance Indicator,1.2.8.1.9.1,AFNR.m.PST.1.i.2,"Apply the meaning and measurement of electricity, including amperage, voltage and wattage.",,2023-08-03T21:54:56+00:00
Learning Priority,1.2.8.1.10,AFNR.m.PST.1.j,Create sketches and plans of agricultural structures.,,2023-08-03T21:54:56+00:00
Performance Indicator,1.2.8.1.10.1,AFNR.m.PST.1.j.2,Develop plans and sketches using drafting equipment and computer programs.,,2023-08-03T21:54:56+00:00
Performance Indicator,1.2.8.1.10.2,AFNR.m.PST.1.j.3,Use scale measurement and dimension to develop plans and sketches.,,2023-08-03T21:54:56+00:00
Learning Priority,1.2.8.1.11,AFNR.m.PST.1.k,"Apply structural plans, specifications and building codes.",,2023-08-03T21:54:56+00:00
Performance Indicator,1.2.8.1.11.1,AFNR.m.PST.1.k.2,Identify and interpret different views of a construction drawing.,,2023-08-03T21:54:56+00:00
Learning Priority,1.2.8.1.12,AFNR.m.PST.1.l,Examine structural requirements for materials and procedures and estimate construction cost.,,2023-08-03T21:54:56+00:00
Performance Indicator,1.2.8.1.12.1,AFNR.m.PST.1.l.2,"Select types of materials, determine quantities and estimate their costs and other costs associated with a specified project plan.",,2023-08-03T21:54:56+00:00
Learning Priority,1.2.8.1.13,AFNR.m.PST.1.m,"Follow architectural and mechanical plans to construct and/or repair equipment, buildings and facilities.",,2023-08-03T21:54:56+00:00
Performance Indicator,1.2.8.1.13.1,AFNR.m.PST.1.m.4,Install and/or repair pipes and plumbing equipment and fixtures.,,2023-08-03T21:54:56+00:00
Performance Indicator,1.2.8.1.13.2,AFNR.m.PST.1.m.5,Distinguish electrical circuits and components of each.,,2023-08-03T21:54:56+00:00
Performance Indicator,1.2.8.1.13.3,AFNR.m.PST.1.m.6,Measure and calculate fencing materials.,,2023-08-03T21:54:56+00:00
Performance Indicator,1.2.8.1.13.4,AFNR.m.PST.1.m.7,Identify insulation materials and methods to achieve desired R-value.,,2023-08-03T21:54:56+00:00
Performance Indicator,1.2.8.1.13.5,AFNR.m.PST.1.m.8,Calculate volume for concrete projects.,,2023-08-03T21:54:56+00:00
Learning Priority,1.2.8.1.14,AFNR.m.PST.1.n,"Use arc, MIG/TIG welders, equipment and materials needed to weld.",,2023-08-03T21:54:56+00:00
Performance Indicator,1.2.8.1.14.1,AFNR.m.PST.1.n.5,Distinguish types of electric welding machines.,,2023-08-03T21:54:56+00:00
Performance Indicator,1.2.8.1.14.2,AFNR.m.PST.1.n.6,"Recognize, color and numerical code marking on electrodes.",,2023-08-03T21:54:56+00:00
Performance Indicator,1.2.8.1.14.3,AFNR.m.PST.1.n.7,Identify safety equipment and protective clothing for welding.,,2023-08-03T21:54:56+00:00
Performance Indicator,1.2.8.1.14.4,AFNR.m.PST.1.n.8,Describe types of welding operations.,,2023-08-03T21:54:56+00:00
Learning Priority,1.2.8.1.15,AFNR.m.PST.1.o,Use gas welding equipment and materials to weld.,,2023-08-03T21:54:56+00:00
Performance Indicator,1.2.8.1.15.1,AFNR.m.PST.1.o.2,Identify the parts of gas welding equipment and it safe use.,,2023-08-03T21:54:56+00:00
Performance Indicator,1.2.8.1.15.2,AFNR.m.PST.1.o.3,Point out parts of a gas welding system.,,2023-08-03T21:54:56+00:00
Performance Indicator,1.2.8.1.15.3,AFNR.m.PST.1.o.4,Explain the uses of brazing and gas welding.,,2023-08-03T21:54:56+00:00
Performance Indicator,1.2.8.1.15.4,AFNR.m.PST.1.o.5,Identify the parts of a oxyfuel cutting system.,,2023-08-03T21:54:56+00:00
Learning Priority,1.2.8.1.16,AFNR.m.PST.1.p,Apply the use of welding to agricultural related industries.,,2023-08-03T21:54:56+00:00
Performance Indicator,1.2.8.1.16.1,AFNR.m.PST.1.p.2,"Distinguish welding processes, positions and materials preparation.",,2023-08-03T21:54:56+00:00
Learning Priority,1.2.8.1.17,AFNR.m.PST.1.q,Apply electrical wiring principles in agricultural applications.,,2023-08-03T21:54:56+00:00
Performance Indicator,1.2.8.1.17.1,AFNR.m.PST.1.q.4,"Interpret maintenance schedules for electrical control systems (Thermostat, light sensors etc.).",,2023-08-03T21:54:56+00:00
Performance Indicator,1.2.8.1.17.2,AFNR.m.PST.1.q.5,Identify hazards and safety related to the materials and tools used in electrical control circuit installation.,,2023-08-03T21:54:56+00:00
Learning Priority,1.2.8.1.18,AFNR.m.PST.1.r,Apply technology principles in the use of agricultural technical systems.,,2023-08-03T21:54:56+00:00
Performance Indicator,1.2.8.1.18.1,AFNR.m.PST.1.r.2,Use common computer-based programs to analyze agricultural data.,,2023-08-03T21:54:56+00:00
Learning Priority,1.2.8.1.19,AFNR.m.PST.1.s,Use geospatial technologies in agricultural applications.,,2023-08-03T21:54:56+00:00
Performance Indicator,1.2.8.1.19.1,AFNR.m.PST.1.s.2,Explain and evaluate concepts and principles of geospatial technologies.,,2023-08-03T21:54:56+00:00
Performance Indicator,1.2.8.1.19.2,AFNR.m.PST.1.s.3,Describe equipment and processes used in geospatial technologies.,,2023-08-03T21:54:56+00:00
Performance Indicator,1.2.8.1.19.3,AFNR.m.PST.1.s.4,"Identify uses, components and setup of precision technology in agriculture, food and natural resources.",,2023-08-03T21:54:56+00:00
Performance Indicator,1.2.8.1.19.4,AFNR.m.PST.1.s.5,"Describe the meaning and use of sensors, controllers and actuators.",,2023-08-03T21:54:56+00:00
Grade Level,1.3,AFNR.h,Grades 9-12,9-12,2023-08-07T21:50:51+00:00
Content Area,1.3.1,AFNR.h.ABS,Agriculture Business Standards,,2023-08-04T18:10:20+00:00
Standard,1.3.1.1,AFNR.h.ABS.1,Students will use economic principles to establish and manage an AFNR enterprise.,,2023-08-04T18:10:20+00:00
Learning Priority,1.3.1.1.1,AFNR.h.ABS.1.a,Apply principles of capitalism in the business environment.,,2023-08-04T18:10:20+00:00
Performance Indicator,1.3.1.1.1.1,AFNR.h.ABS.1.a.3,Differentiate types of ownership and outline the structure of AFNR businesses in a capitalistic economic system.,,2023-08-04T18:10:20+00:00
Performance Indicator,1.3.1.1.1.2,AFNR.h.ABS.1.a.4,Execute supply-and-demand principles in AFNR businesses.,,2023-08-04T18:10:20+00:00
Learning Priority,1.3.1.1.2,AFNR.h.ABS.1.b,Apply principles of entrepreneurship in businesses.,,2023-08-04T18:10:20+00:00
Performance Indicator,1.3.1.1.2.1,AFNR.h.ABS.1.b.3,"Demonstrate entrepreneurship, including idea generation, opportunity analysis and risk assessment.",,2023-08-04T18:10:20+00:00
Standard,1.3.1.2,AFNR.h.ABS.2,Students will use appropriate management planning principles in AFNR business enterprise.,,2023-08-04T18:10:20+00:00
Learning Priority,1.3.1.2.1,AFNR.h.ABS.2.a,Compose and analyze a business plan for an enterprise.,,2023-08-04T18:10:20+00:00
Performance Indicator,1.3.1.2.1.1,AFNR.h.ABS.2.a.5,Identify components of business plans and demonstrate how to write such components using the SMART format.,,2023-08-04T18:10:20+00:00
Performance Indicator,1.3.1.2.1.2,AFNR.h.ABS.2.a.6,Prepare and critique AFNR business plans.,,2023-08-04T18:10:20+00:00
Performance Indicator,1.3.1.2.1.3,AFNR.h.ABS.2.a.7,Observe appropriate laws and regulations in planning and operating AFNR businesses.,,2023-08-04T18:10:20+00:00
Performance Indicator,1.3.1.2.1.4,AFNR.h.ABS.2.a.8,"Use methods of AFNR business enterprise analysis, such as SWOT (strengths, weaknesses, opportunities and threats).",,2023-08-04T18:10:20+00:00
Learning Priority,1.3.1.2.2,AFNR.h.ABS.2.b,"Read, interpret, evaluate and write a mission statement to guide business goals, objectives and resource allocation.",,2023-08-04T18:10:20+00:00
Performance Indicator,1.3.1.2.2.1,AFNR.h.ABS.2.b.5,Identify approaches in creating mission statements for AFNR businesses.,,2023-08-04T18:10:20+00:00
Performance Indicator,1.3.1.2.2.2,AFNR.h.ABS.2.b.6,Create and disseminate a mission statement for business activities in AFNR.,,2023-08-04T18:10:20+00:00
Performance Indicator,1.3.1.2.2.3,AFNR.h.ABS.2.b.7,"Prepare short-term, intermediate and long-term goals and objectives that are consistent with the mission statement for an AFNR business.",,2023-08-04T18:10:20+00:00
Performance Indicator,1.3.1.2.2.4,AFNR.h.ABS.2.b.8,Evaluate AFNR business goals and objectives and make revisions based on observations.,,2023-08-04T18:10:20+00:00
Learning Priority,1.3.1.2.3,AFNR.h.ABS.2.c,Apply appropriate management skills to organize a business.,,2023-08-04T18:10:20+00:00
Performance Indicator,1.3.1.2.3.1,AFNR.h.ABS.2.c.4,Identify management types in AFNR businesses.,,2023-08-04T18:10:20+00:00
Performance Indicator,1.3.1.2.3.2,AFNR.h.ABS.2.c.5,Implement management approaches to assure efficiency and profitability.,,2023-08-04T18:10:20+00:00
Performance Indicator,1.3.1.2.3.3,AFNR.h.ABS.2.c.6,"Prepare and deliver AFNR business presentations that include customers served, sources of inputs and how a business produces goods and services.",,2023-08-04T18:10:20+00:00
Performance Indicator,1.3.1.2.3.4,AFNR.h.ABS.2.c.7,Create an organizational chart for an AFNR business.,,2023-08-04T18:10:20+00:00
Learning Priority,1.3.1.2.4,AFNR.h.ABS.2.d,"Recruit, train and retain appropriate and productive human resources for businesses.",,2023-08-04T18:10:20+00:00
Performance Indicator,1.3.1.2.4.1,AFNR.h.ABS.2.d.9,Determine appropriate human resources for AFNR businesses.,,2023-08-04T18:10:20+00:00
Performance Indicator,1.3.1.2.4.2,AFNR.h.ABS.2.d.10,Write job descriptions for specific positions in an AFNR business.,,2023-08-04T18:10:20+00:00
Performance Indicator,1.3.1.2.4.3,AFNR.h.ABS.2.d.11,Design a career development and training plan for employees of an AFNR business.,,2023-08-04T18:10:20+00:00
Performance Indicator,1.3.1.2.4.4,AFNR.h.ABS.2.d.12,Create a recruitment and evaluation program for employees in an AFNR business.,,2023-08-04T18:10:20+00:00
Performance Indicator,1.3.1.2.4.5,AFNR.h.ABS.2.d.13,Establish and maintain appropriate records and reports on human resources.,,2023-08-04T18:10:20+00:00
Performance Indicator,1.3.1.2.4.6,AFNR.h.ABS.2.d.14,"Determine and follow appropriate regulations in recruiting, hiring and promoting personnel.",,2023-08-04T18:10:20+00:00
Performance Indicator,1.3.1.2.4.7,AFNR.h.ABS.2.d.15,Design a legally compliant and competitive compensation plan for AFNR business employees.,,2023-08-04T18:10:20+00:00
Performance Indicator,1.3.1.2.4.8,AFNR.h.ABS.2.d.16,"Devise a compensation plan to equitably compensate, motivate and recognize productivity of human resources.",,2023-08-04T18:10:20+00:00
Standard,1.3.1.3,AFNR.h.ABS.3,Students will use record keeping to accomplish AFNR business objectives while complying with laws and regulations.,,2023-08-04T18:10:20+00:00
Learning Priority,1.3.1.3.1,AFNR.h.ABS.3.a,Prepare and maintain all files needed to accomplish effective record keeping.,,2023-08-04T18:10:20+00:00
Performance Indicator,1.3.1.3.1.1,AFNR.h.ABS.3.a.3,Analyze records to improve efficiency and profitability of an AFNR business.,,2023-08-04T18:10:20+00:00
Performance Indicator,1.3.1.3.1.2,AFNR.h.ABS.3.a.4,Apply management information systems in AFNR business financial analysis.,,2023-08-04T18:10:20+00:00
Learning Priority,1.3.1.3.2,AFNR.h.ABS.3.b,Implement appropriate inventory management practices.,,2023-08-04T18:10:20+00:00
Performance Indicator,1.3.1.3.2.1,AFNR.h.ABS.3.b.3,"Use computer technology in inventory management and reporting, including spreadsheets, databases, word processing, networked systems and the Internet.",,2023-08-04T18:10:20+00:00
Performance Indicator,1.3.1.3.2.2,AFNR.h.ABS.3.b.4,Apply logistics management strategies.,,2023-08-04T18:10:20+00:00
Standard,1.3.1.4,AFNR.h.ABS.4,"Students will apply generally accepted accounting principles and skills to manage cash budgets, credit budgets and credit for AFNR businesses.",,2023-08-04T18:10:20+00:00
Learning Priority,1.3.1.4.1,AFNR.h.ABS.4.a,Use accounting fundamentals to accomplish dependable bookkeeping and fiscal management.,,2023-08-04T18:10:20+00:00
Performance Indicator,1.3.1.4.1.1,AFNR.h.ABS.4.a.5,"Manage assets, including credit, for agribusiness goal achievement.",,2023-08-04T18:10:20+00:00
Performance Indicator,1.3.1.4.1.2,AFNR.h.ABS.4.a.6,Manage resources to minimize liabilities and maximize profit.,,2023-08-04T18:10:20+00:00
Performance Indicator,1.3.1.4.1.3,AFNR.h.ABS.4.a.7,Use accounting information to estimate the cost of goods sold and margins on the goods.,,2023-08-04T18:10:20+00:00
Performance Indicator,1.3.1.4.1.4,AFNR.h.ABS.4.a.8,"Evaluate characteristics of lines of credit, loan terms and alternatives in sources of capital.",,2023-08-04T18:10:20+00:00
Performance Indicator,1.3.1.4.1.5,AFNR.h.ABS.4.a.9,"Analyze reporting requirements for income, property and employment taxes associated with small AFNR businesses.",,2023-08-04T18:10:20+00:00
Performance Indicator,1.3.1.4.1.6,AFNR.h.ABS.4.a.10,Use accountants in AFNR business management.,,2023-08-04T18:10:20+00:00
Standard,1.3.1.5,AFNR.h.ABS.5,Students will access accomplishment of goals and objectives by an AFNR business.,,2023-08-04T18:10:20+00:00
Learning Priority,1.3.1.5.1,AFNR.h.ABS.5.a,"Maintain and interpret financial information (i.e., income statements, balance sheets, inventory, purchase orders, accounts receivable and cash-flow analyses) for businesses.",,2023-08-04T18:10:20+00:00
Performance Indicator,1.3.1.5.1.1,AFNR.h.ABS.5.a.7,"Maintain accounting information needed to prepare an income statement, balance sheet and cash-flow analysis for an AFNR business.",,2023-08-04T18:10:20+00:00
Performance Indicator,1.3.1.5.1.2,AFNR.h.ABS.5.a.8,"Interpret financial information for an AFNR business to determine profitability, net worth position, financial ratios, performance measures and ability to meet cash-flow requirements.",,2023-08-04T18:10:20+00:00
Performance Indicator,1.3.1.5.1.3,AFNR.h.ABS.5.a.9,"Maintain accounting information needed to prepare an income statement, balance sheet and cash-flow analysis for an AFNR business.",,2023-08-04T18:10:20+00:00
Performance Indicator,1.3.1.5.1.4,AFNR.h.ABS.5.a.10,"Interpret financial information for an AFNR business to determine profitability, net worth position, financial ratios, performance measures and ability to meet cash-flow requirements.",,2023-08-04T18:10:20+00:00
Performance Indicator,1.3.1.5.1.5,AFNR.h.ABS.5.a.11,Interpret business performance data.,,2023-08-04T18:10:20+00:00
Performance Indicator,1.3.1.5.1.6,AFNR.h.ABS.5.a.12,Conduct a breakeven analysis for an AFNR business.,,2023-08-04T18:10:20+00:00
Performance Indicator,1.3.1.5.1.7,AFNR.h.ABS.5.a.13,Summarize financial data for use in preparing various business financial statements.,,2023-08-04T18:10:20+00:00
Performance Indicator,1.3.1.5.1.8,AFNR.h.ABS.5.a.14,"Interpret and evaluate financial statements, including income statements, balance sheets and cash-flow analyses.",,2023-08-04T18:10:20+00:00
Standard,1.3.1.6,AFNR.h.ABS.6,Students will use industry-accepted marketing principles to accomplish AFNR business objectives.,,2023-08-04T18:10:20+00:00
Learning Priority,1.3.1.6.1,AFNR.h.ABS.6.a,Conduct appropriate market and marketing research.,,2023-08-04T18:10:20+00:00
Performance Indicator,1.3.1.6.1.1,AFNR.h.ABS.6.a.5,Apply benefit/cost analysis to marketing in AFNR businesses.,,2023-08-04T18:10:20+00:00
Performance Indicator,1.3.1.6.1.2,AFNR.h.ABS.6.a.6,"Implement and evaluate marketing strategies with agricultural commodities, products and services.",,2023-08-04T18:10:20+00:00
Performance Indicator,1.3.1.6.1.3,AFNR.h.ABS.6.a.7,Assess the presence of marketing infrastructure for agricultural commodities.,,2023-08-04T18:10:20+00:00
Performance Indicator,1.3.1.6.1.4,AFNR.h.ABS.6.a.8,Appropriate modifications to achieve AFNR business goals.,,2023-08-04T18:10:20+00:00
Performance Indicator,1.3.1.6.1.5,AFNR.h.ABS.6.a.9,"Evaluate alternative marketing strategies, such as value-adding, branding and niche marketing and propose and implement",,2023-08-04T18:10:20+00:00
Learning Priority,1.3.1.6.2,AFNR.h.ABS.6.b,Develop a marketing plan.,,2023-08-04T18:10:20+00:00
Performance Indicator,1.3.1.6.2.1,AFNR.h.ABS.6.b.3,"Perform a marketing analysis, including evaluation of the competitors, customers, international and domestic policy environment, regulations and rules, standards and AFNR business resources.",,2023-08-04T18:10:20+00:00
Performance Indicator,1.3.1.6.2.2,AFNR.h.ABS.6.b.4,"Establish marketing plan goals/objectives, including monitoring, measuring and analyzing goal achievement.",,2023-08-04T18:10:20+00:00
Learning Priority,1.3.1.6.3,AFNR.h.ABS.6.c,Develop strategies for marketing plan implementation.,,2023-08-04T18:10:20+00:00
Performance Indicator,1.3.1.6.3.1,AFNR.h.ABS.6.c.3,Determine marketing strategies that are most likely to be effective in an AFNR business.,,2023-08-04T18:10:20+00:00
Performance Indicator,1.3.1.6.3.2,AFNR.h.ABS.6.c.4,Revise marketing strategies based on monitoring and measurement information for target customer base.,,2023-08-04T18:10:20+00:00
Learning Priority,1.3.1.6.4,AFNR.h.ABS.6.d,Develop specific tactics to market AFNR products and services.,,2023-08-04T18:10:20+00:00
Performance Indicator,1.3.1.6.4.1,AFNR.h.ABS.6.d.3,Use strategies to follow up sales to provide post-sales service.,,2023-08-04T18:10:20+00:00
Performance Indicator,1.3.1.6.4.2,AFNR.h.ABS.6.d.4,"Intercept, interpret and process customer complaints, needs and problems with products and services.",,2023-08-04T18:10:20+00:00
Standard,1.3.1.7,AFNR.h.ABS.7,Students will create a production system plan.,,2023-08-04T18:10:20+00:00
Learning Priority,1.3.1.7.1,AFNR.h.ABS.7.a,Prepare a step-by-step production plan that identifies needed resources.,,2023-08-04T18:10:20+00:00
Performance Indicator,1.3.1.7.1.1,AFNR.h.ABS.7.a.3,Identify and assess alternative production systems and ways products can be produced.,,2023-08-04T18:10:20+00:00
Performance Indicator,1.3.1.7.1.2,AFNR.h.ABS.7.a.4,Adapt production processes based on changing product characteristics.,,2023-08-04T18:10:20+00:00
Learning Priority,1.3.1.7.2,AFNR.h.ABS.7.b,Develop a production and operational plan.,,2023-08-04T18:10:20+00:00
Performance Indicator,1.3.1.7.2.1,AFNR.h.ABS.7.b.4,Evaluate the components of a production and operational plan and then revise an existing plan.,,2023-08-04T18:10:20+00:00
Performance Indicator,1.3.1.7.2.2,AFNR.h.ABS.7.b.5,Develop and implement a product supply and distribution plan that meets the goals and objectives of an AFNR business.,,2023-08-04T18:10:20+00:00
Performance Indicator,1.3.1.7.2.3,AFNR.h.ABS.7.b.6,Examine legal and industry requirements for a production facility.,,2023-08-04T18:10:20+00:00
Performance Indicator,1.3.1.7.2.4,AFNR.h.ABS.7.b.7,"Develop a production facility plan that includes building, equipment, personnel, utilities and logistics components.",,2023-08-04T18:10:20+00:00
Learning Priority,1.3.1.7.3,AFNR.h.ABS.7.c,"Use appropriate techniques to determine the most likely strengths, weaknesses and inconsistencies in a business plan and relate these to risk management strategies.",,2023-08-04T18:10:20+00:00
Performance Indicator,1.3.1.7.3.1,AFNR.h.ABS.7.c.2,Describe approaches to use in revising a business plan for improved consistency and realism.,,2023-08-04T18:10:20+00:00
Performance Indicator,1.3.1.7.3.2,AFNR.h.ABS.7.c.3,Revise business plans as needed to assure internal consistency.,,2023-08-04T18:10:20+00:00
Learning Priority,1.3.1.7.4,AFNR.h.ABS.7.d,Manage risk and uncertainty.,,2023-08-04T18:10:20+00:00
Performance Indicator,1.3.1.7.4.1,AFNR.h.ABS.7.d.3,"Describe alternative approaches to reducing risk, including the use of insurance for product liability, property, production or income loss and for personnel life and health.",,2023-08-04T18:10:20+00:00
Performance Indicator,1.3.1.7.4.2,AFNR.h.ABS.7.d.4,Prepare a comprehensive risk management and contingency plan for an AFNR business.,,2023-08-04T18:10:20+00:00
Content Area,1.3.2,AFNR.h.AS,Animal Science,,2023-08-04T18:10:20+00:00
Standard,1.3.2.1,AFNR.h.AS.1,"Students will examine the components, historical development, global implications and future trends of the animal systems industry.",,2023-08-04T18:10:20+00:00
Learning Priority,1.3.2.1.1,AFNR.h.AS.1.a,"Evaluate the development and implications of animal origin, domestication and distribution.",,2023-08-04T18:10:20+00:00
Performance Indicator,1.3.2.1.1.1,AFNR.h.AS.1.a.5,Evaluate and describe characteristics of animals that developed in response to the animals’ environment and led to their domestication.,,2023-08-04T18:10:20+00:00
Performance Indicator,1.3.2.1.1.2,AFNR.h.AS.1.a.6,"Outline the development of the animal industry and the resulting products, services and careers.",,2023-08-04T18:10:20+00:00
Performance Indicator,1.3.2.1.1.3,AFNR.h.AS.1.a.7,Predict adaptations of animals to production practices and environments.,,2023-08-04T18:10:20+00:00
Performance Indicator,1.3.2.1.1.4,AFNR.h.AS.1.a.8,Predict trends and implications of future development of the animal systems industry.,,2023-08-04T18:10:20+00:00
Standard,1.3.2.2,AFNR.h.AS.2,"Students will classify, evaluate, select and manage animals based on anatomical and physiological characteristics.",,2023-08-04T18:10:20+00:00
Learning Priority,1.3.2.2.1,AFNR.h.AS.2.a,Classify animals according to hierarchical taxonomy and agricultural use.,,2023-08-04T18:10:20+00:00
Performance Indicator,1.3.2.2.1.1,AFNR.h.AS.2.a.4,Explain how animals are classified using Linnaeus’s taxonomical classification system.,,2023-08-04T18:10:20+00:00
Performance Indicator,1.3.2.2.1.2,AFNR.h.AS.2.a.5,Compare and contrast the hierarchical classification of the major agricultural animal species.,,2023-08-04T18:10:20+00:00
Performance Indicator,1.3.2.2.1.3,AFNR.h.AS.2.a.6,Classify animals according to the taxonomical classification system.,,2023-08-04T18:10:20+00:00
Performance Indicator,1.3.2.2.1.4,AFNR.h.AS.2.a.7,Appraise and evaluate the economic value of animals for various applications in the agriculture industry.,,2023-08-04T18:10:20+00:00
Learning Priority,1.3.2.2.2,AFNR.h.AS.2.b,Apply principles of comparative anatomy and physiology to uses within various animal systems.,,2023-08-04T18:10:20+00:00
Performance Indicator,1.3.2.2.2.1,AFNR.h.AS.2.b.6,"Compare and contrast animal cells, tissues organs and body systems and describe their functions.",,2023-08-04T18:10:20+00:00
Performance Indicator,1.3.2.2.2.2,AFNR.h.AS.2.b.7,"Detail the processes and application of meiosis and mitosis in animal growth, development, health and reproduction.",,2023-08-04T18:10:20+00:00
Performance Indicator,1.3.2.2.2.3,AFNR.h.AS.2.b.8,"Explain the relationship, importance and uses of animal tissues to growth, performance and health in the agriculture industry.",,2023-08-04T18:10:20+00:00
Performance Indicator,1.3.2.2.2.4,AFNR.h.AS.2.b.9,"Compare and contrast organ types, functions and body systems adaptations among and between animal species.",,2023-08-04T18:10:20+00:00
Performance Indicator,1.3.2.2.2.5,AFNR.h.AS.2.b.10,Explain how the components and systems of animal anatomy and physiology relate to the production and use of animals.,,2023-08-04T18:10:20+00:00
Performance Indicator,1.3.2.2.2.6,AFNR.h.AS.2.b.11,"Describe the molecular makeup of animal cells and organs and their importance in animal growth, health, production, reproduction and management.",,2023-08-04T18:10:20+00:00
Performance Indicator,1.3.2.2.2.7,AFNR.h.AS.2.b.12,"Explain the impact of animal body systems on health, growth and reproduction.",,2023-08-04T18:10:20+00:00
Learning Priority,1.3.2.2.3,AFNR.h.AS.2.c,Select animals for specific purposes and maximum performance based on anatomy and physiology.,,2023-08-04T18:10:20+00:00
Performance Indicator,1.3.2.2.3.1,AFNR.h.AS.2.c.4,Compare and contrast desirable anatomical and physiological characteristics of animals within and between species.,,2023-08-04T18:10:20+00:00
Performance Indicator,1.3.2.2.3.2,AFNR.h.AS.2.c.5,Assess an animal to determine if it has reached its optimal performance level based on anatomical and physiological characteristics.,,2023-08-04T18:10:20+00:00
Performance Indicator,1.3.2.2.3.3,AFNR.h.AS.2.c.6,"Evaluate and select animals to maximize performance based on anatomical and physiological characteristics that affect health, growth and reproduction.",,2023-08-04T18:10:20+00:00
Performance Indicator,1.3.2.2.3.4,AFNR.h.AS.2.c.7,"Develop efficient procedures to produce consistently high quality animals, well suited for their intended purposes.",,2023-08-04T18:10:20+00:00
Standard,1.3.2.3,AFNR.h.AS.3,Students will provide for the proper health care of animals.,,2023-08-04T18:10:20+00:00
Learning Priority,1.3.2.3.1,AFNR.h.AS.3.a,"Prescribe and implement a prevention treatment program for animal diseases, parasites and other disorders.",,2023-08-04T18:10:20+00:00
Performance Indicator,1.3.2.3.1.1,AFNR.h.AS.3.a.8,Perform simple health-check evaluations on animals.,,2023-08-04T18:10:20+00:00
Performance Indicator,1.3.2.3.1.2,AFNR.h.AS.3.a.9,Perform diagnostic tests to detect health problems in animals.,,2023-08-04T18:10:20+00:00
Performance Indicator,1.3.2.3.1.3,AFNR.h.AS.3.a.10,"Diagnose illnesses and disorders of animals based on symptoms and problems caused by diseases, parasites and physiological disorders.",,2023-08-04T18:10:20+00:00
Performance Indicator,1.3.2.3.1.4,AFNR.h.AS.3.a.11,"Treat common diseases, parasites and physiological disorders of animals.",,2023-08-04T18:10:20+00:00
Performance Indicator,1.3.2.3.1.5,AFNR.h.AS.3.a.12,"Evaluate preventive measures for controlling and limiting the spread of diseases, parasites and disorders among animals.",,2023-08-04T18:10:20+00:00
Performance Indicator,1.3.2.3.1.6,AFNR.h.AS.3.a.13,Design and implement a health maintenance and disease and disorder prevention plan for animals in their natural and/or confined environments.,,2023-08-04T18:10:20+00:00
Performance Indicator,1.3.2.3.1.7,AFNR.h.AS.3.a.14,"Prepare animals, facilities and equipment for surgical and nonsurgical veterinary treatments and procedures.",,2023-08-04T18:10:20+00:00
Performance Indicator,1.3.2.3.1.8,AFNR.h.AS.3.a.15,Perform surgical and nonsurgical veterinary treatments and procedures in animal health care.,,2023-08-04T18:10:20+00:00
Learning Priority,1.3.2.3.2,AFNR.h.AS.3.b,Identify bio-security threats and provide for the bio-security of agricultural animals and production facilities.,,2023-08-04T18:10:20+00:00
Performance Indicator,1.3.2.3.2.1,AFNR.h.AS.3.b.4,Explain the health risk of zoonotic diseases to humans and their historical significance and future implications.,,2023-08-04T18:10:20+00:00
Performance Indicator,1.3.2.3.2.2,AFNR.h.AS.3.b.5,Implement zoonotic disease prevention methods and procedures for the safe handling and treatment of animals.,,2023-08-04T18:10:20+00:00
Performance Indicator,1.3.2.3.2.3,AFNR.h.AS.3.b.6,"Discuss procedures at the local, state and national levels to ensure biosecurity of the animal industry.",,2023-08-04T18:10:20+00:00
Performance Indicator,1.3.2.3.2.4,AFNR.h.AS.3.b.7,Implement a biosecurity plan for an animal production operation.,,2023-08-04T18:10:20+00:00
Standard,1.3.2.4,AFNR.h.AS.4,"Students will apply principles of animal nutrition to ensure the proper growth, development, reproduction and economic production of animals.",,2023-08-04T18:10:20+00:00
Learning Priority,1.3.2.4.1,AFNR.h.AS.4.a,Formulate feed rations to provide for the nutritional needs of animals.,,2023-08-04T18:10:20+00:00
Performance Indicator,1.3.2.4.1.1,AFNR.h.AS.4.a.4,Determine the relative nutritional value of feedstuffs by evaluating their general quality and condition.,,2023-08-04T18:10:20+00:00
Performance Indicator,1.3.2.4.1.2,AFNR.h.AS.4.a.5,"Appraise the adequacy of feed rations using data from the analysis of feedstuffs, animal requirements and performance.",,2023-08-04T18:10:20+00:00
Performance Indicator,1.3.2.4.1.3,AFNR.h.AS.4.a.6,"Select appropriate feedstuffs for animals based on factors such as economics, digestive system and nutritional needs.",,2023-08-04T18:10:20+00:00
Performance Indicator,1.3.2.4.1.4,AFNR.h.AS.4.a.7,"Formulate animal feeds based on nutritional requirements, using feed ingredients for maximum nutrition and optimal economic production.",,2023-08-04T18:10:20+00:00
Learning Priority,1.3.2.4.2,AFNR.h.AS.4.b,Prescribe and administer animal feed additives and growth promotants in animal production.,,2023-08-04T18:10:20+00:00
Performance Indicator,1.3.2.4.2.1,AFNR.h.AS.4.b.3,Discuss how feed additives and growth promotants are administered and the precautions that should be taken.,,2023-08-04T18:10:20+00:00
Performance Indicator,1.3.2.4.2.2,AFNR.h.AS.4.b.4,Prescribe and administer feed additives and growth promotants.,,2023-08-04T18:10:20+00:00
Standard,1.3.2.5,AFNR.h.AS.5,Students will evaluate and select animals based on scientific principles of animal production.,,2023-08-04T18:10:20+00:00
Learning Priority,1.3.2.5.1,AFNR.h.AS.5.a,Evaluate the male and females reproductive systems in selecting animals.,,2023-08-04T18:10:20+00:00
Performance Indicator,1.3.2.5.1.1,AFNR.h.AS.5.a.3,Describe the functions of major organs in the male and female reproductive systems.,,2023-08-04T18:10:20+00:00
Performance Indicator,1.3.2.5.1.2,AFNR.h.AS.5.a.4,Select breeding animals based on characteristics of the reproductive organs.,,2023-08-04T18:10:20+00:00
Learning Priority,1.3.2.5.2,AFNR.h.AS.5.b,Evaluate animals for breeding readiness and soundness.,,2023-08-04T18:10:20+00:00
Performance Indicator,1.3.2.5.2.1,AFNR.h.AS.5.b.2,Summarize factors that lead to reproductive maturity.,,2023-08-04T18:10:20+00:00
Performance Indicator,1.3.2.5.2.2,AFNR.h.AS.5.b.3,Evaluate and select animals for reproductive readiness.,,2023-08-04T18:10:20+00:00
Learning Priority,1.3.2.5.3,AFNR.h.AS.5.c,Describe how selection and geographical regions impact the economic decisions of our livestock business.,,2023-08-04T18:10:20+00:00
Performance Indicator,1.3.2.5.3.1,AFNR.h.AS.5.c.3,Evaluate reproductive problems that occur in animals.,,2023-08-04T18:10:20+00:00
Performance Indicator,1.3.2.5.3.2,AFNR.h.AS.5.c.4,Treat or cull animals with reproductive problems.,,2023-08-04T18:10:20+00:00
Learning Priority,1.3.2.5.4,AFNR.h.AS.5.d,Apply scientific principles in the selection and breeding of animals.,,2023-08-04T18:10:20+00:00
Performance Indicator,1.3.2.5.4.1,AFNR.h.AS.5.d.3,Explain the advantages of using genetically superior animals in the production of animals and animal products.,,2023-08-04T18:10:20+00:00
Performance Indicator,1.3.2.5.4.2,AFNR.h.AS.5.d.4,Select a breeding system based on the principles of genetics and reproductive/economic efficiencies.,,2023-08-04T18:10:20+00:00
Learning Priority,1.3.2.5.5,AFNR.h.AS.5.f,Compare and contrast scientific methods associated with animal reproduction.,,2023-08-04T18:10:20+00:00
Performance Indicator,1.3.2.5.5.1,AFNR.h.AS.5.f.6,Explain the processes of natural and artificial breeding methods.,,2023-08-04T18:10:20+00:00
Performance Indicator,1.3.2.5.5.2,AFNR.h.AS.5.f.7,Compare and contrast quantitative breeding value differences between genetically superior animals and animals of average genetic value.,,2023-08-04T18:10:20+00:00
Performance Indicator,1.3.2.5.5.3,AFNR.h.AS.5.f.8,Select animals based on quantitative breeding values for specific characteristics.,,2023-08-04T18:10:20+00:00
Performance Indicator,1.3.2.5.5.4,AFNR.h.AS.5.f.9,"Explain the processes of major reproductive management practices, including estrous synchronization, superovulation, flushing and embryo transfer.",,2023-08-04T18:10:20+00:00
Performance Indicator,1.3.2.5.5.5,AFNR.h.AS.5.f.10,"Perform procedures for estrous synchronization, superovulation, flushing, embryo transfer and other reproductive management practices.",,2023-08-04T18:10:20+00:00
Performance Indicator,1.3.2.5.5.6,AFNR.h.AS.5.f.11,"Explain and demonstrate the materials, methods and processes of artificial insemination.",,2023-08-04T18:10:20+00:00
Standard,1.3.2.6,AFNR.h.AS.6,"Students will prepare and implement animal handling procedures for the safety of animals, producers and consumers of animal products.",,2023-08-04T18:10:20+00:00
Learning Priority,1.3.2.6.1,AFNR.h.AS.6.a,Demonstrate safe animal handling and management techniques.,,2023-08-04T18:10:20+00:00
Performance Indicator,1.3.2.6.1.1,AFNR.h.AS.6.a.4,Outline safety procedures for working with animals by species.,,2023-08-04T18:10:20+00:00
Performance Indicator,1.3.2.6.1.2,AFNR.h.AS.6.a.5,Design programs that assure the welfare of animals and prevent abuse or mistreatment.,,2023-08-04T18:10:20+00:00
Performance Indicator,1.3.2.6.1.3,AFNR.h.AS.6.a.6,Interpret animal behaviors and execute protocols for safe handling of animals.,,2023-08-04T18:10:20+00:00
Performance Indicator,1.3.2.6.1.4,AFNR.h.AS.6.a.7,Implement quality-assurance programs and procedures for animal production.,,2023-08-04T18:10:20+00:00
Learning Priority,1.3.2.6.2,AFNR.h.AS.6.b,Implement procedures to ensure that animal products are safe.,,2023-08-04T18:10:20+00:00
Performance Indicator,1.3.2.6.2.1,AFNR.h.AS.6.b.4,Discuss consumer concerns with animal production practices relative to human health.,,2023-08-04T18:10:20+00:00
Performance Indicator,1.3.2.6.2.2,AFNR.h.AS.6.b.5,"Explain why animal trace-back capability, using individual animal and farm identification systems, is important to producers and consumers.",,2023-08-04T18:10:20+00:00
Performance Indicator,1.3.2.6.2.3,AFNR.h.AS.6.b.6,Implement a program to assure the safety of animal products.,,2023-08-04T18:10:20+00:00
Performance Indicator,1.3.2.6.2.4,AFNR.h.AS.6.b.7,Implement an animal and/or premises identification program.,,2023-08-04T18:10:20+00:00
Standard,1.3.2.7,AFNR.h.AS.7,"Students will select animal facilities and equipment that provide for the safe and efficient production, housing and handling of animals.",,2023-08-04T18:10:20+00:00
Learning Priority,1.3.2.7.1,AFNR.h.AS.7.a,"Design animal housing, equipment and handling facilities for the major systems of animal production.",,2023-08-04T18:10:20+00:00
Performance Indicator,1.3.2.7.1.1,AFNR.h.AS.7.a.4,Critique designs for an animal facility and prescribe alternative layouts and adjustments for the safe and efficient use of the facility.,,2023-08-04T18:10:20+00:00
Performance Indicator,1.3.2.7.1.2,AFNR.h.AS.7.a.5,"Design an animal facility, focusing on animal requirements, efficiency, safety and ease of handling.",,2023-08-04T18:10:20+00:00
Performance Indicator,1.3.2.7.1.3,AFNR.h.AS.7.a.6,Explain how modern equipment and handling facilities enhance the safe and economic production of animals.,,2023-08-04T18:10:20+00:00
Performance Indicator,1.3.2.7.1.4,AFNR.h.AS.7.a.7,Select equipment and implement animal handling procedures and improvements to enhance production efficiency.,,2023-08-04T18:10:20+00:00
Learning Priority,1.3.2.7.2,AFNR.h.AS.7.b,Comply with government regulations and safety standards for facilities used in animal production.,,2023-08-04T18:10:20+00:00
Performance Indicator,1.3.2.7.2.1,AFNR.h.AS.7.b.2,Evaluate an animal facility to determine if standards have been met.,,2023-08-04T18:10:20+00:00
Performance Indicator,1.3.2.7.2.2,AFNR.h.AS.7.b.3,"Design a facility that meets standards for the legal, safe, ethical and efficient production of animals.",,2023-08-04T18:10:20+00:00
Standard,1.3.2.8,AFNR.h.AS.8,Students will analyze environmental factors associated with animal production.,,2023-08-04T18:10:20+00:00
Learning Priority,1.3.2.8.1,AFNR.h.AS.8.a,Reduce the effects of animal production on the environment.,,2023-08-04T18:10:20+00:00
Performance Indicator,1.3.2.8.1.1,AFNR.h.AS.8.a.3,Outline methods of reducing the effects of animal agriculture on the environment.,,2023-08-04T18:10:20+00:00
Performance Indicator,1.3.2.8.1.2,AFNR.h.AS.8.a.4,Implement measures to reduce the impact of animal agriculture on the environment.,,2023-08-04T18:10:20+00:00
Learning Priority,1.3.2.8.2,AFNR.h.AS.8.b,Evaluate the effects of environmental conditions on animals.,,2023-08-04T18:10:20+00:00
Performance Indicator,1.3.2.8.2.1,AFNR.h.AS.8.b.2,Describe the effects of environmental conditions on animal populations and performance.,,2023-08-04T18:10:20+00:00
Performance Indicator,1.3.2.8.2.2,AFNR.h.AS.8.b.3,Establish and maintain favorable environmental conditions for animal growth and performance.,,2023-08-04T18:10:20+00:00
Content Area,1.3.3,AFNR.h.BT,Biotechnology Systems,,2023-08-04T18:10:20+00:00
Standard,1.3.3.1,AFNR.h.BT.1,"Students will recognize the historical, social, cultural and potential applications of biotechnology.",,2023-08-04T18:10:20+00:00
Learning Priority,1.3.3.1.1,AFNR.h.BT.1.a,"Distinguish major innovators, historical developments and potential applications of biotechnology in agriculture.",,2023-08-04T18:10:20+00:00
Performance Indicator,1.3.3.1.1.1,AFNR.h.BT.1.a.5,Create a timeline and use it to explain the developmental progression of biotechnology.,,2023-08-04T18:10:20+00:00
Performance Indicator,1.3.3.1.1.2,AFNR.h.BT.1.a.6,Research and report on current work being done in agricultural biotechnology.,,2023-08-04T18:10:20+00:00
Performance Indicator,1.3.3.1.1.3,AFNR.h.BT.1.a.7,Research and report on emerging problems and issues associated with agricultural biotechnology.,,2023-08-04T18:10:20+00:00
Learning Priority,1.3.3.1.2,AFNR.h.BT.1.b,"Analyze the ethical, legal, social and cultural issues relating to biotechnology.",,2023-08-04T18:10:20+00:00
Performance Indicator,1.3.3.1.2.1,AFNR.h.BT.1.b.7,Interpret the major regulatory issues related to biotechnology.,,2023-08-04T18:10:20+00:00
Performance Indicator,1.3.3.1.2.2,AFNR.h.BT.1.b.8,Evaluate the benefits and risks associated with biotechnology.,,2023-08-04T18:10:20+00:00
Performance Indicator,1.3.3.1.2.3,AFNR.h.BT.1.b.9,Examine an ethical dilemma associated with biotechnology by identifying its components.,,2023-08-04T18:10:20+00:00
Performance Indicator,1.3.3.1.2.4,AFNR.h.BT.1.b.10,Examine intellectual properties associated with biotechnology by defining their components.,,2023-08-04T18:10:20+00:00
Standard,1.3.3.2,AFNR.h.BT.2,Students will demonstrate laboratory skills as applied to biotechnology.,,2023-08-04T18:10:20+00:00
Learning Priority,1.3.3.2.1,AFNR.h.BT.2.a,Demonstrate safe and proper laboratory procedures and record keeping using biological materials.,,2023-08-04T18:10:20+00:00
Performance Indicator,1.3.3.2.1.1,AFNR.h.BT.2.a.13,Analyze strengths of the research based on data and procedures and propose future investigation.,,2023-08-04T18:10:20+00:00
Performance Indicator,1.3.3.2.1.2,AFNR.h.BT.2.a.14,Operate advanced laboratory equipment and measurement devices.,,2023-08-04T18:10:20+00:00
Performance Indicator,1.3.3.2.1.3,AFNR.h.BT.2.a.15,Demonstrate advanced aseptic techniques in the biotechnology laboratory.,,2023-08-04T18:10:20+00:00
Performance Indicator,1.3.3.2.1.4,AFNR.h.BT.2.a.16,Select an appropriate standard operating procedure for working with biological materials.,,2023-08-04T18:10:20+00:00
Performance Indicator,1.3.3.2.1.5,AFNR.h.BT.2.a.17,Inventory biological and chemical materials and maintain accurate records of supplies and expiration dates.,,2023-08-04T18:10:20+00:00
Performance Indicator,1.3.3.2.1.6,AFNR.h.BT.2.a.18,Diagram the flow of waste after it leaves the laboratory.,,2023-08-04T18:10:20+00:00
Learning Priority,1.3.3.2.2,AFNR.h.BT.2.b,"Perform microbiology, molecular biology, enzymology and immunology procedures.",,2023-08-04T18:10:20+00:00
Performance Indicator,1.3.3.2.2.1,AFNR.h.BT.2.b.12,"Isolate, maintain, quantify and store cell cultures.",,2023-08-04T18:10:20+00:00
Performance Indicator,1.3.3.2.2.2,AFNR.h.BT.2.b.13,Explain the molecular basis for heredity and the tools and techniques used in DNA and RNA manipulations.,,2023-08-04T18:10:20+00:00
Performance Indicator,1.3.3.2.2.3,AFNR.h.BT.2.b.14,Perform electrophoresis techniques and interpret electrophoresis fragmentation patterns.,,2023-08-04T18:10:20+00:00
Performance Indicator,1.3.3.2.2.4,AFNR.h.BT.2.b.15,Perform protein separation techniques and interpret the results.,,2023-08-04T18:10:20+00:00
Performance Indicator,1.3.3.2.2.5,AFNR.h.BT.2.b.16,Conduct an Enzyme-Linked Immunosorbent Assay (ELISA).,,2023-08-04T18:10:20+00:00
Performance Indicator,1.3.3.2.2.6,AFNR.h.BT.2.b.17,Research and describe the use of biotechnology to detect microbes.,,2023-08-04T18:10:20+00:00
Learning Priority,1.3.3.2.3,AFNR.h.BT.2.c,Evaluate the application of genetic engineering to improve products of AFNR systems.,,2023-08-04T18:10:20+00:00
Performance Indicator,1.3.3.2.3.1,AFNR.h.BT.2.c.7,Diagram the processes and describe the techniques used to produce transgenic eukaryotes.,,2023-08-04T18:10:20+00:00
Performance Indicator,1.3.3.2.3.2,AFNR.h.BT.2.c.8,Describe processes by which enzymes are produced through biotechnology.,,2023-08-04T18:10:20+00:00
Performance Indicator,1.3.3.2.3.3,AFNR.h.BT.2.c.9,Diagram the process by which organisms are genetically engineered for waste treatment.,,2023-08-04T18:10:20+00:00
Performance Indicator,1.3.3.2.3.4,AFNR.h.BT.2.c.10,Investigate and report on genetic engineering procedures used in the production of aquatic species.,,2023-08-04T18:10:20+00:00
Learning Priority,1.3.3.2.4,AFNR.h.BT.2.d,Perform biotechnology processes used in AFNR systems.,,2023-08-04T18:10:20+00:00
Performance Indicator,1.3.3.2.4.1,AFNR.h.BT.2.d.13,Describe the processes used to produce animal hormones from transgenic organisms.,,2023-08-04T18:10:20+00:00
Performance Indicator,1.3.3.2.4.2,AFNR.h.BT.2.d.14,Compare and contrast bioengineering and conventional pathways used in food processing.,,2023-08-04T18:10:20+00:00
Performance Indicator,1.3.3.2.4.3,AFNR.h.BT.2.d.15,Describe the process used in producing alcohol from biomass.,,2023-08-04T18:10:20+00:00
Performance Indicator,1.3.3.2.4.4,AFNR.h.BT.2.d.16,Diagram the process used in producing biodiesel from biomass.,,2023-08-04T18:10:20+00:00
Performance Indicator,1.3.3.2.4.5,AFNR.h.BT.2.d.17,Assess the characteristics of biomass that make it useful for biofuels production.,,2023-08-04T18:10:20+00:00
Performance Indicator,1.3.3.2.4.6,AFNR.h.BT.2.d.18,Illustrate the process used in producing methane from biomass.,,2023-08-04T18:10:20+00:00
Learning Priority,1.3.3.2.5,AFNR.h.BT.2.f,Use biotechnology to monitor and evaluate procedures performed in AFNR systems.,,2023-08-04T18:10:20+00:00
Performance Indicator,1.3.3.2.5.1,AFNR.h.BT.2.f.14,Select biotechnology tools used to monitor and direct plant breeding.,,2023-08-04T18:10:20+00:00
Performance Indicator,1.3.3.2.5.2,AFNR.h.BT.2.f.15,"Assess the benefits, risks and opportunities associated with using biotechnology to promote animal health.",,2023-08-04T18:10:20+00:00
Performance Indicator,1.3.3.2.5.3,AFNR.h.BT.2.f.16,Describe the use of biotechnology in bioremediation.,,2023-08-04T18:10:20+00:00
Performance Indicator,1.3.3.2.5.4,AFNR.h.BT.2.f.17,Describe the processes involved in bio treatment of biological wastes and industrial chemical wastes.,,2023-08-04T18:10:20+00:00
Performance Indicator,1.3.3.2.5.5,AFNR.h.BT.2.f.18,Select biotechnology tools used to measure biodiversity.,,2023-08-04T18:10:20+00:00
Performance Indicator,1.3.3.2.5.6,AFNR.h.BT.2.f.19,Explain how biotechnology tools can be used to monitor the effects of agricultural practices on wild populations.,,2023-08-04T18:10:20+00:00
Performance Indicator,1.3.3.2.5.7,AFNR.h.BT.2.f.20,Describe the processes used in the production of molecules for use in industrial applications.,,2023-08-04T18:10:20+00:00
Content Area,1.3.4,AFNR.h.FPP,Food Production and Processing,,2023-08-04T18:10:20+00:00
Standard,1.3.4.1,AFNR.h.FPP.1,Students will examine components of the food industry and historical development of food products and processing.,,2023-08-04T18:10:20+00:00
Learning Priority,1.3.4.1.1,AFNR.h.FPP.1.a,Evaluate the significance and implications of changes in the food products and processing industry.,,2023-08-04T18:10:20+00:00
Performance Indicator,1.3.4.1.1.1,AFNR.h.FPP.1.a.5,Evaluate changes and Trends in the food products and processing industry and be able to predict Trends and implications in the food products and processing industry.,,2023-08-04T18:10:20+00:00
Performance Indicator,1.3.4.1.1.2,AFNR.h.FPP.1.a.6,Determine appropriate industry response to Consumer concerns to assure a safe and wholesome food supply.,,2023-08-04T18:10:20+00:00
Learning Priority,1.3.4.1.2,AFNR.h.FPP.1.b,"Work effectively with industry organizations, groups and regulatory agencies affecting the food products and processing industry.",,2023-08-04T18:10:20+00:00
Performance Indicator,1.3.4.1.2.1,AFNR.h.FPP.1.b.5,"Demonstrate how to interact effectively with organizations, groups and regulatory Agencies that affect the food products and processing industry.",,2023-08-04T18:10:20+00:00
Performance Indicator,1.3.4.1.2.2,AFNR.h.FPP.1.b.6,Prepare a plan for implementation of Industry standards in food products and processing programs.,,2023-08-04T18:10:20+00:00
Standard,1.3.4.2,AFNR.h.FPP.2,Students will apply safety principles; recommend equipment and facility management techniques to the food products and processing industry.,,2023-08-04T18:10:20+00:00
Learning Priority,1.3.4.2.1,AFNR.h.FPP.2.a,Manage operational procedures and create equipment and facility maintenance plans.,,2023-08-04T18:10:20+00:00
Performance Indicator,1.3.4.2.1.1,AFNR.h.FPP.2.a.6,Develop and evaluate SSOP for a food products and processing company.,,2023-08-04T18:10:20+00:00
Performance Indicator,1.3.4.2.1.2,AFNR.h.FPP.2.a.7,Develop a plan to implement GMP for a food products and processing company.,,2023-08-04T18:10:20+00:00
Performance Indicator,1.3.4.2.1.3,AFNR.h.FPP.2.a.8,Perform basic equipment and facility maintenance in a food products and processing operation.,,2023-08-04T18:10:20+00:00
Learning Priority,1.3.4.2.2,AFNR.h.FPP.2.b,Implement Hazard Analysis and Critical Control Point (HACCP) procedures to establish operating parameters.,,2023-08-04T18:10:20+00:00
Performance Indicator,1.3.4.2.2.1,AFNR.h.FPP.2.b.5,Analyze the effectiveness of a food products and processing companies Critical Control Point (CCP) procedures.,,2023-08-04T18:10:20+00:00
Performance Indicator,1.3.4.2.2.2,AFNR.h.FPP.2.b.6,Design and HACCP program for a food products and processing facility.,,2023-08-04T18:10:20+00:00
Learning Priority,1.3.4.2.3,AFNR.h.FPP.2.c,"Apply safety and sanitation procedures in the handling, processing and storing of food products.",,2023-08-04T18:10:20+00:00
Performance Indicator,1.3.4.2.3.1,AFNR.h.FPP.2.c.9,Demonstrate approved food product handling techniques.,,2023-08-04T18:10:20+00:00
Performance Indicator,1.3.4.2.3.2,AFNR.h.FPP.2.c.10,Interpret quality-assurance test results and apply corrective procedures.,,2023-08-04T18:10:20+00:00
Performance Indicator,1.3.4.2.3.3,AFNR.h.FPP.2.c.11,Conduct and interpret microbiological tests for foodborne pathogens and Implement corrective procedures.,,2023-08-04T18:10:20+00:00
Performance Indicator,1.3.4.2.3.4,AFNR.h.FPP.2.c.12,Demonstrate proper record keeping in a food products and processing system.,,2023-08-04T18:10:20+00:00
Learning Priority,1.3.4.2.4,AFNR.h.FPP.2.d,Demonstrate worker safety procedures with food product and processing equipment and facilities.,,2023-08-04T18:10:20+00:00
Performance Indicator,1.3.4.2.4.1,AFNR.h.FPP.2.d.3,Create a checklist of industry-used safety procedures and evaluate school lab safety procedures.,,2023-08-04T18:10:20+00:00
Standard,1.3.4.3,AFNR.h.FPP.3,Students will apply principles of science to the food products and processing industry.,,2023-08-04T18:10:20+00:00
Learning Priority,1.3.4.3.1,AFNR.h.FPP.3.a,"Apply principles of science to food processing to provide a safe, wholesome and nutritious food supply.",,2023-08-04T18:10:20+00:00
Performance Indicator,1.3.4.3.1.1,AFNR.h.FPP.3.a.15,Conduct research in food science and interpret results to improve food products.,,2023-08-04T18:10:20+00:00
Performance Indicator,1.3.4.3.1.2,AFNR.h.FPP.3.a.16,explain how the chemical and physical properties of foods influence nutritional value and eating quality.,,2023-08-04T18:10:20+00:00
Performance Indicator,1.3.4.3.1.3,AFNR.h.FPP.3.a.17,Conducted a test and then compare and contrast the nutritive value of food and food groups.,,2023-08-04T18:10:20+00:00
Performance Indicator,1.3.4.3.1.4,AFNR.h.FPP.3.a.18,Analyze food products to identify food constituents.,,2023-08-04T18:10:20+00:00
Performance Indicator,1.3.4.3.1.5,AFNR.h.FPP.3.a.19,Formulate and explain incorporation of additives into food products.,,2023-08-04T18:10:20+00:00
Performance Indicator,1.3.4.3.1.6,AFNR.h.FPP.3.a.20,Prepare and label Foods according to the established standards of regulatory agencies.,,2023-08-04T18:10:20+00:00
Performance Indicator,1.3.4.3.1.7,AFNR.h.FPP.3.a.21,Perform sensory testing and marketing functions to characterize and determine consumer preference and market potential.,,2023-08-04T18:10:20+00:00
Standard,1.3.4.4,AFNR.h.FPP.4,"Students will select and process food products for storage, distribution and consumption.",,2023-08-04T18:10:20+00:00
Learning Priority,1.3.4.4.1,AFNR.h.FPP.4.a,"Use harvesting, selection and inspection techniques to obtain quality food products for processing.",,2023-08-04T18:10:20+00:00
Performance Indicator,1.3.4.4.1.1,AFNR.h.FPP.4.a.9,Assigned quality and yield grades to food products according to Industry standards.,,2023-08-04T18:10:20+00:00
Performance Indicator,1.3.4.4.1.2,AFNR.h.FPP.4.a.10,Develop and demonstrate procedures to maintain original food quality and yield.,,2023-08-04T18:10:20+00:00
Performance Indicator,1.3.4.4.1.3,AFNR.h.FPP.4.a.11,Research and present regulatory-agency-approved or industry-approved techniques for harvesting animals.,,2023-08-04T18:10:20+00:00
Performance Indicator,1.3.4.4.1.4,AFNR.h.FPP.4.a.12,Investigate the role and responsibilities of a USDA meat inspector.,,2023-08-04T18:10:20+00:00
Learning Priority,1.3.4.4.2,AFNR.h.FPP.4.b,"Evaluate, grade and classify processed food products.",,2023-08-04T18:10:20+00:00
Performance Indicator,1.3.4.4.2.1,AFNR.h.FPP.4.b.7,"Evaluate, grade and classify processed meat, egg, poultry, fish and dairy products.",,2023-08-04T18:10:20+00:00
Performance Indicator,1.3.4.4.2.2,AFNR.h.FPP.4.b.8,"Evaluate, grade and classify processed products from fruits and vegetables.",,2023-08-04T18:10:20+00:00
Performance Indicator,1.3.4.4.2.3,AFNR.h.FPP.4.b.9,"Evaluate, grade and classify finished products derived from grains, legumes and oilseeds.",,2023-08-04T18:10:20+00:00
Learning Priority,1.3.4.4.3,AFNR.h.FPP.4.c,"Process, preserve, package and present food and food products for sale and distribution.",,2023-08-04T18:10:20+00:00
Performance Indicator,1.3.4.4.3.1,AFNR.h.FPP.4.c.13,Create a food package while taking into account weight and product requirements.,,2023-08-04T18:10:20+00:00
Performance Indicator,1.3.4.4.3.2,AFNR.h.FPP.4.c.14,"Evaluate foods prepared for the fresh food market based on factors such as shelf life, shrinkage, appearance and weight.",,2023-08-04T18:10:20+00:00
Performance Indicator,1.3.4.4.3.3,AFNR.h.FPP.4.c.15,Preserve Foods using various methods and techniques.,,2023-08-04T18:10:20+00:00
Performance Indicator,1.3.4.4.3.4,AFNR.h.FPP.4.c.16,Create and evaluate ready-to-eat food products.,,2023-08-04T18:10:20+00:00
Performance Indicator,1.3.4.4.3.5,AFNR.h.FPP.4.c.17,"Applying science principles analyzed the foods stored in various packaging, to determine which materials retain desirable food qualities.",,2023-08-04T18:10:20+00:00
Performance Indicator,1.3.4.4.3.6,AFNR.h.FPP.4.c.18,"Compare and contrast Foods stored under varying conditions for quality, shelf life and intended use.",,2023-08-04T18:10:20+00:00
Content Area,1.3.5,AFNR.h.ESS,Environmental Service Systems,,2023-08-04T18:10:20+00:00
Standard,1.3.5.1,AFNR.h.ESS.1,Students will use analytical procedures to plan and evaluate environmental service systems while assessing the impact of policies and regulations on environmental service systems.,,2023-08-04T18:10:20+00:00
Learning Priority,1.3.5.1.1,AFNR.h.ESS.1.a,Analyze and interpret samples.,,2023-08-04T18:10:20+00:00
Performance Indicator,1.3.5.1.1.1,AFNR.h.ESS.1.a.5,"Determine appropriate sampling techniques, analyze and interpret samples and generate statistical analysis report(s) and prepare valid chemical laboratory samples according to instructions.",,2023-08-04T18:10:20+00:00
Performance Indicator,1.3.5.1.1.2,AFNR.h.ESS.1.a.6,"Demonstrate proper use, maintenance and calibration of lab and monitoring equipment according to standard operating procedures.",,2023-08-04T18:10:20+00:00
Learning Priority,1.3.5.1.2,AFNR.h.ESS.1.b,Interpret laws affecting environmental service systems.,,2023-08-04T18:10:20+00:00
Performance Indicator,1.3.5.1.2.1,AFNR.h.ESS.1.b.3,Identify purposes of Wisconsin laws associated with environmental service systems.,,2023-08-04T18:10:20+00:00
Standard,1.3.5.2,AFNR.h.ESS.2,Students will apply scientific principles to environmental service systems.,,2023-08-04T18:10:20+00:00
Learning Priority,1.3.5.2.1,AFNR.h.ESS.2.a,Apply meteorology principles to environmental service systems.,,2023-08-04T18:10:20+00:00
Performance Indicator,1.3.5.2.1.1,AFNR.h.ESS.2.a.9,Differentiate the types of weather systems and patterns along with basic monitoring of meteorological conditions with accurately documented data.,,2023-08-04T18:10:20+00:00
Performance Indicator,1.3.5.2.1.2,AFNR.h.ESS.2.a.10,Illustrate and monitor the formation of acid precipitation and explain its impact on the environment.,,2023-08-04T18:10:20+00:00
Performance Indicator,1.3.5.2.1.3,AFNR.h.ESS.2.a.11,Report on consequences of climate change and its impact on Wisconsin and globally.,,2023-08-04T18:10:20+00:00
Performance Indicator,1.3.5.2.1.4,AFNR.h.ESS.2.a.12,Explain the basics and contributing factors of the greenhouse effect and how it alters the earth’s balance of energy including greenhouse gasses.,,2023-08-04T18:10:20+00:00
Learning Priority,1.3.5.2.2,AFNR.h.ESS.2.b,Apply soil science and microbiology principles to environmental service systems.,,2023-08-04T18:10:20+00:00
Performance Indicator,1.3.5.2.2.1,AFNR.h.ESS.2.b.13,Differentiate rocks relating chemical composition of mineral matter in soils to the parent material with a connection to environmental service systems.,,2023-08-04T18:10:20+00:00
Performance Indicator,1.3.5.2.2.2,AFNR.h.ESS.2.b.14,Relate and evaluate soil microorganism activities to environmental service systems.,,2023-08-04T18:10:20+00:00
Performance Indicator,1.3.5.2.2.3,AFNR.h.ESS.2.b.15,"Identify physical soil qualities, through testing, that determine its use for environmental service systems.",,2023-08-04T18:10:20+00:00
Performance Indicator,1.3.5.2.2.4,AFNR.h.ESS.2.b.16,Determine land capability classes for land parcels and design a land-use management plan for a given area.,,2023-08-04T18:10:20+00:00
Performance Indicator,1.3.5.2.2.5,AFNR.h.ESS.2.b.17,Describe microbial growth in the environment and analyze the influence of environmental factors on microbial growth with an examination of microorganisms using safe practices.,,2023-08-04T18:10:20+00:00
Performance Indicator,1.3.5.2.2.6,AFNR.h.ESS.2.b.18,Outline procedures for a bioassay test followed by a basic bioassay test related to environmental service systems and interpret results.,,2023-08-04T18:10:20+00:00
Learning Priority,1.3.5.2.3,AFNR.h.ESS.2.c,Apply hydrology principles to environmental service systems.,,2023-08-04T18:10:20+00:00
Performance Indicator,1.3.5.2.3.1,AFNR.h.ESS.2.c.13,Describe and research water characteristics that influence the biosphere for life and be able to identify current environmental water issues.,,2023-08-04T18:10:20+00:00
Performance Indicator,1.3.5.2.3.2,AFNR.h.ESS.2.c.14,Describe ground and surface water interactions with emphasis on groundwater-flow equations and Darcy’s Law to explain how geology and meteorology affect groundwater and its flow.,,2023-08-04T18:10:20+00:00
Performance Indicator,1.3.5.2.3.3,AFNR.h.ESS.2.c.15,Identify differences in groundwater potential delineate groundwater potential zones.,,2023-08-04T18:10:20+00:00
Performance Indicator,1.3.5.2.3.4,AFNR.h.ESS.2.c.16,Describe precautions taken to prevent/reduce groundwater contamination while testing and documenting results of related tests.,,2023-08-04T18:10:20+00:00
Performance Indicator,1.3.5.2.3.5,AFNR.h.ESS.2.c.17,"Explain, measure and document velocity of water as it influences channel morphology and stream processes.",,2023-08-04T18:10:20+00:00
Performance Indicator,1.3.5.2.3.6,AFNR.h.ESS.2.c.18,Discuss design principles related to hydraulic systems and high-flow technologies related to fluid movement and create a model.,,2023-08-04T18:10:20+00:00
Learning Priority,1.3.5.2.4,AFNR.h.ESS.2.d,"Apply best management techniques associated with the properties, classifications and functions of wetlands.",,2023-08-04T18:10:20+00:00
Performance Indicator,1.3.5.2.4.1,AFNR.h.ESS.2.d.9,Explain the criteria for classifying wetlands while applying the Hydrogeomorphic (HGM) Approach and National Wetland Inventories (NWI) to determine the classification for local wetlands.,,2023-08-04T18:10:20+00:00
Performance Indicator,1.3.5.2.4.2,AFNR.h.ESS.2.d.10,Conduct a survey and identify of the predominant species.,,2023-08-04T18:10:20+00:00
Performance Indicator,1.3.5.2.4.3,AFNR.h.ESS.2.d.11,"Identify techniques used to evaluate a wetland, record conditions of a local wetland followed by application of proper techniques used to manage, create and restore a wetland.",,2023-08-04T18:10:20+00:00
Performance Indicator,1.3.5.2.4.4,AFNR.h.ESS.2.d.12,Distinguish characteristics of inorganic and organic compounds and identify standard operating procedures for use of chemicals in environmental service systems.,,2023-08-04T18:10:20+00:00
Standard,1.3.5.3,AFNR.h.ESS.3,Students will operate environmental service systems to manage a facility environment.,,2023-08-04T18:10:20+00:00
Learning Priority,1.3.5.3.1,AFNR.h.ESS.3.a,Use pollution control measures to maintain a safe facility environment.,,2023-08-04T18:10:20+00:00
Performance Indicator,1.3.5.3.1.1,AFNR.h.ESS.3.a.5,Provide examples of industrial and nonindustrial pollution impacts on the environment and discuss a local pollution survey.,,2023-08-04T18:10:20+00:00
Performance Indicator,1.3.5.3.1.2,AFNR.h.ESS.3.a.6,"Conduct tests determining the presence and extent of pollution and create a plan to develop a pollution, remediation, management or prevention program.",,2023-08-04T18:10:20+00:00
Learning Priority,1.3.5.3.2,AFNR.h.ESS.3.b,Manage safe disposal of all categories of solid waste.,,2023-08-04T18:10:20+00:00
Performance Indicator,1.3.5.3.2.1,AFNR.h.ESS.3.b.13,"Evaluate and analyze environmental hazards created by different types of solid waste, solid waste accumulation and solid waste disposal.",,2023-08-04T18:10:20+00:00
Performance Indicator,1.3.5.3.2.2,AFNR.h.ESS.3.b.14,"Collect, identify and treat solid waste materials and recognize byproducts of solid waste treatments.",,2023-08-04T18:10:20+00:00
Performance Indicator,1.3.5.3.2.3,AFNR.h.ESS.3.b.15,Explain and evaluate basic sanitary landfill operating procedures and designs.,,2023-08-04T18:10:20+00:00
Performance Indicator,1.3.5.3.2.4,AFNR.h.ESS.3.b.16,Explain and evaluate scientific operating principles of composting and compost facilities.,,2023-08-04T18:10:20+00:00
Performance Indicator,1.3.5.3.2.5,AFNR.h.ESS.3.b.17,Describe and evaluate methods of incineration and its environmental impact including Wisconsin’s waste-to-energy plants.,,2023-08-04T18:10:20+00:00
Performance Indicator,1.3.5.3.2.6,AFNR.h.ESS.3.b.18,Describe recycling methods and conduct a local survey analyzing for future recycling options.,,2023-08-04T18:10:20+00:00
Learning Priority,1.3.5.3.3,AFNR.h.ESS.3.c,Apply the principles of public drinking water treatment operations to ensure safe water at a facility.,,2023-08-04T18:10:20+00:00
Performance Indicator,1.3.5.3.3.1,AFNR.h.ESS.3.c.5,Illustrate and/or demonstrate the steps in the public drinking water treatment process with emphasis on equipment used.,,2023-08-04T18:10:20+00:00
Performance Indicator,1.3.5.3.3.2,AFNR.h.ESS.3.c.6,Conduct and interpret source water assessment.,,2023-08-04T18:10:20+00:00
Learning Priority,1.3.5.3.4,AFNR.h.ESS.3.d,Apply principles of wastewater treatment to manage wastewater disposal in keeping with rules and regulations.,,2023-08-04T18:10:20+00:00
Performance Indicator,1.3.5.3.4.1,AFNR.h.ESS.3.d.5,Demonstrate use of water-testing instruments and water-treatment equipment to treat wastewater.,,2023-08-04T18:10:20+00:00
Performance Indicator,1.3.5.3.4.2,AFNR.h.ESS.3.d.6,Describe procedures for the treatment and disposal of hazardous materials and wastes while identifying safety practices to reduce risks.,,2023-08-04T18:10:20+00:00
Standard,1.3.5.4,AFNR.h.ESS.4,"Students will examine the relationships between energy sources and environmental service system with a basic understanding of the use of tools, equipment, machinery and technology to accomplish tasks n environmental service systems.",,2023-08-04T18:10:20+00:00
Learning Priority,1.3.5.4.1,AFNR.h.ESS.4.a,Compare and contrast the impact of conventional and alternative energy sources on the environment.,,2023-08-04T18:10:20+00:00
Performance Indicator,1.3.5.4.1.1,AFNR.h.ESS.4.a.5,Compare and contrast the use and environmental impact of the burning of fossil fuels (conventional energy sources).,,2023-08-04T18:10:20+00:00
Performance Indicator,1.3.5.4.1.2,AFNR.h.ESS.4.a.6,Compare and contrast the use and environmental impact of alternative energy sources.,,2023-08-04T18:10:20+00:00
Learning Priority,1.3.5.4.2,AFNR.h.ESS.4.b,"Use technological and mathematical tools to map land, facilities and infrastructure with inclusion of basic maintenance knowledge related to tools, equipment and machinery in safe working order for tasks in environmental service systems.",,2023-08-04T18:10:20+00:00
Performance Indicator,1.3.5.4.2.1,AFNR.h.ESS.4.b.5,Explain and demonstrate surveying and mapping principles with identification/description of surveying and mapping equipment with awareness for infrastructure.,,2023-08-04T18:10:20+00:00
Performance Indicator,1.3.5.4.2.2,AFNR.h.ESS.4.b.6,"Operate equipment and machinery in accordance with manufacturers’ instructions and OSHA standards, specifically addressing personal protective equipment and proper machine guarding.",,2023-08-04T18:10:20+00:00
Performance Indicator,1.3.5.4.2.3,AFNR.h.ESS.4.b.7,Demonstrate proper preventative maintenance techniques and set up a mock preventative maintenance schedule.,,2023-08-04T18:10:20+00:00
Content Area,1.3.6,AFNR.h.NR,Natural Resources,,2023-08-04T18:10:20+00:00
Standard,1.3.6.1,AFNR.h.NR.1,Students will explain interrelationships between natural resources and humans necessary to conduct management activities in natural environments.,,2023-08-04T18:10:20+00:00
Learning Priority,1.3.6.1.1,AFNR.h.NR.1.a,Apply knowledge of natural resource components to the management of natural resource systems.,,2023-08-04T18:10:20+00:00
Performance Indicator,1.3.6.1.1.1,AFNR.h.NR.1.a.5,Research and debate one or more current issues related to the conservation or preservation of natural resources.,,2023-08-04T18:10:20+00:00
Performance Indicator,1.3.6.1.1.2,AFNR.h.NR.1.a.6,Compare and contrast the interdependence of organisms within an ecosystem.,,2023-08-04T18:10:20+00:00
Learning Priority,1.3.6.1.2,AFNR.h.NR.1.b,Classify natural resources.,,2023-08-04T18:10:20+00:00
Performance Indicator,1.3.6.1.2.1,AFNR.h.NR.1.b.11,Compare and contrast trees and other woody plants.,,2023-08-04T18:10:20+00:00
Performance Indicator,1.3.6.1.2.2,AFNR.h.NR.1.b.12,Compare and contrast herbaceous plants.,,2023-08-04T18:10:20+00:00
Performance Indicator,1.3.6.1.2.3,AFNR.h.NR.1.b.13,Compare and contrast wildlife species.,,2023-08-04T18:10:20+00:00
Performance Indicator,1.3.6.1.2.4,AFNR.h.NR.1.b.14,Conduct an aquatic field inventory experience.,,2023-08-04T18:10:20+00:00
Performance Indicator,1.3.6.1.2.5,AFNR.h.NR.1.b.15,"Identify rock, mineral and soil types.",,2023-08-04T18:10:20+00:00
Standard,1.3.6.2,AFNR.h.NR.2,Students will apply scientific principles to natural resource management activities.,,2023-08-04T18:10:20+00:00
Learning Priority,1.3.6.2.1,AFNR.h.NR.2.a,"Use cartographic skills to aid in developing, implementing and evaluating natural resource management plans, measure and survey for natural resource status in developing related plans with interpretation of laws related to natural resource management and protection.",,2023-08-04T18:10:20+00:00
Performance Indicator,1.3.6.2.1.1,AFNR.h.NR.2.a.7,Demonstrate safety practices.,,2023-08-04T18:10:20+00:00
Performance Indicator,1.3.6.2.1.2,AFNR.h.NR.2.a.8,Demonstrate and use appropriate techniques and equipment when working with biohazard materials along with appropriate responses.,,2023-08-04T18:10:20+00:00
Performance Indicator,1.3.6.2.1.3,AFNR.h.NR.2.a.9,Locate natural resources using a land survey and employ a Global Positioning System and/or Geographic Information Systems technologies to inventory features in natural resource management.,,2023-08-04T18:10:20+00:00
Learning Priority,1.3.6.2.2,AFNR.h.NR.2.b,Apply ecological concepts and principles to natural resource systems.,,2023-08-04T18:10:20+00:00
Performance Indicator,1.3.6.2.2.1,AFNR.h.NR.2.b.7,Discuss procedures used to conduct resource inventories and population studies.,,2023-08-04T18:10:20+00:00
Performance Indicator,1.3.6.2.2.2,AFNR.h.NR.2.b.8,Identify purposes of laws associated with natural resource systems and abide by specific laws pertaining to natural resource systems.,,2023-08-04T18:10:20+00:00
Performance Indicator,1.3.6.2.2.3,AFNR.h.NR.2.b.9,Identify and evaluate issues involving mitigation of natural resources.,,2023-08-04T18:10:20+00:00
Learning Priority,1.3.6.2.3,AFNR.h.NR.2.c,Demonstrate natural resource enhancement techniques.,,2023-08-04T18:10:20+00:00
Performance Indicator,1.3.6.2.3.1,AFNR.h.NR.2.c.13,Identify indicators of the biological health of a stream.,,2023-08-04T18:10:20+00:00
Performance Indicator,1.3.6.2.3.2,AFNR.h.NR.2.c.14,Develop and conduct a timber stand improvement (TSI) plan.,,2023-08-04T18:10:20+00:00
Performance Indicator,1.3.6.2.3.3,AFNR.h.NR.2.c.15,Design a blueprint and/or survey of a wildlife habitat.,,2023-08-04T18:10:20+00:00
Performance Indicator,1.3.6.2.3.4,AFNR.h.NR.2.c.16,Summarize methods of rangeland improvement.,,2023-08-04T18:10:20+00:00
Performance Indicator,1.3.6.2.3.5,AFNR.h.NR.2.c.17,Explain natural resource management techniques for improving recreation opportunities.,,2023-08-04T18:10:20+00:00
Performance Indicator,1.3.6.2.3.6,AFNR.h.NR.2.c.18,Identify methods to improve marine and coastal natural resources.,,2023-08-04T18:10:20+00:00
Learning Priority,1.3.6.2.4,AFNR.h.NR.2.d,Apply ecological concepts and principles to natural resource systems.,,2023-08-04T18:10:20+00:00
Performance Indicator,1.3.6.2.4.1,AFNR.h.NR.2.d.15,Diagram biogeochemical cycles and explain the processes.,,2023-08-04T18:10:20+00:00
Performance Indicator,1.3.6.2.4.2,AFNR.h.NR.2.d.16,Relate the function of watersheds to natural resources.,,2023-08-04T18:10:20+00:00
Performance Indicator,1.3.6.2.4.3,AFNR.h.NR.2.d.17,Explain stream hydrology and structure and determine different classes of streams.,,2023-08-04T18:10:20+00:00
Performance Indicator,1.3.6.2.4.4,AFNR.h.NR.2.d.18,"Identify techniques used in the creation, enhancement and management of riparian zones and riparian buffers.",,2023-08-04T18:10:20+00:00
Performance Indicator,1.3.6.2.4.5,AFNR.h.NR.2.d.19,Give examples of primary-succession and secondary-succession species in a community of organisms.,,2023-08-04T18:10:20+00:00
Performance Indicator,1.3.6.2.4.6,AFNR.h.NR.2.d.20,Evaluate and create a management plan based on a population study for a community of organisms.,,2023-08-04T18:10:20+00:00
Performance Indicator,1.3.6.2.4.7,AFNR.h.NR.2.d.21,Discuss factors that influence the establishment and spread of invasive species.,,2023-08-04T18:10:20+00:00
Standard,1.3.6.3,AFNR.h.NR.3,Students will apply knowledge of natural resources to production and processing industries.,,2023-08-04T18:10:20+00:00
Learning Priority,1.3.6.3.1,AFNR.h.NR.3.a,"Produce, harvest, process and use natural resource products.",,2023-08-04T18:10:20+00:00
Performance Indicator,1.3.6.3.1.1,AFNR.h.NR.3.a.15,List and describe uses of trees species and determine when to harvest forest products.,,2023-08-04T18:10:20+00:00
Performance Indicator,1.3.6.3.1.2,AFNR.h.NR.3.a.16,Describe techniques used in the harvesting of wildlife and aquatic species.,,2023-08-04T18:10:20+00:00
Performance Indicator,1.3.6.3.1.3,AFNR.h.NR.3.a.17,Explain and use techniques to process wildlife and aquatic species.,,2023-08-04T18:10:20+00:00
Performance Indicator,1.3.6.3.1.4,AFNR.h.NR.3.a.18,Summarize economically important minerals and ores that are extracted and processed.,,2023-08-04T18:10:20+00:00
Performance Indicator,1.3.6.3.1.5,AFNR.h.NR.3.a.19,Describe sources of fossil fuels and products made from fossil fuels.,,2023-08-04T18:10:20+00:00
Performance Indicator,1.3.6.3.1.6,AFNR.h.NR.3.a.20,Describe characteristics of sites that lend themselves to hydroelectric generation and green energy saving system and designs.,,2023-08-04T18:10:20+00:00
Performance Indicator,1.3.6.3.1.7,AFNR.h.NR.3.a.21,Debate an issue related to the creational use of natural resources.,,2023-08-04T18:10:20+00:00
Standard,1.3.6.4,AFNR.h.NR.4,Students will demonstrate techniques used to protect natural resources.,,2023-08-04T18:10:20+00:00
Learning Priority,1.3.6.4.1,AFNR.h.NR.4.a,Manage fires in natural resource systems.,,2023-08-04T18:10:20+00:00
Performance Indicator,1.3.6.4.1.1,AFNR.h.NR.4.a.3,Describe techniques used to suppress wildfires and manage prescribed fires.,,2023-08-04T18:10:20+00:00
Learning Priority,1.3.6.4.2,AFNR.h.NR.4.b,Diagnose plant and wildlife diseases and follow protocol to prevent their spread while acquiring management protocol of insect infestations of natural resources.,,2023-08-04T18:10:20+00:00
Performance Indicator,1.3.6.4.2.1,AFNR.h.NR.4.b.7,Report the observance of diseases affecting plants to the appropriate authorities.,,2023-08-04T18:10:20+00:00
Performance Indicator,1.3.6.4.2.2,AFNR.h.NR.4.b.8,Report observance of insect pests to the appropriate authorities and describe techniques used to manage pests of natural resources.,,2023-08-04T18:10:20+00:00
Standard,1.3.6.5,AFNR.h.NR.5,Students will use effective methods and venues to communicate natural resource processes to the public.,,2023-08-04T18:10:20+00:00
Learning Priority,1.3.6.5.1,AFNR.h.NR.5.a,Communicate natural resource information to the public.,,2023-08-04T18:10:20+00:00
Performance Indicator,1.3.6.5.1.1,AFNR.h.NR.5.a.3,Design and/or construct a display communicating a natural resource message for a media type.,,2023-08-04T18:10:20+00:00
Content Area,1.3.7,AFNR.h.PS,Plant Systems,,2023-08-04T18:10:20+00:00
Standard,1.3.7.1,AFNR.h.PS.1,"Students will apply knowledge of plant classification, anatomy and physiology to the production and management of plants.",,2023-08-04T18:10:20+00:00
Learning Priority,1.3.7.1.1,AFNR.h.PS.1.a,Classify agricultural plants according to taxonomy systems.,,2023-08-04T18:10:20+00:00
Performance Indicator,1.3.7.1.1.1,AFNR.h.PS.1.a.7,"Classify agricultural plants according to the hierarchical classification system, life cycles, plant use and as monocotyledons or dicotyledons.",,2023-08-04T18:10:20+00:00
Performance Indicator,1.3.7.1.1.2,AFNR.h.PS.1.a.8,Describe the morphological characteristics used to identify agricultural plants.,,2023-08-04T18:10:20+00:00
Performance Indicator,1.3.7.1.1.3,AFNR.h.PS.1.a.9,Identify agriculturally important plants by scientific names.,,2023-08-04T18:10:20+00:00
Learning Priority,1.3.7.1.2,AFNR.h.PS.1.b,Apply knowledge of plant anatomy and the functions of plant structures to activities associated with plant systems.,,2023-08-04T18:10:20+00:00
Performance Indicator,1.3.7.1.2.1,AFNR.h.PS.1.b.9,Compare and contrast mitosis and meiosis and apply the knowledge of cell differentiation and the functions of the major types of cells to plant systems.,,2023-08-04T18:10:20+00:00
Performance Indicator,1.3.7.1.2.2,AFNR.h.PS.1.b.10,Identify root tissues and explain the pathway of water and nutrients into and through the root tissues.,,2023-08-04T18:10:20+00:00
Performance Indicator,1.3.7.1.2.3,AFNR.h.PS.1.b.11,Relate the active and passive transport of minerals into and through the vascular system to plant nutrition.,,2023-08-04T18:10:20+00:00
Performance Indicator,1.3.7.1.2.4,AFNR.h.PS.1.b.12,Describe and apply the processes of translocation to the management of plants.,,2023-08-04T18:10:20+00:00
Performance Indicator,1.3.7.1.2.5,AFNR.h.PS.1.b.13,Explain how leaves capture light energy and allow for the exchange of gases.,,2023-08-04T18:10:20+00:00
Performance Indicator,1.3.7.1.2.6,AFNR.h.PS.1.b.14,"Identify the different types of flowers and flower forms and apply the knowledge of flower structures to plant breeding, production and use.",,2023-08-04T18:10:20+00:00
Performance Indicator,1.3.7.1.2.7,AFNR.h.PS.1.b.15,Apply the knowledge of seed and fruit structures to plant culture and use.,,2023-08-04T18:10:20+00:00
Learning Priority,1.3.7.1.3,AFNR.h.PS.1.c,Apply energy conversion to plant systems.,,2023-08-04T18:10:20+00:00
Performance Indicator,1.3.7.1.3.1,AFNR.h.PS.1.c.5,Explain the light-dependent and light-independent reactions that occur during photosynthesis and apply the knowledge to plant management.,,2023-08-04T18:10:20+00:00
Performance Indicator,1.3.7.1.3.2,AFNR.h.PS.1.c.6,Explain cellular respiration and its importance to plant life.,,2023-08-04T18:10:20+00:00
Performance Indicator,1.3.7.1.3.3,AFNR.h.PS.1.c.7,Explain factors that affect cellular respiration and identify the products and byproducts of cellular respiration.,,2023-08-04T18:10:20+00:00
Performance Indicator,1.3.7.1.3.4,AFNR.h.PS.1.c.8,"Explain the four stages of aerobic respiration and relate cellular respiration to plant growth, crop management and post-harvest handling.",,2023-08-04T18:10:20+00:00
Learning Priority,1.3.7.1.4,AFNR.h.PS.1.d,Apply knowledge of plant physiology to plant systems.,,2023-08-04T18:10:20+00:00
Performance Indicator,1.3.7.1.4.1,AFNR.h.PS.1.d.5,Define primary growth and the role of the apical meristem.,,2023-08-04T18:10:20+00:00
Performance Indicator,1.3.7.1.4.2,AFNR.h.PS.1.d.6,Explain the process of secondary plant growth.,,2023-08-04T18:10:20+00:00
Performance Indicator,1.3.7.1.4.3,AFNR.h.PS.1.d.7,Relate the principles of primary and secondary growth to plant systems.,,2023-08-04T18:10:20+00:00
Performance Indicator,1.3.7.1.4.4,AFNR.h.PS.1.d.8,Identify the five groups of naturally occurring plant hormones and synthetic plant growth regulators.,,2023-08-04T18:10:20+00:00
Performance Indicator,1.3.7.1.4.5,AFNR.h.PS.1.d.9,Identify the plant responses to plant growth regulators and different forms of tropism.,,2023-08-04T18:10:20+00:00
Performance Indicator,1.3.7.1.4.6,AFNR.h.PS.1.d.10,Select plant growth regulators to produce desired responses from plants.,,2023-08-04T18:10:20+00:00
Standard,1.3.7.2,AFNR.h.PS.2,"Students will prepare and implement a plant management plan that addresses the influence of environmental factors, nutrients and soil on plant growth.",,2023-08-04T18:10:20+00:00
Learning Priority,1.3.7.2.1,AFNR.h.PS.2.a,Determine the influence of environmental factors on plant growth.,,2023-08-04T18:10:20+00:00
Performance Indicator,1.3.7.2.1.1,AFNR.h.PS.2.a.6,"Describe plant responses to light color, intensity and duration.",,2023-08-04T18:10:20+00:00
Performance Indicator,1.3.7.2.1.2,AFNR.h.PS.2.a.7,"Evaluate plant responses to varied light color, intensity and duration.",,2023-08-04T18:10:20+00:00
Performance Indicator,1.3.7.2.1.3,AFNR.h.PS.2.a.8,"Design, implement and evaluate a plan to maintain optimal conditions for plant growth.",,2023-08-04T18:10:20+00:00
Learning Priority,1.3.7.2.2,AFNR.h.PS.2.b,Prepare growing media for use in plant systems.,,2023-08-04T18:10:20+00:00
Performance Indicator,1.3.7.2.2.1,AFNR.h.PS.2.b.5,Describe the physical characteristics of growing media and explain the influence they have on plant growth.,,2023-08-04T18:10:20+00:00
Performance Indicator,1.3.7.2.2.2,AFNR.h.PS.2.b.6,Formulate and prepare growing media for specific plants or crops.,,2023-08-04T18:10:20+00:00
Performance Indicator,1.3.7.2.2.3,AFNR.h.PS.2.b.7,Identify the categories of soil water.,,2023-08-04T18:10:20+00:00
Performance Indicator,1.3.7.2.2.4,AFNR.h.PS.2.b.8,Discuss how soil drainage and water-holding capacity can be improved.,,2023-08-04T18:10:20+00:00
Performance Indicator,1.3.7.2.2.5,AFNR.h.PS.2.b.9,Determine the hydraulic conductivity for soil and how the results influence irrigation practices.,,2023-08-04T18:10:20+00:00
Learning Priority,1.3.7.2.3,AFNR.h.PS.2.c,"Develop and implement a fertilization plan for specific plants, field crops and/or greenhouse crops.",,2023-08-04T18:10:20+00:00
Performance Indicator,1.3.7.2.3.1,AFNR.h.PS.2.c.7,"Describe nutrient deficiency symptoms, recognize environmental causes of nutrient deficiencies and prepare a scouting report.",,2023-08-04T18:10:20+00:00
Performance Indicator,1.3.7.2.3.2,AFNR.h.PS.2.c.8,Discuss the influence of pH and cation exchange capacity on the availability of nutrients.,,2023-08-04T18:10:20+00:00
Performance Indicator,1.3.7.2.3.3,AFNR.h.PS.2.c.9,Contrast pH and cation exchange capacity between mineral soil and soilless growing media.,,2023-08-04T18:10:20+00:00
Performance Indicator,1.3.7.2.3.4,AFNR.h.PS.2.c.10,Determine the nutrient content of soil using appropriate laboratory procedures and prescribe fertilization based on results.,,2023-08-04T18:10:20+00:00
Performance Indicator,1.3.7.2.3.5,AFNR.h.PS.2.c.11,Determine the nutrient content of plant tissue samples using appropriate laboratory procedures and prescribe fertilization based on results.,,2023-08-04T18:10:20+00:00
Performance Indicator,1.3.7.2.3.6,AFNR.h.PS.2.c.12,Calculate the amount of fertilizer to be applied and calibrate equipment to apply the prescribed amount of fertilizer.,,2023-08-04T18:10:20+00:00
Performance Indicator,1.3.7.2.3.7,AFNR.h.PS.2.c.13,Use variable-rate technology to apply fertilizers to meet crop nutrient needs.,,2023-08-04T18:10:20+00:00
Standard,1.3.7.3,AFNR.h.PS.3,"Students will propagate, culture and harvest plants.",,2023-08-04T18:10:20+00:00
Learning Priority,1.3.7.3.1,AFNR.h.PS.3.a,Demonstrate plant propagation techniques.,,2023-08-04T18:10:20+00:00
Performance Indicator,1.3.7.3.1.1,AFNR.h.PS.3.a.9,Demonstrate proper procedures in budding or grafting selected materials.,,2023-08-04T18:10:20+00:00
Performance Indicator,1.3.7.3.1.2,AFNR.h.PS.3.a.10,Evaluate asexual propagation practices based on productivity and efficiency.,,2023-08-04T18:10:20+00:00
Performance Indicator,1.3.7.3.1.3,AFNR.h.PS.3.a.11,"Define micropropagation, discuss advantages associated with the practice and outline the four main stages of the process.",,2023-08-04T18:10:20+00:00
Performance Indicator,1.3.7.3.1.4,AFNR.h.PS.3.a.12,Propagate plants by micropropagation using aseptic techniques.,,2023-08-04T18:10:20+00:00
Performance Indicator,1.3.7.3.1.5,AFNR.h.PS.3.a.13,Explain the principles behind recombinant DNA technology and the basic steps in the process.,,2023-08-04T18:10:20+00:00
Performance Indicator,1.3.7.3.1.6,AFNR.h.PS.3.a.14,Evaluate the performance of genetically modified crops.,,2023-08-04T18:10:20+00:00
Learning Priority,1.3.7.3.2,AFNR.h.PS.3.b,Develop and implement a plant management plan for crop production.,,2023-08-04T18:10:20+00:00
Performance Indicator,1.3.7.3.2.1,AFNR.h.PS.3.b.10,Inspect propagation material for evidence of pests or disease.,,2023-08-04T18:10:20+00:00
Performance Indicator,1.3.7.3.2.2,AFNR.h.PS.3.b.11,Produce pest- and disease-free propagation material.,,2023-08-04T18:10:20+00:00
Performance Indicator,1.3.7.3.2.3,AFNR.h.PS.3.b.12,Operate mechanized planting equipment.,,2023-08-04T18:10:20+00:00
Performance Indicator,1.3.7.3.2.4,AFNR.h.PS.3.b.13,Prepare and implement a plant production schedule based on predicted environmental conditions.,,2023-08-04T18:10:20+00:00
Performance Indicator,1.3.7.3.2.5,AFNR.h.PS.3.b.14,Explain the reasons for controlling plant growth.,,2023-08-04T18:10:20+00:00
Performance Indicator,1.3.7.3.2.6,AFNR.h.PS.3.b.15,"Demonstrate proper techniques to control and manage plant growth through mechanical, cultural or chemical means.",,2023-08-04T18:10:20+00:00
Performance Indicator,1.3.7.3.2.7,AFNR.h.PS.3.b.16,Create and implement a plan to control and manage plant growth.,,2023-08-04T18:10:20+00:00
Learning Priority,1.3.7.3.3,AFNR.h.PS.3.c,Develop and implement a plan for integrated pest management.,,2023-08-04T18:10:20+00:00
Performance Indicator,1.3.7.3.3.1,AFNR.h.PS.3.c.8,Predict pest and disease problems based on environmental conditions and life cycles.,,2023-08-04T18:10:20+00:00
Performance Indicator,1.3.7.3.3.2,AFNR.h.PS.3.c.9,Describe pest control strategies associated with integrated pest management.,,2023-08-04T18:10:20+00:00
Performance Indicator,1.3.7.3.3.3,AFNR.h.PS.3.c.10,Describe types of pesticide controls and formulations.,,2023-08-04T18:10:20+00:00
Performance Indicator,1.3.7.3.3.4,AFNR.h.PS.3.c.11,"Employ pest management strategies to manage pest populations, assess the effectiveness of the plan and adjust the plan as needed.",,2023-08-04T18:10:20+00:00
Performance Indicator,1.3.7.3.3.5,AFNR.h.PS.3.c.12,Explain risks and benefits associated with the materials and methods used in plant pest management.,,2023-08-04T18:10:20+00:00
Performance Indicator,1.3.7.3.3.6,AFNR.h.PS.3.c.13,"Explain procedures for the safe handling, use and storage of pesticides.",,2023-08-04T18:10:20+00:00
Performance Indicator,1.3.7.3.3.7,AFNR.h.PS.3.c.14,Evaluate environmental and consumer concerns regarding pest management strategies.,,2023-08-04T18:10:20+00:00
Learning Priority,1.3.7.3.4,AFNR.h.PS.3.d,Apply principles and practices of sustainable agriculture to plant production.,,2023-08-04T18:10:20+00:00
Performance Indicator,1.3.7.3.4.1,AFNR.h.PS.3.d.3,Prepare and implement a plan for an agricultural enterprise that involves practices in support of sustainable agriculture.,,2023-08-04T18:10:20+00:00
Learning Priority,1.3.7.3.5,AFNR.h.PS.3.e,"Harvest, handle and store crops.",,2023-08-04T18:10:20+00:00
Performance Indicator,1.3.7.3.5.1,AFNR.h.PS.3.e.8,Operate mechanized harvesting equipment.,,2023-08-04T18:10:20+00:00
Performance Indicator,1.3.7.3.5.2,AFNR.h.PS.3.e.9,Explain reasons for calculating crop yield and loss.,,2023-08-04T18:10:20+00:00
Performance Indicator,1.3.7.3.5.3,AFNR.h.PS.3.e.10,Evaluate crop yield and loss data.,,2023-08-04T18:10:20+00:00
Performance Indicator,1.3.7.3.5.4,AFNR.h.PS.3.e.11,Implement plans to reduce crop loss.,,2023-08-04T18:10:20+00:00
Performance Indicator,1.3.7.3.5.5,AFNR.h.PS.3.e.12,Explain the proper conditions to maintain the quality of plants and plant products held in storage.,,2023-08-04T18:10:20+00:00
Performance Indicator,1.3.7.3.5.6,AFNR.h.PS.3.e.13,Monitor environmental conditions in storage facilities for plants and plant products.,,2023-08-04T18:10:20+00:00
Performance Indicator,1.3.7.3.5.7,AFNR.h.PS.3.e.14,"Evaluate techniques for grading, handling and packaging plants and plant products.",,2023-08-04T18:10:20+00:00
Standard,1.3.7.4,AFNR.h.PS.4,Students will employ elements of design to enhance an environment.,,2023-08-04T18:10:20+00:00
Learning Priority,1.3.7.4.1,AFNR.h.PS.4.a,Create designs using plants.,,2023-08-04T18:10:20+00:00
Performance Indicator,1.3.7.4.1.1,AFNR.h.PS.4.a.5,"Explain design elements of line, form, texture and color and express the visual effect each has on the viewer.",,2023-08-04T18:10:20+00:00
Performance Indicator,1.3.7.4.1.2,AFNR.h.PS.4.a.6,"Select plants, hard goods, supplies and other materials for use in a design based on a range of criteria.",,2023-08-04T18:10:20+00:00
Performance Indicator,1.3.7.4.1.3,AFNR.h.PS.4.a.7,Discuss principles of design that form the basis of artistic impression.,,2023-08-04T18:10:20+00:00
Performance Indicator,1.3.7.4.1.4,AFNR.h.PS.4.a.8,Create and implement designs by following established principles of art.,,2023-08-04T18:10:20+00:00
Standard,1.3.7.5,AFNR.h.PS.5,Students will recognize different systems in which plants grow.,,2023-08-04T18:10:20+00:00
Learning Priority,1.3.7.5.1,AFNR.h.PS.5.a,Investigate various means to grow plants.,,2023-08-04T18:10:20+00:00
Performance Indicator,1.3.7.5.1.1,AFNR.h.PS.5.a.3,"Compare and contrast various plant growing systems including, but not limited to greenhouse, hydroponics, and aquaponics.",,2023-08-04T18:10:20+00:00
Content Area,1.3.8,AFNR.h.PST,"Power, Structural and Technical Systems",,2023-08-04T18:10:20+00:00
Standard,1.3.8.1,AFNR.h.PST.1,"Students will demonstrate competence in the application of principles and techniques for the development and management of power, structural and technical systems.",,2023-08-04T18:10:20+00:00
Learning Priority,1.3.8.1.1,AFNR.h.PST.1.a,Select energy sources in power generation appropriate to the situation.,,2023-08-04T18:10:20+00:00
Performance Indicator,1.3.8.1.1.1,AFNR.h.PST.1.a.3,Compare the efficiency of energy production from various sources.,,2023-08-04T18:10:20+00:00
Learning Priority,1.3.8.1.2,AFNR.h.PST.1.b,"Apply physical science laws and principles to identify, classify and use lubricants.",,2023-08-04T18:10:20+00:00
Performance Indicator,1.3.8.1.2.1,AFNR.h.PST.1.b.3,"Select, use and dispose of lubricants.",,2023-08-04T18:10:20+00:00
Learning Priority,1.3.8.1.3,AFNR.h.PST.1.c,"Identify and use hand and power tools and equipment for service, construction and fabrication.",,2023-08-04T18:10:20+00:00
Performance Indicator,1.3.8.1.3.1,AFNR.h.PST.1.c.3,"Assess the performance of employees in use of hand and power tools to safely and efficiently service, construct and fabricate quality products.",,2023-08-04T18:10:20+00:00
Learning Priority,1.3.8.1.4,AFNR.h.PST.1.d,Perform service routines to maintain power units and equipment.,,2023-08-04T18:10:20+00:00
Performance Indicator,1.3.8.1.4.1,AFNR.h.PST.1.d.9,Test and service mechanical systems.,,2023-08-04T18:10:20+00:00
Performance Indicator,1.3.8.1.4.2,AFNR.h.PST.1.d.10,"Adjust and troubleshoot equipment, including belts and drives, chains and sprockets and maintain fluid conveyance components, such as hoses, lines and nozzles, using computer and on-board diagnostics.",,2023-08-04T18:10:20+00:00
Performance Indicator,1.3.8.1.4.3,AFNR.h.PST.1.d.11,"Maintain and calibrate metering, monitoring and sensing devices on equipment.",,2023-08-04T18:10:20+00:00
Performance Indicator,1.3.8.1.4.4,AFNR.h.PST.1.d.12,Perform start-up and shut-down procedures on power units and equipment as specified in technical manuals.,,2023-08-04T18:10:20+00:00
Performance Indicator,1.3.8.1.4.5,AFNR.h.PST.1.d.13,Adjust equipment for safe and efficient operation.,,2023-08-04T18:10:20+00:00
Learning Priority,1.3.8.1.5,AFNR.h.PST.1.e,Identify the principles of operation and the systems of small engines.,,2023-08-04T18:10:20+00:00
Performance Indicator,1.3.8.1.5.1,AFNR.h.PST.1.e.5,Safely operate small engine equipment.,,2023-08-04T18:10:20+00:00
Performance Indicator,1.3.8.1.5.2,AFNR.h.PST.1.e.6,Demonstrate the operation of two and four stroke engines.,,2023-08-04T18:10:20+00:00
Performance Indicator,1.3.8.1.5.3,AFNR.h.PST.1.e.7,Explain how various mechanical systems interrelate in small engine operation.,,2023-08-04T18:10:20+00:00
Learning Priority,1.3.8.1.6,AFNR.h.PST.1.f,Troubleshoot and repair internal combustion engines.,,2023-08-04T18:10:20+00:00
Performance Indicator,1.3.8.1.6.1,AFNR.h.PST.1.f.6,Performance test internal combustion engines to determine service and repair needs.,,2023-08-04T18:10:20+00:00
Performance Indicator,1.3.8.1.6.2,AFNR.h.PST.1.f.7,Analyze and troubleshoot internal combustion engines.,,2023-08-04T18:10:20+00:00
Performance Indicator,1.3.8.1.6.3,AFNR.h.PST.1.f.8,Overhaul spark-and-compression internal combustion engines.,,2023-08-04T18:10:20+00:00
Performance Indicator,1.3.8.1.6.4,AFNR.h.PST.1.f.9,Use the proper tools to repair and maintain an internal combustion engine.,,2023-08-04T18:10:20+00:00
Learning Priority,1.3.8.1.7,AFNR.h.PST.1.g,Use manufacturers’ guidelines to service and repair the power transmission systems of equipment.,,2023-08-04T18:10:20+00:00
Performance Indicator,1.3.8.1.7.1,AFNR.h.PST.1.g.4,"Describe features, benefits and applications of mechanical transmission components, including belts, chains, gears, bearings, seals, universals and drive shafts.",,2023-08-04T18:10:20+00:00
Performance Indicator,1.3.8.1.7.2,AFNR.h.PST.1.g.5,"Identify and compare operation principles and features, benefits and applications of various power transmission systems.",,2023-08-04T18:10:20+00:00
Performance Indicator,1.3.8.1.7.3,AFNR.h.PST.1.g.6,"Use speed, torque and power measurements to improve efficiency in power transmission systems.",,2023-08-04T18:10:20+00:00
Performance Indicator,1.3.8.1.7.4,AFNR.h.PST.1.g.7,"Inspect, analyze and repair drive trains.",,2023-08-04T18:10:20+00:00
Performance Indicator,1.3.8.1.7.5,AFNR.h.PST.1.g.8,"Inspect, analyze and repair clutches and brakes.",,2023-08-04T18:10:20+00:00
Learning Priority,1.3.8.1.8,AFNR.h.PST.1.h,Service and repair hydraulic and pneumatic systems.,,2023-08-04T18:10:20+00:00
Performance Indicator,1.3.8.1.8.1,AFNR.h.PST.1.h.5,Use symbols and schematic drawings in the maintenance of hydraulic and pneumatic systems.,,2023-08-04T18:10:20+00:00
Performance Indicator,1.3.8.1.8.2,AFNR.h.PST.1.h.6,"Inspect, analyze and repair hydraulic and pneumatic system components, including fluid and compressed-air conveyance components.",,2023-08-04T18:10:20+00:00
Performance Indicator,1.3.8.1.8.3,AFNR.h.PST.1.h.7,Use a pressure-and-flow tester in diagnosing malfunctions and repairing hydraulic and pneumatic systems.,,2023-08-04T18:10:20+00:00
Learning Priority,1.3.8.1.9,AFNR.h.PST.1.i,Troubleshoot and service electrical systems.,,2023-08-04T18:10:20+00:00
Performance Indicator,1.3.8.1.9.1,AFNR.h.PST.1.i.3,"Assess and install electrical circuits, including conductors, insulators and controls.",,2023-08-04T18:10:20+00:00
Performance Indicator,1.3.8.1.9.2,AFNR.h.PST.1.i.4,Interpret electrical system symbols and diagrams.,,2023-08-04T18:10:20+00:00
Learning Priority,1.3.8.1.10,AFNR.h.PST.1.j,Create sketches and plans of agricultural structures.,,2023-08-04T18:10:20+00:00
Performance Indicator,1.3.8.1.10.1,AFNR.h.PST.1.j.4,"Apply principles of design, fabrication and installation of agricultural structures.",,2023-08-04T18:10:20+00:00
Performance Indicator,1.3.8.1.10.2,AFNR.h.PST.1.j.5,Design functional and efficient facilities for agricultural use.,,2023-08-04T18:10:20+00:00
Learning Priority,1.3.8.1.11,AFNR.h.PST.1.k,"Apply structural plans, specifications and building codes.",,2023-08-04T18:10:20+00:00
Performance Indicator,1.3.8.1.11.1,AFNR.h.PST.1.k.3,"Locate, explain and apply elements of a construction drawing.",,2023-08-04T18:10:20+00:00
Performance Indicator,1.3.8.1.11.2,AFNR.h.PST.1.k.4,Follow local construction and safety codes in agricultural construction.,,2023-08-04T18:10:20+00:00
Learning Priority,1.3.8.1.12,AFNR.h.PST.1.l,Examine structural requirements for materials and procedures and estimate construction cost.,,2023-08-04T18:10:20+00:00
Performance Indicator,1.3.8.1.12.1,AFNR.h.PST.1.l.3,"Prepare a project cost estimate, including materials, labor and management.",,2023-08-04T18:10:20+00:00
Learning Priority,1.3.8.1.13,AFNR.h.PST.1.m,"Follow architectural and mechanical plans to construct and/or repair equipment, buildings and facilities.",,2023-08-04T18:10:20+00:00
Performance Indicator,1.3.8.1.13.1,AFNR.h.PST.1.m.9,Evaluate work products or samples for quality and efficiency of workmanship following architectural and mechanical plans.,,2023-08-04T18:10:20+00:00
Performance Indicator,1.3.8.1.13.2,AFNR.h.PST.1.m.10,Install and/or repair electrical wiring components and fixtures following appropriate codes and standards.,,2023-08-04T18:10:20+00:00
Performance Indicator,1.3.8.1.13.3,AFNR.h.PST.1.m.11,Identify electricity measurements and make measurement calculations.,,2023-08-04T18:10:20+00:00
Performance Indicator,1.3.8.1.13.4,AFNR.h.PST.1.m.12,"Construct and/or repair fencing, including wood, static wire, electrical wire and other fencing materials.",,2023-08-04T18:10:20+00:00
Performance Indicator,1.3.8.1.13.5,AFNR.h.PST.1.m.13,Insulate a structure. Calculate BTU Loss.,,2023-08-04T18:10:20+00:00
Performance Indicator,1.3.8.1.13.6,AFNR.h.PST.1.m.14,"Construct and/or repair with concrete, brick, stone or masonry units.",,2023-08-04T18:10:20+00:00
Learning Priority,1.3.8.1.14,AFNR.h.PST.1.n,"Use arc, MIG/TIG welders, equipment and materials needed to weld.",,2023-08-04T18:10:20+00:00
Performance Indicator,1.3.8.1.14.1,AFNR.h.PST.1.n.9,Select suitable supplies and equipment for shielded metal arc welding.,,2023-08-04T18:10:20+00:00
Performance Indicator,1.3.8.1.14.2,AFNR.h.PST.1.n.10,Select Electrodes for use in various arc welding applications.,,2023-08-04T18:10:20+00:00
Performance Indicator,1.3.8.1.14.3,AFNR.h.PST.1.n.11,Use safety equipment and protective clothing for welding.,,2023-08-04T18:10:20+00:00
Performance Indicator,1.3.8.1.14.4,AFNR.h.PST.1.n.12,"Demonstrate through use of welding equipment welding operations (beads, butt, t, lap, fillet vertical, horizontal and pipe welding.",,2023-08-04T18:10:20+00:00
Learning Priority,1.3.8.1.15,AFNR.h.PST.1.o,Use gas welding equipment and materials to weld.,,2023-08-04T18:10:20+00:00
Performance Indicator,1.3.8.1.15.1,AFNR.h.PST.1.o.6,"Use heating, cutting and gas welding equipment safely.",,2023-08-04T18:10:20+00:00
Performance Indicator,1.3.8.1.15.2,AFNR.h.PST.1.o.7,"Change, adjust, shut down and check for leaks in oxygen and acetylene equipment and controls.",,2023-08-04T18:10:20+00:00
Performance Indicator,1.3.8.1.15.3,AFNR.h.PST.1.o.8,Braze and weld safely with oxyacetylene equipment.,,2023-08-04T18:10:20+00:00
Performance Indicator,1.3.8.1.15.4,AFNR.h.PST.1.o.9,Use oxyfuels and other gases to cut steel with a flame touch.,,2023-08-04T18:10:20+00:00
Learning Priority,1.3.8.1.16,AFNR.h.PST.1.p,Apply the use of welding to agricultural related industries.,,2023-08-04T18:10:20+00:00
Performance Indicator,1.3.8.1.16.1,AFNR.h.PST.1.p.3,"Construct and/or repair metal structures and equipment using welding fabrication procedures, including those associated with SMAW, GMAW, GTAW, fuel-oxygen and plasma arc torch methods.",,2023-08-04T18:10:20+00:00
Learning Priority,1.3.8.1.17,AFNR.h.PST.1.q,Apply electrical wiring principles in agricultural applications.,,2023-08-04T18:10:20+00:00
Performance Indicator,1.3.8.1.17.1,AFNR.h.PST.1.q.6,Locate and use electrical codes and regulations.,,2023-08-04T18:10:20+00:00
Performance Indicator,1.3.8.1.17.2,AFNR.h.PST.1.q.7,Use volt and amp meters and continuity testers to demonstrate electricity principles.,,2023-08-04T18:10:20+00:00
Performance Indicator,1.3.8.1.17.3,AFNR.h.PST.1.q.8,"Troubleshoot electrical control system performance problems (Thermostat, light sensors etc.).",,2023-08-04T18:10:20+00:00
Performance Indicator,1.3.8.1.17.4,AFNR.h.PST.1.q.9,Identify hazards and safety when using electricity while installing electrical control circuits.,,2023-08-04T18:10:20+00:00
Learning Priority,1.3.8.1.18,AFNR.h.PST.1.r,Apply technology principles in the use of agricultural technical systems.,,2023-08-04T18:10:20+00:00
Performance Indicator,1.3.8.1.18.1,AFNR.h.PST.1.r.3,Assess database summaries to draw conclusions and propose plans of action.,,2023-08-04T18:10:20+00:00
Learning Priority,1.3.8.1.19,AFNR.h.PST.1.s,Use geospatial technologies in agricultural applications.,,2023-08-04T18:10:20+00:00
Performance Indicator,1.3.8.1.19.1,AFNR.h.PST.1.s.6,"Assess and install instrumentation and data acquisition systems, including Global Positioning System (GPS) receivers.",,2023-08-04T18:10:20+00:00
Performance Indicator,1.3.8.1.19.2,AFNR.h.PST.1.s.7,Output and apply maps using GIS/GPS systems.,,2023-08-04T18:10:20+00:00
Performance Indicator,1.3.8.1.19.3,AFNR.h.PST.1.s.8,Describe principles of precision agriculture for map-and sensor-based systems.,,2023-08-04T18:10:20+00:00
Performance Indicator,1.3.8.1.19.4,AFNR.h.PST.1.s.9,"Identify sensor, control and actuator system components on power units and equipment.",,2023-08-04T18:10:20+00:00