Item Type,Sequence,Human Code,Full Statement,Ed. Level,Last Modified
,1,,Standards for Mathematical Practice,PK-12,2025-02-26T08:50:55+00:00
Standard,1.1,MP.1,Make sense of problems and persevere in solving them.,PK-12,2025-02-26T08:50:55+00:00
Standard,1.2,MP.2,Reason abstractly and quantitatively.,PK-12,2025-02-26T08:50:55+00:00
Standard,1.3,MP.3,Construct viable arguments and critique the reasoning of others.,PK-12,2025-02-26T08:50:55+00:00
Standard,1.4,MP.4,Model with mathematics.,PK-12,2025-02-26T08:50:55+00:00
Standard,1.5,MP.5,Use appropriate tools strategically.,PK-12,2025-02-26T08:50:55+00:00
Standard,1.6,MP.6,Attend to precision.,PK-12,2025-02-26T08:50:55+00:00
Standard,1.7,MP.7,Look for and make use of structure.,PK-12,2025-02-26T08:50:55+00:00
Standard,1.8,MP.8,Look for and express regularity in repeated reasoning.,PK-12,2025-02-26T08:50:55+00:00
,2,,Standards for Mathematical Content P-8,PK-08,2025-02-26T08:50:55+00:00
Grade Level,2.1,,Pre-Kindergarten,PK,2025-02-26T08:50:55+00:00
Domain,2.1.1,NY-PK.CC,Counting and Cardinality,PK,2025-02-26T08:50:55+00:00
Cluster,2.1.1.1,,Know number names and the count sequence.,PK,2025-02-26T08:50:55+00:00
Standard,2.1.1.1.1,NY-PK.CC.1,Count to 20.,PK,2025-02-26T08:50:55+00:00
Standard,2.1.1.1.2,NY-PK.CC.2,"Represent a number of objects (0 - 5), with a written numeral 0–5 (with 0 representing a count of no objects).",PK,2025-02-26T08:50:55+00:00
Cluster,2.1.1.2,,Count to tell the number of objects.,PK,2025-02-26T08:50:55+00:00
Standard,2.1.1.2.1,NY-PK.CC.3,Understand the relationship between numbers and quantities to 10; connect counting to cardinality.,PK,2025-02-26T08:50:55+00:00
Component,2.1.1.2.1.1,NY-PK.CC.3.a,"When counting objects, say the number names in the standard order, pairing each object with one and only one number name and each number name with one and only one object. (1:1 correspondence)",PK,2025-02-26T08:50:55+00:00
Component,2.1.1.2.1.2,NY-PK.CC.3.b,"Explore and develop the concept that the last number name said tells the number of objects counted, (cardinality). The number of objects is the same regardless of their arrangement or the order in which they were counted.",PK,2025-02-26T08:50:55+00:00
Component,2.1.1.2.2,NY-PK.CC.4.a,"Answer counting questions using as many as 10 objects arranged in a line, a rectangular array, and a circle. Answer counting questions using as many as 5 objects in a scattered configuration.",PK,2025-02-26T08:50:55+00:00
Component,2.1.1.2.3,NY-PK.CC.4.b,"Given a number from 1–10, count out that many objects.",PK,2025-02-26T08:50:55+00:00
Cluster,2.1.1.3,,Compare numbers.,PK,2025-02-26T08:50:55+00:00
Standard,2.1.1.3.1,NY-PK.CC.5,"Recognize whether the number of objects in one group is more than, fewer than, or equal to (the same as) the number of objects in another group.",PK,2025-02-26T08:50:55+00:00
Standard,2.1.1.3.2,NY-PK.CC.6,Identify “first” and “last” related to order or position.,PK,2025-02-26T08:50:55+00:00
Domain,2.1.2,NY-PK.OA,Operations and Algebraic Thinking,PK,2025-02-26T08:50:55+00:00
Cluster,2.1.2.1,,Understand addition as adding to and understand subtraction as taking from.,PK,2025-02-26T08:50:55+00:00
Standard,2.1.2.1.1,NY-PK.OA.1,"Explore addition and subtraction by using objects, fingers, and responding to real world situations.",PK,2025-02-26T08:50:55+00:00
Cluster,2.1.2.2,,Understand simple patterns.,PK,2025-02-26T08:50:55+00:00
Standard,2.1.2.2.1,NY-PK.OA.2,Duplicate and extend simple patterns using concrete objects.,PK,2025-02-26T08:50:55+00:00
Domain,2.1.3,NY-PK.MD,Measurement and Data,PK,2025-02-26T08:50:55+00:00
Cluster,2.1.3.1,,Describe and compare measurable attributes.,PK,2025-02-26T08:50:55+00:00
Standard,2.1.3.1.1,NY-PK.MD.1,"Identify measurable attributes of objects, such as length or weight, and describe them using appropriate vocabulary.",PK,2025-02-26T08:50:55+00:00
Cluster,2.1.3.2,,Sort objects and count the number of objects in each category.,PK,2025-02-26T08:50:55+00:00
Standard,2.1.3.2.1,NY-PK.MD.2,Sort objects and shapes into categories; count the objects in each category.,PK,2025-02-26T08:50:55+00:00
Domain,2.1.4,NY-PK.G,Geometry,PK,2025-02-26T08:50:55+00:00
Cluster,2.1.4.1,,"Identify and describe shapes (squares, circles, triangles, and rectangles).",PK,2025-02-26T08:50:55+00:00
Standard,2.1.4.1.1,NY-PK.G.1,"Describe objects in the environment using names of shapes, and describe the relative positions of these objects using terms such as top, bottom, up, down, above, below, in front of, behind, over, under, and next to.",PK,2025-02-26T08:50:55+00:00
Standard,2.1.4.1.2,NY-PK.G.2,Name shapes regardless of size.,PK,2025-02-26T08:50:55+00:00
Cluster,2.1.4.2,,Explore and create two- and three-dimensional objects.,PK,2025-02-26T08:50:55+00:00
Standard,2.1.4.2.1,NY-PK.G.3,"Explore two- and three-dimensional objects and use informal language to describe their similarities, differences, and other attributes.",PK,2025-02-26T08:50:55+00:00
Standard,2.1.4.2.2,NY-PK.G.4,Create and build shapes from components.,PK,2025-02-26T08:50:55+00:00
Grade Level,2.2,,Kindergarten,KG,2025-02-26T08:50:55+00:00
Domain,2.2.1,NY-K.CC,Counting and Cardinality,KG,2025-02-26T08:50:55+00:00
Cluster,2.2.1.1,,Know number names and the count sequence.,KG,2025-02-26T08:50:55+00:00
Standard,2.2.1.1.1,NY-K.CC.1,Count to 100 by ones and by tens.,KG,2025-02-26T08:50:55+00:00
Standard,2.2.1.1.2,NY-K.CC.2,Count to 100 by ones beginning from any given number (instead of beginning at 1).,KG,2025-02-26T08:50:55+00:00
Standard,2.2.1.1.3,NY-K.CC.3,Write numbers from 0 to 20. Represent a number of objects with a written numeral 0-20 (with 0 representing a count of no objects).,KG,2025-02-26T08:50:55+00:00
Cluster,2.2.1.2,,Count to tell the number of objects.,KG,2025-02-26T08:50:55+00:00
Standard,2.2.1.2.1,NY-K.CC.4,Understand the relationship between numbers and quantities up to 20; connect counting to cardinality.,KG,2025-02-26T08:50:55+00:00
Component,2.2.1.2.1.1,NY-K.CC.4.a,"When counting objects, say the number names in the standard order, pairing each object with one and only one number name and each number name with one and only one object. (1:1 correspondence)",KG,2025-02-26T08:50:55+00:00
Component,2.2.1.2.1.2,NY-K.CC.4.b,"Understand that the last number name said tells the number of objects counted, (cardinality). The number of objects is the same regardless of their arrangement or the order in which they were counted.",KG,2025-02-26T08:50:55+00:00
Component,2.2.1.2.1.3,NY-K.CC.4.c,Understand the concept that each successive number name refers to a quantity that is one larger.,KG,2025-02-26T08:50:55+00:00
Component,2.2.1.2.1.4,NY-K.CC.4.d,Understand the concept of ordinal numbers (first through tenth) to describe the relative position and magnitude of whole numbers.,KG,2025-02-26T08:50:55+00:00
Standard,2.2.1.2.2,NY-K.CC.5.a,"Answer counting questions using as many as 20 objects arranged in a line, a rectangular array, and a circle. Answer counting questions using as many as 10 objects in a scattered configuration.",KG,2025-02-26T08:50:55+00:00
Standard,2.2.1.2.3,NY-K.CC.5.b,"Given a number from 1–20, count out that many objects.",KG,2025-02-26T08:50:55+00:00
Cluster,2.2.1.3,,Compare numbers.,KG,2025-02-26T08:50:55+00:00
Standard,2.2.1.3.1,NY-K.CC.6,"Identify whether the number of objects in one group is greater than (more than), less than (fewer than), or equal to (the same as) the number of objects in another group.",KG,2025-02-26T08:50:55+00:00
Standard,2.2.1.3.2,NY-K.CC.7,Compare two numbers between 1 and 10 presented as written numerals.,KG,2025-02-26T08:50:55+00:00
Domain,2.2.2,NY-K.OA,Operations and Algebraic Thinking,KG,2025-02-26T08:50:55+00:00
Cluster,2.2.2.1,,"Understand addition as putting together and adding to, and understand subtraction as taking apart and taking from.",KG,2025-02-26T08:50:55+00:00
Standard,2.2.2.1.1,NY-K.OA.1,"Represent addition and subtraction using objects, fingers, pennies, drawings, sounds, acting out situations, verbal explanations, expressions, equations, or other strategies.",KG,2025-02-26T08:50:55+00:00
Standard,2.2.2.1.2,NY-K.OA.2.a,Add and subtract within 10.,KG,2025-02-26T08:50:55+00:00
Standard,2.2.2.1.3,NY-K.OA.2.b,Solve addition and subtraction word problems within 10.,KG,2025-02-26T08:50:55+00:00
Standard,2.2.2.1.4,NY-K.OA.3,Decompose numbers less than or equal to 10 into pairs in more than one way. Record each decomposition with a drawing or equation.,KG,2025-02-26T08:50:55+00:00
Standard,2.2.2.1.5,NY-K.OA.4,Find the number that makes 10 when given a number from 1 to 9. Record the answer with a drawing or equation.,KG,2025-02-26T08:50:55+00:00
Standard,2.2.2.1.6,NY-K.OA.5,Fluently add and subtract within 5.,KG,2025-02-26T08:50:55+00:00
Cluster,2.2.2.2,,Understand simple patterns.,KG,2025-02-26T08:50:55+00:00
Standard,2.2.2.2.1,NY-K.OA.6,"Duplicate, extend, and create simple patterns using concrete objects.",KG,2025-02-26T08:50:55+00:00
Domain,2.2.3,NY-K.NBT,Number and Operations in Base Ten,KG,2025-02-26T08:50:55+00:00
Cluster,2.2.3.1,,Work with numbers 11–19 to gain foundations for place value.,KG,2025-02-26T08:50:55+00:00
Standard,2.2.3.1.1,NY-K.NBT.1,"Compose and decompose the numbers from 11 to 19 into ten ones and one, two, three, four, five, six, seven, eight, or nine ones.",KG,2025-02-26T08:50:55+00:00
Domain,2.2.4,NY-K.MD,Measurement and Data,KG,2025-02-26T08:50:55+00:00
Cluster,2.2.4.1,,Describe and compare measurable attributes.,KG,2025-02-26T08:50:55+00:00
Standard,2.2.4.1.1,NY-K.MD.1,"Describe measurable attributes of an object(s), such as length or weight, using appropriate vocabulary.",KG,2025-02-26T08:50:55+00:00
Standard,2.2.4.1.2,NY-K.MD.2,Directly compare two objects with a common measurable attribute and describe the difference.,KG,2025-02-26T08:50:55+00:00
Cluster,2.2.4.2,,Classify objects and count the number of objects in each category.,KG,2025-02-26T08:50:55+00:00
Standard,2.2.4.2.1,NY-K.MD.3,Classify objects into given categories; count the objects in each category and sort the categories by count.,KG,2025-02-26T08:50:55+00:00
Standard,2.2.4.2.2,NY-K.MD.4,"Explore coins (pennies, nickels, dimes, and quarters) and begin identifying pennies and dimes.",KG,2025-02-26T08:50:55+00:00
Domain,2.2.5,NY-K.G,Geometry,KG,2025-02-26T08:50:55+00:00
Cluster,2.2.5.1,,"Identify and describe shapes (squares, circles, triangles, rectangles, hexagons, cubes, cones, cylinders, and spheres).",KG,2025-02-26T08:50:55+00:00
Standard,2.2.5.1.1,NY-K.G.1,"Describe objects in the environment using names of shapes, and describe the relative positions of these objects using terms such as above, below, beside, in front of, behind, and next to.",KG,2025-02-26T08:50:55+00:00
Standard,2.2.5.1.2,NY-K.G.2,Name shapes regardless of their orientation or overall size.,KG,2025-02-26T08:50:55+00:00
Standard,2.2.5.1.3,NY-K.G.3,"Understand the difference between two-dimensional (lying in a plane, “flat”) and three-dimensional (“solid”) shapes.",KG,2025-02-26T08:50:55+00:00
Cluster,2.2.5.2,,"Analyze, compare, sort, and compose shapes.",KG,2025-02-26T08:50:55+00:00
Standard,2.2.5.2.1,NY-K.G.4,"Analyze, compare, and sort two- and three-dimensional shapes, in different sizes and orientations, using informal language to describe their similarities, differences, parts, and other attributes.",KG,2025-02-26T08:50:55+00:00
Standard,2.2.5.2.2,NY-K.G.5,Model objects in their environment by building and/or drawing shapes.,KG,2025-02-26T08:50:55+00:00
Standard,2.2.5.2.3,NY-K.G.6,Compose larger shapes from simple shapes.,KG,2025-02-26T08:50:55+00:00
Grade Level,2.3,,Grade 1,01,2025-02-26T08:50:55+00:00
Domain,2.3.1,NY-1.OA,Operations and Algebraic Thinking,01,2025-02-26T08:50:55+00:00
Cluster,2.3.1.1,,Represent and solve problems involving addition and subtraction.,01,2025-02-26T08:50:55+00:00
Standard,2.3.1.1.1,NY-1.OA.1,"Use addition and subtraction within 20 to solve one step word problems involving situations of adding to, taking from, putting together, taking apart, and/or comparing, with unknowns in all positions.",01,2025-02-26T08:50:55+00:00
Standard,2.3.1.1.2,NY-1.OA.2,Solve word problems that call for addition of three whole numbers whose sum is less than or equal to 20.,01,2025-02-26T08:50:55+00:00
Cluster,2.3.1.2,,Understand and apply properties of operations and the relationship between addition and subtraction.,01,2025-02-26T08:50:55+00:00
Standard,2.3.1.2.1,NY-1.OA.3,Apply properties of operations as strategies to add and subtract.,01,2025-02-26T08:50:55+00:00
Standard,2.3.1.2.2,NY-1.OA.4,Understand subtraction as an unknown-addend problem within 20.,01,2025-02-26T08:50:55+00:00
Cluster,2.3.1.3,,Add and subtract within 20.,01,2025-02-26T08:50:55+00:00
Standard,2.3.1.3.1,NY-1.OA.5,Relate counting to addition and subtraction.,01,2025-02-26T08:50:55+00:00
Standard,2.3.1.3.2,NY-1.OA.6.a,"Add and subtract within 20. Use strategies such as:
* counting on;
* making ten;
* decomposing a number leading to a ten;
* using the relationship between addition and subtraction; and
* creating equivalent but easier or known sums.",01,2025-02-26T08:50:55+00:00
Standard,2.3.1.3.3,NY-1.OA.6.b,Fluently add and subtract within 10.,01,2025-02-26T08:50:55+00:00
Cluster,2.3.1.4,,Work with addition and subtraction equations.,01,2025-02-26T08:50:55+00:00
Standard,2.3.1.4.1,NY-1.OA.7,"Understand the meaning of the equal sign, and determine if equations involving addition and subtraction are true or false.",01,2025-02-26T08:50:55+00:00
Standard,2.3.1.4.2,NY-1.OA.8,Determine the unknown whole number in an addition or subtraction equation with the unknown in all positions.,01,2025-02-26T08:50:55+00:00
Domain,2.3.2,NY-1.NBT,Number and Operations in Base Ten,01,2025-02-26T08:50:55+00:00
Cluster,2.3.2.1,,Extend the counting sequence.,01,2025-02-26T08:50:55+00:00
Standard,2.3.2.1.1,NY-1.NBT.1,"Count to 120, starting at any number less than 120. In this range, read and write numerals and represent a number of objects with a written numeral.",01,2025-02-26T08:50:55+00:00
Cluster,2.3.2.2,,Understand place value.,01,2025-02-26T08:50:55+00:00
Standard,2.3.2.2.1,NY-1.NBT.2,Understand that the two digits of a two-digit number represent amounts of tens and ones.,01,2025-02-26T08:50:55+00:00
Component,2.3.2.2.1.1,NY-1.NBT.2.a,"Understand 10 can be thought of as a bundle of ten ones, called a ""ten"".",01,2025-02-26T08:50:55+00:00
Component,2.3.2.2.1.2,NY-1.NBT.2.b,"Understand the numbers from 11 to 19 are composed of a ten and one, two, three, four, five, six, seven, eight, or nine ones.",01,2025-02-26T08:50:55+00:00
Component,2.3.2.2.1.3,NY-1.NBT.2.c,"Understand the numbers 10, 20, 30, 40, 50, 60, 70, 80, 90 refer to one, two, three, four, five, six, seven, eight, or nine tens (and 0 ones).",01,2025-02-26T08:50:55+00:00
Standard,2.3.2.2.2,NY-1.NBT.3,"Compare two two-digit numbers based on meanings of the tens and ones digits, recording the results of comparisons with the symbols >, =, and < .",01,2025-02-26T08:50:55+00:00
Cluster,2.3.2.3,,Use place value understanding and properties of operations to add and subtract.,01,2025-02-26T08:50:55+00:00
Standard,2.3.2.3.1,NY-1.NBT.4,"Add within 100, including
* a two-digit number and a one-digit number,
* a two-digit number and a multiple of 10.
* Use concrete models or drawings and strategies based on place value, properties of operations, and/or the relationship between addition and subtraction.
* Understand that in adding two-digit numbers, one adds tens and tens, ones and ones, and sometimes it is necessary to compose a ten. Relate the strategy to a written representation and explain the reasoning used.",01,2025-02-26T08:50:55+00:00
Standard,2.3.2.3.2,NY-1.NBT.5,"Given a two-digit number, mentally find 10 more or 10 less than the number, without having to count; explain the reasoning used.",01,2025-02-26T08:50:55+00:00
Standard,2.3.2.3.3,NY-1.NBT.6,"Subtract multiples of 10 from multiples of 10 in the range 10-90 using
* concrete models or drawings, and
* strategies based on place value, properties of operations, and/or the relationship between addition and subtraction. Relate the strategy used to a written representation and explain the reasoning.",01,2025-02-26T08:50:55+00:00
Domain,2.3.3,NY-1.MD,Measurement and Data,01,2025-02-26T08:50:55+00:00
Cluster,2.3.3.1,,Measure lengths indirectly and by iterating length units.,01,2025-02-26T08:50:55+00:00
Standard,2.3.3.1.1,NY-1.MD.1,Order three objects by length; compare the lengths of two objects indirectly by using a third object.,01,2025-02-26T08:50:55+00:00
Standard,2.3.3.1.2,NY-1.MD.2,Measure the length of an object using same-size “length units” placed end to end with no gaps or overlaps. Express the length of an object as a whole number of “length units.”,01,2025-02-26T08:50:55+00:00
Cluster,2.3.3.2,,Tell and write time and money.,01,2025-02-26T08:50:55+00:00
Standard,2.3.3.2.1,NY-1.MD.3.a,"Tell and write time in hours and half-hours using analog and digital clocks. Develop an understanding of common terms, such as, but not limited to, *o’clock* and *half past*.",01,2025-02-26T08:50:55+00:00
Standard,2.3.3.2.2,NY-1.MD.3.b,"Recognize and identify coins (penny, nickel, dime, and quarter) and their value and use the cent symbol (¢) appropriately.",01,2025-02-26T08:50:55+00:00
Standard,2.3.3.2.3,NY-1.MD.3.c,Count a mixed collection of dimes and pennies and determine the cent value (total not to exceed 100 cents).,01,2025-02-26T08:50:55+00:00
Cluster,2.3.3.3,,Represent and interpret data.,01,2025-02-26T08:50:55+00:00
Standard,2.3.3.3.1,NY-1.MD.4,"Organize, represent, and interpret data with up to three categories; ask and answer questions about the total number of data points, how many in each category, and how many more or less are in one category than in another.",01,2025-02-26T08:50:55+00:00
Domain,2.3.4,NY-1.G,Geometry,01,2025-02-26T08:50:55+00:00
Cluster,2.3.4.1,,Reason with shapes and their attributes.,01,2025-02-26T08:50:55+00:00
Standard,2.3.4.1.1,NY-1.G.1,Distinguish between defining attributes versus non-defining attributes for a wide variety of shapes. Build and/or draw shapes to possess defining attributes.,01,2025-02-26T08:50:55+00:00
Standard,2.3.4.1.2,NY-1.G.2,"Compose two-dimensional shapes (rectangles, squares, trapezoids, triangles, half-circles, and quarter-circles) or three-dimensional shapes (cubes, right rectangular prisms, right circular cones, and right circular cylinders) to create a composite shape, and compose new shapes from the composite shape.",01,2025-02-26T08:50:55+00:00
Standard,2.3.4.1.3,NY-1.G.3,"Partition circles and rectangles into two and four equal shares, describe the shares using the words *halves, fourths*, and *quarters*, and use the phrases *half of, fourth of*, and *quarter of*. Describe the whole as *two of*, or *four of* the shares. Understand for these examples that decomposing into more equal shares creates smaller shares.",01,2025-02-26T08:50:55+00:00
Grade Level,2.4,,Grade 2,02,2025-02-26T08:50:55+00:00
Domain,2.4.1,NY-2.OA,Operations and Algebraic Thinking,02,2025-02-26T08:50:55+00:00
Cluster,2.4.1.1,,Represent and solve problems involving addition and subtraction.,02,2025-02-26T08:50:55+00:00
Standard,2.4.1.1.1,NY-2.OA.1.a,"Use addition and subtraction within 100 to solve one-step word problems involving situations of adding to, taking from, putting together, taking apart, and comparing, with unknowns in all positions.",02,2025-02-26T08:50:55+00:00
Standard,2.4.1.1.2,NY-2.OA.1.b,"Use addition and subtraction within 100 to develop an understanding of solving two-step word problems involving situations of adding to, taking from, putting together, taking apart, and comparing, with unknowns in all positions.",02,2025-02-26T08:50:55+00:00
Cluster,2.4.1.2,,Add and subtract within 20.,02,2025-02-26T08:50:55+00:00
Standard,2.4.1.2.1,NY-2.OA.2.a,"Fluently add and subtract within 20 using mental strategies. Strategies could include:
* counting on;
* making ten;
* decomposing a number leading to a ten;
* using the relationship between addition and subtraction; and creating equivalent but easier or known sums.",02,2025-02-26T08:50:55+00:00
Standard,2.4.1.2.2,NY-2.OA.2.b,Know from memory all sums within 20 of two one-digit numbers.,02,2025-02-26T08:50:55+00:00
Cluster,2.4.1.3,,Work with equal groups of objects to gain foundations for multiplication.,02,2025-02-26T08:50:55+00:00
Standard,2.4.1.3.1,NY-2.OA.3.a,Determine whether a group of objects (up to 20) has an odd or even number of members.,02,2025-02-26T08:50:55+00:00
Standard,2.4.1.3.2,NY-2.OA.3.b,Write an equation to express an even number as a sum of two equal addends.,02,2025-02-26T08:50:55+00:00
Standard,2.4.1.3.3,NY-2.OA.4,Use addition to find the total number of objects arranged in rectangular arrays with up to 5 rows and up to 5 columns. Write an equation to express the total as a sum of equal addends.,02,2025-02-26T08:50:55+00:00
Domain,2.4.2,NY-2.NBT,Number and Operations in Base Ten,02,2025-02-26T08:50:55+00:00
Cluster,2.4.2.1,,Understand place value.,02,2025-02-26T08:50:55+00:00
Standard,2.4.2.1.1,NY-2.NBT.1,"Understand that the digits of a three-digit number represent amounts of hundreds, tens, and ones.",02,2025-02-26T08:50:55+00:00
Component,2.4.2.1.1.1,NY-2.NBT.1.a,"Understand 100 can be thought of as a bundle of ten tens, called a “hundred.”",02,2025-02-26T08:50:55+00:00
Component,2.4.2.1.1.2,NY-2.NBT.1.b,"Understand the numbers 100, 200, 300, 400, 500, 600, 700, 800, 900 refer to one, two, three, four, five, six, seven, eight, or nine hundreds (and 0 tens and 0 ones).",02,2025-02-26T08:50:55+00:00
Standard,2.4.2.1.2,NY-2.NBT.2,"Count within 1000; skip-count by 5s, 10s, and 100s.",02,2025-02-26T08:50:55+00:00
Standard,2.4.2.1.3,NY-2.NBT.3,"Read and write numbers to 1000 using base-ten numerals, number names, and expanded form.",02,2025-02-26T08:50:55+00:00
Standard,2.4.2.1.4,NY-2.NBT.4,"Compare two three-digit numbers based on meanings of the hundreds, tens, and ones digits, using >, =, and < symbols to record the results of comparisons.",02,2025-02-26T08:50:55+00:00
Cluster,2.4.2.2,,Use place value understanding and properties of operations to add and subtract.,02,2025-02-26T08:50:55+00:00
Standard,2.4.2.2.1,NY-2.NBT.5,"Fluently add and subtract within 100 using strategies based on place value, properties of operations, and/or the relationship between addition and subtraction.",02,2025-02-26T08:50:55+00:00
Standard,2.4.2.2.2,NY-2.NBT.6,Add up to four two-digit numbers using strategies based on place value and properties of operations.,02,2025-02-26T08:50:55+00:00
Standard,2.4.2.2.3,NY-2.NBT.7.a,"Add and subtract within 1000, using
* concrete models or drawings, and strategies based on place value, properties of operations, and/or the relationship between addition and subtraction. Relate the strategy to a written representation.",02,2025-02-26T08:50:55+00:00
Standard,2.4.2.2.4,NY-2.NBT.7.b,"Understand that in adding or subtracting up to three-digit numbers, one adds or subtracts hundreds and hundreds, tens and tens, ones and ones, and sometimes it is necessary to compose or decompose tens or hundreds.",02,2025-02-26T08:50:55+00:00
Standard,2.4.2.2.5,NY-2.NBT.8,"Mentally add 10 or 100 to a given number 100-900, and mentally subtract 10 or 100 from a given number 100-900.",02,2025-02-26T08:50:55+00:00
Standard,2.4.2.2.6,NY-2.NBT.9,"Explain why addition and subtraction strategies work, using place value and the properties of operations.",02,2025-02-26T08:50:55+00:00
Domain,2.4.3,NY-2.MD,Measurement and Data,02,2025-02-26T08:50:55+00:00
Cluster,2.4.3.1,,Measure and estimate lengths in standard units.,02,2025-02-26T08:50:55+00:00
Standard,2.4.3.1.1,NY-2.MD.1,"Measure the length of an object to the nearest whole by selecting and using appropriate tools such as rulers, yardsticks, meter sticks, and measuring tapes.",02,2025-02-26T08:50:55+00:00
Standard,2.4.3.1.2,NY-2.MD.2,"Measure the length of an object twice, using different “length units” for the two measurements; describe how the two measurements relate to the size of the unit chosen.",02,2025-02-26T08:50:55+00:00
Standard,2.4.3.1.3,NY-2.MD.3,"Estimate lengths using units of inches, feet, centimeters, and meters.",02,2025-02-26T08:50:55+00:00
Standard,2.4.3.1.4,NY-2.MD.4,"Measure to determine how much longer one object is than another, expressing the length difference in terms of a standard “length unit.”",02,2025-02-26T08:50:55+00:00
Cluster,2.4.3.2,,Relate addition and subtraction to length.,02,2025-02-26T08:50:55+00:00
Standard,2.4.3.2.1,NY-2.MD.5,Use addition and subtraction within 100 to solve word problems involving lengths that are given in the same units.,02,2025-02-26T08:50:55+00:00
Standard,2.4.3.2.2,NY-2.MD.6,"Represent whole numbers as lengths from 0 on a number line with equally spaced points corresponding to the numbers 0, 1, 2, ..., and represent whole-number sums and differences within 100 on a number line.",02,2025-02-26T08:50:55+00:00
Cluster,2.4.3.3,,Work with time and money.,02,2025-02-26T08:50:55+00:00
Standard,2.4.3.3.1,NY-2.MD.7,"Tell and write time from analog and digital clocks in five minute increments, using a.m. and p.m. Develop an understanding of common terms, such as, but not limited to, *quarter past, half past*, and *quarter to*.",02,2025-02-26T08:50:55+00:00
Standard,2.4.3.3.2,NY-2.MD.8.a,Count a mixed collection of coins whose sum is less than or equal to one dollar.,02,2025-02-26T08:50:55+00:00
Standard,2.4.3.3.3,NY-2.MD.8.b,"Solve real world and mathematical problems within one dollar involving quarters, dimes, nickels, and pennies, using the ¢ (cent) symbol appropriately.",02,2025-02-26T08:50:55+00:00
Cluster,2.4.3.4,,Represent and interpret data.,02,2025-02-26T08:50:55+00:00
Standard,2.4.3.4.1,NY-2.MD.10,"Draw a picture graph and a bar graph (with single-unit scale) to represent a data set with up to four categories. Solve simple put-together, take-apart, and compare problems using information presented in a picture graph or a bar graph.",02,2025-02-26T08:50:55+00:00
Standard,2.4.3.4.2,NY-2.MD.9,"Generate measurement data by measuring lengths of several objects to the nearest whole unit, or by making repeated measurements of the same object. Present the measurement data in a line plot, where the horizontal scale is marked off in whole-number units.",02,2025-02-26T08:50:55+00:00
Domain,2.4.4,NY-2.G,Geometry,02,2025-02-26T08:50:55+00:00
Cluster,2.4.4.1,,Reason with shapes and their attributes.,02,2025-02-26T08:50:55+00:00
Standard,2.4.4.1.1,NY-2.G.1,Classify two-dimensional figures as polygons or non-polygons.,02,2025-02-26T08:50:55+00:00
Standard,2.4.4.1.2,NY-2.G.2,Partition a rectangle into rows and columns of same-size squares and count to find the total number of them.,02,2025-02-26T08:50:55+00:00
Standard,2.4.4.1.3,NY-2.G.3,"Partition circles and rectangles into two, three, or four equal shares. Describe the shares using the words *halves, thirds, half of, a third of*, etc. Describe the whole as *two halves, three thirds, four fourths*. Recognize that equal shares of identical wholes need not have the same shape.",02,2025-02-26T08:50:55+00:00
Grade Level,2.5,,Grade 3,03,2025-02-26T08:50:55+00:00
Domain,2.5.1,NY-3.OA,Operations and Algebraic Thinking,03,2025-02-26T08:50:55+00:00
Cluster,2.5.1.1,,Represent and solve problems involving multiplication and division.,03,2025-02-26T08:50:55+00:00
Standard,2.5.1.1.1,NY-3.OA.1,Interpret products of whole numbers.,03,2025-02-26T08:50:55+00:00
Standard,2.5.1.1.2,NY-3.OA.2,Interpret whole-number quotients of whole numbers.,03,2025-02-26T08:50:55+00:00
Standard,2.5.1.1.3,NY-3.OA.3,"Use multiplication and division within 100 to solve word problems in situations involving equal groups, arrays, and measurement quantities.",03,2025-02-26T08:50:55+00:00
Standard,2.5.1.1.4,NY-3.OA.4,Determine the unknown whole number in a multiplication or division equation relating three whole numbers.,03,2025-02-26T08:50:55+00:00
Cluster,2.5.1.2,,Understand properties of multiplication and the relationship between multiplication and division.,03,2025-02-26T08:50:55+00:00
Standard,2.5.1.2.1,NY-3.OA.5,Apply properties of operations as strategies to multiply and divide.,03,2025-02-26T08:50:55+00:00
Standard,2.5.1.2.2,NY-3.OA.6,Understand division as an unknown-factor problem.,03,2025-02-26T08:50:55+00:00
Cluster,2.5.1.3,,Multiply and divide within 100.,03,2025-02-26T08:50:55+00:00
Standard,2.5.1.3.1,NY-3.OA.7.a,"Fluently solve single-digit multiplication and related divisions, using strategies such as the relationship between multiplication and division or properties of operations.",03,2025-02-26T08:50:55+00:00
Standard,2.5.1.3.2,NY-3.OA.7.b,Know from memory all products of two one-digit numbers.,03,2025-02-26T08:50:55+00:00
Cluster,2.5.1.4,,"Solve problems involving the four operations, and identify and extend patterns in arithmetic.",03,2025-02-26T08:50:55+00:00
Standard,2.5.1.4.1,NY-3.OA.8,Solve two-step word problems posed with whole numbers and having whole-number answers using the four operations.,03,2025-02-26T08:50:55+00:00
Component,2.5.1.4.1.1,NY-3.OA.8.a,Represent these problems using equations or expressions with a letter standing for the unknown quantity.,03,2025-02-26T08:50:55+00:00
Component,2.5.1.4.1.2,NY-3.OA.8.b,Assess the reasonableness of answers using mental computation and estimation strategies including rounding.,03,2025-02-26T08:50:55+00:00
Standard,2.5.1.4.2,NY-3.OA.9,Identify and extend arithmetic patterns (including patterns in the addition table or multiplication table).,03,2025-02-26T08:50:55+00:00
Domain,2.5.2,NY-3.NBT,Number and Operations in Base Ten,03,2025-02-26T08:50:55+00:00
Cluster,2.5.2.1,,Use place value understanding and properties of operations to perform multi-digit arithmetic.,03,2025-02-26T08:50:55+00:00
Standard,2.5.2.1.1,NY-3.NBT.1,Use place value understanding to round whole numbers to the nearest 10 or 100.,03,2025-02-26T08:50:55+00:00
Standard,2.5.2.1.2,NY-3.NBT.2,"Fluently add and subtract within 1,000 using strategies and algorithms based on place value, properties of operations, and/or the relationship between addition and subtraction.",03,2025-02-26T08:50:55+00:00
Standard,2.5.2.1.3,NY-3.NBT.3,Multiply one-digit whole numbers by multiples of 10 in the range 10-90 using strategies based on place value and properties of operations.,03,2025-02-26T08:50:55+00:00
Standard,2.5.2.1.4,NY-3.NBT.4.a,"Understand that the digits of a four-digit number represent amounts of thousands, hundreds, tens, and ones.",03,2025-02-26T08:50:55+00:00
Standard,2.5.2.1.5,NY-3.NBT.4.b,"Read and write four digit numbers using base-ten numerals, number names, and expanded form.",03,2025-02-26T08:50:55+00:00
Domain,2.5.3,NY-3.NF,Number and Operations – Fractions,03,2025-02-26T08:50:55+00:00
Cluster,2.5.3.1,,Develop understanding of fractions as numbers.,03,2025-02-26T08:50:55+00:00
Standard,2.5.3.1.1,NY-3.NF.1,"Understand a unit fraction, $\frac{1}{b}$, is the quantity formed by 1 part when a whole is partitioned into *b* equal parts. Understand a fraction $\frac{a}{b}$ as the quantity formed by *a* parts of size $\frac{1}{b}$.",03,2025-03-03T19:31:33+00:00
Standard,2.5.3.1.2,NY-3.NF.2,Understand a fraction as a number on the number line; represent fractions on a number line.,03,2025-02-26T08:50:55+00:00
Component,2.5.3.1.2.1,NY-3.NF.2.a,Represent a fraction $\frac{1}{b}$ on a number line by defining the interval from 0 to 1 as the whole and partitioning it into *b* equal parts. Recognize that each part has size $\frac{1}{b}$ and that the endpoint of the part starting at 0 locates the number $\frac{1}{b}$ on the number line.,03,2025-03-03T19:31:45+00:00
Component,2.5.3.1.2.2,NY-3.NF.2.b,Represent a fraction $\frac{a}{b}$ on a number line by marking off *a* lengths $\frac{1}{b}$ from 0. Recognize that the resulting interval has size $\frac{a}{b}$ and that its endpoint locates the number $\frac{a}{b}$ on the number line.,03,2025-03-03T19:32:05+00:00
Standard,2.5.3.1.3,NY-3.NF.3,Explain equivalence of fractions and compare fractions by reasoning about their size.,03,2025-02-26T08:50:55+00:00
Component,2.5.3.1.3.1,NY-3.NF.3.a,"Understand two fractions as equivalent (equal) if they are the same size, or the same point on a number line.",03,2025-02-26T08:50:55+00:00
Component,2.5.3.1.3.2,NY-3.NF.3.b,Recognize and generate equivalent fractions. Explain why the fractions are equivalent.,03,2025-02-26T08:50:55+00:00
Component,2.5.3.1.3.3,NY-3.NF.3.c,"Express whole numbers as fractions, and recognize fractions that are equivalent to whole numbers.",03,2025-02-26T08:50:55+00:00
Component,2.5.3.1.3.4,NY-3.NF.3.d,"Compare two fractions with the same numerator or the same denominator by reasoning about their size. Recognize that comparisons rely on the two fractions referring to the same whole. Record the results of comparisons with the symbols >, =, or < , and justify the conclusions.",03,2025-02-26T08:50:55+00:00
Domain,2.5.4,NY-3.MD,Measurement and Data,03,2025-02-26T08:50:55+00:00
Cluster,2.5.4.1,,"Solve problems involving measurement and estimation of intervals of time, liquid volumes, and masses of objects.",03,2025-02-26T08:50:55+00:00
Standard,2.5.4.1.1,NY-3.MD.1,Tell and write time to the nearest minute and measure time intervals in minutes. Solve one-step word problems involving addition and subtraction of time intervals in minutes.,03,2025-02-26T08:50:55+00:00
Standard,2.5.4.1.2,NY-3.MD.2.a,"Measure and estimate liquid volumes and masses of objects using grams (g), kilograms (kg), and liters (l).",03,2025-03-03T20:09:02+00:00
Standard,2.5.4.1.3,NY-3.MD.2.b,"Add, subtract, multiply, or divide to solve one-step word problems involving masses or liquid volumes that are given in the same units.",03,2025-02-26T08:50:55+00:00
Cluster,2.5.4.2,,Represent and interpret data.,03,2025-02-26T08:50:55+00:00
Standard,2.5.4.2.1,NY-3.MD.3,Draw a scaled picture graph and a scaled bar graph to represent a data set with several categories. Solve one- and two-step “how many more” and “how many less” problems using information presented in a scaled picture graph or a scaled bar graph.,03,2025-02-26T08:50:55+00:00
Standard,2.5.4.2.2,NY-3.MD.4,"Generate measurement data by measuring lengths using rulers marked with halves and fourths of an inch. Show the data by making a line plot where the horizontal scale is marked off in appropriate units—whole numbers, halves, or quarters.",03,2025-02-26T08:50:55+00:00
Cluster,2.5.4.3,,Geometric measurement: understand concepts of area and relate area to multiplication and to addition.,03,2025-02-26T08:50:55+00:00
Standard,2.5.4.3.1,NY-3.MD.5,Recognize area as an attribute of plane figures and understand concepts of area measurement.,03,2025-02-26T08:50:55+00:00
Component,2.5.4.3.1.1,NY-3.MD.5.a,"Recognize a square with side length 1 unit, called “a unit square,” is said to have “one square unit” of area, and can be used to measure area.",03,2025-02-26T08:50:55+00:00
Component,2.5.4.3.1.2,NY-3.MD.5.b,Recognize a plane figure which can be covered without gaps or overlaps by *n* unit squares is said to have an area of *n* square units.,03,2025-02-26T08:50:55+00:00
Standard,2.5.4.3.2,NY-3.MD.6,Measure areas by counting unit squares.,03,2025-02-26T08:50:55+00:00
Standard,2.5.4.3.3,NY-3.MD.7,Relate area to the operations of multiplication and addition.,03,2025-02-26T08:50:55+00:00
Component,2.5.4.3.3.1,NY-3.MD.7.a,"Find the area of a rectangle with whole-number side lengths by tiling it, and show that the area is the same as would be found by multiplying the side lengths.",03,2025-02-26T08:50:55+00:00
Component,2.5.4.3.3.2,NY-3.MD.7.b,"Multiply side lengths to find areas of rectangles with whole-number side lengths in the context of solving real world and mathematical problems, and represent whole-number products as rectangular areas in mathematical reasoning.",03,2025-02-26T08:50:55+00:00
Component,2.5.4.3.3.3,NY-3.MD.7.c,Use tiling to show in a concrete case that the area of a rectangle with whole-number side length *a* and side length *b* + *c* is the sum of *a* × *b* and *a* × *c*. Use area models to represent the distributive property in mathematical reasoning.,03,2025-02-26T08:50:55+00:00
Component,2.5.4.3.3.4,NY-3.MD.7.d,"Recognize area as additive. Find areas of figures composed of non-overlapping rectangles, and apply this technique to solve real world problems.",03,2025-02-26T08:50:55+00:00
Cluster,2.5.4.4,,Geometric measurement: recognize perimeter as an attribute of plane figures and distinguish between linear and area measures.,03,2025-02-26T08:50:55+00:00
Standard,2.5.4.4.1,NY-3.MD.8.a,"Solve real world and mathematical problems involving perimeters of polygons, including finding the perimeter given the side lengths or finding one unknown side length given the perimeter and other side lengths.",03,2025-02-26T08:50:55+00:00
Standard,2.5.4.4.2,NY-3.MD.8.b,Identify rectangles with the same perimeter and different areas or with the same area and different perimeters.,03,2025-02-26T08:50:55+00:00
Domain,2.5.5,NY-3.G,Geometry,03,2025-02-26T08:50:55+00:00
Cluster,2.5.5.1,,Reason with shapes and their attributes.,03,2025-02-26T08:50:55+00:00
Standard,2.5.5.1.1,NY-3.G.1,"Recognize and classify polygons based on the number of sides and vertices (triangles, quadrilaterals, pentagons, and hexagons). Identify shapes that do not belong to one of the given subcategories.",03,2025-02-26T08:50:55+00:00
Standard,2.5.5.1.2,NY-3.G.2,Partition shapes into parts with equal areas. Express the area of each part as a unit fraction of the whole.,03,2025-02-26T08:50:55+00:00
Grade Level,2.6,,Grade 4,04,2025-02-26T08:50:55+00:00
Domain,2.6.1,NY-4.G,Geometry,04,2025-02-26T08:50:55+00:00
Cluster,2.6.1.1,,"Draw and identify lines and angles, and classify shapes by properties of their lines and angles.",04,2025-02-26T08:50:55+00:00
Standard,2.6.1.1.1,NY-4.G.1,"Draw points, lines, line segments, rays, angles (right, acute, obtuse), and perpendicular and parallel lines. Identify these in two-dimensional figures.",04,2025-02-26T08:50:55+00:00
Standard,2.6.1.1.2,NY-4.G.2.a,"Identify and name triangles based on angle size (right, obtuse, acute).",04,2025-02-26T08:50:55+00:00
Standard,2.6.1.1.3,NY-4.G.2.b,Identify and name all quadrilaterals with 2 pairs of parallel sides as parallelograms.,04,2025-02-26T08:50:55+00:00
Standard,2.6.1.1.4,NY-4.G.2.c,Identify and name all quadrilaterals with four right angles as rectangles.,04,2025-02-26T08:50:55+00:00
Standard,2.6.1.1.5,NY-4.G.3,Recognize a line of symmetry for a two-dimensional figure as a line across the figure such that the figure can be folded along the line into matching parts. Identify line-symmetric figures and draw lines of symmetry.,04,2025-02-26T08:50:55+00:00
Domain,2.6.2,NY-4.OA,Operations and Algebraic Thinking,04,2025-02-26T08:50:55+00:00
Cluster,2.6.2.1,,Use the four operations with whole numbers to solve problems.,04,2025-02-26T08:50:55+00:00
Standard,2.6.2.1.1,NY-4.OA.1,Interpret a multiplication equation as a comparison. Represent verbal statements of multiplicative comparisons as multiplication equations.,04,2025-02-26T08:50:55+00:00
Standard,2.6.2.1.2,NY-4.OA.2,"Multiply or divide to solve word problems involving multiplicative comparison, distinguishing multiplicative comparison from additive comparison. Use drawings and equations with a symbol for the unknown number to represent the problem.",04,2025-02-26T08:50:55+00:00
Standard,2.6.2.1.3,NY-4.OA.3,"Solve multistep word problems posed with whole numbers and having whole-number answers using the four operations, including problems in which remainders must be interpreted.",04,2025-02-26T08:50:55+00:00
Component,2.6.2.1.3.1,NY-4.OA.3.a,Represent these problems using equations or expressions with a letter standing for the unknown quantity.,04,2025-02-26T08:50:55+00:00
,2.6.2.1.3.2,NY-4.OA.3.b,Assess the reasonableness of answers using mental computation and estimation strategies including rounding.,,2025-02-26T08:50:55+00:00
Cluster,2.6.2.2,,Gain familiarity with factors and multiples.,04,2025-02-26T08:50:55+00:00
Standard,2.6.2.2.1,NY-4.OA.4,Find all factor pairs for a whole number in the range 1–100. Recognize that a whole number is a multiple of each of its factors. Determine whether a given whole number in the range 1–100 is a multiple of a given one-digit number. Determine whether a given whole number in the range 1-100 is prime or composite.,04,2025-02-26T08:50:55+00:00
Cluster,2.6.2.3,,Generate and analyze patterns.,04,2025-02-26T08:50:55+00:00
Standard,2.6.2.3.1,NY-4.OA.5,Generate a number or shape pattern that follows a given rule. Identify and informally explain apparent features of the pattern that were not explicit in the rule itself.,04,2025-02-26T08:50:55+00:00
Domain,2.6.3,NY-4.NBT,Number and Operations in Base Ten,04,2025-02-26T08:50:55+00:00
Cluster,2.6.3.1,,Generalize place value understanding for multi-digit whole numbers.,04,2025-02-26T08:50:55+00:00
Standard,2.6.3.1.1,NY-4.NBT.1,"Recognize that in a multi-digit whole number, a digit in one place represents ten times what it represents in the place to its right.",04,2025-02-26T08:50:55+00:00
Standard,2.6.3.1.2,NY-4.NBT.2.a,"Read and write multi-digit whole numbers using base-ten numerals, number names, and expanded form.",04,2025-02-26T08:50:55+00:00
Standard,2.6.3.1.3,NY-4.NBT.2.b,"Compare two multi-digit numbers based on meanings of the digits in each place, using >, =, and < symbols to record the results of comparisons.",04,2025-02-26T08:50:55+00:00
Standard,2.6.3.1.4,NY-4.NBT.3,Use place value understanding to round multi-digit whole numbers to any place.,04,2025-02-26T08:50:55+00:00
Cluster,2.6.3.2,,Use place value understanding and properties of operations to perform multi-digit arithmetic.,04,2025-02-26T08:50:55+00:00
Standard,2.6.3.2.1,NY-4.NBT.4,Fluently add and subtract multi-digit whole numbers using a standard algorithm.,04,2025-02-26T08:50:55+00:00
Standard,2.6.3.2.2,NY-4.NBT.5,"Multiply a whole number of up to four digits by a one-digit whole number, and multiply two two-digit numbers, using strategies based on place value and the properties of operations. Illustrate and explain the calculation by using equations, rectangular arrays, and/or area models.",04,2025-02-26T08:50:55+00:00
Standard,2.6.3.2.3,NY-4.NBT.6,"Find whole-number quotients and remainders with up to four-digit dividends and one-digit divisors, using strategies based on place value, the properties of operations, and/or the relationship between multiplication and division. Illustrate and explain the calculation by using equations, rectangular arrays, and/or area models.",04,2025-02-26T08:50:55+00:00
Domain,2.6.4,NY-4.NF,Number and Operations – Fractions,04,2025-02-26T08:50:55+00:00
Cluster,2.6.4.1,,Extend understanding of fraction equivalence and ordering.,04,2025-02-26T08:50:55+00:00
Standard,2.6.4.1.1,NY-4.NF.1,"Explain why a fraction $\frac{a}{b}$ is equivalent to a fraction $\frac {a \times n} {b \times n}$  by using visual fraction models, with attention to how the number and size of the parts differ even though the two fractions themselves are the same size. Use this principle to recognize and generate equivalent fractions.",04,2025-03-03T19:34:45+00:00
Standard,2.6.4.1.2,NY-4.NF.2,"Compare two fractions with different numerators and different denominators. Recognize that comparisons are valid only when the two fractions refer to the same whole. Record the results of comparisons with symbols >, =, or < , and justify the conclusions.",04,2025-02-26T08:50:55+00:00
Cluster,2.6.4.2,,Build fractions from unit fractions by applying and extending previous understandings of operations on whole numbers.,04,2025-02-26T08:50:55+00:00
Standard,2.6.4.2.1,NY-4.NF.3,Understand a fraction *a*/*b* with *a* > 1 as a sum of fractions 1/*b*.,04,2025-02-26T08:50:55+00:00
Component,2.6.4.2.1.1,NY-4.NF.3.a,Understand addition and subtraction of fractions as joining and separating parts referring to the same whole.,04,2025-02-26T08:50:55+00:00
Component,2.6.4.2.1.2,NY-4.NF.3.b,"Decompose a fraction into a sum of fractions with the same denominator in more than one way, recording each decomposition by an equation. Justify decompositions.",04,2025-02-26T08:50:55+00:00
Component,2.6.4.2.1.3,NY-4.NF.3.c,Add and subtract mixed numbers with like denominators.,04,2025-02-26T08:50:55+00:00
Component,2.6.4.2.1.4,NY-4.NF.3.d,Solve word problems involving addition and subtraction of fractions referring to the same whole and having like denominators.,04,2025-02-26T08:50:55+00:00
Standard,2.6.4.2.2,NY-4.NF.4,Apply and extend previous understandings of multiplication to multiply a whole number by a fraction.,04,2025-02-26T08:50:55+00:00
Component,2.6.4.2.2.1,NY-4.NF.4.a,Understand a fraction $\frac{a}{b}$ as a multiple of $\frac{1}{b}$.,04,2025-03-03T19:35:38+00:00
Component,2.6.4.2.2.2,NY-4.NF.4.b,"Understand a multiple of $\frac{a}{b}$ as a multiple of $\frac{1}{b}$, and use this understanding to multiply a whole number by a fraction.",04,2025-03-03T19:35:47+00:00
Component,2.6.4.2.2.3,NY-4.NF.4.c,Solve word problems involving multiplication of a whole number by a fraction.,04,2025-02-26T08:50:55+00:00
Cluster,2.6.4.3,,"Understand decimal notation for fractions, and compare decimal fractions.",04,2025-02-26T08:50:55+00:00
Standard,2.6.4.3.1,NY-4.NF.5,"Express a fraction with denominator 10 as an equivalent fraction with denominator 100, and use this technique to add two fractions with respective denominators 10 and 100.",04,2025-02-26T08:50:55+00:00
Standard,2.6.4.3.2,NY-4.NF.6,Use decimal notation for fractions with denominators 10 or 100.,04,2025-02-26T08:50:55+00:00
Standard,2.6.4.3.3,NY-4.NF.7,"Compare two decimals to hundredths by reasoning about their size. Recognize that comparisons are valid only when two decimals refer to the same whole. Record the results of comparisons with the symbols >, =, or < , and justify the conclusions.",04,2025-02-26T08:50:55+00:00
Domain,2.6.5,NY-4.MD,Measurement and Data,04,2025-02-26T08:50:55+00:00
Cluster,2.6.5.1,,Solve problems involving measurement and conversion of measurements from a larger unit to a smaller unit.,04,2025-02-26T08:50:55+00:00
Standard,2.6.5.1.1,NY-4.MD.1,"Know relative sizes of measurement units: ft., in.; km, m, cm
* Know the conversion factor and use it to convert measurements in a larger unit in terms of a smaller unit: ft., in.; km, m, cm; hr., min., sec.
* Given the conversion factor, convert all other measurements within a single system of measurement from a larger unit to a smaller unit.
* Record measurement equivalents in a two-column table.",04,2025-02-26T08:50:55+00:00
Standard,2.6.5.1.2,NY-4.MD.2,"Use the four operations to solve word problems involving distances, intervals of time, liquid volumes, masses of objects, and money.",04,2025-02-26T08:50:55+00:00
Component,2.6.5.1.2.1,NY-4.MD.2.a,"Solve problems involving fractions or decimals, and problems that require expressing measurements given in a larger unit in terms of a smaller unit.",04,2025-02-26T08:50:55+00:00
Component,2.6.5.1.2.2,NY-4.MD.2.b,"Represent measurement quantities using diagrams that feature a measurement scale, such as number lines.",04,2025-02-26T08:50:55+00:00
Standard,2.6.5.1.3,NY-4.MD.3,Apply the area and perimeter formulas for rectangles in real world and mathematical problems.,04,2025-02-26T08:50:55+00:00
Cluster,2.6.5.2,,Represent and interpret data.,04,2025-02-26T08:50:55+00:00
Standard,2.6.5.2.1,NY-4.MD.4,"Make a line plot to display a data set of measurements in fractions of a unit ($\frac{1}{2}$, $\frac{1}{4}$, $\frac{1}{8}$). Solve problems involving addition and subtraction of fractions by using information presented in line plots.",04,2025-04-24T02:09:42+00:00
Cluster,2.6.5.3,,Geometric measurement: understand concepts of angle and measure angles.,04,2025-02-26T08:50:55+00:00
Standard,2.6.5.3.1,NY-4.MD.5,"Recognize angles as geometric shapes that are formed wherever two rays share a common endpoint, and understand concepts of angle measurement.",04,2025-02-26T08:50:55+00:00
Component,2.6.5.3.1.1,NY-4.MD.5.a,"Recognize an angle is measured with reference to a circle with its center at the common endpoint of the rays, by considering the fraction of the circular arc between the points where the two rays intersect the circle. An angle that turns through $\frac{1}{360}$ of a circle is called a “one-degree angle,” and can be used to measure angles.",04,2025-03-03T19:37:03+00:00
Component,2.6.5.3.1.2,NY-4.MD.5.b,Recognize an angle that turns through *n* one-degree angles is said to have an angle measure of *n* degrees.,04,2025-02-26T08:50:55+00:00
Standard,2.6.5.3.2,NY-4.MD.6,Measure angles in whole-number degrees using a protractor. Sketch angles of specified measure.,04,2025-02-26T08:50:55+00:00
Standard,2.6.5.3.3,NY-4.MD.7,"Recognize angle measure as additive. When an angle is decomposed into non-overlapping parts, the angle measure of the whole is the sum of the angle measures of the parts. Solve addition and subtraction problems to find unknown angles on a diagram in real world and mathematical problems.",04,2025-02-26T08:50:55+00:00
Grade Level,2.7,,Grade 5,05,2025-02-26T08:50:55+00:00
Domain,2.7.1,NY-5.OA,Operations and Algebraic Thinking,05,2025-02-26T08:50:55+00:00
Cluster,2.7.1.1,,Write and interpret numerical expressions.,05,2025-02-26T08:50:55+00:00
Standard,2.7.1.1.1,NY-5.OA.1,Apply the order of operations to evaluate numerical expressions.,05,2025-02-26T08:50:55+00:00
Standard,2.7.1.1.2,NY-5.OA.2,"Write simple expressions that record calculations with numbers, and interpret numerical expressions without evaluating them.",05,2025-02-26T08:50:55+00:00
Cluster,2.7.1.2,,Analyze patterns and relationships.,05,2025-02-26T08:50:55+00:00
Standard,2.7.1.2.1,NY-5.OA.3,"Generate two numerical patterns using two given rules. Identify apparent relationships between corresponding terms. Form ordered pairs consisting of corresponding terms from the two patterns, and graph the ordered pairs on a coordinate plane.",05,2025-02-26T08:50:55+00:00
Domain,2.7.2,NY-5.NBT,Number and Operations in Base Ten,05,2025-02-26T08:50:55+00:00
Cluster,2.7.2.1,,Understand the place value system.,05,2025-02-26T08:50:55+00:00
Standard,2.7.2.1.1,NY-5.NBT.1,"Recognize that in a multi-digit number, a digit in one place represents 10 times as much as it represents in the place to its right and $\frac{1}{10}$ of what it represents in the place to its left.",05,2025-03-03T19:38:17+00:00
Standard,2.7.2.1.2,NY-5.NBT.2,"Use whole-number exponents to denote powers of 10. Explain patterns in the number of zeros of the product when multiplying a number by powers of 10, and explain patterns in the placement of the decimal point when a decimal is multiplied or divided by a power of 10.",05,2025-02-26T08:50:55+00:00
Standard,2.7.2.1.3,NY-5.NBT.3,"Read, write, and compare decimals to thousandths.",05,2025-02-26T08:50:55+00:00
Component,2.7.2.1.3.1,NY-5.NBT.3.a,"Read and write decimals to thousandths using base-ten numerals, number names, and expanded form.",05,2025-02-26T08:50:55+00:00
Component,2.7.2.1.3.2,NY-5.NBT.3.b,"Compare two decimals to thousandths based on meanings of the digits in each place, using >, =, and < symbols to record the results of comparisons.",05,2025-02-26T08:50:55+00:00
Standard,2.7.2.1.4,NY-5.NBT.4,Use place value understanding to round decimals to any place.,05,2025-02-26T08:50:55+00:00
Cluster,2.7.2.2,,Perform operations with multi-digit whole numbers and with decimals to hundredths.,05,2025-02-26T08:50:55+00:00
Standard,2.7.2.2.1,NY-5.NBT.5,Fluently multiply multi-digit whole numbers using a standard algorithm.,05,2025-02-26T08:50:55+00:00
Standard,2.7.2.2.2,NY-5.NBT.6,"Find whole-number quotients of whole numbers with up to four-digit dividends and two-digit divisors, using strategies based on place value, the properties of operations, and/or the relationship between multiplication and division. Illustrate and explain the calculation by using equations, rectangular arrays, and/or area models.",05,2025-02-26T08:50:55+00:00
Standard,2.7.2.2.3,NY-5.NBT.7,"Using concrete models or drawings and strategies based on place value, properties of operations, and/or the relationship between operations:
* add and subtract decimals to hundredths;
* multiply and divide decimals to hundredths. Relate the strategy to a written method and explain the reasoning used.",05,2025-02-26T08:50:55+00:00
Domain,2.7.3,NY-5.NF,Number and Operations – Fractions,05,2025-02-26T08:50:55+00:00
Cluster,2.7.3.1,,Use equivalent fractions as a strategy to add and subtract fractions.,05,2025-02-26T08:50:55+00:00
Standard,2.7.3.1.1,NY-5.NF.1,Add and subtract fractions with unlike denominators (including mixed numbers) by replacing given fractions with equivalent fractions in such a way as to produce an equivalent sum or difference of fractions with like denominators.,05,2025-02-26T08:50:55+00:00
Standard,2.7.3.1.2,NY-5.NF.2,"Solve word problems involving addition and subtraction of fractions referring to the same whole, including cases of unlike denominators. Use benchmark fractions and number sense of fractions to estimate mentally and assess the reasonableness of answers.",05,2025-02-26T08:50:55+00:00
Cluster,2.7.3.2,,Apply and extend previous understandings of multiplication and division to multiply and divide fractions.,05,2025-02-26T08:50:55+00:00
Standard,2.7.3.2.1,NY-5.NF.3,Interpret a fraction as division of the numerator by the denominator ($\frac{a}{b} = a \div b$). Solve word problems involving division of whole numbers leading to answers in the form of fractions or mixed numbers.,05,2025-04-24T02:10:17+00:00
Standard,2.7.3.2.2,NY-5.NF.4,Apply and extend previous understandings of multiplication to multiply a fraction by a whole number or a fraction.,05,2025-02-26T08:50:55+00:00
Component,2.7.3.2.2.1,NY-5.NF.4.a,"Interpret the product $\frac{a}{b}$ × *q* as *a* parts of a partition of *q* into *b* equal parts; equivalently, as the result of a sequence of operations *a* × *q* ÷ *b*.",05,2025-03-03T19:52:49+00:00
Component,2.7.3.2.2.2,NY-5.NF.4.b,"Find the area of a rectangle with fractional side lengths by tiling it with rectangles of the appropriate unit fraction side lengths, and show that the area is the same as would be found by multiplying the side lengths. Multiply fractional side lengths to find areas of rectangles, and represent fraction products as rectangular areas.",05,2025-02-26T08:50:55+00:00
Standard,2.7.3.2.3,NY-5.NF.5,Interpret multiplication as scaling (resizing).,05,2025-02-26T08:50:55+00:00
Component,2.7.3.2.3.1,NY-5.NF.5.a,"Compare the size of a product to the size of one factor on the basis of the size of the other factor, without performing the indicated multiplication.",05,2025-02-26T08:50:55+00:00
Component,2.7.3.2.3.2,NY-5.NF.5.b,Explain why multiplying a given number by a fraction greater than 1 results in a product greater than the given number (recognizing multiplication by whole numbers greater than 1 as a familiar case). Explain why multiplying a given number by a fraction less than 1 results in a product smaller than the given number. Relate the principle of fraction equivalence $\frac{a}{b} = \frac{a}{b} \times \frac{n}{n}$ to the effect of multiplying $\frac{a}{b}$ by 1.,05,2025-04-24T02:11:02+00:00
Standard,2.7.3.2.4,NY-5.NF.6,Solve real world problems involving multiplication of fractions and mixed numbers.,05,2025-02-26T08:50:55+00:00
Standard,2.7.3.2.5,NY-5.NF.7,Apply and extend previous understandings of division to divide unit fractions by whole numbers and whole numbers by unit fractions.,05,2025-02-26T08:50:55+00:00
Component,2.7.3.2.5.1,NY-5.NF.7.a,"Interpret division of a unit fraction by a non-zero whole number, and compute such quotients.",05,2025-02-26T08:50:55+00:00
Component,2.7.3.2.5.2,NY-5.NF.7.b,"Interpret division of a whole number by a unit fraction, and compute such quotients.",05,2025-02-26T08:50:55+00:00
Component,2.7.3.2.5.3,NY-5.NF.7.c,Solve real-world problems involving division of unit fractions by non-zero whole numbers and division of whole numbers by unit fractions.,05,2025-02-26T08:50:55+00:00
Domain,2.7.4,NY-5.MD,Measurement and Data,05,2025-02-26T08:50:55+00:00
Cluster,2.7.4.1,,Convert like measurement units within a given measurement system.,05,2025-02-26T08:50:55+00:00
Standard,2.7.4.1.1,NY-5.MD.1,"Convert among different-sized standard measurement units within a given measurement system when the conversion factor is given. Use these conversions in solving multi-step, real world problems.",05,2025-02-26T08:50:55+00:00
Cluster,2.7.4.2,,Represent and interpret data.,05,2025-02-26T08:50:55+00:00
Standard,2.7.4.2.1,NY-5.MD.2,"Make a line plot to display a data set of measurements in fractions of a unit ($\frac{1}{2}$, $\frac{1}{4}$, $\frac{1}{8}$). Use operations on fractions for this grade to solve problems involving information presented in line plots.",05,2025-03-03T19:53:53+00:00
Cluster,2.7.4.3,,Geometric measurement: understand concepts of volume and relate volume to multiplication and to addition.,05,2025-02-26T08:50:55+00:00
Standard,2.7.4.3.1,NY-5.MD.3,Recognize volume as an attribute of solid figures and understand concepts of volume measurement.,05,2025-02-26T08:50:55+00:00
Component,2.7.4.3.1.1,NY-5.MD.3.a,"Recognize that a cube with side length 1 unit, called a “unit cube,” is said to have “one cubic unit” of volume, and can be used to measure volume.",05,2025-02-26T08:50:55+00:00
Component,2.7.4.3.1.2,NY-5.MD.3.b,Recognize that a solid figure which can be packed without gaps or overlaps using *n* unit cubes is said to have a volume of *n* cubic units.,05,2025-02-26T08:50:55+00:00
Standard,2.7.4.3.2,NY-5.MD.4,"Measure volumes by counting unit cubes, using cubic cm, cubic in., cubic ft., and improvised units.",05,2025-02-26T08:50:55+00:00
Standard,2.7.4.3.3,NY-5.MD.5,Relate volume to the operations of multiplication and addition and solve real world and mathematical problems involving volume.,05,2025-02-26T08:50:55+00:00
Component,2.7.4.3.3.1,NY-5.MD.5.a,"Find the volume of a right rectangular prism with whole-number side lengths by packing it with unit cubes, and show that the volume is the same as would be found by multiplying the edge lengths, equivalently by multiplying the height by the area of the base.",05,2025-02-26T08:50:55+00:00
Component,2.7.4.3.3.2,NY-5.MD.5.b,Apply the formulas *V* = *l* × *w* × *h* and *V* = *B* × *h* for rectangular prisms to find volumes of right rectangular prisms with whole-number edge lengths in the context of solving real world and mathematical problems.,05,2025-02-26T08:50:55+00:00
Component,2.7.4.3.3.3,NY-5.MD.5.c,"Recognize volume as additive. Find volumes of solid figures composed of two non-overlapping right rectangular prisms by adding the volumes of the non-overlapping parts, applying this technique to solve real world problems.",05,2025-02-26T08:50:55+00:00
Domain,2.7.5,NY-5.G,Geometry,05,2025-02-26T08:50:55+00:00
Cluster,2.7.5.1,,Graph points on the coordinate plane to solve real-world and mathematical problems.,05,2025-02-26T08:50:55+00:00
Standard,2.7.5.1.1,NY-5.G.1,"Use a pair of perpendicular number lines, called axes, to define a coordinate system, with the intersection of the lines (the origin) arranged to coincide with the 0 on each line and a given point in the plane located by using an ordered pair of numbers, called its coordinates. Understand that the first number indicates how far to travel from the origin in the direction of one axis, and the second number indicates how far to travel in the direction of the second axis, with the convention that the names of the two axes and the coordinates correspond.",05,2025-02-26T08:50:55+00:00
Standard,2.7.5.1.2,NY-5.G.2,"Represent real world and mathematical problems by graphing points in the first quadrant of the coordinate plane, and interpret coordinate values of points in the context of the situation.",05,2025-02-26T08:50:55+00:00
Cluster,2.7.5.2,,Classify two-dimensional figures into categories based on their properties.,05,2025-02-26T08:50:55+00:00
Standard,2.7.5.2.1,NY-5.G.3,Understand that attributes belonging to a category of two-dimensional figures also belong to all subcategories of that category.,05,2025-02-26T08:50:55+00:00
Standard,2.7.5.2.2,NY-5.G.4,Classify two-dimensional figures in a hierarchy based on properties.,05,2025-02-26T08:50:55+00:00
Grade Level,2.8,,Grade 6,06,2025-02-26T08:50:55+00:00
Domain,2.8.1,NY-6.RP,Ratios and Proportional Relationships,06,2025-02-26T08:50:55+00:00
Cluster,2.8.1.1,,Understand ratio concepts and use ratio reasoning to solve problems.,06,2025-02-26T08:50:55+00:00
Standard,2.8.1.1.1,NY-6.RP.1,Understand the concept of a ratio and use ratio language to describe a ratio relationship between two quantities.,06,2025-02-26T08:50:55+00:00
Standard,2.8.1.1.2,NY-6.RP.2,"Understand the concept of a unit rate $\frac{a}{b}$ associated with a ratio *a*:*b* with *b* ≠ 0 (*b* not equal to zero), and use rate language in the context of a ratio relationship.",06,2025-03-03T19:54:47+00:00
Standard,2.8.1.1.3,NY-6.RP.3,Use ratio and rate reasoning to solve real-world and mathematical problems.,06,2025-02-26T08:50:55+00:00
Component,2.8.1.1.3.1,NY-6.RP.3.a,"Make tables of equivalent ratios relating quantities with whole-number measurements, find missing values in the tables, and plot the pairs of values on the coordinate plane. Use tables to compare ratios.",06,2025-02-26T08:50:55+00:00
Component,2.8.1.1.3.2,NY-6.RP.3.b,Solve unit rate problems.,06,2025-02-26T08:50:55+00:00
Component,2.8.1.1.3.3,NY-6.RP.3.c,"Find a percent of a quantity as a rate per 100. Solve problems that involve finding the whole given a part and the percent, and finding a part of a whole given the percent.",06,2025-02-26T08:50:55+00:00
Component,2.8.1.1.3.4,NY-6.RP.3.d,Use ratio reasoning to convert measurement units; manipulate and transform units appropriately when multiplying or dividing quantities.,06,2025-02-26T08:50:55+00:00
Domain,2.8.2,NY-6.NS,The Number System,06,2025-02-26T08:50:55+00:00
Cluster,2.8.2.1,,Apply and extend previous understandings of multiplication and division to divide fractions by fractions.,06,2025-02-26T08:50:55+00:00
Standard,2.8.2.1.1,NY-6.NS.1,"Interpret and compute quotients of fractions, and solve word problems involving division of fractions by fractions.",06,2025-02-26T08:50:55+00:00
Cluster,2.8.2.2,,Compute fluently with multi-digit numbers and find common factors and multiples.,06,2025-02-26T08:50:55+00:00
Standard,2.8.2.2.1,NY-6.NS.2,Fluently divide multi-digit numbers using a standard algorithm.,06,2025-02-26T08:50:55+00:00
Standard,2.8.2.2.2,NY-6.NS.3,"Fluently add, subtract, multiply, and divide multi-digit decimals using a standard algorithm for each operation.",06,2025-02-26T08:50:55+00:00
Standard,2.8.2.2.3,NY-6.NS.4,Find the greatest common factor of two whole numbers less than or equal to 100. Use the distributive property to express a sum of two whole numbers 1–100 with a common factor as a multiple of a sum of two whole numbers with no common factor other than 1. Find the least common multiple of two whole numbers less than or equal to 12.,06,2025-02-26T08:50:55+00:00
Cluster,2.8.2.3,,Apply and extend previous understandings of numbers to the system of rational numbers.,06,2025-02-26T08:50:55+00:00
Standard,2.8.2.3.1,NY-6.NS.5,"Understand that positive and negative numbers are used together to describe quantities having opposite directions or values. Use positive and negative numbers to represent quantities in real-world contexts, explaining the meaning of 0 in each situation.",06,2025-02-26T08:50:55+00:00
Standard,2.8.2.3.2,NY-6.NS.6,Understand a rational number as a point on the number line. Use number lines and coordinate axes to represent points on a number line and in the coordinate plane with negative number coordinates.,06,2025-02-26T08:50:55+00:00
Component,2.8.2.3.2.1,NY-6.NS.6.a,"Recognize opposite signs of numbers as indicating locations on opposite sides of 0 on the number line. Recognize that the opposite of the opposite of a number is the number itself, and that 0 is its own opposite.",06,2025-02-26T08:50:55+00:00
Component,2.8.2.3.2.2,NY-6.NS.6.b,"Understand signs of numbers in ordered pairs as indicating locations in quadrants of the coordinate plane. Recognize that when two ordered pairs differ only by signs, the locations of the points are related by reflections across one or both axes.",06,2025-02-26T08:50:55+00:00
Component,2.8.2.3.2.3,NY-6.NS.6.c,Find and position integers and other rational numbers on a horizontal or vertical number line. Find and position pairs of integers and other rational numbers on a coordinate plane.,06,2025-02-26T08:50:55+00:00
Standard,2.8.2.3.3,NY-6.NS.7,Understand ordering and absolute value of rational numbers.,06,2025-02-26T08:50:55+00:00
Component,2.8.2.3.3.1,NY-6.NS.7.a,Interpret statements of inequality as statements about the relative position of two numbers on a number line.,06,2025-02-26T08:50:55+00:00
Component,2.8.2.3.3.2,NY-6.NS.7.b,"Write, interpret, and explain statements of order for rational numbers in real-world contexts.",06,2025-02-26T08:50:55+00:00
Component,2.8.2.3.3.3,NY-6.NS.7.c,Understand the absolute value of a rational number as its distance from 0 on the number line. Interpret absolute value as magnitude for a positive or negative quantity in a real-world situation.,06,2025-02-26T08:50:55+00:00
Component,2.8.2.3.3.4,NY-6.NS.7.d,Distinguish comparisons of absolute value from statements about order.,06,2025-02-26T08:50:55+00:00
Standard,2.8.2.3.4,NY-6.NS.8,Solve real-world and mathematical problems by graphing points on a coordinate plane. Include use of coordinates and absolute value to find distances between points with the same first coordinate or the same second coordinate.,06,2025-02-26T08:50:55+00:00
Domain,2.8.3,NY-6.EE,"Expressions, Equations, and Inequalities",06,2025-02-26T08:50:55+00:00
Cluster,2.8.3.1,,Apply and extend previous understandings of arithmetic to algebraic expressions.,06,2025-02-26T08:50:55+00:00
Standard,2.8.3.1.1,NY-6.EE.1,Write and evaluate numerical expressions involving whole-number exponents.,06,2025-02-26T08:50:55+00:00
Standard,2.8.3.1.2,NY-6.EE.2,"Write, read, and evaluate expressions in which letters stand for numbers.",06,2025-02-26T08:50:55+00:00
Component,2.8.3.1.2.1,NY-6.EE.2.a,Write expressions that record operations with numbers and with letters standing for numbers.,06,2025-02-26T08:50:55+00:00
Component,2.8.3.1.2.2,NY-6.EE.2.b,"Identify parts of an expression using mathematical terms (term, coefficient, sum, difference, product, factor, and quotient); view one or more parts of an expression as a single entity.",06,2025-02-26T08:50:55+00:00
Component,2.8.3.1.2.3,NY-6.EE.2.c,"Evaluate expressions given specific values for their variables. Include expressions that arise from formulas in real-world problems. Perform arithmetic operations, including those involving whole-number exponents, in the conventional order (Order of Operations).",06,2025-02-26T08:50:55+00:00
Standard,2.8.3.1.3,NY-6.EE.3,Apply the properties of operations to generate equivalent expressions.,06,2025-02-26T08:50:55+00:00
Standard,2.8.3.1.4,NY-6.EE.4,Identify when two expressions are equivalent.,06,2025-02-26T08:50:55+00:00
Cluster,2.8.3.2,,Reason about and solve one-variable equations and inequalities.,06,2025-02-26T08:50:55+00:00
Standard,2.8.3.2.1,NY-6.EE.5,"Understand solving an equation or inequality as a process of answering a question: which values from a specified set, if any, make the equation or inequality true? Use substitution to determine whether a given number in a specified set makes an equation or inequality true.",06,2025-02-26T08:50:55+00:00
Standard,2.8.3.2.2,NY-6.EE.6,"Use variables to represent numbers and write expressions when solving a real-world or mathematical problem. Understand that a variable can represent an unknown number, or, depending on the purpose at hand, any number in a specified set.",06,2025-02-26T08:50:55+00:00
Standard,2.8.3.2.3,NY-6.EE.7,"Solve real-world and mathematical problems by writing and solving equations of the form *x* + *p* = *q*; *x* – *p* = *q*;  *px* = *q*; and $\frac{x}{p}$ = *q* for cases in which *p*, *q*, and *x* are all nonnegative rational numbers.",06,2025-03-03T19:55:20+00:00
Standard,2.8.3.2.4,NY-6.EE.8,"Write an inequality of the form *x* > *c*, *x* ≥ *c*, *x* ≤ *c*, or *x* < *c* to represent a constraint or condition in a real-world or mathematical problem. Recognize that inequalities of these forms have infinitely many solutions; represent solutions of such inequalities on a number line.",06,2025-02-26T08:50:55+00:00
Cluster,2.8.3.3,,Represent and analyze quantitative relationships between dependent and independent variables.,06,2025-02-26T08:50:55+00:00
Standard,2.8.3.3.1,NY-6.EE.9,"Use variables to represent two quantities in a real-world problem that change in relationship to one another. Given a verbal context and an equation, identify the dependent variable, in terms of the other quantity, thought of as the independent variable. Analyze the relationship between the dependent and independent variables using graphs and tables, and relate these to the equation.",06,2025-02-26T08:50:55+00:00
Domain,2.8.4,NY-6.G,Geometry,06,2025-02-26T08:50:55+00:00
Cluster,2.8.4.1,,"Solve real-world and mathematical problems involving area, surface area, and volume.",06,2025-02-26T08:50:55+00:00
Standard,2.8.4.1.1,NY-6.G.1,"Find area of triangles, trapezoids, and other polygons by composing into rectangles or decomposing into triangles and quadrilaterals. Apply these techniques in the context of solving real-world and mathematical problems.",06,2025-02-26T08:50:55+00:00
Standard,2.8.4.1.2,NY-6.G.2,Find volumes of right rectangular prisms with fractional edge lengths in the context of solving real-world and mathematical problems.,06,2025-02-26T08:50:55+00:00
Standard,2.8.4.1.3,NY-6.G.3,Draw polygons in the coordinate plane given coordinates for the vertices. Use coordinates to find the length of a side joining points with the same first coordinate or the same second coordinate. Apply these techniques in the context of solving real-world and mathematical problems.,06,2025-02-26T08:50:55+00:00
Standard,2.8.4.1.4,NY-6.G.4,"Represent three-dimensional figures using nets made up of rectangles and triangles, and use the nets to find the surface area of these figures. Apply these techniques in the context of solving real-world and mathematical problems.",06,2025-02-26T08:50:55+00:00
Standard,2.8.4.1.5,NY-6.G.5,Use area and volume models to explain perfect squares and perfect cubes.,06,2025-02-26T08:50:55+00:00
Domain,2.8.5,NY-6.SP,Statistics and Probability,06,2025-02-26T08:50:55+00:00
Cluster,2.8.5.1,,Develop understanding of statistical variability.,06,2025-02-26T08:50:55+00:00
Standard,2.8.5.1.1,NY-6.SP.1.a,Recognize that a statistical question is one that anticipates variability in the data related to the question and accounts for it in the answers.,06,2025-02-26T08:50:55+00:00
Standard,2.8.5.1.2,NY-6.SP.1.b,Understand that statistics can be used to gain information about a population by examining a sample of the population; generalizations about a population from a sample are valid only if the sample is representative of that population.,06,2025-02-26T08:50:55+00:00
Standard,2.8.5.1.3,NY-6.SP.1.c,Understand that the method and sample size used to collect data for a particular question is intended to reduce the difference between a population and a sample taken from the population so valid inferences can be drawn about the population. Generate multiple samples (or simulated samples) of the same size to recognize the variation in estimates or predictions.,06,2025-02-26T08:50:55+00:00
Standard,2.8.5.1.4,NY-6.SP.2,"Understand that a set of quantitative data collected to answer a statistical question has a distribution which can be described by its center, spread, and overall shape.",06,2025-02-26T08:50:55+00:00
Standard,2.8.5.1.5,NY-6.SP.3,Recognize that a measure of center for a quantitative data set summarizes all of its values with a single number while a measure of variation describes how its values vary with a single number.,06,2025-02-26T08:50:55+00:00
Cluster,2.8.5.2,,Summarize and describe distributions.,06,2025-02-26T08:50:55+00:00
Standard,2.8.5.2.1,NY-6.SP.4,"Display quantitative data in plots on a number line, including dot plots, and histograms.",06,2025-02-26T08:50:55+00:00
Standard,2.8.5.2.2,NY-6.SP.5,Summarize quantitative data sets in relation to their context.,06,2025-02-26T08:50:55+00:00
Component,2.8.5.2.2.1,NY-6.SP.5.a,Report the number of observations.,06,2025-02-26T08:50:55+00:00
Component,2.8.5.2.2.2,NY-6.SP.5.b,"Describe the nature of the attribute under investigation, including how it was measured and its units of measurement.",06,2025-02-26T08:50:55+00:00
Component,2.8.5.2.2.3,NY-6.SP.5.c,"Calculate range and measures of center, as well as describe any overall pattern and any striking deviations from the overall pattern with reference to the context in which the data were gathered.",06,2025-02-26T08:50:55+00:00
Component,2.8.5.2.2.4,NY-6.SP.5.d,Relate the range and the choice of measures of center to the shape of the data distribution and the context in which the data were gathered.,06,2025-02-26T08:50:55+00:00
Cluster,2.8.5.3,,"Investigate chance processes and develop, use, and evaluate probability models.",06,2025-02-26T08:50:55+00:00
Standard,2.8.5.3.1,NY-6.SP.6,"Understand that the probability of a chance event is a number between 0 and 1 inclusive, that expresses the likelihood of the event occurring. Larger numbers indicate greater likelihood. A probability near 0 indicates an unlikely event, a probability around 1/2 indicates an event that is neither unlikely nor likely, and a probability near 1 indicates a likely event.",06,2025-02-26T08:50:55+00:00
Standard,2.8.5.3.2,NY-6.SP.7,"Approximate the probability of a simple event by collecting data on the chance process that produces it and observing its long-run relative frequency, and predict the approximate relative frequency given the probability.",06,2025-02-26T08:50:55+00:00
Standard,2.8.5.3.3,NY-6.SP.8,"Develop a probability model and use it to find probabilities of simple events. Compare probabilities from a model to observed frequencies; if the agreement is not good, explain possible sources of the discrepancy.",06,2025-02-26T08:50:55+00:00
Component,2.8.5.3.3.1,NY-6.SP.8.a,"Develop a uniform probability model by assigning equal probability to all outcomes, and use the model to determine probabilities of simple events.",06,2025-02-26T08:50:55+00:00
Component,2.8.5.3.3.2,NY-6.SP.8.b,Develop a probability model (which may not be uniform) by observing frequencies in data generated from a chance process.,06,2025-02-26T08:50:55+00:00
Grade Level,2.9,,Grade 7,07,2025-02-26T08:50:55+00:00
Domain,2.9.1,NY-7.RP,Ratios and Proportional Relationships,07,2025-02-26T08:50:55+00:00
Cluster,2.9.1.1,,Analyze proportional relationships and use them to solve real-world and mathematical problems.,07,2025-02-26T08:50:55+00:00
Standard,2.9.1.1.1,NY-7.RP.1,Compute unit rates associated with ratios of fractions.,07,2025-02-26T08:50:55+00:00
Standard,2.9.1.1.2,NY-7.RP.2,Recognize and represent proportional relationships between quantities.,07,2025-02-26T08:50:55+00:00
Component,2.9.1.1.2.1,NY-7.RP.2.a,Decide whether two quantities are in a proportional relationship.,07,2025-02-26T08:50:55+00:00
Component,2.9.1.1.2.2,NY-7.RP.2.b,"Identify the constant of proportionality (unit rate) in tables, graphs, equations, diagrams, and verbal descriptions of proportional relationships.",07,2025-02-26T08:50:55+00:00
Component,2.9.1.1.2.3,NY-7.RP.2.c,Represent a proportional relationship using an equation.,07,2025-02-26T08:50:55+00:00
Component,2.9.1.1.2.4,NY-7.RP.2.d,"Explain what a point (*x*, *y*) on the graph of a proportional relationship means in terms of the situation, with special attention to the points (0, 0) and (1, *r*) where *r* is the unit rate.",07,2025-02-26T08:50:55+00:00
Standard,2.9.1.1.3,NY-7.RP.3,Use proportional relationships to solve multistep ratio and percent problems.,07,2025-02-26T08:50:55+00:00
Domain,2.9.2,NY-7.NS,The Number System,07,2025-02-26T08:50:55+00:00
Cluster,2.9.2.1,,"Apply and extend previous understandings of operations with fractions to add, subtract, multiply, and divide rational numbers.",07,2025-02-26T08:50:55+00:00
Standard,2.9.2.1.1,NY-7.NS.1,Apply and extend previous understandings of addition and subtraction to add and subtract rational numbers. Represent addition and subtraction on a horizontal or vertical number line.,07,2025-02-26T08:50:55+00:00
Component,2.9.2.1.1.1,NY-7.NS.1.a,Describe situations in which opposite quantities combine to make 0.,07,2025-02-26T08:50:55+00:00
Component,2.9.2.1.1.2,NY-7.NS.1.b,"Understand addition of rational numbers; *p* + *q* is the number located a distance |*q*| from *p*, in the positive or negative direction depending on whether *q* is positive or negative. Show that a number and its opposite have a sum of 0 (are additive inverses). Interpret sums of rational numbers by describing real-world contexts.",07,2025-02-26T08:50:55+00:00
Component,2.9.2.1.1.3,NY-7.NS.1.c,"Understand subtraction of rational numbers as adding the additive inverse, *p* – *q* = *p* + (–*q*). Show that the distance between two rational numbers on the number line is the absolute value of their difference, and apply this principle in real-world contexts.",07,2025-02-26T08:50:55+00:00
Component,2.9.2.1.1.4,NY-7.NS.1.d,Apply properties of operations as strategies to add and subtract rational numbers.,07,2025-02-26T08:50:55+00:00
Standard,2.9.2.1.2,NY-7.NS.2,Apply and extend previous understandings of multiplication and division and of fractions to multiply and divide rational numbers.,07,2025-02-26T08:50:55+00:00
Component,2.9.2.1.2.1,NY-7.NS.2.a,"Understand that multiplication is extended from fractions to rational numbers by requiring that operations continue to satisfy the properties of operations, particularly the distributive property, leading to products such as (–1)(–1) = 1 and the rules for multiplying signed numbers. Interpret products of rational numbers by describing real-world contexts.",07,2025-02-26T08:50:55+00:00
Component,2.9.2.1.2.2,NY-7.NS.2.b,"Understand that integers can be divided, provided that the divisor is not zero, and every quotient of integers (with non-zero divisor) is a rational number. If *p* and *q* are integers, then –(*p*/*q*) = -*p*/*q* = *p*/-*q*. Interpret quotients of rational numbers by describing real-world contexts.",07,2025-02-26T08:50:55+00:00
Component,2.9.2.1.2.3,NY-7.NS.2.c,Apply properties of operations as strategies to multiply and divide rational numbers.,07,2025-02-26T08:50:55+00:00
Component,2.9.2.1.2.4,NY-7.NS.2.d,Convert a fraction to a decimal using long division; know that the decimal form of a rational number terminates in 0s or eventually repeats.,07,2025-02-26T08:50:55+00:00
Standard,2.9.2.1.3,NY-7.NS.3,Solve real-world and mathematical problems involving the four operations with rational numbers.,07,2025-02-26T08:50:55+00:00
Domain,2.9.3,NY-7.EE,"Expressions, Equations, and Inequalities",07,2025-02-26T08:50:55+00:00
Cluster,2.9.3.1,,Use properties of operations to generate equivalent expressions.,07,2025-02-26T08:50:55+00:00
Standard,2.9.3.1.1,NY-7.EE.1,"Add, subtract, factor, and expand linear expressions with rational coefficients by applying the properties of operations.",07,2025-02-26T08:50:55+00:00
Standard,2.9.3.1.2,NY-7.EE.2,Understand that rewriting an expression in different forms in real-world and mathematical problems can reveal and explain how the quantities are related.,07,2025-02-26T08:50:55+00:00
Cluster,2.9.3.2,,"Solve real-life and mathematical problems using numerical and algebraic expressions, equations, and inequalities.",07,2025-02-26T08:50:55+00:00
Standard,2.9.3.2.1,NY-7.EE.3,"Solve multi-step real-world and mathematical problems posed with positive and negative rational numbers in any form (whole numbers, fractions, and decimals), using tools strategically. Apply properties of operations to calculate with numbers in any form; convert between forms as appropriate. Assess the reasonableness of answers using mental computation and estimation strategies.",07,2025-02-26T08:50:55+00:00
Standard,2.9.3.2.2,NY-7.EE.4,"Use variables to represent quantities in a real-world or mathematical problem, and construct simple equations and inequalities to solve problems by reasoning about the quantities.",07,2025-02-26T08:50:55+00:00
Component,2.9.3.2.2.1,NY-7.EE.4.a,"Solve word problems leading to equations of the form $px + q = r$ and $p(x + q) = r$, where $p$, $q$, and $r$ are rational numbers. Solve equations of these forms fluently. Compare an algebraic solution to an arithmetic solution, identifying the sequence of the operations used in each approach.",07,2025-04-24T02:12:23+00:00
Component,2.9.3.2.2.2,NY-7.EE.4.b,"Solve word problems leading to inequalities of the form *px* + *q* > *r*, *px* + *q* ≥ *r*, *px* + *q* ≤ *r*, or *px* + *q* < *r*, where *p*, *q*, and *r* are rational numbers. Graph the solution set of the inequality on the number line and interpret it in the context of the problem.",07,2025-02-26T08:50:55+00:00
Domain,2.9.4,NY-7.G,Geometry,07,2025-02-26T08:50:55+00:00
Cluster,2.9.4.1,,"Draw, construct, and describe geometrical figures and describe the relationships between them.",07,2025-02-26T08:50:55+00:00
Standard,2.9.4.1.1,NY-7.G.1,"Solve problems involving scale drawings of geometric figures, including computing actual lengths and areas from a scale drawing and reproducing a scale drawing at a different scale.",07,2025-02-26T08:50:55+00:00
Standard,2.9.4.1.2,NY-7.G.2,"Draw triangles when given measures of angles and/or sides, noticing when the conditions determine a unique triangle, more than one triangle, or no triangle.",07,2025-02-26T08:50:55+00:00
Standard,2.9.4.1.3,NY-7.G.3,Describe the two-dimensional shapes that result from slicing three-dimensional solids parallel or perpendicular to the base.,07,2025-02-26T08:50:55+00:00
Cluster,2.9.4.2,,"Solve real-life and mathematical problems involving angle measure, area, surface area, and volume.",07,2025-02-26T08:50:55+00:00
Standard,2.9.4.2.1,NY-7.G.4,Apply the formulas for the area and circumference of a circle to solve problems.,07,2025-02-26T08:50:55+00:00
Standard,2.9.4.2.2,NY-7.G.5,"Use facts about supplementary, complementary, vertical, and adjacent angles in a multi-step problem to write and solve simple equations for an unknown angle in a figure.",07,2025-02-26T08:50:55+00:00
Standard,2.9.4.2.3,NY-7.G.6,"Solve real-world and mathematical problems involving area of two-dimensional objects composed of triangles and trapezoids. Solve surface area problems involving right prisms and right pyramids composed of triangles and trapezoids. Find the volume of right triangular prisms, and solve volume problems involving three-dimensional objects composed of right rectangular prisms.",07,2025-02-26T08:50:55+00:00
Domain,2.9.5,NY-7.SP,Statistics and Probability,07,2025-02-26T08:50:55+00:00
Cluster,2.9.5.1,,Draw informal comparative inferences about two populations.,07,2025-02-26T08:50:55+00:00
Standard,2.9.5.1.1,NY-7.SP.1,"Construct and interpret box-plots, find the interquartile range, and determine if a data point is an outlier.",07,2025-02-26T08:50:55+00:00
Standard,2.9.5.1.2,NY-7.SP.3,Informally assess the degree of visual overlap of two quantitative data distributions.,07,2025-02-26T08:50:55+00:00
Standard,2.9.5.1.3,NY-7.SP.4,Use measures of center and measures of variability for quantitative data from random samples or populations to draw informal comparative inferences about the populations.,07,2025-02-26T08:50:55+00:00
Cluster,2.9.5.2,,"Investigate chance processes and develop, use, and evaluate probability models.",07,2025-02-26T08:50:55+00:00
Standard,2.9.5.2.1,NY-7.SP.8,"Find probabilities of compound events using organized lists, sample space tables, tree diagrams, and simulation.",07,2025-02-26T08:50:55+00:00
Component,2.9.5.2.1.1,NY-7.SP.8.a,"Understand that, just as with simple events, the probability of a compound event is the fraction of outcomes in the sample space for which the compound event occurs.",07,2025-02-26T08:50:55+00:00
Component,2.9.5.2.1.2,NY-7.SP.8.b,"Represent sample spaces for compound events using methods such as organized lists, sample space tables, and tree diagrams. For an event described in everyday language, identify the outcomes in the sample space which compose the event.",07,2025-02-26T08:50:55+00:00
Component,2.9.5.2.1.3,NY-7.SP.8.c,Design and use a simulation to generate frequencies for compound events.,07,2025-02-26T08:50:55+00:00
Grade Level,2.10,,Grade 8,08,2025-02-26T08:50:55+00:00
Domain,2.10.1,NY-8.NS,The Number System,08,2025-02-26T08:50:55+00:00
Cluster,2.10.1.1,,"Know that there are numbers that are not rational, and approximate them by rational numbers.",08,2025-02-26T08:50:55+00:00
Standard,2.10.1.1.1,NY-8.NS.1,Understand informally that every number has a decimal expansion; for rational numbers show that the decimal expansion eventually repeats. Know that other numbers that are not rational are called irrational.,08,2025-02-26T08:50:55+00:00
Standard,2.10.1.1.2,NY-8.NS.2,"Use rational approximations of irrational numbers to compare the size of irrational numbers, locate them approximately on a number line, and estimate the value of expressions.",08,2025-02-26T08:50:55+00:00
Domain,2.10.2,NY-8.EE,"Expressions, Equations, and Inequalities",08,2025-02-26T08:50:55+00:00
Cluster,2.10.2.1,,Work with radicals and integer exponents.,08,2025-02-26T08:50:55+00:00
Standard,2.10.2.1.1,NY-8.EE.1,Know and apply the properties of integer exponents to generate equivalent numerical expressions.,08,2025-02-26T08:50:55+00:00
Standard,2.10.2.1.2,NY-8.EE.2,"Use square root and cube root symbols to represent solutions to equations of the form $x^2 = p$ and $x^3 = p$, where $p$ is a positive rational number. Know square roots of perfect squares up to 225 and cube roots of perfect cubes up to 125. Know that the square root of a non-perfect square is irrational.",08,2025-04-24T02:13:07+00:00
Standard,2.10.2.1.3,NY-8.EE.3,"Use numbers expressed in the form of a single digit times an integer power of 10 to estimate very large or very small quantities, and to express how many times as much one is than the other.",08,2025-02-26T08:50:55+00:00
Standard,2.10.2.1.4,NY-8.EE.4,"Perform multiplication and division with numbers expressed in scientific notation, including problems where both standard decimal form and scientific notation are used. Use scientific notation and choose units of appropriate size for measurements of very large or very small quantities. Interpret scientific notation that has been generated by technology.",08,2025-02-26T08:50:55+00:00
Cluster,2.10.2.2,,"Understand the connections between proportional relationships, lines, and linear equations.",08,2025-02-26T08:50:55+00:00
Standard,2.10.2.2.1,NY-8.EE.5,"Graph proportional relationships, interpreting the unit rate as the slope of the graph. Compare two different proportional relationships represented in different ways.",08,2025-02-26T08:50:55+00:00
Standard,2.10.2.2.2,NY-8.EE.6,Use similar triangles to explain why the slope *m* is the same between any two distinct points on a non-vertical line in the coordinate plane; derive the equation *y* = *mx* for a line through the origin and the equation *y* = *mx* + *b* for a line intercepting the vertical axis at *b*.,08,2025-02-26T08:50:55+00:00
Cluster,2.10.2.3,,Analyze and solve linear equations and pairs of simultaneous linear equations.,08,2025-02-26T08:50:55+00:00
Standard,2.10.2.3.1,NY-8.EE.7,Solve linear equations in one variable.,08,2025-02-26T08:50:55+00:00
Component,2.10.2.3.1.1,NY-8.EE.7.a,"Recognize when linear equations in one variable have one solution, infinitely many solutions, or no solutions. Give examples and show which of these possibilities is the case by successively transforming the given equation into simpler forms.",08,2025-02-26T08:50:55+00:00
Component,2.10.2.3.1.2,NY-8.EE.7.b,"Solve linear equations with rational number coefficients, including equations whose solutions require expanding expressions using the distributive property and combining like terms.",08,2025-02-26T08:50:55+00:00
Standard,2.10.2.3.2,NY-8.EE.8,Analyze and solve pairs of simultaneous linear equations.,08,2025-02-26T08:50:55+00:00
Component,2.10.2.3.2.1,NY-8.EE.8.a,"Understand that solutions to a system of two linear equations in two variables correspond to points of intersection of their graphs, because points of intersection satisfy both equations simultaneously. Recognize when the system has one solution, no solution, or infinitely many solutions.",08,2025-02-26T08:50:55+00:00
Component,2.10.2.3.2.2,NY-8.EE.8.b,"Solve systems of two linear equations in two variables with integer coefficients: graphically, numerically using a table, and algebraically. Solve simple cases by inspection.",08,2025-02-26T08:50:55+00:00
Component,2.10.2.3.2.3,NY-8.EE.8.c,Solve real-world and mathematical problems involving systems of two linear equations in two variables with integer coefficients.,08,2025-02-26T08:50:55+00:00
Domain,2.10.3,NY-8.F,Functions,08,2025-02-26T08:50:55+00:00
Cluster,2.10.3.1,,"Define, evaluate, and compare functions.",08,2025-02-26T08:50:55+00:00
Standard,2.10.3.1.1,NY-8.F.1,Understand that a function is a rule that assigns to each input exactly one output. The graph of a function is the set of ordered pairs consisting of an input and the corresponding output.,08,2025-02-26T08:50:55+00:00
Standard,2.10.3.1.2,NY-8.F.2,"Compare properties of two functions each represented in a different way (algebraically, graphically, numerically in tables, or by verbal descriptions).",08,2025-02-26T08:50:55+00:00
Standard,2.10.3.1.3,NY-8.F.3,"Interpret the equation *y* = *mx* + *b* as defining a linear function, whose graph is a straight line. Recognize examples of functions that are linear and non-linear.",08,2025-02-26T08:50:55+00:00
Cluster,2.10.3.2,,Use functions to model relationships between quantities.,08,2025-02-26T08:50:55+00:00
Standard,2.10.3.2.1,NY-8.F.4,"Construct a function to model a linear relationship between two quantities. Determine the rate of change and initial value of the function from a description of a relationship or from two (*x*, *y*) values, including reading these from a table or from a graph. Interpret the rate of change and initial value of a linear function in terms of the situation it models, and in terms of its graph or a table of values.",08,2025-02-26T08:50:55+00:00
Standard,2.10.3.2.2,NY-8.F.5,Describe qualitatively the functional relationship between two quantities by analyzing a graph. Sketch a graph that exhibits the qualitative features of a function that has been described in a real-world context.,08,2025-02-26T08:50:55+00:00
Domain,2.10.4,NY-8.G,Geometry,08,2025-02-26T08:50:55+00:00
Cluster,2.10.4.1,,"Understand congruence and similarity using physical models, transparencies, or geometry software.",08,2025-02-26T08:50:55+00:00
Standard,2.10.4.1.1,NY-8.G.1,"Verify experimentally the properties of rotations, reflections, and translations.",08,2025-02-26T08:50:55+00:00
Component,2.10.4.1.1.1,NY-8.G.1.a,"Verify experimentally lines are mapped to lines, and line segments to line segments of the same length.",08,2025-02-26T08:50:55+00:00
Component,2.10.4.1.1.2,NY-8.G.1.b,Verify experimentally angles are mapped to angles of the same measure.,08,2025-02-26T08:50:55+00:00
Component,2.10.4.1.1.3,NY-8.G.1.c,Verify experimentally parallel lines are mapped to parallel lines.,08,2025-02-26T08:50:55+00:00
Standard,2.10.4.1.2,NY-8.G.2,"Know that a two-dimensional figure is congruent to another if the corresponding angles are congruent and the corresponding sides are congruent. Equivalently, two two-dimensional figures are congruent if one is the image of the other after a sequence of rotations, reflections, and translations. Given two congruent figures, describe a sequence that maps the congruence between them on the coordinate plane.",08,2025-02-26T08:50:55+00:00
Standard,2.10.4.1.3,NY-8.G.3,"Describe the effect of dilations, translations, rotations, and reflections on two-dimensional figures using coordinates.",08,2025-02-26T08:50:55+00:00
Standard,2.10.4.1.4,NY-8.G.4,"Know that a two-dimensional figure is similar to another if the corresponding angles are congruent and the corresponding sides are in proportion. Equivalently, two two-dimensional figures are similar if one is the image of the other after a sequence of rotations, reflections, translations, and dilations. Given two similar two-dimensional figures, describe a sequence that maps the similarity between them on the coordinate plane.",08,2025-02-26T08:50:55+00:00
Standard,2.10.4.1.5,NY-8.G.5,"Use informal arguments to establish facts about the angle sum and exterior angle of triangles, about the angles created when parallel lines are cut by a transversal, and the angle-angle criterion for similarity of triangles.",08,2025-02-26T08:50:55+00:00
Cluster,2.10.4.2,,Understand and apply the Pythagorean Theorem.,08,2025-02-26T08:50:55+00:00
Standard,2.10.4.2.1,NY-8.G.6,Understand a proof of the Pythagorean Theorem and its converse.,08,2025-02-26T08:50:55+00:00
Standard,2.10.4.2.2,NY-8.G.7,Apply the Pythagorean Theorem to determine unknown side lengths in right triangles in real-world and mathematical problems in two and three dimensions.,08,2025-02-26T08:50:55+00:00
Standard,2.10.4.2.3,NY-8.G.8,Apply the Pythagorean Theorem to find the distance between two points in a coordinate system.,08,2025-02-26T08:50:55+00:00
Cluster,2.10.4.3,,"Solve real-world and mathematical problems involving volume of cylinders, cones, and spheres.",08,2025-02-26T08:50:55+00:00
Standard,2.10.4.3.1,NY-8.G.9,"Given the formulas for the volume of cones, cylinders, and spheres, solve mathematical and real-world problems.",08,2025-02-26T08:50:55+00:00
Domain,2.10.5,NY-8.SP,Statistics and Probability,08,2025-02-26T08:50:55+00:00
Cluster,2.10.5.1,,Investigate patterns of association in bivariate data.,08,2025-02-26T08:50:55+00:00
Standard,2.10.5.1.1,NY-8.SP.1,"Construct and interpret scatter plots for bivariate measurement data to investigate patterns of association between two quantities. Describe patterns such as clustering, outliers, positive or negative association, linear association, and nonlinear association.",08,2025-02-26T08:50:55+00:00
Standard,2.10.5.1.2,NY-8.SP.2,"Understand that straight lines are widely used to model relationships between two quantitative variables. For scatter plots that suggest a linear association, informally fit a straight line, and informally assess the model fit by judging the closeness of the data points to the line.",08,2025-02-26T08:50:55+00:00
Standard,2.10.5.1.3,NY-8.SP.3,"Use the equation of a linear model to solve problems in the context of bivariate measurement data, interpreting the slope and intercept.",08,2025-02-26T08:50:55+00:00
Linked Reference,3,,Standards for Mathematical Content High School,09-12,2025-02-26T08:50:55+00:00
Course,3.1,,Algebra I,09-12,2025-02-26T08:50:55+00:00
Conceptual Category,3.1.1,,Number and Quantity,09-12,2025-02-26T08:50:55+00:00
Domain,3.1.1.1,AI-N.RN,The Real Number System,09-12,2025-02-26T08:50:55+00:00
Cluster,3.1.1.1.1,,Use properties of rational and irrational numbers.,09-12,2025-02-26T08:50:55+00:00
Standard,3.1.1.1.1.1,AI-N.RN.3,Use properties and operations to understand the different forms of rational and irrational numbers.,09-12,2025-02-26T08:50:55+00:00
Component,3.1.1.1.1.1.1,AI-N.RN.3.a,Perform all four arithmetic operations and apply properties to generate equivalent forms of rational numbers and square roots.,09-12,2025-02-26T08:50:55+00:00
Component,3.1.1.1.1.1.2,AI-N.RN.3.b,"Categorize the sum or product of rational or irrational numbers. 

* The sum and product of two rational numbers is rational. 
* The sum of a rational number and an irrational number is irrational. 
* The product of a nonzero rational number and an irrational number is irrational. 
* The sum and product of two irrational numbers could be either rational or irrational.",09-12,2025-02-26T08:51:49+00:00
Domain,3.1.1.2,AI-N.Q,Quantities,09-12,2025-02-26T08:50:55+00:00
Cluster,3.1.1.2.1,,Reason quantitatively and use units to solve problems.,09-12,2025-02-26T08:50:55+00:00
Standard,3.1.1.2.1.1,AI-N.Q.1,"Select quantities and use units as a way to:

* interpret and guide the solution of multi-step problems;

* choose and interpret units consistently in formulas; and

* choose and interpret the scale and the origin in graphs and data displays.",09-12,2025-02-26T08:50:55+00:00
Standard,3.1.1.2.1.2,AI-N.Q.3,Choose a level of accuracy appropriate to limitations on measurement and context when reporting quantities.,09-12,2025-02-26T08:50:55+00:00
Conceptual Category,3.1.2,,Algebra,09-12,2025-02-26T08:50:55+00:00
Domain,3.1.2.1,AI-A.SSE,Seeing Structure in Expressions,09-12,2025-02-26T08:50:55+00:00
Cluster,3.1.2.1.1,,Interpret the structure of expressions.,09-12,2025-02-26T08:50:55+00:00
Standard,3.1.2.1.1.1,AI-A.SSE.1,Interpret expressions that represent a quantity in terms of its context.,09-12,2025-02-26T08:50:55+00:00
Component,3.1.2.1.1.1.1,AI-A.SSE.1.a,"Write the standard form of a given polynomial and identify the terms, coefficients, degree, leading coefficient, and constant term.",09-12,2025-02-26T08:50:55+00:00
Component,3.1.2.1.1.1.2,AI-A.SSE.1.b,Interpret expressions by viewing one or more of their parts as a single entity.,09-12,2025-02-26T08:50:55+00:00
Standard,3.1.2.1.1.2,AI-A.SSE.2,Recognize and use the structure of an expression to identify ways to rewrite it.,09-12,2025-02-26T08:50:55+00:00
Cluster,3.1.2.1.2,,Write expressions in equivalent forms to reveal their characteristics.,09-12,2025-02-26T08:50:55+00:00
Standard,3.1.2.1.2.1,AI-A.SSE.3,Choose and produce an equivalent form of an expression to reveal and explain properties of the quantity represented by the expression.,09-12,2025-02-26T08:50:55+00:00
Component,3.1.2.1.2.1.1,AI-A.SSE.3.c,Use the properties of exponents to rewrite exponential expressions.,09-12,2025-02-26T08:50:55+00:00
Domain,3.1.2.2,AI-A.APR,Arithmetic with Polynomials and Rational Expressions,09-12,2025-02-26T08:50:55+00:00
Cluster,3.1.2.2.1,,Perform arithmetic operations on polynomials.,09-12,2025-02-26T08:50:55+00:00
Standard,3.1.2.2.1.1,AI-A.APR.1,"Add, subtract, and multiply polynomials and recognize that the result of the operation is also a polynomial. This forms a system analogous to the integers.",09-12,2025-02-26T08:50:55+00:00
Cluster,3.1.2.2.2,,Understand the relationship between zeros and factors of polynomials.,09-12,2025-02-26T08:50:55+00:00
Standard,3.1.2.2.2.1,AI-A.APR.3,Identify zeros of polynomial functions when suitable factorizations are available.,09-12,2025-02-26T08:50:55+00:00
Domain,3.1.2.3,AI-A.CED,Creating Equations,09-12,2025-02-26T08:50:55+00:00
Cluster,3.1.2.3.1,,Create equations that describe numbers or relationships.,09-12,2025-02-26T08:50:55+00:00
Standard,3.1.2.3.1.1,AI-A.CED.1,Create equations and inequalities in one variable to represent a real-world context.,09-12,2025-02-26T08:50:55+00:00
Standard,3.1.2.3.1.2,AI-A.CED.2,Create equations and linear inequalities in two variables to represent a real-world context.,09-12,2025-02-26T08:50:55+00:00
Standard,3.1.2.3.1.3,AI-A.CED.3,"Represent constraints by equations or inequalities, and by systems of equations and/or inequalities, and interpret solutions as viable or non-viable options in a modeling context.",09-12,2025-02-26T08:50:55+00:00
Standard,3.1.2.3.1.4,AI-A.CED.4,"Rewrite formulas to highlight a quantity of interest, using the same reasoning as in solving equations.",09-12,2025-02-26T08:50:55+00:00
Domain,3.1.2.4,AI-A.REI,Reasoning with Equations and Inequalities,09-12,2025-02-26T08:50:55+00:00
Cluster,3.1.2.4.1,,Understand solving equations as a process of reasoning and explain the reasoning.,09-12,2025-02-26T08:50:55+00:00
Standard,3.1.2.4.1.1,AI-A.REI.1.a,"Explain each step when solving a linear or quadratic equation as following from the equality of numbers asserted at the previous step, starting from the assumption that the original equation has a solution. Construct a viable argument to justify a solution method.",09-12,2025-02-26T08:50:55+00:00
Cluster,3.1.2.4.2,,Solve equations and inequalities in one variable.,09-12,2025-02-26T08:50:55+00:00
Standard,3.1.2.4.2.1,AI-A.REI.3,"Solve linear equations and inequalities in one variable, including equations with coefficients represented by letters.",09-12,2025-02-26T08:50:55+00:00
Standard,3.1.2.4.2.2,AI-A.REI.4,Solve quadratic equations in one variable.,09-12,2025-02-26T08:50:55+00:00
Component,3.1.2.4.2.2.1,AI-A.REI.4.a,Use the method of completing the square to transform any quadratic equation in x into an equation of the form (x-p)² = q that has the same solutions. Understand that the quadratic formula is a derivative of this process.,09-12,2025-02-26T08:50:55+00:00
Component,3.1.2.4.2.2.2,AI-A.REI.4.b,"Solve quadratic equations by:

* inspection,

* taking square roots;

* factoring,

* completing the square,

* the quadratic formula;

* graphing and

Recognize when the process yields no real solutions.",09-12,2025-02-26T08:50:55+00:00
Cluster,3.1.2.4.3,,Solve systems of equations.,09-12,2025-02-26T08:50:55+00:00
Standard,3.1.2.4.3.1,AI-A.REI.6.a,Solve systems of linear equations in two variables both algebraically and graphically.,09-12,2025-02-26T08:50:55+00:00
Standard,3.1.2.4.3.2,AI-A.REI.7.a,"Solve a system, with rational solutions, consisting of a linear equation and a quadratic equation (parabolas only) in two variables algebraically and graphically.",09-12,2025-02-26T08:50:55+00:00
Cluster,3.1.2.4.4,,Represent and solve equations and inequalities graphically.,09-12,2025-02-26T08:50:55+00:00
Standard,3.1.2.4.4.1,AI-A.REI.10,Understand that the graph of an equation in two variables is the set of all its solutions plotted in the coordinate plane.,09-12,2025-02-26T08:50:55+00:00
Standard,3.1.2.4.4.2,AI-A.REI.11,"Given the equations y=f(x) and y=g(x):

* recognize that each x-coordinate of the intersection(s) is the solution to the equation f(x)=g(x); and

* find the solutions approximately using technology to graph the functions or make tables of values; and

* interpret the solution in context.",09-12,2025-05-05T16:53:08+00:00
Standard,3.1.2.4.4.3,AI-A.REI.12,"Graph the solutions to a linear inequality in two variables as a half-plane (excluding the boundary in the case of a strict inequality), and graph the solution set to a system of linear inequalities in two variables as the intersection of the corresponding half-planes.",09-12,2025-02-26T08:50:55+00:00
Conceptual Category,3.1.3,,Functions,09-12,2025-02-26T08:50:55+00:00
Domain,3.1.3.1,AI-F.IF,Interpreting Functions,09-12,2025-02-26T08:50:55+00:00
Cluster,3.1.3.1.1,,Understand the concept of a function and use function notation.,09-12,2025-02-26T08:50:55+00:00
Standard,3.1.3.1.1.1,AI-F.IF.1,"Understand that a function from one set (called the domain) to another set (called the range) assigns to each element of the domain exactly one element of the range. If f is a function and x is an element of its domain, then f(x) denotes the output of f corresponding to the input x. The graph of f is the graph of the equation y = f(x).",09-12,2025-02-26T08:50:55+00:00
Standard,3.1.3.1.1.2,AI-F.IF.2,"Use function notation, evaluate functions for inputs in their domains, and interpret statements that use function notation in terms of a context.",09-12,2025-02-26T08:50:55+00:00
Standard,3.1.3.1.1.3,AI-F.IF.3,Recognize that a sequence is a function whose domain is a subset of the integers.,09-12,2025-02-26T08:50:55+00:00
Cluster,3.1.3.1.2,,Interpret functions that arise in applications in terms of the context.,09-12,2025-02-26T08:50:55+00:00
Standard,3.1.3.1.2.1,AI-F.IF.4,"For a function that models a relationship between two quantities:

* interpret key features of graphs and tables in terms of the quantities; and

* sketch graphs showing key features given a verbal description of the relationship.",09-12,2025-02-26T08:50:55+00:00
Standard,3.1.3.1.2.2,AI-F.IF.5,"Determine the domain of a function from its graph and, where applicable, identify the appropriate domain for a function in context.",09-12,2025-02-26T08:50:55+00:00
Standard,3.1.3.1.2.3,AI-F.IF.6,Calculate and interpret the average rate of change of a function over a specified interval.,09-12,2025-02-26T08:50:55+00:00
Cluster,3.1.3.1.3,,Analyze functions using different representations.,09-12,2025-02-26T08:50:55+00:00
Standard,3.1.3.1.3.1,AI-F.IF.7,Graph functions and show key features of the graph by hand and by using technology where appropriate.,09-12,2025-02-26T08:50:55+00:00
Component,3.1.3.1.3.1.1,AI-F.IF.7.a,"Graph linear, quadratic, and exponential functions and show key features.",09-12,2025-02-26T08:50:55+00:00
Component,3.1.3.1.3.1.2,AI-F.IF.7.b,"Graph square root, and piecewise-defined functions, including step functions and absolute value functions and show key features.",09-12,2025-02-26T08:50:55+00:00
Standard,3.1.3.1.3.2,AI-F.IF.8,Write a function in different but equivalent forms to reveal and explain different properties of the function.,09-12,2025-02-26T08:50:55+00:00
Component,3.1.3.1.3.2.1,AI-F.IF.8.a,"For a quadratic function, use an algebraic process to find zeros, maxima, minima, and symmetry of the graph, and interpret these in terms of context.",09-12,2025-02-26T08:50:55+00:00
Standard,3.1.3.1.3.3,AI-F.IF.9,"Compare properties of two functions each represented in a different way (algebraically, graphically, numerically in tables, or by verbal descriptions).",09-12,2025-02-26T08:50:55+00:00
Domain,3.1.3.2,AI-F.BF,Building Functions,09-12,2025-02-26T08:50:55+00:00
Cluster,3.1.3.2.1,,Build a function that models a relationship between two quantities.,09-12,2025-02-26T08:50:55+00:00
Standard,3.1.3.2.1.1,AI-F.BF.1,Write a function that describes a relationship between two quantities.,09-12,2025-02-26T08:50:55+00:00
Component,3.1.3.2.1.1.1,AI-F.BF.1.a,Determine a function from context. Define a sequence explicitly or steps for calculation from a context.,09-12,2025-02-26T08:50:55+00:00
Cluster,3.1.3.2.2,,Build new functions from existing functions.,09-12,2025-02-26T08:50:55+00:00
Standard,3.1.3.2.2.1,AI-F.BF.3.a,"Using f(x) + k, k f(x), and f(x + k):

* identify the effect on the graph when replacing f(x) by f(x) + k, k f(x), and f(x + k) for specific values of k (both positive and negative); 

* find the value of k given the graphs; 

* write a new function using the value of k; and 

* use technology to experiment with cases and explore the effects on the graph.",09-12,2025-02-26T08:50:55+00:00
Domain,3.1.3.3,AI-F.LE,"Linear, Quadratic, and Exponential Models",09-12,2025-02-26T08:50:55+00:00
Cluster,3.1.3.3.1,,"Construct and compare linear, quadratic, and exponential models and solve problems.",09-12,2025-02-26T08:50:55+00:00
Standard,3.1.3.3.1.1,AI-F.LE.1,Distinguish between situations that can be modeled with linear functions and with exponential functions.,09-12,2025-02-26T08:50:55+00:00
Component,3.1.3.3.1.1.1,AI-F.LE.1.a,"Justify that a function is linear because it grows by equal differences over equal intervals, and that a function is exponential because it grows by equal factors over equal intervals.",09-12,2025-02-26T08:50:55+00:00
Component,3.1.3.3.1.1.2,AI-F.LE.1.b,"Recognize situations in which one quantity changes at a constant rate per unit interval relative to another, and therefore can be modeled linearly.",09-12,2025-02-26T08:50:55+00:00
Component,3.1.3.3.1.1.3,AI-F.LE.1.c,"Recognize situations in which a quantity grows or decays by a constant percent rate per unit interval relative to another, and therefore can be modeled exponentially.",09-12,2025-02-26T08:50:55+00:00
Standard,3.1.3.3.1.2,AI-F.LE.2,"Construct a linear or exponential function symbolically given:

* a graph;

* a description of the relationship;

* two input-output pairs (include reading these from a table).",09-12,2025-02-26T08:50:55+00:00
Standard,3.1.3.3.1.3,AI-F.LE.3,"Observe using graphs and tables that a quantity increasing exponentially eventually exceeds a quantity increasing linearly, quadratically, or (more generally) as a polynomial function.",09-12,2025-02-26T08:50:55+00:00
Cluster,3.1.3.3.2,,Interpret expressions for functions in terms of the situation they model.,09-12,2025-02-26T08:50:55+00:00
Standard,3.1.3.3.2.1,AI-F.LE.5,Interpret the parameters in a linear or exponential function in terms of a context.,09-12,2025-02-26T08:50:55+00:00
Conceptual Category,3.1.4,,Statistics and Probability,09-12,2025-02-26T08:50:55+00:00
Domain,3.1.4.1,AI-S.ID,Interpreting Categorical and Quantitative Data,09-12,2025-02-26T08:50:55+00:00
Cluster,3.1.4.1.1,,"Summarize, represent, and interpret data on a single count or measurement variable.",09-12,2025-02-26T08:50:55+00:00
Standard,3.1.4.1.1.1,AI-S.ID.1,"Represent data with plots on the real number line (dot plots, histograms, and box plots).",09-12,2025-02-26T08:50:55+00:00
Standard,3.1.4.1.1.2,AI-S.ID.2,"Use statistics appropriate to the shape of the data distribution to compare center (median, mean) and spread (inter-quartile range, sample standard deviation) of two or more different data sets.",09-12,2025-02-26T08:50:55+00:00
Standard,3.1.4.1.1.3,AI-S.ID.3,"Interpret differences in shape, center, and spread in the context of the data sets, accounting for possible effects of extreme data points (outliers).",09-12,2025-02-26T08:50:55+00:00
Cluster,3.1.4.1.2,,"Summarize, represent, and interpret data on two categorical and quantitative variables.",09-12,2025-02-26T08:50:55+00:00
Standard,3.1.4.1.2.1,AI-S.ID.5,"Summarize categorical data for two categories in two-way frequency tables. Interpret relative frequencies in the context of the data (including joint, marginal, and conditional relative frequencies). Recognize possible associations and trends in the data.",09-12,2025-02-26T08:50:55+00:00
Standard,3.1.4.1.2.2,AI-S.ID.6,"Represent bivariate data on a scatter plot, and describe how the variables’ values are related.",09-12,2025-02-26T08:50:55+00:00
Component,3.1.4.1.2.2.1,AI-S.ID.6.a,Fit a function to real-world data; use functions fitted to data to solve problems in the context of the data.,09-12,2025-02-26T08:50:55+00:00
Cluster,3.1.4.1.3,,Interpret linear models.,09-12,2025-02-26T08:50:55+00:00
Standard,3.1.4.1.3.1,AI-S.ID.7,Interpret the slope (rate of change) and the intercept (constant term) of a linear model in the context of the data.,09-12,2025-02-26T08:50:55+00:00
Standard,3.1.4.1.3.2,AI-S.ID.8,Calculate (using technology) and interpret the correlation coefficient of a linear fit.,09-12,2025-02-26T08:50:55+00:00
Standard,3.1.4.1.3.3,AI-S.ID.9,Distinguish between correlation and causation.,09-12,2025-02-26T08:50:55+00:00
Course,3.2,,Geometry,09-12,2025-02-26T08:50:55+00:00
Conceptual Category,3.2.1,,Geometry,09-12,2025-02-26T08:50:55+00:00
Domain,3.2.1.1,GEO-G.CO,Congruence,09-12,2025-02-26T08:50:55+00:00
Cluster,3.2.1.1.1,,Experiment with transformations in the plane.,09-12,2025-02-26T08:50:55+00:00
Standard,3.2.1.1.1.1,GEO-G.CO.1,"Know precise definitions of angle, circle, perpendicular lines, parallel lines, and line segment, based on the undefined notions of point, line, distance along a line, and distance around a circular arc as these exist within a plane.",09-12,2025-02-26T08:50:55+00:00
Standard,3.2.1.1.1.2,GEO-G.CO.2,Represent transformations as geometric functions that take points in the plane as inputs and give points as outputs. Compare transformations that preserve distance and angle measure to those that do not.,09-12,2025-02-26T08:50:55+00:00
Standard,3.2.1.1.1.3,GEO-G.CO.3,"Given a regular or irregular polygon, describe the rotations and reflections (symmetries) that map the polygon onto itself.",09-12,2025-02-26T08:50:55+00:00
Standard,3.2.1.1.1.4,GEO-G.CO.4,"Develop definitions of rotations, reflections, and translations in terms of points, angles, circles, perpendicular lines, parallel lines, and line segments.",09-12,2025-02-26T08:50:55+00:00
Standard,3.2.1.1.1.5,GEO-G.CO.5,"Given a geometric figure and a rotation, reflection, or translation, draw the transformed figure. Specify a sequence of transformations that will carry a given figure onto another.",09-12,2025-02-26T08:50:55+00:00
Cluster,3.2.1.1.2,,Understand congruence in terms of rigid motions.,09-12,2025-02-26T08:50:55+00:00
Standard,3.2.1.1.2.1,GEO-G.CO.6,"Use geometric descriptions of rigid motions to transform figures and to predict the effect of a given rigid motion on a given figure. Given two figures, use the definition of congruence in terms of rigid motions to decide if they are congruent.",09-12,2025-02-26T08:50:55+00:00
Standard,3.2.1.1.2.2,GEO-G.CO.7,Use the definition of congruence in terms of rigid motions to show that two triangles are congruent if and only if corresponding pairs of sides and corresponding pairs of angles are congruent.,09-12,2025-02-26T08:50:55+00:00
Standard,3.2.1.1.2.3,GEO-G.CO.8,"Explain how the criteria for triangle congruence (ASA, SAS, SSS, AAS and HL (Hypotenuse Leg)) follow from the definition of congruence in terms of rigid motions.",09-12,2025-02-26T08:50:55+00:00
Cluster,3.2.1.1.3,,Prove geometric theorems.,09-12,2025-02-26T08:50:55+00:00
Standard,3.2.1.1.3.1,GEO-G.CO.10,Prove and apply theorems about triangles.,09-12,2025-02-26T08:50:55+00:00
Standard,3.2.1.1.3.2,GEO-G.CO.11,Prove and apply theorems about parallelograms.,09-12,2025-02-26T08:50:55+00:00
Standard,3.2.1.1.3.3,GEO-G.CO.9,Prove and apply theorems about lines and angles.,09-12,2025-02-26T08:50:55+00:00
Cluster,3.2.1.1.4,,Make geometric constructions.,09-12,2025-02-26T08:50:55+00:00
Standard,3.2.1.1.4.1,GEO-G.CO.12,"Make, justify, and apply formal geometric constructions.",09-12,2025-02-26T08:50:55+00:00
Standard,3.2.1.1.4.2,GEO-G.CO.13,"Make and justify the constructions for inscribing an equilateral triangle, a square and a regular hexagon in a circle.",09-12,2025-02-26T08:50:55+00:00
Domain,3.2.1.2,GEO-G.SRT,"Similarity, Right Triangles, and Trigonometry",09-12,2025-02-26T08:50:55+00:00
Cluster,3.2.1.2.1,,Understand similarity in terms of similarity transformations.,09-12,2025-02-26T08:50:55+00:00
Standard,3.2.1.2.1.1,GEO-G.SRT.1,Verify experimentally the properties of dilations given by a center and a scale factor.,09-12,2025-02-26T08:50:55+00:00
Component,3.2.1.2.1.1.1,GEO-G.SRT.1.a,"Verify experimentally that dilation takes a line not passing through the center of the dilation to a parallel line, and leaves a line passing through the center unchanged.",09-12,2025-02-26T08:50:55+00:00
Component,3.2.1.2.1.1.2,GEO-G.SRT.1.b,Verify experimentally that the dilation of a line segment is longer or shorter in the ratio given by the scale factor.,09-12,2025-02-26T08:50:55+00:00
Standard,3.2.1.2.1.2,GEO-G.SRT.2,"Given two figures, use the definition of similarity in terms of similarity transformations to decide if they are similar. Explain using similarity transformations that similar triangles have equality of all corresponding pairs of angles and the proportionality of all corresponding pairs of sides.",09-12,2025-02-26T08:50:55+00:00
Standard,3.2.1.2.1.3,GEO-G.SRT.3,"Use the properties of similarity transformations to establish the AA~, SSS~, and SAS~ criterion for two triangles to be similar.",09-12,2025-02-26T08:50:55+00:00
Cluster,3.2.1.2.2,,Prove theorems involving similarity.,09-12,2025-02-26T08:50:55+00:00
Standard,3.2.1.2.2.1,GEO-G.SRT.4,Prove and apply similarity theorems about triangles.,09-12,2025-02-26T08:50:55+00:00
Standard,3.2.1.2.2.2,GEO-G.SRT.5,Use congruence and similarity criteria for triangles to:,09-12,2025-02-26T08:50:55+00:00
Component,3.2.1.2.2.2.1,GEO-G.SRT.5.a,Solve problems algebraically and geometrically.,09-12,2025-02-26T08:50:55+00:00
Component,3.2.1.2.2.2.2,GEO-G.SRT.5.b,Prove relationships in geometric figures.,09-12,2025-02-26T08:50:55+00:00
Cluster,3.2.1.2.3,,Define trigonometric ratios and solve problems involving right triangles.,09-12,2025-02-26T08:50:55+00:00
Standard,3.2.1.2.3.1,GEO-G.SRT.6,"Understand that by similarity, side ratios in right triangles are properties of the angles in the triangle, leading to definitions of sine, cosine and tangent ratios for acute angles.",09-12,2025-02-26T08:50:55+00:00
Standard,3.2.1.2.3.2,GEO-G.SRT.7,Explain and use the relationship between the sine and cosine of complementary angles.,09-12,2025-02-26T08:50:55+00:00
Standard,3.2.1.2.3.3,GEO-G.SRT.8,"Use sine, cosine, tangent, the Pythagorean Theorem and properties of special right triangles to solve right triangles in applied problems.",09-12,2025-02-26T08:50:55+00:00
Cluster,3.2.1.2.4,,Apply Trigonometry to general triangles.,09-12,2025-02-26T08:50:55+00:00
Standard,3.2.1.2.4.1,GEO-G.SRT.9,Justify and apply the formula A = 1/2 ab sin (C) to find the area of any triangle by drawing an auxiliary line from a vertex perpendicular to the opposite side.,09-12,2025-02-26T08:50:55+00:00
Domain,3.2.1.3,GEO-G.C,Circles,09-12,2025-02-26T08:50:55+00:00
Cluster,3.2.1.3.1,,Understand and apply theorems about circles.,09-12,2025-02-26T08:50:55+00:00
Standard,3.2.1.3.1.1,GEO-G.C.1,Prove that all circles are similar.,09-12,2025-02-26T08:50:55+00:00
Standard,3.2.1.3.1.2,GEO-G.C.2.a,"Identify, describe and apply relationships between the angles and their intercepted arcs of a circle.",09-12,2025-02-26T08:50:55+00:00
Standard,3.2.1.3.1.3,GEO-G.C.2.b,"Identify, describe and apply relationships among radii, chords, tangents, and secants of a circle.",09-12,2025-02-26T08:50:55+00:00
Cluster,3.2.1.3.2,,Find arc lengths and area of sectors of circles.,09-12,2025-02-26T08:50:55+00:00
Standard,3.2.1.3.2.1,GEO-G.C.5,"Using proportionality, find one of the following given two others; the central angle, arc length, radius or area of sector.",09-12,2025-02-26T08:50:55+00:00
Domain,3.2.1.4,GEO-G.GPE,Expressing Geometric Properties with Equations,09-12,2025-02-26T08:50:55+00:00
Cluster,3.2.1.4.1,,Translate between the geometric description and the equation of a conic section.,09-12,2025-02-26T08:50:55+00:00
Standard,3.2.1.4.1.1,GEO-G.GPE.1.a,"Derive the equation of a circle of given center and radius using the Pythagorean Theorem. Find the center and radius of a circle, given the equation of the circle.",09-12,2025-02-26T08:50:55+00:00
Standard,3.2.1.4.1.2,GEO-G.GPE.1.b,Graph circles given their equation.,09-12,2025-02-26T08:50:55+00:00
Cluster,3.2.1.4.2,,Use coordinates to prove simple geometric theorems algebraically.,09-12,2025-02-26T08:50:55+00:00
Standard,3.2.1.4.2.1,GEO-G.GPE.4,"On the coordinate plane, algebraically prove geometric theorems and properties.",09-12,2025-02-26T08:50:55+00:00
Standard,3.2.1.4.2.2,GEO-G.GPE.5,On the coordinate plane:,09-12,2025-02-26T08:50:55+00:00
Component,3.2.1.4.2.2.1,GEO-G.GPE.5.a,Explore the proof for the relationship between slopes of parallel and perpendicular lines;,09-12,2025-02-26T08:50:55+00:00
Component,3.2.1.4.2.2.2,GEO-G.GPE.5.b,"Determine if lines are parallel, perpendicular, or neither, based on their slopes; and",09-12,2025-02-26T08:50:55+00:00
Component,3.2.1.4.2.2.3,GEO-G.GPE.5.c,Apply properties of parallel and perpendicular lines to solve geometric problems.,09-12,2025-02-26T08:50:55+00:00
Standard,3.2.1.4.2.3,GEO-G.GPE.6,Find the point on a directed line segment between two given points that partitions the segment in a given ratio.,09-12,2025-02-26T08:50:55+00:00
Standard,3.2.1.4.2.4,GEO-G.GPE.7,Use coordinates to compute perimeters of polygons and areas of triangles and rectangles.,09-12,2025-02-26T08:50:55+00:00
Domain,3.2.1.5,GEO-G.GMD,Geometric Measurement and Dimension,09-12,2025-02-26T08:50:55+00:00
Cluster,3.2.1.5.1,,Explain volume formulas and use them to solve problems.,09-12,2025-02-26T08:50:55+00:00
Standard,3.2.1.5.1.1,GEO-G.GMD.1,"Provide informal arguments for the formulas for the circumference of a circle, area of a circle, volume of a cylinder, pyramid, and cone.",09-12,2025-02-26T08:50:55+00:00
Standard,3.2.1.5.1.2,GEO-G.GMD.3,"Use volume formulas for cylinders, pyramids, cones, and spheres to solve problems.",09-12,2025-02-26T08:50:55+00:00
Cluster,3.2.1.5.2,,Visualize relationships between two-dimensional and three-dimensional objects.,09-12,2025-02-26T08:50:55+00:00
Standard,3.2.1.5.2.1,GEO-G.GMD.4,"Identify the shapes of plane sections of three-dimensional objects, and identify three-dimensional objects generated by rotations of two-dimensional objects.",09-12,2025-02-26T08:50:55+00:00
Domain,3.2.1.6,GEO-G.MG,Modeling with Geometry,09-12,2025-02-26T08:50:55+00:00
Cluster,3.2.1.6.1,,Apply geometric concepts in modeling situations.,09-12,2025-02-26T08:50:55+00:00
Standard,3.2.1.6.1.1,GEO-G.MG.1,"Use geometric shapes, their measures, and their properties to describe objects.",09-12,2025-02-26T08:50:55+00:00
Standard,3.2.1.6.1.2,GEO-G.MG.2,Apply concepts of density based on area and volume of geometric figures in modeling situations.,09-12,2025-02-26T08:50:55+00:00
Standard,3.2.1.6.1.3,GEO-G.MG.3,Apply geometric methods to solve design problems.,09-12,2025-02-26T08:50:55+00:00
Course,3.3,,Algebra II,09-12,2025-02-26T08:50:55+00:00
Conceptual Category,3.3.1,,Number and Quantity,09-12,2025-02-26T08:50:55+00:00
Domain,3.3.1.1,AII-N.RN,The Real Number System,09-12,2025-02-26T08:50:55+00:00
Cluster,3.3.1.1.1,,Extend the properties of exponents to rational exponents.,09-12,2025-02-26T08:50:55+00:00
Standard,3.3.1.1.1.1,AII-N.RN.1,Explore how the meaning of rational exponents follows from extending the properties of integer exponents.,09-12,2025-02-26T08:50:55+00:00
Standard,3.3.1.1.1.2,AII-N.RN.2,Convert between radical expressions and expressions with rational exponents using the properties of exponents.,09-12,2025-02-26T08:50:55+00:00
Domain,3.3.1.2,AII-N.CN,The Complex Number System,09-12,2025-02-26T08:50:55+00:00
Cluster,3.3.1.2.1,,Perform arithmetic operations with complex numbers.,09-12,2025-02-26T08:50:55+00:00
Standard,3.3.1.2.1.1,AII-N.CN.1,"Know there is a complex number i such that $i^{2} = –1$, and every complex number has the form a + bi with a and b real.",09-12,2025-04-24T02:18:12+00:00
Standard,3.3.1.2.1.2,AII-N.CN.2,"Use the relation $i^{2} = –1$ and the commutative, associative, and distributive properties to add, subtract, and multiply complex numbers.",09-12,2025-04-24T02:18:21+00:00
Conceptual Category,3.3.2,,Algebra,09-12,2025-02-26T08:50:55+00:00
Domain,3.3.2.1,AII-A.SSE,Seeing Structure in Expressions,09-12,2025-02-26T08:50:55+00:00
Cluster,3.3.2.1.1,,Interpret the structure of expressions.,09-12,2025-02-26T08:50:55+00:00
Standard,3.3.2.1.1.1,AII-A.SSE.2,Recognize and use the structure of an expression to identify ways to rewrite it.,09-12,2025-02-26T08:50:55+00:00
Cluster,3.3.2.1.2,,Write expressions in equivalent forms to reveal their characteristics.,09-12,2025-02-26T08:50:55+00:00
Standard,3.3.2.1.2.1,AII-A.SSE.3,Choose and produce an equivalent form of an expression to reveal and explain properties of the quantity represented by the expression.,09-12,2025-02-26T08:50:55+00:00
Component,3.3.2.1.2.1.1,AII-A.SSE.3.a,Factor quadratic expressions including leading coefficients other than 1 to reveal the zeros of the function it defines.,09-12,2025-02-26T08:50:55+00:00
Component,3.3.2.1.2.1.2,AII-A.SSE.3.c,Use the properties of exponents to rewrite exponential expressions.,09-12,2025-02-26T08:50:55+00:00
Domain,3.3.2.2,AII-A.APR,Arithmetic with Polynomials and Rational Expressions,09-12,2025-02-26T08:50:55+00:00
Cluster,3.3.2.2.1,,Understand the relationship between zeros and factors of polynomials.,09-12,2025-02-26T08:50:55+00:00
Standard,3.3.2.2.1.1,AII-A.APR.2,"Apply the Remainder Theorem: For a polynomial p(x) and a number a, the remainder on division by x – a is p(a), so p(a) = 0 if and only if (x – a) is a factor of p(x).",09-12,2025-02-26T08:50:55+00:00
Standard,3.3.2.2.1.2,AII-A.APR.3,Identify zeros of polynomial functions when suitable factorizations are available.,09-12,2025-02-26T08:50:55+00:00
Cluster,3.3.2.2.2,,Rewrite rational expressions.,09-12,2025-02-26T08:50:55+00:00
Standard,3.3.2.2.2.1,AII-A.APR.6,"Rewrite rational expressions in different forms: Write a(x)/b(x) in the form $q(x) + \frac{r(x)}{b(x)}$ , where a(x), b(x), q(x), and r(x) are polynomials with the degree of r(x) less than the degree of b(x).",09-12,2025-04-24T02:19:00+00:00
Domain,3.3.2.3,AII-A.CED,Creating Equations,09-12,2025-02-26T08:50:55+00:00
Cluster,3.3.2.3.1,,Create equations that describe numbers or relationships.,09-12,2025-02-26T08:50:55+00:00
Standard,3.3.2.3.1.1,AII-A.CED.1,Create equations and inequalities in one variable to represent a real-world context.,09-12,2025-02-26T08:50:55+00:00
Domain,3.3.2.4,AII-A.REI,Reasoning with Equations and Inequalities,09-12,2025-02-26T08:50:55+00:00
Cluster,3.3.2.4.1,,Understand solving equations as a process of reasoning and explain the reasoning.,09-12,2025-02-26T08:50:55+00:00
Standard,3.3.2.4.1.1,AII-A.REI.1.b,"Explain each step when solving rational or radical equations as following from the equality of numbers asserted at the previous step, starting from the assumption that the original equation has a solution. Construct a viable argument to justify a solution method.",09-12,2025-02-26T08:50:55+00:00
Standard,3.3.2.4.1.2,AII-A.REI.2,"Solve rational and radical equations in one variable, identify extraneous solutions, and explain how they arise.",09-12,2025-02-26T08:50:55+00:00
Cluster,3.3.2.4.2,,Solve equations and inequalities in one variable.,09-12,2025-02-26T08:50:55+00:00
Standard,3.3.2.4.2.1,AII-A.REI.4,Solve quadratic equations in one variable.,09-12,2025-02-26T08:50:55+00:00
Component,3.3.2.4.2.1.1,AII-A.REI.4.b,"Solve quadratic equations by:

* inspection;

* taking square roots;

* factoring;

* completing the square;

* the quadratic formula and

* graphing

Write complex solutions in a+bi form.",09-12,2025-02-26T08:50:55+00:00
Cluster,3.3.2.4.3,,Solve systems of equations.,09-12,2025-02-26T08:50:55+00:00
Standard,3.3.2.4.3.1,AII-A.REI.7.b,Solve a system consisting of a linear equation and a quadratic equation in two variables algebraically and graphically.,09-12,2025-02-26T08:50:55+00:00
Cluster,3.3.2.4.4,,Represent and solve equations and inequalities graphically.,09-12,2025-02-26T08:50:55+00:00
Standard,3.3.2.4.4.1,AII-A.REI.11,"Given the equations y=f(x) and y=g(x):

* recognize that each x-coordinate of the intersection(s) is the solution to the equation f(x)=g(x); and

* find the solutions approximately using technology to graph the functions or make tables of values; and

* interpret the solution in context.

* find the solution of f(x) < g(x) or f(x) ≤ g(x) graphically",09-12,2025-02-26T08:50:55+00:00
Conceptual Category,3.3.3,,Functions,09-12,2025-02-26T08:50:55+00:00
Domain,3.3.3.1,AII-F.IF,Interpreting Functions,09-12,2025-02-26T08:50:55+00:00
Cluster,3.3.3.1.1,,Understand the concept of a function and use function notation.,09-12,2025-02-26T08:50:55+00:00
Standard,3.3.3.1.1.1,AII-F.IF.3,Recognize that a sequence is a function whose domain is a subset of the integers.,09-12,2025-02-26T08:50:55+00:00
Cluster,3.3.3.1.2,,Interpret functions that arise in applications in terms of the context.,09-12,2025-02-26T08:50:55+00:00
Standard,3.3.3.1.2.1,AII-F.IF.4,"For a function that models a relationship between two quantities:

* interpret key features of graphs and tables in terms of the quantities; and

* sketch graphs showing key features given a verbal description of the relationship.",09-12,2025-02-26T08:50:55+00:00
Standard,3.3.3.1.2.2,AII-F.IF.6,Calculate and interpret the average rate of change of a function over a specified interval.,09-12,2025-02-26T08:50:55+00:00
Cluster,3.3.3.1.3,,Analyze functions using different representations.,09-12,2025-02-26T08:50:55+00:00
Standard,3.3.3.1.3.1,AII-F.IF.7,Graph functions and show key features of the graph by hand and using technology when appropriate.,09-12,2025-02-26T08:50:55+00:00
Component,3.3.3.1.3.1.1,AII-F.IF.7.c,"Graph polynomial functions, identifying zeros when suitable factorizations are available, and showing end behavior.",09-12,2025-02-26T08:50:55+00:00
Component,3.3.3.1.3.1.2,AII-F.IF.7.e,"Graph cube root, exponential and logarithmic functions, showing intercepts and end behavior; and trigonometric functions, showing period, midline, and amplitude.",09-12,2025-02-26T08:50:55+00:00
Standard,3.3.3.1.3.2,AII-F.IF.8,Write a function in different but equivalent forms to reveal and explain different properties of the function.,09-12,2025-02-26T08:50:55+00:00
Component,3.3.3.1.3.2.1,AII-F.IF.8.b,"Use the properties of exponents to interpret exponential functions, and classify them as representing exponential growth or decay.",09-12,2025-02-26T08:50:55+00:00
Standard,3.3.3.1.3.3,AII-F.IF.9,"Compare properties of two functions each represented in a different way (algebraically, graphically, numerically in tables, or by verbal descriptions).",09-12,2025-02-26T08:50:55+00:00
Domain,3.3.3.2,AII-F.BF,Building Functions,09-12,2025-02-26T08:50:55+00:00
Cluster,3.3.3.2.1,,Build a function that models a relationship between two quantities.,09-12,2025-02-26T08:50:55+00:00
Standard,3.3.3.2.1.1,AII-F.BF.1,Write a function that describes a relationship between two quantities.,09-12,2025-02-26T08:50:55+00:00
Component,3.3.3.2.1.1.1,AII-F.BF.1.a,"Determine a function from context. Determine an explicit expression, a recursive process, or steps for calculation from a context.",09-12,2025-02-26T08:50:55+00:00
Component,3.3.3.2.1.1.2,AII-F.BF.1.b,Combine standard function types using arithmetic operations.,09-12,2025-02-26T08:50:55+00:00
Standard,3.3.3.2.1.2,AII-F.BF.2,"Write arithmetic and geometric sequences both recursively and with an explicit formula, use them to model situations, and translate between the two forms.",09-12,2025-02-26T08:50:55+00:00
Cluster,3.3.3.2.2,,Build new functions from existing functions.,09-12,2025-02-26T08:50:55+00:00
Standard,3.3.3.2.2.1,AII-F.BF.3.b,"Using f(x) + k, k f(x), f(kx) and f(x + k):

* Identify the effect on the graph when replacing f(x) by f(x) + k, k f(x), f(kx) and f(x + k) for specific values of k (both positive and negative);

* Find the value of k given the graphs;

* Write a new function using the value of k; and

* Use technology to experiment with cases and explore the effects on the graph.

Include recognizing even and odd functions from their graphs.",09-12,2025-02-26T08:50:55+00:00
Standard,3.3.3.2.2.2,AII-F.BF.4.a,Find the inverse of a one-to-one function both algebraically and graphically.,09-12,2025-02-26T08:50:55+00:00
Standard,3.3.3.2.2.3,AII-F.BF.5.a,Understand inverse relationships between exponents and logarithms algebraically and graphically.,09-12,2025-02-26T08:50:55+00:00
Standard,3.3.3.2.2.4,AII-F.BF.6,"Represent and evaluate the sum of a finite arithmetic or finite geometric series, using summation (sigma) notation.",09-12,2025-02-26T08:50:55+00:00
Standard,3.3.3.2.2.5,AII-F.BF.7,Explore the derivation of the formulas for finite arithmetic and finite geometric series. Use the formulas to solve problems.,09-12,2025-02-26T08:50:55+00:00
Domain,3.3.3.3,AII-F.LE,"Linear, Quadratic, and Exponential Models",09-12,2025-02-26T08:50:55+00:00
Cluster,3.3.3.3.1,,"Construct and compare linear, quadratic, and exponential models and solve problems.",09-12,2025-02-26T08:50:55+00:00
Standard,3.3.3.3.1.1,AII-F.LE.2,"Construct a linear or exponential function symbolically given:

* a graph;

* a description of the relationship;

* two input-output pairs (include reading these from a table).",09-12,2025-02-26T08:50:55+00:00
Standard,3.3.3.3.1.2,AII-F.LE.4,"Use logarithms to solve exponential equations, such as $(ab^{c})^{t} = d$ (where a, b, c, and d are real numbers and b > 0) and evaluate the logarithm using technology.",09-12,2025-04-24T02:22:44+00:00
Cluster,3.3.3.3.2,,Interpret expressions for functions in terms of the situation they model.,09-12,2025-02-26T08:50:55+00:00
Standard,3.3.3.3.2.1,AII-F.LE.5,Interpret the parameters in a linear or exponential function in terms of a context.,09-12,2025-02-26T08:50:55+00:00
Domain,3.3.3.4,AII-F.TF,Trigonometric Functions,09-12,2025-02-26T08:50:55+00:00
Cluster,3.3.3.4.1,,Extend the domain of trigonometric functions using the unit circle.,09-12,2025-02-26T08:50:55+00:00
Standard,3.3.3.4.1.1,AII-F.TF.1,Understand radian measure of an angle as the length of the arc on the unit circle subtended by the angle.,09-12,2025-02-26T08:50:55+00:00
Standard,3.3.3.4.1.2,AII-F.TF.2,Apply concepts of the unit circle in the coordinate plane to calculate the values of the six trigonometric functions given angles in radian measure.,09-12,2025-02-26T08:50:55+00:00
Standard,3.3.3.4.1.3,AII-F.TF.4,Use the unit circle to explain symmetry (odd and even) and periodicity of trigonometric functions.,09-12,2025-02-26T08:50:55+00:00
Cluster,3.3.3.4.2,,Model periodic phenomena with trigonometric functions.,09-12,2025-02-26T08:50:55+00:00
Standard,3.3.3.4.2.1,AII-F.TF.5,"Choose trigonometric functions to model periodic phenomena with specified amplitude, frequency, horizontal shift, and midline.",09-12,2025-02-26T08:50:55+00:00
Cluster,3.3.3.4.3,,Prove and apply trigonometric identities.,09-12,2025-02-26T08:50:55+00:00
Standard,3.3.3.4.3.1,AII-F.TF.8,Prove the Pythagorean identity $\sin^{2}(\theta) + cos^{2}(\theta) = 1$. Find the value of any of the six trigonometric functions given any other trigonometric function value and when necessary find the quadrant of the angle.,09-12,2025-04-24T02:23:44+00:00
Conceptual Category,3.3.4,,Statistics and Probability,09-12,2025-02-26T08:50:55+00:00
Domain,3.3.4.1,AII-S.ID,Interpreting Categorical and Quantitative Data,09-12,2025-02-26T08:50:55+00:00
Cluster,3.3.4.1.1,,"Summarize, represent, and interpret data on a single count or measurement variable.",09-12,2025-02-26T08:50:55+00:00
Standard,3.3.4.1.1.1,AII-S.ID.4.a,Recognize whether or not a normal curve is appropriate for a given data set.,09-12,2025-02-26T08:50:55+00:00
Standard,3.3.4.1.1.2,AII-S.ID.4.b,"If appropriate, determine population percentages using a graphing calculator for an appropriate normal curve.",09-12,2025-02-26T08:50:55+00:00
Cluster,3.3.4.1.2,,"Summarize, represent, and interpret data on two categorical and quantitative variables.",09-12,2025-02-26T08:50:55+00:00
Standard,3.3.4.1.2.1,AII-S.ID.6,"Represent bivariate data on a scatter plot, and describe how the variables’ values are related.",09-12,2025-02-26T08:50:55+00:00
Component,3.3.4.1.2.1.1,AII-S.ID.6.a,Fit a function to real-world data; use functions fitted to data to solve problems in the context of the data.,09-12,2025-02-26T08:50:55+00:00
Domain,3.3.4.2,AII-S.IC,Making Inferences and Justifying Conclusions,09-12,2025-02-26T08:50:55+00:00
Cluster,3.3.4.2.1,,Understand and evaluate random processes underlying statistical experiments.,09-12,2025-02-26T08:50:55+00:00
Standard,3.3.4.2.1.1,AII-S.IC.2,Determine if a value for a sample proportion or sample mean is likely to occur based on a given simulation.,09-12,2025-02-26T08:50:55+00:00
Cluster,3.3.4.2.2,,"Make inferences and justify conclusions from sample surveys, experiments, and observational studies.",09-12,2025-02-26T08:50:55+00:00
Standard,3.3.4.2.2.1,AII-S.IC.3,"Recognize the purposes of and differences among surveys, experiments, and observational studies. Explain how randomization relates to each.",09-12,2025-02-26T08:50:55+00:00
Standard,3.3.4.2.2.2,AII-S.IC.4,"Given a simulation model based on a sample proportion or mean, construct the 95% interval centered on the statistic (+/- two standard deviations) and determine if a suggested parameter is plausible.",09-12,2025-02-26T08:50:55+00:00
Standard,3.3.4.2.2.3,AII-S.IC.6.a,Use the tools of statistics to draw conclusions from numerical summaries.,09-12,2025-02-26T08:50:55+00:00
Standard,3.3.4.2.2.4,AII-S.IC.6.b,"Use the language of statistics to critique claims from informational texts. For example, causation vs correlation, bias, measures of center and spread.",09-12,2025-02-26T08:50:55+00:00
Domain,3.3.4.3,AII-S.CP,Conditional Probability and the Rules of Probability,09-12,2025-02-26T08:50:55+00:00
Cluster,3.3.4.3.1,,Understand independence and conditional probability and use them to interpret data.,09-12,2025-02-26T08:50:55+00:00
Standard,3.3.4.3.1.1,AII-S.CP.1,"Describe events as subsets of a sample space (the set of outcomes) using characteristics (or categories) of the outcomes, or as unions, intersections, or complements of other events (“or,” “and,” “not”).",09-12,2025-02-26T08:50:55+00:00
Standard,3.3.4.3.1.2,AII-S.CP.4,Interpret two-way frequency tables of data when two categories are associated with each object being classified. Use the two-way table as a sample space to decide if events are independent and calculate conditional probabilities.,09-12,2025-02-26T08:50:55+00:00
Cluster,3.3.4.3.2,,Use the rules of probability to compute probabilities of compound events in a uniform probability model.,09-12,2025-02-26T08:50:55+00:00
Standard,3.3.4.3.2.1,AII-S.CP.7,"Apply the Addition Rule, P(A or B) = P(A) + P(B) - P(A and B), and interpret the answer in terms of the model.",09-12,2025-02-26T08:50:55+00:00
Linked Reference,3.4,,Plus (+) Standards,09-12,2025-02-26T08:50:55+00:00
Conceptual Category,3.4.1,,Number and Quantity,09-12,2025-02-26T08:50:55+00:00
Domain,3.4.1.1,(+)-N.CN,The Complex Number System,09-12,2025-02-26T08:50:55+00:00
Cluster,3.4.1.1.1,,Perform arithmetic operations with complex numbers.,09-12,2025-02-26T08:50:55+00:00
Standard,3.4.1.1.1.1,(+)-N.CN.3,Find the conjugate of a complex number; use conjugates to find moduli and quotients of complex numbers.,09-12,2025-02-26T08:50:55+00:00
Cluster,3.4.1.1.2,,Represent complex numbers and their operations on the complex plane.,09-12,2025-02-26T08:50:55+00:00
Standard,3.4.1.1.2.1,(+)-N.CN.4.a,"Represent complex numbers on the complex plane in rectangular and polar form (including real and imaginary numbers), and convert between rectangular and polar forms of a given complex number.",09-12,2025-02-26T08:50:55+00:00
Standard,3.4.1.1.2.2,(+)-N.CN.4.b,Determine whether rectangular or polar form is more efficient given the context.,09-12,2025-02-26T08:50:55+00:00
Standard,3.4.1.1.2.3,(+)-N.CN.5,"Represent addition, subtraction, multiplication, and conjugation of complex numbers geometrically on the complex plane; use properties of this representation for computation.",09-12,2025-02-26T08:50:55+00:00
Standard,3.4.1.1.2.4,(+)-N.CN.6.a,Calculate the distance between two points in the complex plane.,09-12,2025-02-26T08:50:55+00:00
Standard,3.4.1.1.2.5,(+)-N.CN.6.b,Find the midpoint of the segment whose endpoints are in the complex plane.,09-12,2025-02-26T08:50:55+00:00
Cluster,3.4.1.1.3,,Use complex numbers in polynomial identities and equations.,09-12,2025-02-26T08:50:55+00:00
Standard,3.4.1.1.3.1,(+)-N.CN8,Extend polynomial identities to the complex numbers.,09-12,2025-02-26T08:50:55+00:00
Standard,3.4.1.1.3.2,(+)-N.CN9,State the Fundamental Theorem of Algebra and use it to find roots of polynomials.,09-12,2025-02-26T08:50:55+00:00
Domain,3.4.1.2,(+)-N.VM,Vector and Matrix Quantities,09-12,2025-02-26T08:50:55+00:00
Cluster,3.4.1.2.1,,Represent and model with vector quantities.,09-12,2025-02-26T08:50:55+00:00
Standard,3.4.1.2.1.1,(+)-N.VM.1,Represent a vector analytically and geometrically.,09-12,2025-02-26T08:50:55+00:00
Standard,3.4.1.2.1.2,(+)-N.VM.2,Find the magnitude and direction of a given vector.,09-12,2025-02-26T08:50:55+00:00
Standard,3.4.1.2.1.3,(+)-N.VM.3,Solve problems using vectors analytically and geometrically.,09-12,2025-02-26T08:50:55+00:00
Cluster,3.4.1.2.2,,Perform operations on vectors.,09-12,2025-02-26T08:50:55+00:00
Standard,3.4.1.2.2.1,(+)-N.VM.4,Add and subtract vectors analytically and geometrically.,09-12,2025-02-26T08:50:55+00:00
Standard,3.4.1.2.2.2,(+)-N.VM.5,Multiply a vector by a scalar analytically and geometrically.,09-12,2025-02-26T08:50:55+00:00
Cluster,3.4.1.2.3,,Perform operations on matrices and use matrices in applications.,09-12,2025-02-26T08:50:55+00:00
Standard,3.4.1.2.3.1,(+)-N.VM.11,Use matrices to perform linear transformations in the plane.,09-12,2025-02-26T08:50:55+00:00
Standard,3.4.1.2.3.2,(+)-N.VM.12,Calculate and interpret the determinant of a matrix.,09-12,2025-02-26T08:50:55+00:00
Standard,3.4.1.2.3.3,(+)-N.VM.6,Use matrices to represent and model real world situations.,09-12,2025-02-26T08:50:55+00:00
Standard,3.4.1.2.3.4,(+)-N.VM.7,Multiply matrices by scalars.,09-12,2025-02-26T08:50:55+00:00
Standard,3.4.1.2.3.5,(+)-N.VM.8,"Add, subtract, and multiply matrices.",09-12,2025-02-26T08:50:55+00:00
Standard,3.4.1.2.3.6,(+)-N.VM.9,"Understand that, unlike multiplication of numbers, matrix multiplication for square matrices is not a commutative operation, but still satisfies the associative and distributive properties.",09-12,2025-02-26T08:50:55+00:00
Conceptual Category,3.4.2,,Algebra,09-12,2025-02-26T08:50:55+00:00
Domain,3.4.2.1,(+)-A.APR,Arithmetic with Polynomial and Rational Expressions,09-12,2025-02-26T08:50:55+00:00
Cluster,3.4.2.1.1,,Use polynomial identities to solve problems.,09-12,2025-02-26T08:50:55+00:00
Standard,3.4.2.1.1.1,(+)-A.APR.4,Prove polynomial identities and use them to describe numerical relationships.,09-12,2025-02-26T08:50:55+00:00
Standard,3.4.2.1.1.2,(+)-A.APR.5,Use the Binomial Theorem for the expansion of $(x + y)^n$ for a positive integer n.,09-12,2025-03-03T19:27:59+00:00
Cluster,3.4.2.1.2,,Rewrite rational expressions.,09-12,2025-02-26T08:50:55+00:00
Standard,3.4.2.1.2.1,(+)-A.APR.7,"Understand that rational expressions form a system analogous to the rational numbers, closed under addition, subtraction, multiplication, and division by a nonzero rational expression; add, subtract, multiply, and divide rational expressions.",09-12,2025-02-26T08:50:55+00:00
Domain,3.4.2.2,(+)-A.REI,Reasoning with Equations and Inequalities,09-12,2025-02-26T08:50:55+00:00
Cluster,3.4.2.2.1,,Solve systems of equations.,09-12,2025-02-26T08:50:55+00:00
Standard,3.4.2.2.1.1,(+)-A.REI.6.b,Solve systems of linear equations in three variables.,09-12,2025-02-26T08:50:55+00:00
Standard,3.4.2.2.1.2,(+)-A.REI.8,Represent a system of linear equations as a single matrix equation in a vector variable.,09-12,2025-02-26T08:50:55+00:00
Standard,3.4.2.2.1.3,(+)-A.REI.9,Find the inverse of a matrix if it exists and use it to solve systems of linear equations (using technology for matrices of dimension 3 × 3 or greater).,09-12,2025-02-26T08:50:55+00:00
Conceptual Category,3.4.3,,Functions,09-12,2025-02-26T08:50:55+00:00
Domain,3.4.3.1,(+)-F.IF,Interpreting Functions,09-12,2025-02-26T08:50:55+00:00
Cluster,3.4.3.1.1,,Analyze functions using different representations.,09-12,2025-02-26T08:50:55+00:00
Standard,3.4.3.1.1.1,(+)-F.IF.7.d,"Graph rational functions, identifying zeros and asymptotes when suitable factorizations are available.",09-12,2025-02-26T08:50:55+00:00
Domain,3.4.3.2,(+)-F.BF,Building Functions,09-12,2025-02-26T08:50:55+00:00
Cluster,3.4.3.2.1,,Build a function that models a relationship between two quantities.,09-12,2025-02-26T08:50:55+00:00
Standard,3.4.3.2.1.1,(+)-F.BF.1c,Compose functions and state resulting domain.,09-12,2025-02-26T08:50:55+00:00
Cluster,3.4.3.2.2,,Build new functions from existing functions.,09-12,2025-02-26T08:50:55+00:00
Standard,3.4.3.2.2.1,(+)-F.BF.3.c,Determine algebraically whether or not a function is even or odd.,09-12,2025-02-26T08:50:55+00:00
Standard,3.4.3.2.2.2,(+)-F.BF.4.b,Verify by composition that one function is the inverse of another.,09-12,2025-02-26T08:50:55+00:00
Standard,3.4.3.2.2.3,(+)-F.BF.4.c,"Given the graph or table of an invertible function, determine coordinates of its inverse.",09-12,2025-02-26T08:50:55+00:00
Standard,3.4.3.2.2.4,(+)-F.BF.4.d,Determine an invertible function from a non-invertible function by restricting the domain.,09-12,2025-02-26T08:50:55+00:00
Standard,3.4.3.2.2.5,(+)-F.BF.5.b,Use inverse relationships to solve problems involving logarithms and exponents.,09-12,2025-02-26T08:50:55+00:00
Standard,3.4.3.2.2.6,(+)-F.BF.5.c,Apply the properties of logarithms to rewrite logarithmic expressions in equivalent forms and solve logarithmic equations.,09-12,2025-02-26T08:50:55+00:00
Domain,3.4.3.3,(+)-F.TF,Trigonometric Functions,09-12,2025-02-26T08:50:55+00:00
Cluster,3.4.3.3.1,,Extend the domain of trigonometric functions using the unit circle.,09-12,2025-02-26T08:50:55+00:00
Standard,3.4.3.3.1.1,(+)-F.TF.3,"Use special triangles to determine geometrically the values of sine, cosine, tangent for $\frac{\pi}{3}$, $\frac{\pi}{4}$ and $\frac{\pi}{6}$, and use the unit circle to express the values of sine, cosines, and tangent for x, $\pi + x$, and $2\pi – x$ in terms of their values for x, where x is any real number.",09-12,2025-04-24T02:24:53+00:00
Cluster,3.4.3.3.2,,Model periodic phenomena with trigonometric functions.,09-12,2025-02-26T08:50:55+00:00
Standard,3.4.3.3.2.1,(+)-F.TF.6,Understand that restricting a trigonometric function to a domain on which it is always increasing or always decreasing allows its inverse to be constructed.,09-12,2025-02-26T08:50:55+00:00
Standard,3.4.3.3.2.2,(+)-F.TF.7,"Solve trigonometric equations:

* analytically with inverse functions and graphically with technology

and interpret solutions in terms of the context.",09-12,2025-02-26T08:50:55+00:00
Cluster,3.4.3.3.3,,Prove and apply trigonometric identities.,09-12,2025-02-26T08:50:55+00:00
Standard,3.4.3.3.3.1,(+)-F.TF.9,"Prove the sum and difference formulas for sine, cosine, and tangent and use them to solve problems.",09-12,2025-02-26T08:50:55+00:00
Conceptual Category,3.4.4,,Geometry,09-12,2025-02-26T08:50:55+00:00
Domain,3.4.4.1,(+)-G.SRT,"Similarity, Right Triangles, and Trigonometry",09-12,2025-02-26T08:50:55+00:00
Cluster,3.4.4.1.1,,Apply trigonometry to general triangles.,09-12,2025-02-26T08:50:55+00:00
Standard,3.4.4.1.1.1,(+)-G.SRT.10,"Prove the Law of Sines and the Law of Cosines and apply in all cases, including the ambiguous case.",09-12,2025-02-26T08:50:55+00:00
Standard,3.4.4.1.1.2,(+)-G.SRT.11,Understand and apply the Law of Sines and the Law of Cosines to find unknown measurements in right and non-right triangles.,09-12,2025-02-26T08:50:55+00:00
Domain,3.4.4.2,(+)-G.C,Circles,09-12,2025-02-26T08:50:55+00:00
Cluster,3.4.4.2.1,,Understand and apply theorems about circles.,09-12,2025-02-26T08:50:55+00:00
Standard,3.4.4.2.1.1,(+)-G.C.4,Construct a tangent line from a point outside a given circle to the circle.,09-12,2025-02-26T08:50:55+00:00
Domain,3.4.4.3,(+)-G.GPE,Expressing Geometric Properties with Equations,09-12,2025-02-26T08:50:55+00:00
Cluster,3.4.4.3.1,,Translate between the geometric description and the equation for a conic section.,09-12,2025-02-26T08:50:55+00:00
Standard,3.4.4.3.1.1,(+)-G.GPE.2,"Explore the relationship among the parabola, focus, and directrix and use the equation to model a real-life situation, using technology as appropriate.",09-12,2025-02-26T08:50:55+00:00
Standard,3.4.4.3.1.2,(+)-G.GPE.3.a,Derive the equations of ellipses and hyperbolas given the foci.,09-12,2025-02-26T08:50:55+00:00
Standard,3.4.4.3.1.3,(+)-G.GPE.3.b,Use these equations to model real life situations.,09-12,2025-02-26T08:50:55+00:00
Domain,3.4.4.4,(+)-G.GMD,Geometric Measurement and Dimension,09-12,2025-02-26T08:50:55+00:00
Cluster,3.4.4.4.1,,Explain volume formulas and use them to solve problems.,09-12,2025-02-26T08:50:55+00:00
Standard,3.4.4.4.1.1,(+)-G.GMD.2,Give an informal argument using Cavalieri’s principle for the formulas for the volume of a sphere and other solid figures.,09-12,2025-02-26T08:50:55+00:00
Conceptual Category,3.4.5,,Statistics and Probability,09-12,2025-02-26T08:50:55+00:00
Domain,3.4.5.1,(+)-S.ID,Interpreting Categorical and Quantitative Data,09-12,2025-02-26T08:50:55+00:00
Cluster,3.4.5.1.1,,"Summarize, represent, and interpret data on two categorical and quantitative variables.",09-12,2025-02-26T08:50:55+00:00
Standard,3.4.5.1.1.1,(+)-S.ID.6.b,Informally assess the fit of a function by plotting and analyzing residuals.,09-12,2025-02-26T08:50:55+00:00
Domain,3.4.5.2,(+)-S.CP,Conditional Probability and the Rules of Probability,09-12,2025-02-26T08:50:55+00:00
Cluster,3.4.5.2.1,,Use the rules of probability to compute probabilities of compound events in a uniform probability model.,09-12,2025-02-26T08:50:55+00:00
Standard,3.4.5.2.1.1,(+)-S.CP.9,Solve problems using permutations and combinations to compute probabilities of compound events.,09-12,2025-02-26T08:50:55+00:00
Domain,3.4.5.3,(+)-S.MD,Using Probability to Make Decisions,09-12,2025-02-26T08:50:55+00:00
Cluster,3.4.5.3.1,,Calculate expected values and use them to solve problems.,09-12,2025-02-26T08:50:55+00:00
Standard,3.4.5.3.1.1,(+)-S.MD.1.a,Define a random variable for a quantity of interest.,09-12,2025-02-26T08:50:55+00:00
Standard,3.4.5.3.1.2,(+)-S.MD.1.b,Graph a probability distribution for a discrete random variable based on either empirical or theoretical probabilities.,09-12,2025-02-26T08:50:55+00:00
Standard,3.4.5.3.1.3,(+)-S.MD.2,Calculate and interpret the expected value of a random variable.,09-12,2025-02-26T08:50:55+00:00
Cluster,3.4.5.3.2,,Use probability to evaluate outcomes of decisions.,09-12,2025-02-26T08:50:55+00:00
Standard,3.4.5.3.2.1,(+)-S.MD.5,Use expected values from probability distributions to evaluate and compare the outcomes of decisions.,09-12,2025-02-26T08:50:55+00:00
Standard,3.4.5.3.2.2,(+)-S.MD.6,Use probabilities to make fair decisions.,09-12,2025-02-26T08:50:55+00:00
Standard,3.4.5.3.2.3,(+)-S.MD.7,"Using probability concepts, evaluate decisions and strategies.",09-12,2025-02-26T08:50:55+00:00