Item Type,Sequence,Human Code,Full Statement,Ed. Level,Last Modified
Domain,1,,Goal Areas and Skill Sets,KG-12,2025-05-16T18:07:49+00:00
Domain,1.1,,Language,KG-12,2025-04-08T17:48:52+00:00
Skill Set,1.1.1,,"**Interpersonal Communication** Interpersonal Communication refers to communication between a minimum of two individuals and involves an exchange of information. Interpersonal communication may be oral or written, and participants utilize the language to negotiate meaning.",KG-12,2025-04-08T17:48:52+00:00
Skill Set,1.1.2,,"**Presentational Speaking** Presentational Speaking is one-way verbal communication. Learners use the target language to present information, concepts and ideas in order to inform, explain, persuade, and narrate. More advanced learners are able to adapt the language to various audiences.",KG-12,2025-04-08T17:48:52+00:00
Skill Set,1.1.3,,"**Presentational Writing** Presentational Writing is one-way written communication. Learners use the target language to present information, concepts, and ideas in order to inform, explain, persuade, and narrate. More advanced learners are able to adapt the language to various audiences.",KG-12,2025-04-08T17:48:52+00:00
Skill Set,1.1.4,,**Interpretive Listening** Interpretive Listening is analyzing and interpreting another person’s spoken words. Learners use these words to determine the main idea and context of a spoken passage.,KG-12,2025-04-08T17:48:52+00:00
Skill Set,1.1.5,,**Interpretive Reading** Interpretive Reading is analyzing and interpreting written text. Learners use these words to determine the main idea and context of a written passage.,KG-12,2025-04-08T17:48:52+00:00
Domain,1.2,,Interculturality,KG-12,2025-04-08T17:48:52+00:00
Skill Set,1.2.1,,"**Investigation of Products and Practices** Investigation of Products and Practices involves the study of common products that are produced by and representative of the target culture(s). In addition, it encompasses common traditions and behaviors that are typical of the target culture(s).",KG-12,2025-04-08T17:48:52+00:00
Skill Set,1.2.2,,"**Understanding of Cultural Perspectives** Understanding of Cultural Perspectives is the insight into the values, norms, and thoughts that are representative of the target culture(s). These perspectives are typically shaped by the society in which the individual lives.",KG-12,2025-04-08T17:48:52+00:00
Skill Set,1.2.3,,**Participate in Cultural Interaction** Participate in Cultural Interaction is the process in which the learner is able to conduct himself appropriately in interactions with those from the target culture. The learner will recognize cultural differences and will avoid behaviors that are unacceptable by and to individuals from the target culture.,KG-12,2025-04-08T17:48:52+00:00
Domain,2,,Standard Areas and Indicators,KG-12,2025-05-16T18:08:06+00:00
Content Area,2.1,,Modern Languages,KG-12,2025-04-08T17:48:52+00:00
Proficiency,2.1.1,,Exploration,KG-12,2025-04-08T17:48:52+00:00
Indicator,2.1.1.1,,**Interpersonal Communication** Communicate on familiar topics using a variety of words and phrases that have been practiced and memorized.,KG-12,2025-04-08T17:48:52+00:00
Standard Group,2.1.1.1.1,WL.EX.1,Greet peers.,KG-12,2025-04-08T17:48:52+00:00
Standard,2.1.1.1.1.1,WL.EX.1.a,Say hello and goodbye.,KG-12,2025-04-08T17:48:52+00:00
Standard Group,2.1.1.1.2,WL.EX.2,Introduce self to another individual.,KG-12,2025-04-08T17:48:52+00:00
Standard,2.1.1.1.2.1,WL.EX.2.a,Give name.,KG-12,2025-04-08T17:48:52+00:00
Standard,2.1.1.1.2.2,WL.EX.2.b,Give age.,KG-12,2025-04-08T17:48:52+00:00
Standard,2.1.1.1.2.3,WL.EX.2.c,Give location.,KG-12,2025-04-08T17:48:52+00:00
Standard Group,2.1.1.1.3,WL.EX.3,Answer a few simple questions.,KG-12,2025-04-08T17:48:52+00:00
Standard,2.1.1.1.3.1,WL.EX.3.a,Respond to yes/no questions.,KG-12,2025-04-08T17:48:52+00:00
Standard,2.1.1.1.3.2,WL.EX.3.b,Answer either/or questions.,KG-12,2025-04-08T17:48:52+00:00
Standard,2.1.1.1.3.3,WL.EX.3.c,"Respond to who, what, when, and where questions.",KG-12,2025-04-08T17:48:52+00:00
Indicator,2.1.1.2,,**Presentational Speaking** Present information about self and other very familiar topics using words or memorized phrases.,KG-12,2025-04-08T17:48:52+00:00
Standard Group,2.1.1.2.1,WL.EX.4,Recite previously learned words and phrases.,KG-12,2025-04-08T17:48:52+00:00
Standard,2.1.1.2.1.1,WL.EX.4.a,Count from 1-30.,KG-12,2025-04-08T17:48:52+00:00
Standard,2.1.1.2.1.2,WL.EX.4.b,Say the date and day of the week.,KG-12,2025-04-08T17:48:52+00:00
Standard,2.1.1.2.1.3,WL.EX.4.c,List the months.,KG-12,2025-04-08T17:48:52+00:00
Standard Group,2.1.1.2.2,WL.EX.5,"State the names of familiar people, places, and objects in pictures using words or memorized phrases.",KG-12,2025-04-08T17:48:52+00:00
Standard,2.1.1.2.2.1,WL.EX.5.a,Name famous landmarks and people.,KG-12,2025-04-08T17:48:52+00:00
Standard,2.1.1.2.2.2,WL.EX.5.b,Name countries on a map.,KG-12,2025-04-08T17:48:52+00:00
Standard,2.1.1.2.2.3,WL.EX.5.c,List items seen every day.,KG-12,2025-04-08T17:48:52+00:00
Standard Group,2.1.1.2.3,WL.EX.6,Introduce self to a group.,KG-12,2025-04-08T17:48:52+00:00
Standard,2.1.1.2.3.1,WL.EX.6.a,"State name, age, and location.",KG-12,2025-04-08T17:48:52+00:00
Standard,2.1.1.2.3.2,WL.EX.6.b,"Give phone number, home address, and e-mail address.",KG-12,2025-04-08T17:48:52+00:00
Standard Group,2.1.1.2.4,WL.EX.7,"Recite short memorized phrases, parts of poems and rhymes.",KG-12,2025-04-08T17:48:52+00:00
Standard,2.1.1.2.4.1,WL.EX.7.a,Sing a short song.,KG-12,2025-04-08T17:48:52+00:00
Standard,2.1.1.2.4.2,WL.EX.7.b,Recite a nursery rhyme.,KG-12,2025-04-08T17:48:52+00:00
Standard,2.1.1.2.4.3,WL.EX.7.c,Recite a simple poem.,KG-12,2025-04-08T17:48:52+00:00
Indicator,2.1.1.3,,"**Presentational Writing** Copy familiar words, characters, or phrases.",KG-12,2025-04-08T17:48:52+00:00
Standard Group,2.1.1.3.1,WL.EX.8,"Copy letters and words from the wall or board, in a book, or on the computer.",KG-12,2025-04-08T17:48:52+00:00
Standard,2.1.1.3.1.1,WL.EX.8.a,Copy the letters of the alphabet.,KG-12,2025-04-08T17:48:52+00:00
Standard,2.1.1.3.1.2,WL.EX.8.b,"Copy a simple phrase like “Happy Birthday,” “Happy Holidays,” etc.",KG-12,2025-04-08T17:48:52+00:00
Standard Group,2.1.1.3.2,WL.EX.9,Write previously learned words and phrases.,KG-12,2025-04-08T17:48:52+00:00
Standard,2.1.1.3.2.1,WL.EX.9.a,"Write name, home address, and e-mail address.",KG-12,2025-04-08T17:48:52+00:00
Standard,2.1.1.3.2.2,WL.EX.9.b,Write numbers such as a phone number.,KG-12,2025-04-08T17:48:52+00:00
Standard,2.1.1.3.2.3,WL.EX.9.c,Write the date and the day of the week.,KG-12,2025-04-08T17:48:52+00:00
Standard,2.1.1.3.2.4,WL.EX.9.d,Write the months.,KG-12,2025-04-08T17:48:52+00:00
Standard Group,2.1.1.3.3,WL.EX.10,"List familiar people, places, and objects in pictures and posters.",KG-12,2025-04-08T17:48:52+00:00
Standard,2.1.1.3.3.1,WL.EX.10.a,Label famous landmarks and people.,KG-12,2025-04-08T17:48:52+00:00
Standard,2.1.1.3.3.2,WL.EX.10.b,Write the names of countries on a map.,KG-12,2025-04-08T17:48:52+00:00
Standard,2.1.1.3.3.3,WL.EX.10.c,List items seen every day.,KG-12,2025-04-08T17:48:52+00:00
Standard,2.1.1.3.3.4,WL.EX.10.d,Label items in a room.,KG-12,2025-04-08T17:48:52+00:00
Indicator,2.1.1.4,,**Interpretive Listening** Recognize memorized words and phrases when they are spoken,KG-12,2025-04-08T17:48:52+00:00
Standard Group,2.1.1.4.1,WL.EX.11,Identify the sound of a letter or a word.,KG-12,2025-04-08T17:48:52+00:00
Standard,2.1.1.4.1.1,WL.EX.11.a,Recognize the sounds of letters when they are spoken or spelled out.,KG-12,2025-04-08T17:48:52+00:00
Standard Group,2.1.1.4.2,WL.EX.12,"Understand isolated words that have been memorized, particularly when accompanied by gesture or pictures.",KG-12,2025-04-08T17:48:52+00:00
Standard,2.1.1.4.2.1,WL.EX.12.a,Understand greetings.,KG-12,2025-04-08T17:48:52+00:00
Standard,2.1.1.4.2.2,WL.EX.12.b,Recognize color words.,KG-12,2025-04-08T17:48:52+00:00
Standard,2.1.1.4.2.3,WL.EX.12.c,Understand numbers.,KG-12,2025-04-08T17:48:52+00:00
Standard,2.1.1.4.2.4,WL.EX.12.d,Understand food items.,KG-12,2025-04-08T17:48:52+00:00
Indicator,2.1.1.5,,**Interpretive Reading** Recognize letters or characters. Identify a few memorized words and phrases when read.,KG-12,2025-04-08T17:48:52+00:00
Standard Group,2.1.1.5.1,WL.EX.13,Recognize letters or characters.,KG-12,2025-04-08T17:48:52+00:00
Standard,2.1.1.5.1.1,WL.EX.13.a,Alphabetize names or words.,KG-12,2025-04-08T17:48:52+00:00
Standard,2.1.1.5.1.2,WL.EX.13.b,Match a character in a headline to a supporting visual.,KG-12,2025-04-08T17:48:52+00:00
Standard Group,2.1.1.5.2,WL.EX.14,"Connect words, phrases, or characters to their meanings.",KG-12,2025-04-08T17:48:52+00:00
Standard,2.1.1.5.2.1,WL.EX.14.a,Recognize major cities on a map.,KG-12,2025-04-08T17:48:52+00:00
Standard,2.1.1.5.2.2,WL.EX.14.b,Identify menu items.,KG-12,2025-04-08T17:48:52+00:00
Indicator,2.1.1.6,,**Investigation of Products and Practices** Study typical products and common traditions that are representative of the target culture.,KG-12,2025-04-08T17:48:52+00:00
Standard Group,2.1.1.6.1,WL.EX.15,Identify common products related to home and community life across cultures.,KG-12,2025-04-08T17:48:52+00:00
Standard,2.1.1.6.1.1,WL.EX.15.a,Identify familiar landmarks.,KG-12,2025-04-08T17:48:52+00:00
Standard,2.1.1.6.1.2,WL.EX.15.b,Recognize traditional and popular songs.,KG-12,2025-04-08T17:48:52+00:00
Standard,2.1.1.6.1.3,WL.EX.15.c,"Recognize similarities and differences between the designs of houses, buildings, or towns.",KG-12,2025-04-08T17:48:52+00:00
Standard Group,2.1.1.6.2,WL.EX.16,Identify common practices related to home and community life across cultures.,KG-12,2025-04-08T17:48:52+00:00
Standard,2.1.1.6.2.1,WL.EX.16.a,Identify common eating habits across cultures.,KG-12,2025-04-08T17:48:52+00:00
Standard,2.1.1.6.2.2,WL.EX.16.b,Identify habits of dress across cultures.,KG-12,2025-04-08T17:48:52+00:00
Indicator,2.1.1.7,,**Understanding of Cultural Perspectives** Identify basic cultural beliefs and practices of the target culture.,KG-12,2025-04-08T17:48:52+00:00
Standard Group,2.1.1.7.1,WL.EX.17,"Identify beliefs and values related to age, gender, social class, and ethnicity.",KG-12,2025-04-08T17:48:52+00:00
Standard,2.1.1.7.1.1,WL.EX.17.a,Explain how people address each other differently based on age and social standing.,KG-12,2025-04-08T17:48:52+00:00
Indicator,2.1.1.8,,**Participation in Cultural Interactions** Function at a survival level in an authentic cultural context.,KG-12,2025-04-08T17:48:52+00:00
Standard Group,2.1.1.8.1,WL.EX.18,Function at a survival level in an authentic cultural context.,KG-12,2025-04-08T17:48:52+00:00
Standard,2.1.1.8.1.1,WL.EX.18.a,Imitate appropriate greetings.,KG-12,2025-04-08T17:48:52+00:00
Standard,2.1.1.8.1.2,WL.EX.18.b,Recognize and imitate table manners.,KG-12,2025-04-08T17:48:52+00:00
Proficiency,2.1.2,,Level I,KG-12,2025-04-08T17:48:52+00:00
Indicator,2.1.2.1,,**Interpersonal Communication** Communicate on familiar topics using a variety of words and phrases that have been practiced and memorized.,KG-12,2025-04-08T17:48:52+00:00
Standard Group,2.1.2.1.1,WL.I.1,Greet and leave people in a polite way.,KG-12,2025-04-08T17:48:52+00:00
Standard,2.1.2.1.1.1,WL.I.1.a,Say hello and goodbye to a peer.,KG-12,2025-04-08T17:48:52+00:00
Standard,2.1.2.1.1.2,WL.I.1.b,"Say hello and goodbye to a teacher, supervisor, or stranger.",KG-12,2025-04-08T17:48:52+00:00
Standard Group,2.1.2.1.2,WL.I.2,Introduce self and others.,KG-12,2025-04-08T17:48:52+00:00
Standard,2.1.2.1.2.1,WL.I.2.a,"Introduce self and provide basic personal information (name, age, address, phone number, e-mail address).",KG-12,2025-04-08T17:48:52+00:00
Standard,2.1.2.1.2.2,WL.I.2.b,Introduce someone else.,KG-12,2025-04-08T17:48:52+00:00
Standard,2.1.2.1.2.3,WL.I.2.c,Respond to an introduction.,KG-12,2025-04-08T17:48:52+00:00
Standard Group,2.1.2.1.3,WL.I.3,Answer a variety of simple questions.,KG-12,2025-04-08T17:48:52+00:00
Standard,2.1.2.1.3.1,WL.I.3.a,Respond to yes/no questions,KG-12,2025-04-08T17:48:52+00:00
Standard,2.1.2.1.3.2,WL.I.3.b,Answer either/or questions.,KG-12,2025-04-08T17:48:52+00:00
Standard,2.1.2.1.3.3,WL.I.3.c,Answer questions about likes and dislikes.,KG-12,2025-04-08T17:48:52+00:00
Standard,2.1.2.1.3.4,WL.I.3.d,"Respond to who, what, when, and where questions.",KG-12,2025-04-08T17:48:52+00:00
Standard,2.1.2.1.3.5,WL.I.3.e,Answer questions about past or present actions.,KG-12,2025-04-08T17:48:52+00:00
Standard,2.1.2.1.3.6,WL.I.3.f,Answer questions about past or present travel or location.,KG-12,2025-04-08T17:48:52+00:00
Standard,2.1.2.1.3.7,WL.I.3.g,Answer questions about topics or information being learned.,KG-12,2025-04-08T17:48:52+00:00
Standard Group,2.1.2.1.4,WL.I.4,Make simple statements in a conversation.,KG-12,2025-04-08T17:48:52+00:00
Standard,2.1.2.1.4.1,WL.I.4.a,State what action is being performed.,KG-12,2025-04-08T17:48:52+00:00
Standard,2.1.2.1.4.2,WL.I.4.b,State location.,KG-12,2025-04-08T17:48:52+00:00
Standard,2.1.2.1.4.3,WL.I.4.c,Identify individual being visited or seen.,KG-12,2025-04-08T17:48:52+00:00
Standard,2.1.2.1.4.4,WL.I.4.d,"Express a reaction, such as “Great!”",KG-12,2025-04-08T17:48:52+00:00
Standard Group,2.1.2.1.5,WL.I.5,Ask simple questions.,KG-12,2025-04-08T17:48:52+00:00
Standard,2.1.2.1.5.1,WL.I.5.a,"Ask who, what, when, and where questions.",KG-12,2025-04-08T17:48:52+00:00
Standard,2.1.2.1.5.2,WL.I.5.b,Ask questions about information being learned.,KG-12,2025-04-08T17:48:52+00:00
Standard Group,2.1.2.1.6,WL.I.6,Communicate basic information about self and familiar people.,KG-12,2025-04-08T17:48:52+00:00
Standard,2.1.2.1.6.1,WL.I.6.a,State name and ask someone’s name.,KG-12,2025-04-08T17:48:52+00:00
Standard,2.1.2.1.6.2,WL.I.6.b,State or write something about family members and ask about someone’s family.,KG-12,2025-04-08T17:48:52+00:00
Standard,2.1.2.1.6.3,WL.I.6.c,"State or write something about friends, classmates, or co-workers.",KG-12,2025-04-08T17:48:52+00:00
Standard Group,2.1.2.1.7,WL.I.7,Communicate basic information about everyday life.,KG-12,2025-04-08T17:48:52+00:00
Standard,2.1.2.1.7.1,WL.I.7.a,"Give times, dates, and weather information.",KG-12,2025-04-08T17:48:52+00:00
Standard,2.1.2.1.7.2,WL.I.7.b,"Talk about foods eaten, topics learned, and actions taken.",KG-12,2025-04-08T17:48:52+00:00
Standard,2.1.2.1.7.3,WL.I.7.c,Talk about familiar places.,KG-12,2025-04-08T17:48:52+00:00
Standard,2.1.2.1.7.4,WL.I.7.d,Ask and understand how much something costs.,KG-12,2025-04-08T17:48:52+00:00
Standard,2.1.2.1.7.5,WL.I.7.e,Tell someone the time and location of an event.,KG-12,2025-04-08T17:48:52+00:00
Indicator,2.1.2.2,,**Presentational Speaking** Present information about self and other familiar topics using words or memorized phrases.,KG-12,2025-04-08T17:48:52+00:00
Standard Group,2.1.2.2.1,WL.I.8,Recite previously learned words and phrases.,KG-12,2025-04-08T17:48:52+00:00
Standard,2.1.2.2.1.1,WL.I.8.a,Count from 1-100.,KG-12,2025-04-08T17:48:52+00:00
Standard,2.1.2.2.1.2,WL.I.8.b,Say the date and day of the week.,KG-12,2025-04-08T17:48:52+00:00
Standard,2.1.2.2.1.3,WL.I.8.c,List the months and seasons.,KG-12,2025-04-08T17:48:52+00:00
Standard Group,2.1.2.2.2,WL.I.9,"State the names of familiar people, places, and objects of the target culture in pictures using words or memorized phrases.",KG-12,2025-04-08T17:48:52+00:00
Standard,2.1.2.2.2.1,WL.I.9.a,Name famous landmarks and people.,KG-12,2025-04-08T17:48:52+00:00
Standard,2.1.2.2.2.2,WL.I.9.b,Name countries on a map.,KG-12,2025-04-08T17:48:52+00:00
Standard,2.1.2.2.2.3,WL.I.9.c,List items seen every day.,KG-12,2025-04-08T17:48:52+00:00
Standard Group,2.1.2.2.3,WL.I.10,Introduce self to a group.,KG-12,2025-04-08T17:48:52+00:00
Standard,2.1.2.2.3.1,WL.I.10.a,"State name, age, and home town, region, or state.",KG-12,2025-04-08T17:48:52+00:00
Standard,2.1.2.2.3.2,WL.I.10.b,"Give phone number, home address, and e-mail address.",KG-12,2025-04-08T17:48:52+00:00
Standard Group,2.1.2.2.4,WL.I.11,Recite short memorized phrases and parts of poems and rhymes.,KG-12,2025-04-08T17:48:52+00:00
Standard,2.1.2.2.4.1,WL.I.11.a,Sing a short song.,KG-12,2025-04-08T17:48:52+00:00
Standard,2.1.2.2.4.2,WL.I.11.b,Recite a nursery rhyme.,KG-12,2025-04-08T17:48:52+00:00
Standard,2.1.2.2.4.3,WL.I.11.c,Recite a simple poem.,KG-12,2025-04-08T17:48:52+00:00
Indicator,2.1.2.3,,**Presentational Writing** Write lists and memorized phrases on familiar topics.,KG-12,2025-04-08T17:48:52+00:00
Standard Group,2.1.2.3.1,WL.I.12,Fill out a simple form with basic personal information.,KG-12,2025-04-08T17:48:52+00:00
Standard,2.1.2.3.1.1,WL.I.12.a,"Fill out a form with name, address, phone number, birth date, and nationality.",KG-12,2025-04-08T17:48:52+00:00
Standard,2.1.2.3.1.2,WL.I.12.b,Complete a simple online form.,KG-12,2025-04-08T17:48:52+00:00
Standard,2.1.2.3.1.3,WL.I.12.c,Fill out a simple schedule.,KG-12,2025-04-08T17:48:52+00:00
Standard Group,2.1.2.3.2,WL.I.13,Write about self using learned phrases and memorized expressions.,KG-12,2025-04-08T17:48:52+00:00
Standard,2.1.2.3.2.1,WL.I.13.a,"Write name, home address, and e-mail address.",KG-12,2025-04-08T17:48:52+00:00
Standard,2.1.2.3.2.2,WL.I.13.b,Write numbers such as a phone number.,KG-12,2025-04-08T17:48:52+00:00
Standard,2.1.2.3.2.3,WL.I.13.c,Write the date and the day of the week.,KG-12,2025-04-08T17:48:52+00:00
Standard,2.1.2.3.2.4,WL.I.13.d,Write the months and the seasons.,KG-12,2025-04-08T17:48:52+00:00
Standard Group,2.1.2.3.3,WL.I.14,List daily activities and write lists that help in day-to-day life.,KG-12,2025-04-08T17:48:52+00:00
Standard,2.1.2.3.3.1,WL.I.14.a,Label activities and times in a daily schedule.,KG-12,2025-04-08T17:48:52+00:00
Standard,2.1.2.3.3.2,WL.I.14.b,Write about typical weekend activities.,KG-12,2025-04-08T17:48:52+00:00
Standard,2.1.2.3.3.3,WL.I.14.c,Write a to-do list.,KG-12,2025-04-08T17:48:52+00:00
Standard,2.1.2.3.3.4,WL.I.14.d,Write a shopping list.,KG-12,2025-04-08T17:48:52+00:00
Standard Group,2.1.2.3.4,WL.I.15,"Write notes about something learned using lists, phrases, and memorized expressions.",KG-12,2025-04-08T17:48:52+00:00
Standard,2.1.2.3.4.1,WL.I.15.a,List the main cities of countries in the target culture.,KG-12,2025-04-08T17:48:52+00:00
Standard,2.1.2.3.4.2,WL.I.15.b,Write the phrases and memorized expressions connected with holiday wishes and celebrations of the target culture.,KG-12,2025-04-08T17:48:52+00:00
Standard,2.1.2.3.4.3,WL.I.15.c,Create a list of topics or categories using previously learned vocabulary.,KG-12,2025-04-08T17:48:52+00:00
Standard,2.1.2.3.4.4,WL.I.15.d,Summarize a phone message or a classroom activity.,KG-12,2025-04-08T17:48:52+00:00
Indicator,2.1.2.4,,**Interpretive Listening** Recognize familiar words and phrases when spoken.,KG-12,2025-04-08T17:48:52+00:00
Standard Group,2.1.2.4.1,WL.I.16,Recognize a few courtesy phrases.,KG-12,2025-04-08T17:48:52+00:00
Standard,2.1.2.4.1.1,WL.I.16.a,Understand greetings.,KG-12,2025-04-08T17:48:52+00:00
Standard,2.1.2.4.1.2,WL.I.16.b,Understand when people express thanks.,KG-12,2025-04-08T17:48:52+00:00
Standard,2.1.2.4.1.3,WL.I.16.c,Understand when people introduce themselves.,KG-12,2025-04-08T17:48:52+00:00
Standard,2.1.2.4.1.4,WL.I.16.d,Understand when someone asks for a name.,KG-12,2025-04-08T17:48:52+00:00
Standard Group,2.1.2.4.2,WL.I.17,Recognize basic information in memorized words and phrases.,KG-12,2025-04-08T17:48:52+00:00
Standard,2.1.2.4.2.1,WL.I.17.a,Recognize the days of the week and the time.,KG-12,2025-04-08T17:48:52+00:00
Standard,2.1.2.4.2.2,WL.I.17.b,Recognize a date.,KG-12,2025-04-08T17:48:52+00:00
Standard,2.1.2.4.2.3,WL.I.17.c,Recognize common weather expressions.,KG-12,2025-04-08T17:48:52+00:00
Standard Group,2.1.2.4.3,WL.I.18,Recognize and understand words and phrases learned for specific purposes.,KG-12,2025-04-08T17:48:52+00:00
Standard,2.1.2.4.3.1,WL.I.18.a,Recognize the names of the planets in a science class.,KG-12,2025-04-08T17:48:52+00:00
Standard,2.1.2.4.3.2,WL.I.18.b,Recognize the names of parts of the body in a health or fitness class.,KG-12,2025-04-08T17:48:52+00:00
Indicator,2.1.2.5,,**Interpretive Reading** Recognize letters. Understand learned or memorized words and phrases when read.,KG-12,2025-04-08T17:48:52+00:00
Standard Group,2.1.2.5.1,WL.I.19,"Recognize words, phrases, and characters with the help of visuals.",KG-12,2025-04-08T17:48:52+00:00
Standard,2.1.2.5.1.1,WL.I.19.a,Recognize entrance and exit signs.,KG-12,2025-04-08T17:48:52+00:00
Standard,2.1.2.5.1.2,WL.I.19.b,Identify family member words on a family tree.,KG-12,2025-04-08T17:48:52+00:00
Standard,2.1.2.5.1.3,WL.I.19.c,Identify healthy nutritional categories.,KG-12,2025-04-08T17:48:52+00:00
Standard,2.1.2.5.1.4,WL.I.19.d,Identify the simple labels on a science-related graph.,KG-12,2025-04-08T17:48:52+00:00
Standard Group,2.1.2.5.2,WL.I.20,"Recognize words, phrases, and characters when associated with things already known.",KG-12,2025-04-08T17:48:52+00:00
Standard,2.1.2.5.2.1,WL.I.20.a,"Check off words or phrases on a to-do list, grocery list, or scavenger hunt list.",KG-12,2025-04-08T17:48:52+00:00
Standard,2.1.2.5.2.2,WL.I.20.b,Identify labeled aisles in a supermarket.,KG-12,2025-04-08T17:48:52+00:00
Standard,2.1.2.5.2.3,WL.I.20.c,Choose a restaurant from an online list of local eateries.,KG-12,2025-04-08T17:48:52+00:00
Standard,2.1.2.5.2.4,WL.I.20.d,Identify scores from sports teams based on recognition of team names and logos.,KG-12,2025-04-08T17:48:52+00:00
Standard,2.1.2.5.2.5,WL.I.20.e,"Identify artists, titles, and music genres.",KG-12,2025-04-08T17:48:52+00:00
Standard,2.1.2.5.2.6,WL.I.20.f,Identify the names of classes and instructors in a school schedule.,KG-12,2025-04-08T17:48:52+00:00
Indicator,2.1.2.6,,**Investigation of Products and Practices** Study typical products and common traditions that are representative of the target culture.,KG-12,2025-04-08T17:48:52+00:00
Standard Group,2.1.2.6.1,WL.I.21,Identify common products related to home and community life across cultures.,KG-12,2025-04-08T17:48:52+00:00
Standard,2.1.2.6.1.1,WL.I.21.a,Identify geographical features of other countries.,KG-12,2025-04-08T17:48:52+00:00
Standard,2.1.2.6.1.2,WL.I.21.b,Identify familiar landmarks.,KG-12,2025-04-08T17:48:52+00:00
Standard,2.1.2.6.1.3,WL.I.21.c,Recognize traditional and popular songs.,KG-12,2025-04-08T17:48:52+00:00
Standard,2.1.2.6.1.4,WL.I.21.d,"Recognize similarities and differences between the designs of houses, buildings, or towns.",KG-12,2025-04-08T17:48:52+00:00
Standard,2.1.2.6.1.5,WL.I.21.e,"Identify specific locations to have a meal, purchase a ticket, or buy something needed.",KG-12,2025-04-08T17:48:52+00:00
Standard,2.1.2.6.1.6,WL.I.21.f,Recognize similarities and differences between a student’s daily schedule and that of a peer in the target culture.,KG-12,2025-04-08T17:48:52+00:00
Standard Group,2.1.2.6.2,WL.I.22,Identify common practices related to home and community life across cultures.,KG-12,2025-04-08T17:48:52+00:00
Standard,2.1.2.6.2.1,WL.I.22.a,Identify common eating habits in other cultures.,KG-12,2025-04-08T17:48:52+00:00
Standard,2.1.2.6.2.2,WL.I.22.b,Identify habits of dress in the target culture(s).,KG-12,2025-04-08T17:48:52+00:00
Standard,2.1.2.6.2.3,WL.I.22.c,Express the time and date in the format of the target culture.,KG-12,2025-04-08T17:48:52+00:00
Standard,2.1.2.6.2.4,WL.I.22.d,Use the appropriate holiday greetings.,KG-12,2025-04-08T17:48:52+00:00
Indicator,2.1.2.7,,**Understanding of Cultural Perspectives** Identify basic cultural beliefs and practices of the target culture.,KG-12,2025-04-08T17:48:52+00:00
Standard Group,2.1.2.7.1,WL.I.23,"Identify beliefs and values related to age, gender, social class, and ethnicity.",KG-12,2025-04-08T17:48:52+00:00
Standard,2.1.2.7.1.1,WL.I.23.a,Tell the way people address each other differently based on age and social standing.,KG-12,2025-04-08T17:48:52+00:00
Standard,2.1.2.7.1.2,WL.I.23.b,Recognize that appropriate dress is determined by cultural traditions.,KG-12,2025-04-08T17:48:52+00:00
Standard,2.1.2.7.1.3,WL.I.23.c,"Recognize that gender and age can determine one’s role in a family, school, and the workplace.",KG-12,2025-04-08T17:48:52+00:00
Standard Group,2.1.2.7.2,WL.I.24,Identify characteristics of national identity.,KG-12,2025-04-08T17:48:52+00:00
Standard,2.1.2.7.2.1,WL.I.24.a,Identify elements of geography that define a nation.,KG-12,2025-04-08T17:48:52+00:00
Standard,2.1.2.7.2.2,WL.I.24.b,Identify symbols that represent a nation.,KG-12,2025-04-08T17:48:52+00:00
Standard,2.1.2.7.2.3,WL.I.24.c,Identify the importance of historical events through the celebration of national holidays and the monuments.,KG-12,2025-04-08T17:48:52+00:00
Standard,2.1.2.7.2.4,WL.I.24.d,Identify major religions of a nation.,KG-12,2025-04-08T17:48:52+00:00
Standard Group,2.1.2.7.3,WL.I.25,Identify ways in which cultures are globalized.,KG-12,2025-04-08T17:48:52+00:00
Standard,2.1.2.7.3.1,WL.I.25.a,Identify similar leisure activities across cultures.,KG-12,2025-04-08T17:48:52+00:00
Standard,2.1.2.7.3.2,WL.I.25.b,Identify familiar forms of dress across cultures.,KG-12,2025-04-08T17:48:52+00:00
Standard,2.1.2.7.3.3,WL.I.25.c,Identify common dining establishments across cultures.,KG-12,2025-04-08T17:48:52+00:00
Standard,2.1.2.7.3.4,WL.I.25.d,Identify examples of common technology use across cultures.,KG-12,2025-04-08T17:48:52+00:00
Indicator,2.1.2.8,,**Participation in Cultural Interaction** Function at a basic survival level in an authentic cultural context.,KG-12,2025-04-08T17:48:52+00:00
Standard Group,2.1.2.8.1,WL.I.26,Function at a survival level in an authentic cultural context.,KG-12,2025-04-08T17:48:52+00:00
Standard,2.1.2.8.1.1,WL.I.26.a,Imitate appropriate greetings.,KG-12,2025-04-08T17:48:52+00:00
Standard,2.1.2.8.1.2,WL.I.26.b,Recognize and imitate table manners.,KG-12,2025-04-08T17:48:52+00:00
Standard,2.1.2.8.1.3,WL.I.26.c,"Identify what is culturally appropriate to say when gift-giving in different situations, such as a birthday party, New Year’s, a wedding, etc.",KG-12,2025-04-08T17:48:52+00:00
Standard,2.1.2.8.1.4,WL.I.26.d,Recognize and imitate culturally appropriate behavior in a restaurant or other public place.,KG-12,2025-04-08T17:48:52+00:00
Standard Group,2.1.2.8.2,WL.I.27,Use memorized language and very basic cultural knowledge to interact with others.,KG-12,2025-04-08T17:48:52+00:00
Standard,2.1.2.8.2.1,WL.I.27.a,Ask and answer questions or make simple comments in a familiar cultural context such as a family event or a social event with peers.,KG-12,2025-04-08T17:48:52+00:00
Standard,2.1.2.8.2.2,WL.I.27.b,"Understand and mention a general cultural reference, such as a song or movie title, author, or composer, in a conversation.",KG-12,2025-04-08T17:48:52+00:00
Standard,2.1.2.8.2.3,WL.I.27.c,Play a simple board or card game with friends.,KG-12,2025-04-08T17:48:52+00:00
Standard Group,2.1.2.8.3,WL.I.28,"Use memorized language and very basic cultural knowledge to accomplish simple, routine tasks.",KG-12,2025-04-08T17:48:52+00:00
Standard,2.1.2.8.3.1,WL.I.28.a,"Use a city map, GPS, or signs to navigate.",KG-12,2025-04-08T17:48:52+00:00
Standard,2.1.2.8.3.2,WL.I.28.b,Recognize and imitate how people count and use money to make a purchase.,KG-12,2025-04-08T17:48:52+00:00
Standard,2.1.2.8.3.3,WL.I.28.c,Follow a team’s win-loss record from a website.,KG-12,2025-04-08T17:48:52+00:00
Proficiency,2.1.3,,Level II,KG-12,2025-04-08T17:48:52+00:00
Indicator,2.1.3.1,,"**Interpersonal Communication** Communicate and exchange information about familiar topics using phrases and simple sentences, sometimes supported by memorized language. Handle short social interactions in everyday situations by asking and answering simple questions.",KG-12,2025-04-08T17:48:52+00:00
Standard Group,2.1.3.1.1,WL.II.1,Greet and leave people in a polite way.,KG-12,2025-04-08T17:48:52+00:00
Standard,2.1.3.1.1.1,WL.II.1.a,Say hello and goodbye to a peer.,KG-12,2025-04-08T17:48:52+00:00
Standard,2.1.3.1.1.2,WL.II.1.b,"Say hello and goodbye to a teacher, supervisor, or stranger.",KG-12,2025-04-08T17:48:52+00:00
Standard,2.1.3.1.1.3,WL.II.1.c,Say hello and goodbye to an adult.,KG-12,2025-04-08T17:48:52+00:00
Standard,2.1.3.1.1.4,WL.II.1.d,Say hello and goodbye to a stranger.,KG-12,2025-04-08T17:48:52+00:00
Standard Group,2.1.3.1.2,WL.II.2,Introduce self and others.,KG-12,2025-04-08T17:48:52+00:00
Standard,2.1.3.1.2.1,WL.II.2.a,"Introduce self and provide basic personal information (name, age, address, phone number, e-mail address).",KG-12,2025-04-08T17:48:52+00:00
Standard,2.1.3.1.2.2,WL.II.2.b,Introduce someone else.,KG-12,2025-04-08T17:48:52+00:00
Standard,2.1.3.1.2.3,WL.II.2.c,Respond to an introduction.,KG-12,2025-04-08T17:48:52+00:00
Standard Group,2.1.3.1.3,WL.II.3,Answer a variety of simple questions.,KG-12,2025-04-08T17:48:52+00:00
Standard,2.1.3.1.3.1,WL.II.3.a,Answer questions about likes and dislikes.,KG-12,2025-04-08T17:48:52+00:00
Standard,2.1.3.1.3.2,WL.II.3.b,Answer questions about what is being done or has been done.,KG-12,2025-04-08T17:48:52+00:00
Standard,2.1.3.1.3.3,WL.II.3.c,"Answer a variety of who, what, when, and where questions.",KG-12,2025-04-08T17:48:52+00:00
Standard,2.1.3.1.3.4,WL.II.3.d,"Answer questions about location (past, present and future).",KG-12,2025-04-08T17:48:52+00:00
Standard,2.1.3.1.3.5,WL.II.3.e,Answer questions about information learned.,KG-12,2025-04-08T17:48:52+00:00
Standard Group,2.1.3.1.4,WL.II.4,Make some simple statements in a conversation.,KG-12,2025-04-08T17:48:52+00:00
Standard,2.1.3.1.4.1,WL.II.4.a,State actions of self and others.,KG-12,2025-04-08T17:48:52+00:00
Standard,2.1.3.1.4.2,WL.II.4.b,Tell location of self and others.,KG-12,2025-04-08T17:48:52+00:00
Standard,2.1.3.1.4.3,WL.II.4.c,Express basic information about others.,KG-12,2025-04-08T17:48:52+00:00
Standard,2.1.3.1.4.4,WL.II.4.d,"Express a reaction, such as “Great!”",KG-12,2025-04-08T17:48:52+00:00
Standard Group,2.1.3.1.5,WL.II.5,Ask some simple questions.,KG-12,2025-04-08T17:48:52+00:00
Standard,2.1.3.1.5.1,WL.II.5.a,"Ask who, what, when, where and why questions.",KG-12,2025-04-08T17:48:52+00:00
Standard,2.1.3.1.5.2,WL.II.5.b,Ask questions about information learned.,KG-12,2025-04-08T17:48:52+00:00
Standard Group,2.1.3.1.6,WL.II.6,Communicate basic information about self and others.,KG-12,2025-04-08T17:48:52+00:00
Standard,2.1.3.1.6.1,WL.II.6.a,Say own name and ask someone’s name.,KG-12,2025-04-08T17:48:52+00:00
Standard,2.1.3.1.6.2,WL.II.6.b,Talk or write about family members and ask about someone’s family.,KG-12,2025-04-08T17:48:52+00:00
Standard,2.1.3.1.6.3,WL.II.6.c,"Talk or write about friends, classmates or co-workers.",KG-12,2025-04-08T17:48:52+00:00
Standard Group,2.1.3.1.7,WL.II.7,Communicate some basic information about everyday life.,KG-12,2025-04-08T17:48:52+00:00
Standard,2.1.3.1.7.1,WL.II.7.a,"Give times, dates, and weather information.",KG-12,2025-04-08T17:48:52+00:00
Standard,2.1.3.1.7.2,WL.II.7.b,"Talk about food eaten, topics learned, and actions taken.",KG-12,2025-04-08T17:48:52+00:00
Standard,2.1.3.1.7.3,WL.II.7.c,Talk about familiar places.,KG-12,2025-04-08T17:48:52+00:00
Standard,2.1.3.1.7.4,WL.II.7.d,Ask and understand how much something costs.,KG-12,2025-04-08T17:48:52+00:00
Standard,2.1.3.1.7.5,WL.II.7.e,Tell someone the time and location of an event.,KG-12,2025-04-08T17:48:52+00:00
Indicator,2.1.3.2,,"**Presentational Speaking** Present information about self and other familiar topics using a variety of words, phrases and memorized expressions.",KG-12,2025-04-08T17:48:52+00:00
Standard Group,2.1.3.2.1,WL.II.8,Present information about self and others using words and phrases.,KG-12,2025-04-08T17:48:52+00:00
Standard,2.1.3.2.1.1,WL.II.8.a,Describe physical characteristics of self and others.,KG-12,2025-04-08T17:48:52+00:00
Standard,2.1.3.2.1.2,WL.II.8.b,Tell personality traits of self and others.,KG-12,2025-04-08T17:48:52+00:00
Standard Group,2.1.3.2.2,WL.II.9,"Express likes and dislikes using words, phrases, and memorized expressions.",KG-12,2025-04-08T17:48:52+00:00
Standard,2.1.3.2.2.1,WL.II.9.a,State sports preferences,KG-12,2025-04-08T17:48:52+00:00
Standard,2.1.3.2.2.2,WL.II.9.b,List free-time activity preferences.,KG-12,2025-04-08T17:48:52+00:00
Standard,2.1.3.2.2.3,WL.II.9.c,State food and drink preferences.,KG-12,2025-04-08T17:48:52+00:00
Standard Group,2.1.3.2.3,WL.II.10,Present information about familiar items in the immediate environment.,KG-12,2025-04-08T17:48:52+00:00
Standard,2.1.3.2.3.1,WL.II.10.a,Talk about a house.,KG-12,2025-04-08T17:48:52+00:00
Standard,2.1.3.2.3.2,WL.II.10.b,Talk about school or a workplace.,KG-12,2025-04-08T17:48:52+00:00
Standard,2.1.3.2.3.3,WL.II.10.c,Talk about a room or office and what is in it.,KG-12,2025-04-08T17:48:52+00:00
Standard,2.1.3.2.3.4,WL.II.10.d,"Present basic information about community, town/city, state, or country.",KG-12,2025-04-08T17:48:52+00:00
Standard Group,2.1.3.2.4,WL.II.11,"Talk about daily activities using words, phrases, and memorized expressions.",KG-12,2025-04-08T17:48:52+00:00
Standard,2.1.3.2.4.1,WL.II.11.a,List classes and tell what time they start and end.,KG-12,2025-04-08T17:48:52+00:00
Standard,2.1.3.2.4.2,WL.II.11.b,Name activities and times they occur in a daily schedule.,KG-12,2025-04-08T17:48:52+00:00
Standard,2.1.3.2.4.3,WL.II.11.c,Talk about weekend activities.,KG-12,2025-04-08T17:48:52+00:00
Standard Group,2.1.3.2.5,WL.II.12,"Present simple information about something learned using words, phrases, and memorized expressions.",KG-12,2025-04-08T17:48:52+00:00
Standard,2.1.3.2.5.1,WL.II.12.a,Talk about holiday celebrations based on pictures or photos.,KG-12,2025-04-08T17:48:52+00:00
Standard,2.1.3.2.5.2,WL.II.12.b,Name the main cities on a map.,KG-12,2025-04-08T17:48:52+00:00
Standard,2.1.3.2.5.3,WL.II.12.c,"Talk about past, present, and future weekend activities.",KG-12,2025-04-08T17:48:52+00:00
Indicator,2.1.3.3,,**Presentational Writing** Write short messages and notes on familiar topics related to everyday life.,KG-12,2025-04-08T17:48:52+00:00
Standard Group,2.1.3.3.1,WL.II.13,"Write information about daily life in a letter, blog, discussion board, or e-mail message.",KG-12,2025-04-08T17:48:52+00:00
Standard,2.1.3.3.1.1,WL.II.13.a,Introduce self.,KG-12,2025-04-08T17:48:52+00:00
Standard,2.1.3.3.1.2,WL.II.13.b,Describe family and friends.,KG-12,2025-04-08T17:48:52+00:00
Standard,2.1.3.3.1.3,WL.II.13.c,Describe school.,KG-12,2025-04-08T17:48:52+00:00
Standard,2.1.3.3.1.4,WL.II.13.d,Describe a workplace and job duties.,KG-12,2025-04-08T17:48:52+00:00
Standard Group,2.1.3.3.2,WL.II.14,Write short notes using phrases and simple sentences.,KG-12,2025-04-08T17:48:52+00:00
Standard,2.1.3.3.2.1,WL.II.14.a,Write a postcard message.,KG-12,2025-04-08T17:48:52+00:00
Standard,2.1.3.3.2.2,WL.II.14.b,Write a special occasion message such as a birthday or congratulatory note.,KG-12,2025-04-08T17:48:52+00:00
Standard,2.1.3.3.2.3,WL.II.14.c,"Write a short announcement, invitation, or thank-you note.",KG-12,2025-04-08T17:48:52+00:00
Standard Group,2.1.3.3.3,WL.II.15,Write about a familiar experience or event using practiced material.,KG-12,2025-04-08T17:48:52+00:00
Standard,2.1.3.3.3.1,WL.II.15.a,Write about activities in class or at work.,KG-12,2025-04-08T17:48:52+00:00
Standard,2.1.3.3.3.2,WL.II.15.b,Write about what happens after school or during the weekend.,KG-12,2025-04-08T17:48:52+00:00
Standard,2.1.3.3.3.3,WL.II.15.c,"Write about a website, a field trip, or an activity.",KG-12,2025-04-08T17:48:52+00:00
Standard Group,2.1.3.3.4,WL.II.16,Write basic information about previously learned material.,KG-12,2025-04-08T17:48:52+00:00
Standard,2.1.3.3.4.1,WL.II.16.a,Write a simple process like a science experiment.,KG-12,2025-04-08T17:48:52+00:00
Standard,2.1.3.3.4.2,WL.II.16.b,Write about a topic from a lesson using pictures or photos.,KG-12,2025-04-08T17:48:52+00:00
Standard,2.1.3.3.4.3,WL.II.16.c,"Write about something learned online, in a class, at work, or in the community.",KG-12,2025-04-08T17:48:52+00:00
Standard Group,2.1.3.3.5,WL.II.17,Ask for information in writing.,KG-12,2025-04-08T17:48:52+00:00
Standard,2.1.3.3.5.1,WL.II.17.a,Request resources like brochures or posted information.,KG-12,2025-04-08T17:48:52+00:00
Standard,2.1.3.3.5.2,WL.II.17.b,"Request an appointment with a classmate, teacher, or colleague.",KG-12,2025-04-08T17:48:52+00:00
Standard,2.1.3.3.5.3,WL.II.17.c,"Request an application for a job, membership in a club, or admission to a school or program.",KG-12,2025-04-08T17:48:52+00:00
Indicator,2.1.3.4,,"**Interpretive Listening** Understand words, phrases and simple sentence. Recognize pieces of information and understand the main topic of what is being said.",KG-12,2025-04-08T17:48:52+00:00
Standard Group,2.1.3.4.1,WL.II.18,Understand simple questions or statements on familiar topics.,KG-12,2025-04-08T17:48:52+00:00
Standard,2.1.3.4.1.1,WL.II.18.a,Recognize the difference between a question and a statement.,KG-12,2025-04-08T17:48:52+00:00
Standard,2.1.3.4.1.2,WL.II.18.b,"Understand simple questions about age, location, leisure activities, etc.",KG-12,2025-04-08T17:48:52+00:00
Standard,2.1.3.4.1.3,WL.II.18.c,Understand simple questions or statements about family.,KG-12,2025-04-08T17:48:52+00:00
Standard,2.1.3.4.1.4,WL.II.18.d,"Understand simple questions or statements about friends, classmates, or workmates.",KG-12,2025-04-08T17:48:52+00:00
Standard Group,2.1.3.4.2,WL.II.19,Understand simple information when presented with pictures and graphs.,KG-12,2025-04-08T17:48:52+00:00
Standard,2.1.3.4.2.1,WL.II.19.a,Understand some facts about the weather when weather symbols are used.,KG-12,2025-04-08T17:48:52+00:00
Standard,2.1.3.4.2.2,WL.II.19.b,Understand when someone describes physical characteristics from a photo or a work of art.,KG-12,2025-04-08T17:48:52+00:00
Standard,2.1.3.4.2.3,WL.II.19.c,Follow along with simple arithmetic problems when the figures can be seen.,KG-12,2025-04-08T17:48:52+00:00
Standard Group,2.1.3.4.3,WL.II.20,Understand the main topic of simple conversations overheard.,KG-12,2025-04-08T17:48:52+00:00
Standard,2.1.3.4.3.1,WL.II.20.a,Understand about whom someone is speaking.,KG-12,2025-04-08T17:48:52+00:00
Standard,2.1.3.4.3.2,WL.II.20.b,Distinguish if people are talking about their homes or asking for directions.,KG-12,2025-04-08T17:48:52+00:00
Standard,2.1.3.4.3.3,WL.II.20.c,Understand a simple transaction between a customer and a sales clerk.,KG-12,2025-04-08T17:48:52+00:00
Indicator,2.1.3.5,,"**Interpretive Reading** Understand familiar words, phrases and sentences within short and simple texts. Understand the main idea of what is read.",KG-12,2025-04-08T17:48:52+00:00
Standard Group,2.1.3.5.1,WL.II.21,"Understand short, simple messages on familiar topics.",KG-12,2025-04-08T17:48:52+00:00
Standard,2.1.3.5.1.1,WL.II.21.a,Understand basic familiar information from an advertisement.,KG-12,2025-04-08T17:48:52+00:00
Standard,2.1.3.5.1.2,WL.II.21.b,Identify the purpose of a brochure.,KG-12,2025-04-08T17:48:52+00:00
Standard,2.1.3.5.1.3,WL.II.21.c,Identify information from a movie brochure or poster.,KG-12,2025-04-08T17:48:52+00:00
Standard,2.1.3.5.1.4,WL.II.21.d,Understand simple information in a text message from a friend.,KG-12,2025-04-08T17:48:52+00:00
Standard Group,2.1.3.5.2,WL.II.22,"Understand short, simple descriptions with the help of pictures or graphs.",KG-12,2025-04-08T17:48:52+00:00
Standard,2.1.3.5.2.1,WL.II.22.a,Understand simple captions under photos.,KG-12,2025-04-08T17:48:52+00:00
Standard,2.1.3.5.2.2,WL.II.22.b,Understand basic information from a real estate advertisement.,KG-12,2025-04-08T17:48:52+00:00
Standard,2.1.3.5.2.3,WL.II.22.c,Understand website descriptions of clothing items to make an appropriate purchase.,KG-12,2025-04-08T17:48:52+00:00
Standard,2.1.3.5.2.4,WL.II.22.d,Identify the categories on a graph.,KG-12,2025-04-08T17:48:52+00:00
Standard Group,2.1.3.5.3,WL.II.23,Understand the main idea of published materials.,KG-12,2025-04-08T17:48:52+00:00
Standard,2.1.3.5.3.1,WL.II.23.a,Distinguish a birthday wish from a note expressing thanks.,KG-12,2025-04-08T17:48:52+00:00
Standard,2.1.3.5.3.2,WL.II.23.b,Identify destinations and major attractions on a travel brochure.,KG-12,2025-04-08T17:48:52+00:00
Standard,2.1.3.5.3.3,WL.II.23.c,Locate places on city maps.,KG-12,2025-04-08T17:48:52+00:00
Standard Group,2.1.3.5.4,WL.II.24,Understand simple everyday notices in public places on topics that are familiar.,KG-12,2025-04-08T17:48:52+00:00
Standard,2.1.3.5.4.1,WL.II.24.a,Understand a simple public transportation schedule.,KG-12,2025-04-08T17:48:52+00:00
Standard,2.1.3.5.4.2,WL.II.24.b,Locate notices on where to park.,KG-12,2025-04-08T17:48:52+00:00
Standard,2.1.3.5.4.3,WL.II.24.c,Understand notices that tell of street or metro closings.,KG-12,2025-04-08T17:48:52+00:00
Standard,2.1.3.5.4.4,WL.II.24.d,Understand a store’s hours of operation.,KG-12,2025-04-08T17:48:52+00:00
Standard,2.1.3.5.4.5,WL.II.24.e,Read the labels on a recycling bin.,KG-12,2025-04-08T17:48:52+00:00
Indicator,2.1.3.6,,**Investigation of Products and Practices** Study typical products and common traditions that are representative of the target culture.,KG-12,2025-04-08T17:48:52+00:00
Standard Group,2.1.3.6.1,WL.II.25,Identify common products related to home and community life across cultures.,KG-12,2025-04-08T17:48:52+00:00
Standard,2.1.3.6.1.1,WL.II.25.a,Identify geographical features of other countries.,KG-12,2025-04-08T17:48:52+00:00
Standard,2.1.3.6.1.2,WL.II.25.b,Identify familiar landmarks.,KG-12,2025-04-08T17:48:52+00:00
Standard,2.1.3.6.1.3,WL.II.25.c,Recognize traditional and popular songs.,KG-12,2025-04-08T17:48:52+00:00
Standard,2.1.3.6.1.4,WL.II.25.d,"Recognize similarities and differences between the designs of houses, buildings, or towns.",KG-12,2025-04-08T17:48:52+00:00
Standard,2.1.3.6.1.5,WL.II.25.e,"Identify specific locations to have a meal, purchase a ticket, or buy something needed.",KG-12,2025-04-08T17:48:52+00:00
Standard,2.1.3.6.1.6,WL.II.25.f,Compare and contrast a student’s daily schedule and that of a peer in the target culture,KG-12,2025-04-08T17:48:52+00:00
Standard Group,2.1.3.6.2,WL.II.26,Identify common practices related to home and community life across cultures.,KG-12,2025-04-08T17:48:52+00:00
Standard,2.1.3.6.2.1,WL.II.26.a,Identify common eating habits.,KG-12,2025-04-08T17:48:52+00:00
Standard,2.1.3.6.2.2,WL.II.26.b,Identify habits of dress in the target culture(s).,KG-12,2025-04-08T17:48:52+00:00
Standard,2.1.3.6.2.3,WL.II.26.c,Express the time and date in the format of the target culture.,KG-12,2025-04-08T17:48:52+00:00
Standard,2.1.3.6.2.4,WL.II.26.d,Use the appropriate holiday greetings.,KG-12,2025-04-08T17:48:52+00:00
Indicator,2.1.3.7,,**Understanding of Cultural Perspectives** Identify basic cultural beliefs and practices of the target culture.,KG-12,2025-04-08T17:48:52+00:00
Standard Group,2.1.3.7.1,WL.II.27,"Identify beliefs and values related to age, gender, social class, and ethnicity.",KG-12,2025-04-08T17:48:52+00:00
Standard,2.1.3.7.1.1,WL.II.27.a,Tell the way people address each other differently based on age and social standing.,KG-12,2025-04-08T17:48:52+00:00
Standard,2.1.3.7.1.2,WL.II.27.b,Recognize that appropriate dress is determined by cultural traditions.,KG-12,2025-04-08T17:48:52+00:00
Standard,2.1.3.7.1.3,WL.II.27.c,"Recognize that gender and age can determine one’s role in a family, school, and the workplace.",KG-12,2025-04-08T17:48:52+00:00
Standard Group,2.1.3.7.2,WL.II.28,Identify characteristics of national identity.,KG-12,2025-04-08T17:48:52+00:00
Standard,2.1.3.7.2.1,WL.II.28.a,Identify elements of geography that define a nation.,KG-12,2025-04-08T17:48:52+00:00
Standard,2.1.3.7.2.2,WL.II.28.b,Identify symbols that represent a nation.,KG-12,2025-04-08T17:48:52+00:00
Standard,2.1.3.7.2.3,WL.II.28.c,Identify the importance of historical events through the celebration of national holidays and the monuments.,KG-12,2025-04-08T17:48:52+00:00
Standard,2.1.3.7.2.4,WL.II.28.d,Identify major religions of a nation.,KG-12,2025-04-08T17:48:52+00:00
Standard Group,2.1.3.7.3,WL.II.29,Identify ways in which cultures are globalized.,KG-12,2025-04-08T17:48:52+00:00
Standard,2.1.3.7.3.1,WL.II.29.a,Identify similar leisure activities across cultures.,KG-12,2025-04-08T17:48:52+00:00
Standard,2.1.3.7.3.2,WL.II.29.b,Identify familiar forms of dress across cultures.,KG-12,2025-04-08T17:48:52+00:00
Standard,2.1.3.7.3.3,WL.II.29.c,Identify common dining establishments across cultures.,KG-12,2025-04-08T17:48:52+00:00
Standard,2.1.3.7.3.4,WL.II.29.d,Identify examples of common technology use across cultures.,KG-12,2025-04-08T17:48:52+00:00
Indicator,2.1.3.8,,**Participation in Cultural Interaction** Function at a basic survival level in an authentic cultural context.,KG-12,2025-04-08T17:48:52+00:00
Standard Group,2.1.3.8.1,WL.II.30,Function at a survival level in an authentic cultural context.,KG-12,2025-04-08T17:48:52+00:00
Standard,2.1.3.8.1.1,WL.II.30.a,Imitate appropriate greetings.,KG-12,2025-04-08T17:48:52+00:00
Standard,2.1.3.8.1.2,WL.II.30.b,Recognize and imitate table manners.,KG-12,2025-04-08T17:48:52+00:00
Standard,2.1.3.8.1.3,WL.II.30.c,"Identify what is culturally appropriate to say when gift-giving in different situations, such as a birthday party, New Year’s, a wedding, etc.",KG-12,2025-04-08T17:48:52+00:00
Standard,2.1.3.8.1.4,WL.II.30.d,Recognize and imitate culturally appropriate behavior in a restaurant or other public place.,KG-12,2025-04-08T17:48:52+00:00
Standard Group,2.1.3.8.2,WL.II.31,Use memorized language and basic cultural knowledge to interact with others.,KG-12,2025-04-08T17:48:52+00:00
Standard,2.1.3.8.2.1,WL.II.31.a,Ask and answer questions or make simple comments in a familiar cultural context such as a family event or a social event with peers.,KG-12,2025-04-08T17:48:52+00:00
Standard,2.1.3.8.2.2,WL.II.31.b,"Understand and mention a general cultural reference, such as a song or movie title, author, or composer, in a conversation.",KG-12,2025-04-08T17:48:52+00:00
Standard,2.1.3.8.2.3,WL.II.31.c,Play a simple board or card game with friends.,KG-12,2025-04-08T17:48:52+00:00
Standard Group,2.1.3.8.3,WL.II.32,"Use memorized language and very basic cultural knowledge to accomplish simple, routine tasks.",KG-12,2025-04-08T17:48:52+00:00
Standard,2.1.3.8.3.1,WL.II.32.a,"Use a city map, GPS, or signs to navigate.",KG-12,2025-04-08T17:48:52+00:00
Standard,2.1.3.8.3.2,WL.II.32.b,Recognize and imitate how people count and use money to make a purchase.,KG-12,2025-04-08T17:48:52+00:00
Standard,2.1.3.8.3.3,WL.II.32.c,Follow a team’s win-loss record from a website.,KG-12,2025-04-08T17:48:52+00:00
Proficiency,2.1.4,,Level III,KG-12,2025-04-08T17:48:52+00:00
Indicator,2.1.4.1,,"**Interpersonal Communication** Communicate and exchange information about familiar topics using phrases and simple sentences, supported by memorized language. Handle short social interactions in everyday situations by asking and answering simple questions.",KG-12,2025-04-08T17:48:52+00:00
Standard Group,2.1.4.1.1,WL.III.1,Have simple conversations on a number of everyday topics.,KG-12,2025-04-08T17:48:52+00:00
Standard,2.1.4.1.1.1,WL.III.1.a,Talk with someone about family or household tasks.,KG-12,2025-04-08T17:48:52+00:00
Standard,2.1.4.1.1.2,WL.III.1.b,Talk with someone about hobbies and interests.,KG-12,2025-04-08T17:48:52+00:00
Standard,2.1.4.1.1.3,WL.III.1.c,Talk with someone about school or work.,KG-12,2025-04-08T17:48:52+00:00
Standard Group,2.1.4.1.2,WL.III.2,Ask and answer questions on factual information that is familiar.,KG-12,2025-04-08T17:48:52+00:00
Standard,2.1.4.1.2.1,WL.III.2.a,"Ask and answer questions related to subjects such as geography, history, art, music, math, science, language, or literature.",KG-12,2025-04-08T17:48:52+00:00
Standard Group,2.1.4.1.3,WL.III.3,Use the language to meet basic needs in familiar situations.,KG-12,2025-04-08T17:48:52+00:00
Standard,2.1.4.1.3.1,WL.III.3.a,"Ask for help at school, work, or in the community.",KG-12,2025-04-08T17:48:52+00:00
Standard,2.1.4.1.3.2,WL.III.3.b,Make a reservation.,KG-12,2025-04-08T17:48:52+00:00
Standard,2.1.4.1.3.3,WL.III.3.c,"Arrange for transportation by train, bus, taxi, or with friends.",KG-12,2025-04-08T17:48:52+00:00
Indicator,2.1.4.2,,**Presentational Speaking** Present basic information on familiar topics using phrases and simple sentences.,KG-12,2025-04-08T17:48:52+00:00
Standard Group,2.1.4.2.1,WL.III.4,Present information about life using phrases and simple sentences.,KG-12,2025-04-08T17:48:52+00:00
Standard,2.1.4.2.1.1,WL.III.4.a,Describe family and friends.,KG-12,2025-04-08T17:48:52+00:00
Standard,2.1.4.2.1.2,WL.III.4.b,Describe school.,KG-12,2025-04-08T17:48:52+00:00
Standard,2.1.4.2.1.3,WL.III.4.c,Describe a workplace and work activities.,KG-12,2025-04-08T17:48:52+00:00
Standard Group,2.1.4.2.2,WL.III.5,Tell about a familiar experience or event using phrases and simple sentences.,KG-12,2025-04-08T17:48:52+00:00
Standard,2.1.4.2.2.1,WL.III.5.a,Talk about activities in class or at work.,KG-12,2025-04-08T17:48:52+00:00
Standard,2.1.4.2.2.2,WL.III.5.b,Talk about weekend activities.,KG-12,2025-04-08T17:48:52+00:00
Standard,2.1.4.2.2.3,WL.III.5.c,Talk about what happens after school or work.,KG-12,2025-04-08T17:48:52+00:00
Standard Group,2.1.4.2.3,WL.III.6,Present information about others using phrases and simple sentences.,KG-12,2025-04-08T17:48:52+00:00
Standard,2.1.4.2.3.1,WL.III.6.a,Talk about others’ likes and dislikes.,KG-12,2025-04-08T17:48:52+00:00
Standard,2.1.4.2.3.2,WL.III.6.b,Talk about others’ free-time activities.,KG-12,2025-04-08T17:48:52+00:00
Standard,2.1.4.2.3.3,WL.III.6.c,Give basic biographical information about others.,KG-12,2025-04-08T17:48:52+00:00
Standard Group,2.1.4.2.4,WL.III.7,Give basic instructions on how to make or do something using phrases and simple sentences.,KG-12,2025-04-08T17:48:52+00:00
Standard,2.1.4.2.4.1,WL.III.7.a,Tell how to prepare something simple to eat.,KG-12,2025-04-08T17:48:52+00:00
Standard,2.1.4.2.4.2,WL.III.7.b,"Describe a simple routine, like getting lunch in the cafeteria.",KG-12,2025-04-08T17:48:52+00:00
Standard,2.1.4.2.4.3,WL.III.7.c,Give simple directions to a nearby location or to an online resource.,KG-12,2025-04-08T17:48:52+00:00
Standard Group,2.1.4.2.5,WL.III.8,Present basic information about things that have been learned using phrases and simple sentences.,KG-12,2025-04-08T17:48:52+00:00
Standard,2.1.4.2.5.1,WL.III.8.a,Describe a simple process like a science experiment.,KG-12,2025-04-08T17:48:52+00:00
Standard,2.1.4.2.5.2,WL.III.8.b,Present a topic from a lesson based on pictures or photos.,KG-12,2025-04-08T17:48:52+00:00
Standard,2.1.4.2.5.3,WL.III.8.c,Present information about something learned in a class or at work.,KG-12,2025-04-08T17:48:52+00:00
Standard,2.1.4.2.5.4,WL.III.8.d,Present information about something learned in the community.,KG-12,2025-04-08T17:48:52+00:00
Indicator,2.1.4.3,,**Presentational Writing** Write briefly about familiar topics using a series of simple sentences.,KG-12,2025-04-08T17:48:52+00:00
Standard Group,2.1.4.3.1,WL.III.9,"Write about people, activities, events, and experiences.",KG-12,2025-04-08T17:48:52+00:00
Standard,2.1.4.3.1.1,WL.III.9.a,Describe the physical appearance and personality of a friend or family member.,KG-12,2025-04-08T17:48:52+00:00
Standard,2.1.4.3.1.2,WL.III.9.b,"Write about a school, workplace, famous place, or place.",KG-12,2025-04-08T17:48:52+00:00
Standard,2.1.4.3.1.3,WL.III.9.c,"Write about a holiday, vacation, or typical celebration.",KG-12,2025-04-08T17:48:52+00:00
Standard,2.1.4.3.1.4,WL.III.9.d,Write about something that has been learned.,KG-12,2025-04-08T17:48:52+00:00
Standard,2.1.4.3.1.5,WL.III.9.e,Write about future plans.,KG-12,2025-04-08T17:48:52+00:00
Standard Group,2.1.4.3.2,WL.III.10,Prepare materials for a presentation.,KG-12,2025-04-08T17:48:52+00:00
Standard,2.1.4.3.2.1,WL.III.10.a,Write a draft of a presentation.,KG-12,2025-04-08T17:48:52+00:00
Standard,2.1.4.3.2.2,WL.III.10.b,Write an outline of a project or presentation.,KG-12,2025-04-08T17:48:52+00:00
Standard,2.1.4.3.2.3,WL.III.10.c,Write notes for a speech.,KG-12,2025-04-08T17:48:52+00:00
Standard Group,2.1.4.3.3,WL.III.11,Write about topics of interest.,KG-12,2025-04-08T17:48:52+00:00
Standard,2.1.4.3.3.1,WL.III.11.a,Write about a movie or a television show.,KG-12,2025-04-08T17:48:52+00:00
Standard,2.1.4.3.3.2,WL.III.11.b,"Write about a famous athlete, celebrity, or historical figure.",KG-12,2025-04-08T17:48:52+00:00
Standard,2.1.4.3.3.3,WL.III.11.c,Write a brief explanation of a proverb or nursery rhyme.,KG-12,2025-04-08T17:48:52+00:00
Standard,2.1.4.3.3.4,WL.III.11.d,Write a simple poem.,KG-12,2025-04-08T17:48:52+00:00
Standard Group,2.1.4.3.4,WL.III.12,Write basic instructions on how to make or do something.,KG-12,2025-04-08T17:48:52+00:00
Standard,2.1.4.3.4.1,WL.III.12.a,Write the rules of a game.,KG-12,2025-04-08T17:48:52+00:00
Standard,2.1.4.3.4.2,WL.III.12.b,Write about how to prepare something simple to eat.,KG-12,2025-04-08T17:48:52+00:00
Standard,2.1.4.3.4.3,WL.III.12.c,"Write about a simple routine, like getting lunch in the cafeteria.",KG-12,2025-04-08T17:48:52+00:00
Standard,2.1.4.3.4.4,WL.III.12.d,Write simple directions to a nearby location or to an online resource.,KG-12,2025-04-08T17:48:52+00:00
Standard Group,2.1.4.3.5,WL.III.13,Write questions to obtain information.,KG-12,2025-04-08T17:48:52+00:00
Standard,2.1.4.3.5.1,WL.III.13.a,Post a question for discussion or reflection.,KG-12,2025-04-08T17:48:52+00:00
Standard,2.1.4.3.5.2,WL.III.13.b,Develop a simple questionnaire or survey.,KG-12,2025-04-08T17:48:52+00:00
Indicator,2.1.4.4,,"**Interpretive Listening** Understand words, phrases, and simple sentences. Recognize pieces of information and understand the main topic of what is being said.",KG-12,2025-04-08T17:48:52+00:00
Standard Group,2.1.4.4.1,WL.III.14,Understand the basic purpose of a message.,KG-12,2025-04-08T17:48:52+00:00
Standard,2.1.4.4.1.1,WL.III.14.a,Determine if a message is an announcement or an advertisement.,KG-12,2025-04-08T17:48:52+00:00
Standard,2.1.4.4.1.2,WL.III.14.b,Understand what a radio advertisement is selling.,KG-12,2025-04-08T17:48:52+00:00
Standard,2.1.4.4.1.3,WL.III.14.c,Understand when and where an event will take place.,KG-12,2025-04-08T17:48:52+00:00
Standard,2.1.4.4.1.4,WL.III.14.d,Understand a voice message accepting or rejecting an invitation.,KG-12,2025-04-08T17:48:52+00:00
Standard Group,2.1.4.4.2,WL.III.15,Understand messages related to basic needs.,KG-12,2025-04-08T17:48:52+00:00
Standard,2.1.4.4.2.1,WL.III.15.a,Understand a clear and repeated announcement about a flight’s departure time and/or gate.,KG-12,2025-04-08T17:48:52+00:00
Standard,2.1.4.4.2.2,WL.III.15.b,Understand teacher announcements about when an assignment is due.,KG-12,2025-04-08T17:48:52+00:00
Standard,2.1.4.4.2.3,WL.III.15.c,Understand the date and time of when a voice message was recorded.,KG-12,2025-04-08T17:48:52+00:00
Standard Group,2.1.4.4.3,WL.III.16,Understand questions and simple statements on everyday topics when they are part of the conversation.,KG-12,2025-04-08T17:48:52+00:00
Standard,2.1.4.4.3.1,WL.III.16.a,Understand questions about work or class schedule.,KG-12,2025-04-08T17:48:52+00:00
Standard,2.1.4.4.3.2,WL.III.16.b,Understand questions about likes and dislikes.,KG-12,2025-04-08T17:48:52+00:00
Standard,2.1.4.4.3.3,WL.III.16.c,Understand simple compliments about clothing or behavior.,KG-12,2025-04-08T17:48:52+00:00
Indicator,2.1.4.5,,"**Interpretive Reading** Understand familiar words, phrases, and sentences within short and simple texts. Understand the main idea of what has been read.",KG-12,2025-04-08T17:48:52+00:00
Standard Group,2.1.4.5.1,WL.III.17,Understand messages in which the writer tells or asks about topics of personal interest.,KG-12,2025-04-08T17:48:52+00:00
Standard,2.1.4.5.1.1,WL.III.17.a,Understand what an e-pal writes about interests and daily routines.,KG-12,2025-04-08T17:48:52+00:00
Standard,2.1.4.5.1.2,WL.III.17.b,Understand a simple posting on a friend’s social media page.,KG-12,2025-04-08T17:48:52+00:00
Standard,2.1.4.5.1.3,WL.III.17.c,Understand a text from a friend about plans.,KG-12,2025-04-08T17:48:52+00:00
Standard,2.1.4.5.1.4,WL.III.17.d,Understand if a friend accepts or rejects an invitation.,KG-12,2025-04-08T17:48:52+00:00
Standard Group,2.1.4.5.2,WL.III.18,Identify simple information needed on forms.,KG-12,2025-04-08T17:48:52+00:00
Standard,2.1.4.5.2.1,WL.III.18.a,Understand what is asked for on a customs form.,KG-12,2025-04-08T17:48:52+00:00
Standard,2.1.4.5.2.2,WL.III.18.b,Understand what is asked for on a hotel registration form.,KG-12,2025-04-08T17:48:52+00:00
Standard,2.1.4.5.2.3,WL.III.18.c,Understand what is asked for on an ID card.,KG-12,2025-04-08T17:48:52+00:00
Standard Group,2.1.4.5.3,WL.III.19,Identify information from news media.,KG-12,2025-04-08T17:48:52+00:00
Standard,2.1.4.5.3.1,WL.III.19.a,Understand personal information about sports stars from photo captions.,KG-12,2025-04-08T17:48:52+00:00
Standard,2.1.4.5.3.2,WL.III.19.b,Understand information on job postings.,KG-12,2025-04-08T17:48:52+00:00
Standard,2.1.4.5.3.3,WL.III.19.c,Understand basic information on weather forecasts.,KG-12,2025-04-08T17:48:52+00:00
Indicator,2.1.4.6,,**Investigation of Products and Practices** Identify common patterns in the products and practices of a culture.,KG-12,2025-04-08T17:48:52+00:00
Standard Group,2.1.4.6.1,WL.III.20,Explore and reference current and past examples of authentic cultural products and practices.,KG-12,2025-04-08T17:48:52+00:00
Standard,2.1.4.6.1.1,WL.III.20.a,"Understand the main idea and characters of short stories, folk tales, or graphic novels.",KG-12,2025-04-08T17:48:52+00:00
Standard,2.1.4.6.1.2,WL.III.20.b,Recognize and reference famous artists and their works.,KG-12,2025-04-08T17:48:52+00:00
Standard,2.1.4.6.1.3,WL.III.20.c,Understand the main idea of a movie clip or documentary.,KG-12,2025-04-08T17:48:52+00:00
Standard,2.1.4.6.1.4,WL.III.20.d,Talk about a historical figure.,KG-12,2025-04-08T17:48:52+00:00
Standard,2.1.4.6.1.5,WL.III.20.e,Have a simple conversation about a festival.,KG-12,2025-04-08T17:48:52+00:00
Standard,2.1.4.6.1.6,WL.III.20.f,Summarize the contributions of a culture in a blog or a multimedia presentation.,KG-12,2025-04-08T17:48:52+00:00
Standard Group,2.1.4.6.2,WL.III.21,Compare and contrast common products across cultures.,KG-12,2025-04-08T17:48:52+00:00
Standard,2.1.4.6.2.1,WL.III.21.a,Describe similarities and differences in artwork.,KG-12,2025-04-08T17:48:52+00:00
Standard,2.1.4.6.2.2,WL.III.21.b,Have a simple conversation about educational systems.,KG-12,2025-04-08T17:48:52+00:00
Standard,2.1.4.6.2.3,WL.III.21.c,Provide basic information about countries’ governments.,KG-12,2025-04-08T17:48:52+00:00
Standard,2.1.4.6.2.4,WL.III.21.d,Identify similarities among folk tales.,KG-12,2025-04-08T17:48:52+00:00
Standard Group,2.1.4.6.3,WL.III.22,Compare and contrast behaviors or practices across cultures.,KG-12,2025-04-08T17:48:52+00:00
Standard,2.1.4.6.3.1,WL.III.22.a,Compare and contrast eating habits.,KG-12,2025-04-08T17:48:52+00:00
Standard,2.1.4.6.3.2,WL.III.22.b,Compare and contrast how people buy and sell.,KG-12,2025-04-08T17:48:52+00:00
Standard,2.1.4.6.3.3,WL.III.22.c,Compare and contrast how families interact.,KG-12,2025-04-08T17:48:52+00:00
Standard,2.1.4.6.3.4,WL.III.22.d,Compare and contrast how people celebrate.,KG-12,2025-04-08T17:48:52+00:00
Standard,2.1.4.6.3.5,WL.III.22.e,Compare and contrast how peers socialize.,KG-12,2025-04-08T17:48:52+00:00
Indicator,2.1.4.7,,**Understanding of Cultural Perspectives** Compare familiar cultural beliefs and values.,KG-12,2025-04-08T17:48:52+00:00
Standard Group,2.1.4.7.1,WL.III.23,Describe basic cultural viewpoints.,KG-12,2025-04-08T17:48:52+00:00
Standard,2.1.4.7.1.1,WL.III.23.a,Talk about the individual role of family members and the importance of their birth order.,KG-12,2025-04-08T17:48:52+00:00
Standard,2.1.4.7.1.2,WL.III.23.b,Give examples that show the importance of academics vs. sports.,KG-12,2025-04-08T17:48:52+00:00
Standard,2.1.4.7.1.3,WL.III.23.c,Describe the importance of time vs. money.,KG-12,2025-04-08T17:48:52+00:00
Standard,2.1.4.7.1.4,WL.III.23.d,Make simple comparisons about the roles of men and women within the culture.,KG-12,2025-04-08T17:48:52+00:00
Standard,2.1.4.7.1.5,WL.III.23.e,Describe the importance of religion.,KG-12,2025-04-08T17:48:52+00:00
Standard,2.1.4.7.1.6,WL.III.23.f,Describe how other cultures view major historical events differently.,KG-12,2025-04-08T17:48:52+00:00
Standard Group,2.1.4.7.2,WL.III.24,Make generalizations about a culture.,KG-12,2025-04-08T17:48:52+00:00
Standard,2.1.4.7.2.1,WL.III.24.a,Identify cultural stereotypes or exaggerated views of a culture.,KG-12,2025-04-08T17:48:52+00:00
Standard,2.1.4.7.2.2,WL.III.24.b,Compare religious beliefs.,KG-12,2025-04-08T17:48:52+00:00
Standard,2.1.4.7.2.3,WL.III.24.c,Classify the political beliefs of a nation in simple terms.,KG-12,2025-04-08T17:48:52+00:00
Standard,2.1.4.7.2.4,WL.III.24.d,Determine which television shows and films are popular in a given culture.,KG-12,2025-04-08T17:48:52+00:00
Indicator,2.1.4.8,,**Participation in Cultural Interaction** Interact at a functional level in familiar cultural contexts.,KG-12,2025-04-08T17:48:52+00:00
Standard Group,2.1.4.8.1,WL.III.25,"Handle short interactions with peers and colleagues in familiar situations at school, work, or play.",KG-12,2025-04-08T17:48:52+00:00
Standard,2.1.4.8.1.1,WL.III.25.a,Accept and refuse invitations in a culturally accepted way.,KG-12,2025-04-08T17:48:52+00:00
Standard,2.1.4.8.1.2,WL.III.25.b,Offer and receive gifts in a culturally accepted way.,KG-12,2025-04-08T17:48:52+00:00
Standard,2.1.4.8.1.3,WL.III.25.c,Request assistance in a culturally accepted way.,KG-12,2025-04-08T17:48:52+00:00
Standard,2.1.4.8.1.4,WL.III.25.d,"Respond in a culturally accepted way when someone sneezes, toasts, pays a compliment, etc.",KG-12,2025-04-08T17:48:52+00:00
Standard,2.1.4.8.1.5,WL.III.25.e,"Use appropriate cultural conventions such as body language, turn-taking, interrupting, agreeing, etc., when talking with others.",KG-12,2025-04-08T17:48:52+00:00
Standard Group,2.1.4.8.2,WL.III.26,Recognize and refer to elements of traditional and pop culture.,KG-12,2025-04-08T17:48:52+00:00
Standard,2.1.4.8.2.1,WL.III.26.a,Refer to a historical event.,KG-12,2025-04-08T17:48:52+00:00
Standard,2.1.4.8.2.2,WL.III.26.b,Describe the outcome in a recent election.,KG-12,2025-04-08T17:48:52+00:00
Standard,2.1.4.8.2.3,WL.III.26.c,Talk about a popular song.,KG-12,2025-04-08T17:48:52+00:00
Standard,2.1.4.8.2.4,WL.III.26.d,Mention the significance of a work of art in conversation.,KG-12,2025-04-08T17:48:52+00:00
Standard,2.1.4.8.2.5,WL.III.26.e,Describe the difference between traditional attire and a fashion trend.,KG-12,2025-04-08T17:48:52+00:00
Standard Group,2.1.4.8.3,WL.III.27,Recognize when a cultural misunderstanding has occurred and try to correct it.,KG-12,2025-04-08T17:48:52+00:00
Standard,2.1.4.8.3.1,WL.III.27.a,Sense when behavior or speech has offended someone and apologize appropriately.,KG-12,2025-04-08T17:48:52+00:00
Standard,2.1.4.8.3.2,WL.III.27.b,Recognize when one has acted or spoken too informally and try to correct it.,KG-12,2025-04-08T17:48:52+00:00
Standard,2.1.4.8.3.3,WL.III.27.c,Recognize when an attempt at humor is misguided.,KG-12,2025-04-08T17:48:52+00:00
Proficiency,2.1.5,,Level IV,KG-12,2025-04-08T17:48:52+00:00
Indicator,2.1.5.1,,**Interpersonal Communication** Participate in conversations on familiar topics using sentences and a series of sentences. Handle short social interactions in everyday situations by asking and answering a variety of questions.,KG-12,2025-04-08T17:48:52+00:00
Standard Group,2.1.5.1.1,WL.IV.1,"Start, maintain, and end a conversation on a variety of familiar topics.",KG-12,2025-04-08T17:48:52+00:00
Standard,2.1.5.1.1.1,WL.IV.1.a,Be the first to start a conversation.,KG-12,2025-04-08T17:48:52+00:00
Standard,2.1.5.1.1.2,WL.IV.1.b,"Ask for information, details, and explanations during a conversation.",KG-12,2025-04-08T17:48:52+00:00
Standard,2.1.5.1.1.3,WL.IV.1.c,Bring a conversation to a close.,KG-12,2025-04-08T17:48:52+00:00
Standard,2.1.5.1.1.4,WL.IV.1.d,Interview someone for a project or a publication.,KG-12,2025-04-08T17:48:52+00:00
Standard Group,2.1.5.1.2,WL.IV.2,Talk about daily activities and personal preferences.,KG-12,2025-04-08T17:48:52+00:00
Standard,2.1.5.1.2.1,WL.IV.2.a,Talk about daily routines.,KG-12,2025-04-08T17:48:52+00:00
Standard,2.1.5.1.2.2,WL.IV.2.b,Talk about interests and hobbies.,KG-12,2025-04-08T17:48:52+00:00
Standard,2.1.5.1.2.3,WL.IV.2.c,Give reasons for preferences.,KG-12,2025-04-08T17:48:52+00:00
Standard,2.1.5.1.2.4,WL.IV.2.d,Give some information about past activities.,KG-12,2025-04-08T17:48:52+00:00
Standard,2.1.5.1.2.5,WL.IV.2.e,Give some information about future activities.,KG-12,2025-04-08T17:48:52+00:00
Standard,2.1.5.1.2.6,WL.IV.2.f,"Talk about favorite music, movies, and sports.",KG-12,2025-04-08T17:48:52+00:00
Standard Group,2.1.5.1.3,WL.IV.3,Use language to handle tasks related to personal needs.,KG-12,2025-04-08T17:48:52+00:00
Standard,2.1.5.1.3.1,WL.IV.3.a,"Request services, such as repair for a phone, computer, or car.",KG-12,2025-04-08T17:48:52+00:00
Standard,2.1.5.1.3.2,WL.IV.3.b,Schedule an appointment.,KG-12,2025-04-08T17:48:52+00:00
Standard,2.1.5.1.3.3,WL.IV.3.c,Inquire about membership in an organization or club.,KG-12,2025-04-08T17:48:52+00:00
Standard Group,2.1.5.1.4,WL.IV.4,Exchange information about subjects of special interest.,KG-12,2025-04-08T17:48:52+00:00
Standard,2.1.5.1.4.1,WL.IV.4.a,Talk about artists from other countries.,KG-12,2025-04-08T17:48:52+00:00
Standard,2.1.5.1.4.2,WL.IV.4.b,Talk about historical events.,KG-12,2025-04-08T17:48:52+00:00
Standard,2.1.5.1.4.3,WL.IV.4.c,"Talk about a math, technology, or science project.",KG-12,2025-04-08T17:48:52+00:00
Indicator,2.1.5.2,,**Presentational Speaking** Present information on most familiar topics using a series of simple sentences.,KG-12,2025-04-08T17:48:52+00:00
Standard Group,2.1.5.2.1,WL.IV.5,"Talk about people, activities, events, and experiences.",KG-12,2025-04-08T17:48:52+00:00
Standard,2.1.5.2.1.1,WL.IV.5.a,Describe the physical appearance of a friend or family member.,KG-12,2025-04-08T17:48:52+00:00
Standard,2.1.5.2.1.2,WL.IV.5.b,Describe another person’s personality.,KG-12,2025-04-08T17:48:52+00:00
Standard,2.1.5.2.1.3,WL.IV.5.c,Describe a school or workplace.,KG-12,2025-04-08T17:48:52+00:00
Standard,2.1.5.2.1.4,WL.IV.5.d,Describe a famous place.,KG-12,2025-04-08T17:48:52+00:00
Standard,2.1.5.2.1.5,WL.IV.5.e,Describe a place that was visited or will be visited.,KG-12,2025-04-08T17:48:52+00:00
Standard,2.1.5.2.1.6,WL.IV.5.f,Present ideas about something learned.,KG-12,2025-04-08T17:48:52+00:00
Standard Group,2.1.5.2.2,WL.IV.6,Express needs and wants.,KG-12,2025-04-08T17:48:52+00:00
Standard,2.1.5.2.2.1,WL.IV.6.a,Describe items needed for school or work.,KG-12,2025-04-08T17:48:52+00:00
Standard,2.1.5.2.2.2,WL.IV.6.b,Talk about daily activities at school or work.,KG-12,2025-04-08T17:48:52+00:00
Standard Group,2.1.5.2.3,WL.IV.7,"Present information on plans, instructions, and directions.",KG-12,2025-04-08T17:48:52+00:00
Standard,2.1.5.2.3.1,WL.IV.7.a,Explain the rules of a game.,KG-12,2025-04-08T17:48:52+00:00
Standard,2.1.5.2.3.2,WL.IV.7.b,Give multi-step instructions for preparing a recipe.,KG-12,2025-04-08T17:48:52+00:00
Standard,2.1.5.2.3.3,WL.IV.7.c,Describe plans for the weekend.,KG-12,2025-04-08T17:48:52+00:00
Standard,2.1.5.2.3.4,WL.IV.7.d,Describe plans for the summer.,KG-12,2025-04-08T17:48:52+00:00
Standard,2.1.5.2.3.5,WL.IV.7.e,Describe holiday or vacation plans.,KG-12,2025-04-08T17:48:52+00:00
Standard,2.1.5.2.3.6,WL.IV.7.f,Describe what is needed for a holiday or celebration.,KG-12,2025-04-08T17:48:52+00:00
Standard,2.1.5.2.3.7,WL.IV.7.g,Describe future plans.,KG-12,2025-04-08T17:48:52+00:00
Standard Group,2.1.5.2.4,WL.IV.8,"Present songs, short skits, or dramatic readings.",KG-12,2025-04-08T17:48:52+00:00
Standard,2.1.5.2.4.1,WL.IV.8.a,Retell a children’s story.,KG-12,2025-04-08T17:48:52+00:00
Standard,2.1.5.2.4.2,WL.IV.8.b,"Present a proverb, poem, or nursery rhyme.",KG-12,2025-04-08T17:48:52+00:00
Standard,2.1.5.2.4.3,WL.IV.8.c,Participate in a performance of a skit or a scene from a play.,KG-12,2025-04-08T17:48:52+00:00
Standard Group,2.1.5.2.5,WL.IV.9,Express preferences on topics of interest.,KG-12,2025-04-08T17:48:52+00:00
Standard,2.1.5.2.5.1,WL.IV.9.a,Give a presentation about a movie or television show.,KG-12,2025-04-08T17:48:52+00:00
Standard,2.1.5.2.5.2,WL.IV.9.b,"Give a presentation about a famous athlete, celebrity, or historical figure.",KG-12,2025-04-08T17:48:52+00:00
Standard,2.1.5.2.5.3,WL.IV.9.c,Express thoughts about a current event that has been learned or researched.,KG-12,2025-04-08T17:48:52+00:00
Indicator,2.1.5.3,,**Presentational Writing** Write on a wide variety of familiar topics using a series of connected sentences.,KG-12,2025-04-08T17:48:52+00:00
Standard Group,2.1.5.3.1,WL.IV.10,Write messages and announcements.,KG-12,2025-04-08T17:48:52+00:00
Standard,2.1.5.3.1.1,WL.IV.10.a,Write a message to explain or clarify something.,KG-12,2025-04-08T17:48:52+00:00
Standard,2.1.5.3.1.2,WL.IV.10.b,Write about common events and daily routines.,KG-12,2025-04-08T17:48:52+00:00
Standard,2.1.5.3.1.3,WL.IV.10.c,"Write an autobiographical statement for a contest, study abroad, or other special program or job application.",KG-12,2025-04-08T17:48:52+00:00
Standard,2.1.5.3.1.4,WL.IV.10.d,Write an invitation for an event.,KG-12,2025-04-08T17:48:52+00:00
Standard Group,2.1.5.3.2,WL.IV.11,Write short reports about something learned or researched.,KG-12,2025-04-08T17:48:52+00:00
Standard,2.1.5.3.2.1,WL.IV.11.a,Write a short article on a current event.,KG-12,2025-04-08T17:48:52+00:00
Standard,2.1.5.3.2.2,WL.IV.11.b,"Write about an academic subject, such as science, math, art, etc.",KG-12,2025-04-08T17:48:52+00:00
Standard,2.1.5.3.2.3,WL.IV.11.c,Write the minutes or a debrief from a club or other meeting.,KG-12,2025-04-08T17:48:52+00:00
Standard Group,2.1.5.3.3,WL.IV.12,Compose communications for public distribution.,KG-12,2025-04-08T17:48:52+00:00
Standard,2.1.5.3.3.1,WL.IV.12.a,Create a flyer for an upcoming event at school or at work.,KG-12,2025-04-08T17:48:52+00:00
Standard,2.1.5.3.3.2,WL.IV.12.b,"Write a review of a movie, book, play, exhibit, etc.",KG-12,2025-04-08T17:48:52+00:00
Standard,2.1.5.3.3.3,WL.IV.12.c,Post an entry to a blog or a discussion board.,KG-12,2025-04-08T17:48:52+00:00
Standard,2.1.5.3.3.4,WL.IV.12.d,"Compose a simple letter, response, or article for a publication.",KG-12,2025-04-08T17:48:52+00:00
Standard,2.1.5.3.3.5,WL.IV.12.e,Contribute to a school or work publication.,KG-12,2025-04-08T17:48:52+00:00
Indicator,2.1.5.4,,**Interpretive Listening** Understand the main idea in messages and presentations on a variety of topics related to everyday life and personal interests and studies. Understand the main idea in conversations that are overheard.,KG-12,2025-04-08T17:48:52+00:00
Standard Group,2.1.5.4.1,WL.IV.13,"Understand basic information in advertisements, announcements, and other simple recordings.",KG-12,2025-04-08T17:48:52+00:00
Standard,2.1.5.4.1.1,WL.IV.13.a,"Understand when, where, and who is playing in a concert from a radio advertisement.",KG-12,2025-04-08T17:48:52+00:00
Standard,2.1.5.4.1.2,WL.IV.13.b,Understand the main message of an e-card greeting.,KG-12,2025-04-08T17:48:52+00:00
Standard,2.1.5.4.1.3,WL.IV.13.c,Understand what service is being offered in a television advertisement.,KG-12,2025-04-08T17:48:52+00:00
Standard,2.1.5.4.1.4,WL.IV.13.d,Identify the type of film from a movie preview.,KG-12,2025-04-08T17:48:52+00:00
Standard Group,2.1.5.4.2,WL.IV.14,Understand the main idea when listening for personal enjoyment.,KG-12,2025-04-08T17:48:52+00:00
Standard,2.1.5.4.2.1,WL.IV.14.a,Understand basic questions or statements during a video conference.,KG-12,2025-04-08T17:48:52+00:00
Standard,2.1.5.4.2.2,WL.IV.14.b,Understand a short video clip.,KG-12,2025-04-08T17:48:52+00:00
Standard,2.1.5.4.2.3,WL.IV.14.c,Understand peers’ recorded descriptions about themselves or their avatars.,KG-12,2025-04-08T17:48:52+00:00
Standard Group,2.1.5.4.3,WL.IV.15,Understand messages related to everyday life.,KG-12,2025-04-08T17:48:52+00:00
Standard,2.1.5.4.3.1,WL.IV.15.a,Understand a voice message about the time and location of a meeting.,KG-12,2025-04-08T17:48:52+00:00
Standard,2.1.5.4.3.2,WL.IV.15.b,Understand a box-office recording about the times of the performances or events.,KG-12,2025-04-08T17:48:52+00:00
Standard,2.1.5.4.3.3,WL.IV.15.c,Understand that an event is being postponed or cancelled.,KG-12,2025-04-08T17:48:52+00:00
Indicator,2.1.5.5,,**Interpretive Reading** Understand the main idea of texts.,KG-12,2025-04-08T17:48:52+00:00
Standard Group,2.1.5.5.1,WL.IV.16,Understand simple personal questions.,KG-12,2025-04-08T17:48:52+00:00
Standard,2.1.5.5.1.1,WL.IV.16.a,Understand the questions asked on a career preference survey.,KG-12,2025-04-08T17:48:52+00:00
Standard,2.1.5.5.1.2,WL.IV.16.b,"Understand what is asked for on a simple, popular magazine questionnaire.",KG-12,2025-04-08T17:48:52+00:00
Standard,2.1.5.5.1.3,WL.IV.16.c,Understand the personal questions to complete a profile on a social media site.,KG-12,2025-04-08T17:48:52+00:00
Standard Group,2.1.5.5.2,WL.IV.17,"Understand basic information in advertisements, announcements, and other simple texts.",KG-12,2025-04-08T17:48:52+00:00
Standard,2.1.5.5.2.1,WL.IV.17.a,Understand the information in birth and wedding announcements.,KG-12,2025-04-08T17:48:52+00:00
Standard,2.1.5.5.2.2,WL.IV.17.b,Understand the information in sales advertisements.,KG-12,2025-04-08T17:48:52+00:00
Standard,2.1.5.5.2.3,WL.IV.17.c,Understand basic information on travel brochures.,KG-12,2025-04-08T17:48:52+00:00
Standard,2.1.5.5.2.4,WL.IV.17.d,Understand basic information on food labels.,KG-12,2025-04-08T17:48:52+00:00
Standard Group,2.1.5.5.3,WL.IV.18,Understand the main idea when reading for personal enjoyment.,KG-12,2025-04-08T17:48:52+00:00
Standard,2.1.5.5.3.1,WL.IV.18.a,Understand updates in entertainment magazines.,KG-12,2025-04-08T17:48:52+00:00
Standard,2.1.5.5.3.2,WL.IV.18.b,Understand postings in blogs on familiar topics.,KG-12,2025-04-08T17:48:52+00:00
Standard,2.1.5.5.3.3,WL.IV.18.c,Understand postcards from friends.,KG-12,2025-04-08T17:48:52+00:00
Standard Group,2.1.5.5.4,WL.IV.19,Read simple written exchanges between other people.,KG-12,2025-04-08T17:48:52+00:00
Standard,2.1.5.5.4.1,WL.IV.19.a,Understand the main idea of personal messages exchanged online.,KG-12,2025-04-08T17:48:52+00:00
Standard,2.1.5.5.4.2,WL.IV.19.b,Understand the main idea of a biographical interview with a celebrity.,KG-12,2025-04-08T17:48:52+00:00
Indicator,2.1.5.6,,**Investigation of Products and Practices** Explain diversity among the products and practices in the native culture and other cultures.,KG-12,2025-04-08T17:48:52+00:00
Standard Group,2.1.5.6.1,WL.IV.20,Explain factors that contribute to why products and practices vary across cultures.,KG-12,2025-04-08T17:48:52+00:00
Standard,2.1.5.6.1.1,WL.IV.20.a,Explain how cultural factors influence art.,KG-12,2025-04-08T17:48:52+00:00
Standard,2.1.5.6.1.2,WL.IV.20.b,Explain how popular songs reflect the culture in which they were created.,KG-12,2025-04-08T17:48:52+00:00
Standard,2.1.5.6.1.3,WL.IV.20.c,Explain how creators of advertisements use elements of culture to market their products.,KG-12,2025-04-08T17:48:52+00:00
Standard,2.1.5.6.1.4,WL.IV.20.d,Describe the use of cultural elements in filmmaking.,KG-12,2025-04-08T17:48:52+00:00
Standard Group,2.1.5.6.2,WL.IV.21,Analyze how people’s practices and behaviors reflect their cultures.,KG-12,2025-04-08T17:48:52+00:00
Standard,2.1.5.6.2.1,WL.IV.21.a,Explain why people worship on a certain day(s) of the week.,KG-12,2025-04-08T17:48:52+00:00
Standard,2.1.5.6.2.2,WL.IV.21.b,Explain why practices of disciplining children differ among cultures.,KG-12,2025-04-08T17:48:52+00:00
Standard,2.1.5.6.2.3,WL.IV.21.c,Explain some dietary preferences between cultures.,KG-12,2025-04-08T17:48:52+00:00
Standard,2.1.5.6.2.4,WL.IV.21.d,Explain some voting practices between cultures.,KG-12,2025-04-08T17:48:52+00:00
Standard,2.1.5.6.2.5,WL.IV.21.e,Explain why some cultures prefer certain sports.,KG-12,2025-04-08T17:48:52+00:00
Standard,2.1.5.6.2.6,WL.IV.21.f,Tell the difference between a fashion choice that is personal vs. one that is a cultural norm.,KG-12,2025-04-08T17:48:52+00:00
Standard Group,2.1.5.6.3,WL.IV.22,Explore topics of personal and professional interest.,KG-12,2025-04-08T17:48:52+00:00
Standard,2.1.5.6.3.1,WL.IV.22.a,Look up some facts about family genealogy in other countries.,KG-12,2025-04-08T17:48:52+00:00
Standard,2.1.5.6.3.2,WL.IV.22.b,Research study or internship opportunities abroad.,KG-12,2025-04-08T17:48:52+00:00
Standard,2.1.5.6.3.3,WL.IV.22.c,"Gather information about topics of personal interest such as hobbies, music, and entertainment from those in other cultures.",KG-12,2025-04-08T17:48:52+00:00
Standard,2.1.5.6.3.4,WL.IV.22.d,Research career options and job opportunities in other countries.,KG-12,2025-04-08T17:48:52+00:00
Standard,2.1.5.6.3.5,WL.IV.22.e,Research driving regulations in other countries.,KG-12,2025-04-08T17:48:52+00:00
Indicator,2.1.5.7,,**Understanding of Cultural Perspectives** Analyze and explain cultural perspectives of individuals and institutions within a society.,KG-12,2025-04-08T17:48:52+00:00
Standard Group,2.1.5.7.1,WL.IV.23,Explain how peoples’ actions reflect their cultural beliefs.,KG-12,2025-04-08T17:48:52+00:00
Standard,2.1.5.7.1.1,WL.IV.23.a,Explain why people place importance on long vacations in some cultures.,KG-12,2025-04-08T17:48:52+00:00
Standard,2.1.5.7.1.2,WL.IV.23.b,Explain why families in some cultures spend more time at meals than others.,KG-12,2025-04-08T17:48:52+00:00
Standard,2.1.5.7.1.3,WL.IV.23.c,Explain why people hold certain professions in higher regard than others.,KG-12,2025-04-08T17:48:52+00:00
Standard,2.1.5.7.1.4,WL.IV.23.d,Explain why people arrange marriages.,KG-12,2025-04-08T17:48:52+00:00
Standard Group,2.1.5.7.2,WL.IV.24,"Explain how social, political, religious, and economic institutions reflect cultural beliefs.",KG-12,2025-04-08T17:48:52+00:00
Standard,2.1.5.7.2.1,WL.IV.24.a,Explain why universal health care is provided in some cultures.,KG-12,2025-04-08T17:48:52+00:00
Standard,2.1.5.7.2.2,WL.IV.24.b,Explain why a country has a democracy instead of a monarchy.,KG-12,2025-04-08T17:48:52+00:00
Standard,2.1.5.7.2.3,WL.IV.24.c,Explain why certain symbols are found on/in places of worship.,KG-12,2025-04-08T17:48:52+00:00
Standard,2.1.5.7.2.4,WL.IV.24.d,Explain how and why business cards are presented.,KG-12,2025-04-08T17:48:52+00:00
Indicator,2.1.5.8,,**Participation in Cultural Interaction** Interact at a competent level in familiar and unfamiliar cultural contexts.,KG-12,2025-04-08T17:48:52+00:00
Standard Group,2.1.5.8.1,WL.IV.25,"Confidently interact and converse with peers and colleagues at school, work, or play.",KG-12,2025-04-08T17:48:52+00:00
Standard,2.1.5.8.1.1,WL.IV.25.a,Collaborate on a project with peers from another culture.,KG-12,2025-04-08T17:48:52+00:00
Standard,2.1.5.8.1.2,WL.IV.25.b,"Interact appropriately when a guest in the home of a friend from another culture (e.f.,bring a proper gift, converse on non-taboo topics, use proper etiquette).",KG-12,2025-04-08T17:48:52+00:00
Standard,2.1.5.8.1.3,WL.IV.25.c,Engage in social conversations at a sporting event with peers.,KG-12,2025-04-08T17:48:52+00:00
Standard,2.1.5.8.1.4,WL.IV.25.d,Differentiate between appropriate and inappropriate topics and participate in conversations about these topics.,KG-12,2025-04-08T17:48:52+00:00
Standard Group,2.1.5.8.2,WL.IV.26,Interact with people in some situations outside of the normal routine.,KG-12,2025-04-08T17:48:52+00:00
Standard,2.1.5.8.2.1,WL.IV.26.a,"Participate in a professional meeting in a somewhat unfamiliar situation, such as a job interview.",KG-12,2025-04-08T17:48:52+00:00
Standard,2.1.5.8.2.2,WL.IV.26.b,Participate in a community service learning project such as volunteering at a health fair for immigrants.,KG-12,2025-04-08T17:48:52+00:00
Standard,2.1.5.8.2.3,WL.IV.26.c,Interview someone for a research project or news article.,KG-12,2025-04-08T17:48:52+00:00
Standard,2.1.5.8.2.4,WL.IV.26.d,Carry on a conversation with someone during a job shadowing experience.,KG-12,2025-04-08T17:48:52+00:00
Standard Group,2.1.5.8.3,WL.IV.27,Navigate some formal and official procedures.,KG-12,2025-04-08T17:48:52+00:00
Standard,2.1.5.8.3.1,WL.IV.27.a,Follow the steps to make an online purchase from a foreign website.,KG-12,2025-04-08T17:48:52+00:00
Standard,2.1.5.8.3.2,WL.IV.27.b,"Help fill out forms for visas, travel and work permits, and registrations.",KG-12,2025-04-08T17:48:52+00:00
Standard,2.1.5.8.3.3,WL.IV.27.c,Explain a point of view in a minor legal procedure such as a traffic violation.,KG-12,2025-04-08T17:48:52+00:00
Standard Group,2.1.5.8.4,WL.IV.28,Understand when a cultural misunderstanding has occurred and understand how to correct it.,KG-12,2025-04-08T17:48:52+00:00
Standard,2.1.5.8.4.1,WL.IV.28.a,"Recognize when something is culturally inappropriate from the use of language, the tone of voice, or the body language.",KG-12,2025-04-08T17:48:52+00:00
Standard,2.1.5.8.4.2,WL.IV.28.b,Understand why a gift given was seen as inappropriate and decide what to give the next time.,KG-12,2025-04-08T17:48:52+00:00
Standard,2.1.5.8.4.3,WL.IV.28.c,Understand why a comment was offensive and decide what to say next time.,KG-12,2025-04-08T17:48:52+00:00
Standard,2.1.5.8.4.4,WL.IV.28.d,Understand why particular clothing was considered inappropriate and decide what to wear next time.,KG-12,2025-04-08T17:48:52+00:00
Standard,2.1.5.8.4.5,WL.IV.28.e,Understand why the food served was not appreciated and decide what to serve next time.,KG-12,2025-04-08T17:48:52+00:00
Standard,2.1.5.8.4.6,WL.IV.28.f,Write an apology to repair a relationship.,KG-12,2025-04-08T17:48:52+00:00
Proficiency,2.1.6,,Level V,KG-12,2025-04-08T17:48:52+00:00
Indicator,2.1.6.1,,"**Interpersonal Communication** Participate with ease and confidence in conversations on familiar topics. Talk about events and experiences in various time frames. Describe people, places, and things. Handle social interactions in everyday situations, even when there is an unexpected complication.",KG-12,2025-04-08T17:48:52+00:00
Standard Group,2.1.6.1.1,WL.V.1,Exchange information related to areas of mutual interest.,KG-12,2025-04-08T17:48:52+00:00
Standard,2.1.6.1.1.1,WL.V.1.a,Ask for and provide information about specific events.,KG-12,2025-04-08T17:48:52+00:00
Standard,2.1.6.1.1.2,WL.V.1.b,"Ask for and provide information about a hobby or lifestyle, such as bicycling, vegetarianism, video games, or sports.",KG-12,2025-04-08T17:48:52+00:00
Standard,2.1.6.1.1.3,WL.V.1.c,Ask for and provide descriptions of familiar places and interesting sites.,KG-12,2025-04-08T17:48:52+00:00
Standard,2.1.6.1.1.4,WL.V.1.d,Talk about family history.,KG-12,2025-04-08T17:48:52+00:00
Standard,2.1.6.1.1.5,WL.V.1.e,Talk about jobs and career plans.,KG-12,2025-04-08T17:48:52+00:00
Standard Group,2.1.6.1.2,WL.V.2,Use language to do a task that requires multiple steps.,KG-12,2025-04-08T17:48:52+00:00
Standard,2.1.6.1.2.1,WL.V.2.a,Give the basic rules of a game or sport and answer questions about them.,KG-12,2025-04-08T17:48:52+00:00
Standard,2.1.6.1.2.2,WL.V.2.b,"Ask for, follow, and give instructions for preparing food.",KG-12,2025-04-08T17:48:52+00:00
Standard,2.1.6.1.2.3,WL.V.2.c,Ask for and follow directions to get from one place to another.,KG-12,2025-04-08T17:48:52+00:00
Standard,2.1.6.1.2.4,WL.V.2.d,Tell someone how to access information online.,KG-12,2025-04-08T17:48:52+00:00
Standard,2.1.6.1.2.5,WL.V.2.e,"Explain basic rules, policies, or laws that affect us and answer questions about them.",KG-12,2025-04-08T17:48:52+00:00
Standard Group,2.1.6.1.3,WL.V.3,Use language to handle a situation that may have a complication.,KG-12,2025-04-08T17:48:52+00:00
Standard,2.1.6.1.3.1,WL.V.3.a,Arrange for a make-up exam or reschedule an appointment.,KG-12,2025-04-08T17:48:52+00:00
Standard,2.1.6.1.3.2,WL.V.3.b,Return an item purchased in a store.,KG-12,2025-04-08T17:48:52+00:00
Standard,2.1.6.1.3.3,WL.V.3.c,Plan an outing with a group of friends.,KG-12,2025-04-08T17:48:52+00:00
Indicator,2.1.6.2,,**Presentational Speaking** Make presentations on a wide variety of familiar topics using connected sentences.,KG-12,2025-04-08T17:48:52+00:00
Standard Group,2.1.6.2.1,WL.V.4,"Make a timed, detailed presentation about personal and social experiences.",KG-12,2025-04-08T17:48:52+00:00
Standard,2.1.6.2.1.1,WL.V.4.a,Describe a childhood or past experience.,KG-12,2025-04-08T17:48:52+00:00
Standard,2.1.6.2.1.2,WL.V.4.b,Report on a social event.,KG-12,2025-04-08T17:48:52+00:00
Standard,2.1.6.2.1.3,WL.V.4.c,Make a presentation on something new that was learned.,KG-12,2025-04-08T17:48:52+00:00
Standard,2.1.6.2.1.4,WL.V.4.d,Make a presentation about plans for the future.,KG-12,2025-04-08T17:48:52+00:00
Standard Group,2.1.6.2.2,WL.V.5,"Make a timed, detailed presentation on something learned or researched.",KG-12,2025-04-08T17:48:52+00:00
Standard,2.1.6.2.2.1,WL.V.5.a,Give a presentation on a current event.,KG-12,2025-04-08T17:48:52+00:00
Standard,2.1.6.2.2.2,WL.V.5.b,"Present about a topic from an academic subject, such as science, math, art, etc.",KG-12,2025-04-08T17:48:52+00:00
Standard,2.1.6.2.2.3,WL.V.5.c,"Describe how to plan and carry out an event, such as a party or family reunion.",KG-12,2025-04-08T17:48:52+00:00
Standard,2.1.6.2.2.4,WL.V.5.d,"Give a presentation on a famous person, landmark, or cultural event.",KG-12,2025-04-08T17:48:52+00:00
Standard Group,2.1.6.2.3,WL.V.6,"Make a timed, detailed presentation about common interests and issues and state a viewpoint.",KG-12,2025-04-08T17:48:52+00:00
Standard,2.1.6.2.3.1,WL.V.6.a,Give a presentation about a favorite movie or song and explain why it is the favorite.,KG-12,2025-04-08T17:48:52+00:00
Standard,2.1.6.2.3.2,WL.V.6.b,Give a presentation about a famous person or historical figure and tell why he/she is important.,KG-12,2025-04-08T17:48:52+00:00
Standard,2.1.6.2.3.3,WL.V.6.c,Share reactions about a current event and explain why the event is in the news.,KG-12,2025-04-08T17:48:52+00:00
Indicator,2.1.6.3,,"**Presentational Writing** Write on topics related to school, work, and community in a generally organized way. Write simple paragraphs about events and experiences in various time frames.",KG-12,2025-04-08T17:48:52+00:00
Standard Group,2.1.6.3.1,WL.V.7,Write about school and academic topics.,KG-12,2025-04-08T17:48:52+00:00
Standard,2.1.6.3.1.1,WL.V.7.a,Write a summary about something learned.,KG-12,2025-04-08T17:48:52+00:00
Standard,2.1.6.3.1.2,WL.V.7.b,"Write a series of steps needed to complete a task, such as an experiment.",KG-12,2025-04-08T17:48:52+00:00
Standard,2.1.6.3.1.3,WL.V.7.c,Prepare notes for someone who was absent from class or school.,KG-12,2025-04-08T17:48:52+00:00
Standard,2.1.6.3.1.4,WL.V.7.d,"Write the content for a multi-media presentation, a handout, a synopsis, etc.",KG-12,2025-04-08T17:48:52+00:00
Standard Group,2.1.6.3.2,WL.V.8,Write about work and career topics.,KG-12,2025-04-08T17:48:52+00:00
Standard,2.1.6.3.2.1,WL.V.8.a,Write a summary about an assignment or task.,KG-12,2025-04-08T17:48:52+00:00
Standard,2.1.6.3.2.2,WL.V.8.b,Document the series of steps needed to complete a task or project.,KG-12,2025-04-08T17:48:52+00:00
Standard,2.1.6.3.2.3,WL.V.8.c,"Prepare notes for someone who is new or has been absent from a project, team, or work meeting.",KG-12,2025-04-08T17:48:52+00:00
Standard,2.1.6.3.2.4,WL.V.8.d,Draft a work plan.,KG-12,2025-04-08T17:48:52+00:00
Standard,2.1.6.3.2.5,WL.V.8.e,"Write the content for a multi-media presentation, a handout, a synopsis, etc.",KG-12,2025-04-08T17:48:52+00:00
Standard Group,2.1.6.3.3,WL.V.9,Write about community topics or events.,KG-12,2025-04-08T17:48:52+00:00
Standard,2.1.6.3.3.1,WL.V.9.a,Write a summary about a topic researched.,KG-12,2025-04-08T17:48:52+00:00
Standard,2.1.6.3.3.2,WL.V.9.b,"Write the content for a multi-media presentation, a handout, a synopsis, etc.",KG-12,2025-04-08T17:48:52+00:00
Standard,2.1.6.3.3.3,WL.V.9.c,"Write the steps needed to complete a task, such as a community event or a fundraiser.",KG-12,2025-04-08T17:48:52+00:00
Standard,2.1.6.3.3.4,WL.V.9.d,Summarize what has been happening in the community for someone who is new or has been away.,KG-12,2025-04-08T17:48:52+00:00
Standard Group,2.1.6.3.4,WL.V.10,Write about an entertainment or social event.,KG-12,2025-04-08T17:48:52+00:00
Standard,2.1.6.3.4.1,WL.V.10.a,Summarize a conversation or interview.,KG-12,2025-04-08T17:48:52+00:00
Standard,2.1.6.3.4.2,WL.V.10.b,Describe an event that was witnessed.,KG-12,2025-04-08T17:48:52+00:00
Standard,2.1.6.3.4.3,WL.V.10.c,Write a brief summary of the plot of a movie or an episode of a television show.,KG-12,2025-04-08T17:48:52+00:00
Indicator,2.1.6.4,,"**Interpretive Listening** Easily understand the main idea in messages and presentations on a variety of topics related to everyday life and personal interests and studies. Understand details of what is overheard in conversations, even when something unexpected is expressed. Follow what is heard about events and experiences in various time frames.",KG-12,2025-04-08T17:48:52+00:00
Standard Group,2.1.6.4.1,WL.V.11,Understand straightforward information or interactions.,KG-12,2025-04-08T17:48:52+00:00
Standard,2.1.6.4.1.1,WL.V.11.a,Understand the descriptions of avatars in a new video game.,KG-12,2025-04-08T17:48:52+00:00
Standard,2.1.6.4.1.2,WL.V.11.b,Understand an interview between a student reporter and foreign visitors about activities they have done and are planning to do while in town.,KG-12,2025-04-08T17:48:52+00:00
Standard,2.1.6.4.1.3,WL.V.11.c,Understand a tour guide’s description of a city’s history and attractions.,KG-12,2025-04-08T17:48:52+00:00
Standard Group,2.1.6.4.2,WL.V.12,"Understand a few details in advertisements, announcements, and other simple recordings.",KG-12,2025-04-08T17:48:52+00:00
Standard,2.1.6.4.2.1,WL.V.12.a,Understand details about a nutritional recommendation in a public service health announcement.,KG-12,2025-04-08T17:48:52+00:00
Standard,2.1.6.4.2.2,WL.V.12.b,Understand the services offered in an advertisement about a car repair service.,KG-12,2025-04-08T17:48:52+00:00
Standard,2.1.6.4.2.3,WL.V.12.c,Understand details from public service announcements such as severe weather warnings or safety alerts.,KG-12,2025-04-08T17:48:52+00:00
Standard Group,2.1.6.4.3,WL.V.13,Understand situations with complicating factors.,KG-12,2025-04-08T17:48:52+00:00
Standard,2.1.6.4.3.1,WL.V.13.a,Understand a voice message from an exchange student telling why she will be late.,KG-12,2025-04-08T17:48:52+00:00
Standard,2.1.6.4.3.2,WL.V.13.b,Understand a change in meeting time and place.,KG-12,2025-04-08T17:48:52+00:00
Standard,2.1.6.4.3.3,WL.V.13.c,Understand a voice message from the airlines about changes to a flight schedule.,KG-12,2025-04-08T17:48:52+00:00
Indicator,2.1.6.5,,**Interpretive Reading** Easily understand the main idea of texts. Follow stories and descriptions about events and experiences in various time frames.,KG-12,2025-04-08T17:48:52+00:00
Standard Group,2.1.6.5.1,WL.V.14,Understand accounts of personal events or experiences.,KG-12,2025-04-08T17:48:52+00:00
Standard,2.1.6.5.1.1,WL.V.14.a,"Understand information about an upcoming excursion, such as a class trip or company event.",KG-12,2025-04-08T17:48:52+00:00
Standard,2.1.6.5.1.2,WL.V.14.b,Understand a friend’s postcard describing a family vacation.,KG-12,2025-04-08T17:48:52+00:00
Standard,2.1.6.5.1.3,WL.V.14.c,Understand a description of a Peace Corp volunteer’s daily life.,KG-12,2025-04-08T17:48:52+00:00
Standard Group,2.1.6.5.2,WL.V.15,"Follow short, written instructions when supported by visuals.",KG-12,2025-04-08T17:48:52+00:00
Standard,2.1.6.5.2.1,WL.V.15.a,Follow instructions to use an ATM.,KG-12,2025-04-08T17:48:52+00:00
Standard,2.1.6.5.2.2,WL.V.15.b,Follow instructions to make an online purchase.,KG-12,2025-04-08T17:48:52+00:00
Standard,2.1.6.5.2.3,WL.V.15.c,Follow simple directions to do an experiment in a science class.,KG-12,2025-04-08T17:48:52+00:00
Standard,2.1.6.5.2.4,WL.V.15.d,Understand basic instructions for playing a video game.,KG-12,2025-04-08T17:48:52+00:00
Standard Group,2.1.6.5.3,WL.V.16,Understand the main idea and supporting facts about famous people and historic events.,KG-12,2025-04-08T17:48:52+00:00
Standard,2.1.6.5.3.1,WL.V.16.a,Understand a summary of a historical figure’s accomplishments.,KG-12,2025-04-08T17:48:52+00:00
Standard,2.1.6.5.3.2,WL.V.16.b,Understand the main idea and a few supporting facts about a scientific discovery from a summarized description.,KG-12,2025-04-08T17:48:52+00:00
Indicator,2.1.6.6,,**Investigation of Products and Practices** Explain diversity among the products and practices in the native and other cultures.,KG-12,2025-04-08T17:48:52+00:00
Standard Group,2.1.6.6.1,WL.V.17,Explain factors that influence variations in products and practices across cultures.,KG-12,2025-04-08T17:48:52+00:00
Standard,2.1.6.6.1.1,WL.V.17.a,Explain how cultural factors influence art.,KG-12,2025-04-08T17:48:52+00:00
Standard,2.1.6.6.1.2,WL.V.17.b,Explain how popular songs reflect the culture in which they were created.,KG-12,2025-04-08T17:48:52+00:00
Standard,2.1.6.6.1.3,WL.V.17.c,Explain how creators of advertisements use elements of culture to market their products.,KG-12,2025-04-08T17:48:52+00:00
Standard,2.1.6.6.1.4,WL.V.17.d,Describe the use of cultural elements in film-making.,KG-12,2025-04-08T17:48:52+00:00
Standard Group,2.1.6.6.2,WL.V.18,Analyze how people’s practices and behaviors reflect their cultures.,KG-12,2025-04-08T17:48:52+00:00
Standard,2.1.6.6.2.1,WL.V.18.a,Explain why people worship on a certain day(s) of the week.,KG-12,2025-04-08T17:48:52+00:00
Standard,2.1.6.6.2.2,WL.V.18.b,Explain why practices of disciplining children differ among cultures.,KG-12,2025-04-08T17:48:52+00:00
Standard,2.1.6.6.2.3,WL.V.18.c,Explain some dietary preferences between cultures.,KG-12,2025-04-08T17:48:52+00:00
Standard,2.1.6.6.2.4,WL.V.18.d,Explain some voting practices between cultures.,KG-12,2025-04-08T17:48:52+00:00
Standard,2.1.6.6.2.5,WL.V.18.e,Explain why some cultures prefer certain sports.,KG-12,2025-04-08T17:48:52+00:00
Standard,2.1.6.6.2.6,WL.V.18.f,Tell the difference between a fashion choice that is personal vs. one that is a cultural norm.,KG-12,2025-04-08T17:48:52+00:00
Standard Group,2.1.6.6.3,WL.V.22,Explore topics of personal and professional interest.,KG-12,2025-04-08T17:48:52+00:00
Standard,2.1.6.6.3.1,WL.V.22.a,Look up some facts about family genealogy in other countries.,KG-12,2025-04-08T17:48:52+00:00
Standard,2.1.6.6.3.2,WL.V.22.b,Research study or internship opportunities abroad.,KG-12,2025-04-08T17:48:52+00:00
Standard,2.1.6.6.3.3,WL.V.22.c,"Gather information about topics of personal interest such as hobbies, music, and entertainment from those in other cultures.",KG-12,2025-04-08T17:48:52+00:00
Standard,2.1.6.6.3.4,WL.V.22.d,Research career options and job opportunities in other countries.,KG-12,2025-04-08T17:48:52+00:00
Standard,2.1.6.6.3.5,WL.V.22.e,Research driving regulations in other countries.,KG-12,2025-04-08T17:48:52+00:00
Indicator,2.1.6.7,,**Understanding of Cultural Perspectives** Analyze and explain cultural perspectives of individuals and institutions within a society.,KG-12,2025-04-08T17:48:52+00:00
Standard Group,2.1.6.7.1,WL.V.23,Explain how people’s actions reflect their cultural beliefs.,KG-12,2025-04-08T17:48:52+00:00
Standard,2.1.6.7.1.1,WL.V.23.a,Explain why people place importance on long vacations in some cultures.,KG-12,2025-04-08T17:48:52+00:00
Standard,2.1.6.7.1.2,WL.V.23.b,Explain why families in some cultures spend more time at meals than others.,KG-12,2025-04-08T17:48:52+00:00
Standard,2.1.6.7.1.3,WL.V.23.c,Explain why people hold certain professions in higher regard than others.,KG-12,2025-04-08T17:48:52+00:00
Standard,2.1.6.7.1.4,WL.V.23.d,Explain why people arrange marriages in a culture.,KG-12,2025-04-08T17:48:52+00:00
Standard Group,2.1.6.7.2,WL.V.24,"Explain how social, political, religious, and economic institutions reflect cultural beliefs.",KG-12,2025-04-08T17:48:52+00:00
Standard,2.1.6.7.2.1,WL.V.24.a,Explain why universal health care is provided in some cultures.,KG-12,2025-04-08T17:48:52+00:00
Standard,2.1.6.7.2.2,WL.V.24.b,Explain why a country has a democracy instead of a monarchy.,KG-12,2025-04-08T17:48:52+00:00
Standard,2.1.6.7.2.3,WL.V.24.c,Explain why certain symbols are found on/in places of worship.,KG-12,2025-04-08T17:48:52+00:00
Standard,2.1.6.7.2.4,WL.V.24.d,Explain how and why business cards are presented.,KG-12,2025-04-08T17:48:52+00:00
Indicator,2.1.6.8,,**Participation in Cultural Interaction** Interact at a competent level in familiar and unfamiliar cultural contexts.,KG-12,2025-04-08T17:48:52+00:00
Standard Group,2.1.6.8.1,WL.V.25,"Confidently interact and converse with peers and colleagues at school, work, or play.",KG-12,2025-04-08T17:48:52+00:00
Standard,2.1.6.8.1.1,WL.V.25.a,Collaborate on a project with peers from another culture.,KG-12,2025-04-08T17:48:52+00:00
Standard,2.1.6.8.1.2,WL.V.25.b,"Interact appropriately when a guest in the home of a friend from another culture (bring a proper gift, converse on non-taboo topics, use proper etiquette, etc.)",KG-12,2025-04-08T17:48:52+00:00
Standard,2.1.6.8.1.3,WL.V.25.c,Engage in social conversations at a sporting event with peers.,KG-12,2025-04-08T17:48:52+00:00
Standard,2.1.6.8.1.4,WL.V.25.d,Differentiate between appropriate and inappropriate topics and participate in conversations about these topics.,KG-12,2025-04-08T17:48:52+00:00
Standard Group,2.1.6.8.2,WL.V.26,Interact with people in some situations outside of the normal routine.,KG-12,2025-04-08T17:48:52+00:00
Standard,2.1.6.8.2.1,WL.V.26.a,"Participate in a professional meeting in a somewhat unfamiliar situation, such as a job interview.",KG-12,2025-04-08T17:48:52+00:00
Standard,2.1.6.8.2.2,WL.V.26.b,Participate in a community service learning project such as volunteering at a health fair for immigrants.,KG-12,2025-04-08T17:48:52+00:00
Standard,2.1.6.8.2.3,WL.V.26.c,Interview someone for a research project or news article.,KG-12,2025-04-08T17:48:52+00:00
Standard,2.1.6.8.2.4,WL.V.26.d,Carry on a conversation with someone during a job shadowing experience.,KG-12,2025-04-08T17:48:52+00:00
Standard Group,2.1.6.8.3,WL.V.27,Navigate some formal and official procedures.,KG-12,2025-04-08T17:48:52+00:00
Standard,2.1.6.8.3.1,WL.V.27.a,Follow the steps to make an online purchase from a foreign website.,KG-12,2025-04-08T17:48:52+00:00
Standard,2.1.6.8.3.2,WL.V.27.b,"Help fill out forms for visas, travel and work permits, and registrations.",KG-12,2025-04-08T17:48:52+00:00
Standard,2.1.6.8.3.3,WL.V.27.c,Explain a point of view in a minor legal procedure such as a traffic violation.,KG-12,2025-04-08T17:48:52+00:00
Standard Group,2.1.6.8.4,WL.V.28,Understand that a cultural misunderstanding has occurred and understand how to correct it.,KG-12,2025-04-08T17:48:52+00:00
Standard,2.1.6.8.4.1,WL.V.28.a,"Recognize when something is culturally inappropriate from the use of language, the tone of voice, or the body language.",KG-12,2025-04-08T17:48:52+00:00
Standard,2.1.6.8.4.2,WL.V.28.b,Understand why a gift given was seen as inappropriate and decide what to give the next time.,KG-12,2025-04-08T17:48:52+00:00
Standard,2.1.6.8.4.3,WL.V.28.c,Understand why a comment was offensive and decide what to say next time.,KG-12,2025-04-08T17:48:52+00:00
Standard,2.1.6.8.4.4,WL.V.28.d,Understand why particular clothing was considered inappropriate and decide what to wear next time.,KG-12,2025-04-08T17:48:52+00:00
Standard,2.1.6.8.4.5,WL.V.28.e,Understand why the food served was not appreciated and decide what to serve next time.,KG-12,2025-04-08T17:48:52+00:00
Standard,2.1.6.8.4.6,WL.V.28.f,Write an apology to repair a relationship.,KG-12,2025-04-08T17:48:52+00:00
Proficiency,2.1.7,,Level VI,KG-12,2025-04-08T17:48:52+00:00
Indicator,2.1.7.1,,"**Interpersonal Communication** Participate in conversations about familiar topics that go beyond everyday life. Talk in an organized way and with detail about events and experiences in various time frames. Describe people, places, and things in an organized way and with detail. Handle a familiar situation with an unexpected complication.",KG-12,2025-04-08T17:48:52+00:00
Standard Group,2.1.7.1.1,WL.VI.1,Participate in conversations on a wide variety of topics that go beyond everyday life.,KG-12,2025-04-08T17:48:52+00:00
Standard,2.1.7.1.1.1,WL.VI.1.a,Explain absentee and sick leave policies and answer questions about them.,KG-12,2025-04-08T17:48:52+00:00
Standard,2.1.7.1.1.2,WL.VI.1.b,"Explain current issues, such as leash laws, school dress codes, or speed limits.",KG-12,2025-04-08T17:48:52+00:00
Standard,2.1.7.1.1.3,WL.VI.1.c,Discuss what is currently happening in another community or country.,KG-12,2025-04-08T17:48:52+00:00
Standard Group,2.1.7.1.2,WL.VI.2,Compare and contrast life in different locations and in different time periods.,KG-12,2025-04-08T17:48:52+00:00
Standard,2.1.7.1.2.1,WL.VI.2.a,Explain how life has changed and respond to questions on the topic.,KG-12,2025-04-08T17:48:52+00:00
Standard,2.1.7.1.2.2,WL.VI.2.b,Compare different jobs and study programs in a conversation with a peer.,KG-12,2025-04-08T17:48:52+00:00
Standard,2.1.7.1.2.3,WL.VI.2.c,Explain how technology has changed lives while discussing this topic with another.,KG-12,2025-04-08T17:48:52+00:00
Standard Group,2.1.7.1.3,WL.VI.3,Resolve an unexpected complication that arises in a familiar situation.,KG-12,2025-04-08T17:48:52+00:00
Standard,2.1.7.1.3.1,WL.VI.3.a,"Rearrange an itinerary, such as flights, pick-up times, and appointments when there are travel delays.",KG-12,2025-04-08T17:48:52+00:00
Standard,2.1.7.1.3.2,WL.VI.3.b,Tell a friend how to replace an item that is borrowed and broken or lost.,KG-12,2025-04-08T17:48:52+00:00
Standard,2.1.7.1.3.3,WL.VI.3.c,Explain tardiness to or absenteeism from work and arrange to make up the lost time.,KG-12,2025-04-08T17:48:52+00:00
Standard Group,2.1.7.1.4,WL.VI.4,Conduct or participate in interviews.,KG-12,2025-04-08T17:48:52+00:00
Standard,2.1.7.1.4.1,WL.VI.4.a,Interview for a job or service opportunity related to a field of expertise.,KG-12,2025-04-08T17:48:52+00:00
Standard,2.1.7.1.4.2,WL.VI.4.b,Interview someone about his/her professional interests and activities.,KG-12,2025-04-08T17:48:52+00:00
Indicator,2.1.7.2,,"**Presentational Speaking** Make presentations in a generally organized way on school, work, and community topics as well as independently researched topics. Make presentations on some events and experiences in various time frames.",KG-12,2025-04-08T17:48:52+00:00
Standard Group,2.1.7.2.1,WL.VI.5,Present information on academic and work topics.,KG-12,2025-04-08T17:48:52+00:00
Standard,2.1.7.2.1.1,WL.VI.5.a,"Present ideas about something learned such as a historical event, a famous person, or a current environmental issue.",KG-12,2025-04-08T17:48:52+00:00
Standard,2.1.7.2.1.2,WL.VI.5.b,Explain a series of steps needed to complete a task or experiment.,KG-12,2025-04-08T17:48:52+00:00
Standard,2.1.7.2.1.3,WL.VI.5.c,Explain to someone who was absent what took place in class or on the job.,KG-12,2025-04-08T17:48:52+00:00
Standard,2.1.7.2.1.4,WL.VI.5.d,"Present qualifications and goals for an academic program, training, or job.",KG-12,2025-04-08T17:48:52+00:00
Standard Group,2.1.7.2.2,WL.VI.6,"Make a presentation on events, activities, and topics of particular interest.",KG-12,2025-04-08T17:48:52+00:00
Standard,2.1.7.2.2.1,WL.VI.6.a,Present about something learned from the media.,KG-12,2025-04-08T17:48:52+00:00
Standard,2.1.7.2.2.2,WL.VI.6.b,Make a presentation about an interesting person.,KG-12,2025-04-08T17:48:52+00:00
Standard,2.1.7.2.2.3,WL.VI.6.c,"Summarize a personal, historical, or cultural event.",KG-12,2025-04-08T17:48:52+00:00
Standard,2.1.7.2.2.4,WL.VI.6.d,"Give a presentation about interests, hobbies, lifestyle, or preferred activities.",KG-12,2025-04-08T17:48:52+00:00
Standard,2.1.7.2.2.5,WL.VI.6.e,"Make a presentation about the history or current status of a school, organization, or company.",KG-12,2025-04-08T17:48:52+00:00
Standard,2.1.7.2.2.6,WL.VI.6.f,Make a presentation about future plans.,KG-12,2025-04-08T17:48:52+00:00
Standard Group,2.1.7.2.3,WL.VI.7,Present a point of view and provide reasons to support it.,KG-12,2025-04-08T17:48:52+00:00
Standard,2.1.7.2.3.1,WL.VI.7.a,"Make a presentation about rules or policies such as cell phone use, dress code, or requirements for driving, and explain a viewpoint.",KG-12,2025-04-08T17:48:52+00:00
Standard,2.1.7.2.3.2,WL.VI.7.b,"Share and justify an opinion about common issues such as allowances for children, curfews for teenagers, budget-related topics, etc.",KG-12,2025-04-08T17:48:52+00:00
Standard,2.1.7.2.3.3,WL.VI.7.c,"Explain a point of view about current event topics such as recycling, nutrition and exercise, the food supply, conserving energy resources, extreme weather events, etc.",KG-12,2025-04-08T17:48:52+00:00
Indicator,2.1.7.3,,"**Presentational Writing** Write on general interest, academic, and professional topics. Write organized paragraphs about events and experiences in various time frames.",KG-12,2025-04-08T17:48:52+00:00
Standard Group,2.1.7.3.1,WL.VI.8,Meet basic school and academic writing needs.,KG-12,2025-04-08T17:48:52+00:00
Standard,2.1.7.3.1.1,WL.VI.8.a,Revise class or meeting notes taken for distribution.,KG-12,2025-04-08T17:48:52+00:00
Standard,2.1.7.3.1.2,WL.VI.8.b,Draft and revise an essay or composition as part of a school assignment.,KG-12,2025-04-08T17:48:52+00:00
Standard,2.1.7.3.1.3,WL.VI.8.c,"Write an abstract for a science fair project, research study, or conference.",KG-12,2025-04-08T17:48:52+00:00
Standard,2.1.7.3.1.4,WL.VI.8.d,Write summaries or annotations for a research project.,KG-12,2025-04-08T17:48:52+00:00
Standard Group,2.1.7.3.2,WL.VI.9,Meet basic work and career writing needs.,KG-12,2025-04-08T17:48:52+00:00
Standard,2.1.7.3.2.1,WL.VI.9.a,Write an informational memo about a project or event.,KG-12,2025-04-08T17:48:52+00:00
Standard,2.1.7.3.2.2,WL.VI.9.b,Write summaries or a multi-step work plan for a new project.,KG-12,2025-04-08T17:48:52+00:00
Standard,2.1.7.3.2.3,WL.VI.9.c,Write brief job descriptions or performance reports.,KG-12,2025-04-08T17:48:52+00:00
Standard,2.1.7.3.2.4,WL.VI.9.d,Revise meeting notes for distribution,KG-12,2025-04-08T17:48:52+00:00
Standard,2.1.7.3.2.5,WL.VI.9.e,Draft and revise a resume or cover letter.,KG-12,2025-04-08T17:48:52+00:00
Standard Group,2.1.7.3.3,WL.VI.10,Meet basic social and civic writing needs.,KG-12,2025-04-08T17:48:52+00:00
Standard,2.1.7.3.3.1,WL.VI.10.a,"Manage and edit an online journal, blog, or discussion forum.",KG-12,2025-04-08T17:48:52+00:00
Standard,2.1.7.3.3.2,WL.VI.10.b,Write an article about an event or project of a club or group.,KG-12,2025-04-08T17:48:52+00:00
Standard,2.1.7.3.3.3,WL.VI.10.c,"Write a letter of advice or letter to the editor on a social, civic, or political issue.",KG-12,2025-04-08T17:48:52+00:00
Standard,2.1.7.3.3.4,WL.VI.10.d,"Prepare reports and online communications for a social club, community, or political group.",KG-12,2025-04-08T17:48:52+00:00
Indicator,2.1.7.4,,"**Interpretive Listening** Easily understand the main idea and supporting details in organized speech on a variety of topics of personal and general interest. Follow stories and descriptions of some length and in various time frames. Understand information presented in a variety of genres on familiar topics, even when something unexpected is expressed.",KG-12,2025-04-08T17:48:52+00:00
Standard Group,2.1.7.4.1,WL.VI.11,Understand descriptions and stories of events that have happened or will happen.,KG-12,2025-04-08T17:48:52+00:00
Standard,2.1.7.4.1.1,WL.VI.11.a,Understand short presentations about famous people in history.,KG-12,2025-04-08T17:48:52+00:00
Standard,2.1.7.4.1.2,WL.VI.11.b,Understand a voice message outlining the details of a plan for an upcoming outing.,KG-12,2025-04-08T17:48:52+00:00
Standard,2.1.7.4.1.3,WL.VI.11.c,Follow a video conferencing session in which the speakers recount their experience on a recent trip.,KG-12,2025-04-08T17:48:52+00:00
Standard Group,2.1.7.4.2,WL.VI.12,Understand the main idea of popular genres.,KG-12,2025-04-08T17:48:52+00:00
Standard,2.1.7.4.2.1,WL.VI.12.a,Follow televised promotions for upcoming programs.,KG-12,2025-04-08T17:48:52+00:00
Standard,2.1.7.4.2.2,WL.VI.12.b,Follow a comparison of two popular vacation locations.,KG-12,2025-04-08T17:48:52+00:00
Standard,2.1.7.4.2.3,WL.VI.12.c,"Follow simple oral stories, recorded books, summaries, or short excerpts from speeches.",KG-12,2025-04-08T17:48:52+00:00
Standard,2.1.7.4.2.4,WL.VI.12.d,Understand a few details from public service announcements such as severe weather warnings or safety alerts.,KG-12,2025-04-08T17:48:52+00:00
Indicator,2.1.7.5,,**Interpretive Reading** Understand the main idea and supporting details on a variety of topics of personal and general interest. Follow stories and descriptions of some length and in various time frames and genres.,KG-12,2025-04-08T17:48:52+00:00
Standard Group,2.1.7.5.1,WL.VI.13,Find and use information for practical purposes.,KG-12,2025-04-08T17:48:52+00:00
Standard,2.1.7.5.1.1,WL.VI.13.a,Read about an upcoming event to help decide whether or not to attend.,KG-12,2025-04-08T17:48:52+00:00
Standard,2.1.7.5.1.2,WL.VI.13.b,Read a blogger’s account of a trip in order to plan a trip.,KG-12,2025-04-08T17:48:52+00:00
Standard,2.1.7.5.1.3,WL.VI.13.c,Read a message about a friend’s car accident.,KG-12,2025-04-08T17:48:52+00:00
Standard,2.1.7.5.1.4,WL.VI.13.d,Read a description about a candidate to make a voting decision.,KG-12,2025-04-08T17:48:52+00:00
Standard,2.1.7.5.1.5,WL.VI.13.e,Understand absentee and sick leave policies.,KG-12,2025-04-08T17:48:52+00:00
Standard Group,2.1.7.5.2,WL.VI.14,Read texts that compare and contrast information.,KG-12,2025-04-08T17:48:52+00:00
Standard,2.1.7.5.2.1,WL.VI.14.a,Read restaurant descriptions to guide choice.,KG-12,2025-04-08T17:48:52+00:00
Standard,2.1.7.5.2.2,WL.VI.14.b,Read movie summaries to choose what to watch.,KG-12,2025-04-08T17:48:52+00:00
Standard,2.1.7.5.2.3,WL.VI.14.c,Read a catalogue of course descriptions to choose classes.,KG-12,2025-04-08T17:48:52+00:00
Standard,2.1.7.5.2.4,WL.VI.14.d,Understand the main idea and some details from a list of government job descriptions.,KG-12,2025-04-08T17:48:52+00:00
Standard,2.1.7.5.2.5,WL.VI.14.e,Read an article about how technology has changed in the past 20 years.,KG-12,2025-04-08T17:48:52+00:00
Standard Group,2.1.7.5.3,WL.VI.15,Follow simple written instructions.,KG-12,2025-04-08T17:48:52+00:00
Standard,2.1.7.5.3.1,WL.VI.15.a,Follow directions for assembling a model.,KG-12,2025-04-08T17:48:52+00:00
Standard,2.1.7.5.3.2,WL.VI.15.b,Follow driving directions.,KG-12,2025-04-08T17:48:52+00:00
Standard,2.1.7.5.3.3,WL.VI.15.c,Follow the steps of a recipe.,KG-12,2025-04-08T17:48:52+00:00
Indicator,2.1.7.6,,**Investigation of Products and Practices** Explain diversity among the products and practices across cultures.,KG-12,2025-04-08T17:48:52+00:00
Standard Group,2.1.7.6.1,WL.VI.16,Explain factors that contribute to why products and practices vary across cultures.,KG-12,2025-04-08T17:48:52+00:00
Standard,2.1.7.6.1.1,WL.VI.16.a,Explain how cultural factors influence art.,KG-12,2025-04-08T17:48:52+00:00
Standard,2.1.7.6.1.2,WL.VI.16.b,Explain how popular songs reflect the culture in which they were created.,KG-12,2025-04-08T17:48:52+00:00
Standard,2.1.7.6.1.3,WL.VI.16.c,Explain how creators of advertisements use elements of culture to market their products.,KG-12,2025-04-08T17:48:52+00:00
Standard,2.1.7.6.1.4,WL.VI.16.d,Describe the use of cultural elements in film-making.,KG-12,2025-04-08T17:48:52+00:00
Standard Group,2.1.7.6.2,WL.VI.17,Analyze how people’s practices and behaviors reflect their cultures.,KG-12,2025-04-08T17:48:52+00:00
Standard,2.1.7.6.2.1,WL.VI.17.a,Explain why people worship on a certain day(s) of the week.,KG-12,2025-04-08T17:48:52+00:00
Standard,2.1.7.6.2.2,WL.VI.17.b,Explain why practices of disciplining children differ among cultures.,KG-12,2025-04-08T17:48:52+00:00
Standard,2.1.7.6.2.3,WL.VI.17.c,Explain some dietary preferences between cultures.,KG-12,2025-04-08T17:48:52+00:00
Standard,2.1.7.6.2.4,WL.VI.17.d,Explain some voting practices between cultures.,KG-12,2025-04-08T17:48:52+00:00
Standard,2.1.7.6.2.5,WL.VI.17.e,Explain why some cultures prefer certain sports.,KG-12,2025-04-08T17:48:52+00:00
Standard,2.1.7.6.2.6,WL.VI.17.f,Tell the difference between a fashion choice that is personal versus one that is a cultural norm.,KG-12,2025-04-08T17:48:52+00:00
Standard Group,2.1.7.6.3,WL.VI.18,Explore topics of personal and professional interest.,KG-12,2025-04-08T17:48:52+00:00
Standard,2.1.7.6.3.1,WL.VI.18.a,Look up some facts about family genealogy in other countries.,KG-12,2025-04-08T17:48:52+00:00
Standard,2.1.7.6.3.2,WL.VI.18.b,Research study or internship opportunities abroad.,KG-12,2025-04-08T17:48:52+00:00
Standard,2.1.7.6.3.3,WL.VI.18.c,"Gather information about topics of personal interest such as hobbies, music, and entertainment from those in other cultures.",KG-12,2025-04-08T17:48:52+00:00
Standard,2.1.7.6.3.4,WL.VI.18.d,Research career options and job opportunities in other countries.,KG-12,2025-04-08T17:48:52+00:00
Standard,2.1.7.6.3.5,WL.VI.18.e,Research driving regulations in other countries.,KG-12,2025-04-08T17:48:52+00:00
Indicator,2.1.7.7,,**Understanding of Cultural Perspectives** Analyze and explain cultural perspectives of individuals and institutions within a society.,KG-12,2025-04-08T17:48:52+00:00
Standard Group,2.1.7.7.1,WL.VI.19,Explain how people’s actions reflect their cultural beliefs.,KG-12,2025-04-08T17:48:52+00:00
Standard,2.1.7.7.1.1,WL.VI.19.a,Explain why people place importance on long vacations in some cultures.,KG-12,2025-04-08T17:48:52+00:00
Standard,2.1.7.7.1.2,WL.VI.19.b,Explain why families in some cultures spend more time at meals than others.,KG-12,2025-04-08T17:48:52+00:00
Standard,2.1.7.7.1.3,WL.VI.19.c,Explain why people hold certain professions in higher regard than others.,KG-12,2025-04-08T17:48:52+00:00
Standard,2.1.7.7.1.4,WL.VI.19.d,Explain why people arrange marriages in a culture.,KG-12,2025-04-08T17:48:52+00:00
Standard Group,2.1.7.7.2,WL.VI.20,"Explain how social, political, religious, and economic institutions reflect cultural beliefs.",KG-12,2025-04-08T17:48:52+00:00
Standard,2.1.7.7.2.1,WL.VI.20.a,Explain why universal health care is provided in some cultures.,KG-12,2025-04-08T17:48:52+00:00
Standard,2.1.7.7.2.2,WL.VI.20.b,Explain why a country has a democracy instead of a monarchy.,KG-12,2025-04-08T17:48:52+00:00
Standard,2.1.7.7.2.3,WL.VI.20.c,Explain why certain symbols are found on/in places of worship.,KG-12,2025-04-08T17:48:52+00:00
Standard,2.1.7.7.2.4,WL.VI.20.d,Explain how and why business cards are presented.,KG-12,2025-04-08T17:48:52+00:00
Indicator,2.1.7.8,,**Participation in Cultural Interaction** Interact at a competent level in familiar and unfamiliar cultural contexts.,KG-12,2025-04-08T17:48:52+00:00
Standard Group,2.1.7.8.1,WL.VI.21,"Confidently interact and converse with peers and colleagues at school, work, or play.",KG-12,2025-04-08T17:48:52+00:00
Standard,2.1.7.8.1.1,WL.VI.21.a,Collaborate on a project with peers from another culture.,KG-12,2025-04-08T17:48:52+00:00
Standard,2.1.7.8.1.2,WL.VI.21.b,"Interact appropriately when a guest in the home of a friend from another culture (bring a proper gift, converse on non-taboo topics, use proper etiquette, etc.)",KG-12,2025-04-08T17:48:52+00:00
Standard,2.1.7.8.1.3,WL.VI.21.c,Engage in social conversations at a sporting event with peers.,KG-12,2025-04-08T17:48:52+00:00
Standard,2.1.7.8.1.4,WL.VI.21.d,Differentiate between appropriate and inappropriate topics and participate in conversations about most of them.,KG-12,2025-04-08T17:48:52+00:00
Standard Group,2.1.7.8.2,WL.VI.22,Interact with people in some situations outside of my normal routine.,KG-12,2025-04-08T17:48:52+00:00
Standard,2.1.7.8.2.1,WL.VI.22.a,"Participate in a professional meeting in a somewhat unfamiliar situation, such as a job interview.",KG-12,2025-04-08T17:48:52+00:00
Standard,2.1.7.8.2.2,WL.VI.22.b,Participate in a community service learning project such as volunteering at a health fair for immigrants.,KG-12,2025-04-08T17:48:52+00:00
Standard,2.1.7.8.2.3,WL.VI.22.c,Interview someone for a research project or news article.,KG-12,2025-04-08T17:48:52+00:00
Standard,2.1.7.8.2.4,WL.VI.22.d,Carry on a conversation with someone during a job shadowing experience.,KG-12,2025-04-08T17:48:52+00:00
Standard Group,2.1.7.8.3,WL.VI.23,Navigate some formal and official procedures.,KG-12,2025-04-08T17:48:52+00:00
Standard,2.1.7.8.3.1,WL.VI.23.a,Follow the steps to make an online purchase from a foreign website.,KG-12,2025-04-08T17:48:52+00:00
Standard,2.1.7.8.3.2,WL.VI.23.b,"Help fill out forms for visas, travel and work permits, and registrations.",KG-12,2025-04-08T17:48:52+00:00
Standard,2.1.7.8.3.3,WL.VI.23.c,Explain a point of view in a minor legal procedure such as a traffic violation.,KG-12,2025-04-08T17:48:52+00:00
Standard Group,2.1.7.8.4,WL.VI.24,Understand that a cultural misunderstanding has occurred and understand how to correct it.,KG-12,2025-04-08T17:48:52+00:00
Standard,2.1.7.8.4.1,WL.VI.24.a,"Recognize when something is culturally inappropriate from the use of language, the tone of voice, or the body language.",KG-12,2025-04-08T17:48:52+00:00
Standard,2.1.7.8.4.2,WL.VI.24.b,Understand why a gift given was seen as inappropriate and decide what to give the next time.,KG-12,2025-04-08T17:48:52+00:00
Standard,2.1.7.8.4.3,WL.VI.24.c,Understand why a comment was offensive and decide what to say next time.,KG-12,2025-04-08T17:48:52+00:00
Standard,2.1.7.8.4.4,WL.VI.24.d,Understand why particular clothing was considered inappropriate and decide what to wear next time.,KG-12,2025-04-08T17:48:52+00:00
Standard,2.1.7.8.4.5,WL.VI.24.e,Understand why the food served was not appreciated and decide what to serve next time.,KG-12,2025-04-08T17:48:52+00:00
Standard,2.1.7.8.4.6,WL.VI.24.f,Write an apology to repair a relationship.,KG-12,2025-04-08T17:48:52+00:00
Content Area,2.2,,Classic Languages (Latin and Greek),KG-12,2025-04-08T17:48:52+00:00
Proficiency,2.2.1,,Level I,KG-12,2025-04-08T17:48:52+00:00
Indicator,2.2.1.1,,**Interpersonal Communication** Communicate on familiar topics using single words and phrases that have been practiced and memorized.,KG-12,2025-04-08T17:48:52+00:00
Standard Group,2.2.1.1.1,WLC.I.1,Greet peers.,KG-12,2025-04-08T17:48:52+00:00
Standard,2.2.1.1.1.1,WLC.I.1.a,Say hello and goodbye.,KG-12,2025-04-08T17:48:52+00:00
Standard,2.2.1.1.1.2,WLC.I.1.b,Ask how someone is doing.,KG-12,2025-04-08T17:48:52+00:00
Standard,2.2.1.1.1.3,WLC.I.1.c,Say how someone is feeling.,KG-12,2025-04-08T17:48:52+00:00
Standard Group,2.2.1.1.2,WLC.I.2,Introduce self to someone.,KG-12,2025-04-08T17:48:52+00:00
Standard,2.2.1.1.2.1,WLC.I.2.a,Give one’s name.,KG-12,2025-04-08T17:48:52+00:00
Standard,2.2.1.1.2.2,WLC.I.2.b,Give one’s age.,KG-12,2025-04-08T17:48:52+00:00
Standard Group,2.2.1.1.3,WLC.I.3,Answer simple questions.,KG-12,2025-04-08T17:48:52+00:00
Standard,2.2.1.1.3.1,WLC.I.3.a,Respond to yes/no questions,KG-12,2025-04-08T17:48:52+00:00
Standard,2.2.1.1.3.2,WLC.I.3.b,Answer either/or questions.,KG-12,2025-04-08T17:48:52+00:00
Standard,2.2.1.1.3.3,WLC.I.3.c,"Respond to who, what, when, where questions.",KG-12,2025-04-08T17:48:52+00:00
Indicator,2.2.1.2,,**Presentational Speaking** Provide information about self and other familiar topics using single words or memorized phrases.,KG-12,2025-04-08T17:48:52+00:00
Standard Group,2.2.1.2.1,WLC.I.4,Recite previously learned words and phrases.,KG-12,2025-04-08T17:48:52+00:00
Standard,2.2.1.2.1.1,WLC.I.4.a,Count from 1 – 100.,KG-12,2025-04-08T17:48:52+00:00
Standard,2.2.1.2.1.2,WLC.I.4.b,List months and seasons.,KG-12,2025-04-08T17:48:52+00:00
Standard Group,2.2.1.2.2,WLC.I.5,"State the names of familiar people, places, and objects in pictures and posters using words or memorized phrases.",KG-12,2025-04-08T17:48:52+00:00
Standard,2.2.1.2.2.1,WLC.I.5.a,Name famous landmarks and people.,KG-12,2025-04-08T17:48:52+00:00
Standard,2.2.1.2.2.2,WLC.I.5.b,Name countries on a map.,KG-12,2025-04-08T17:48:52+00:00
Standard,2.2.1.2.2.3,WLC.I.5.c,List everyday Roman or Greek items.,KG-12,2025-04-08T17:48:52+00:00
Standard Group,2.2.1.2.3,WLC.I.6,Introduce self or others to a group.,KG-12,2025-04-08T17:48:52+00:00
Standard,2.2.1.2.3.1,WLC.I.6.a,State name and age.,KG-12,2025-04-08T17:48:52+00:00
Standard,2.2.1.2.3.2,WLC.I.6.b,Describe self with simple adjectives.,KG-12,2025-04-08T17:48:52+00:00
Standard Group,2.2.1.2.4,WLC.I.7,Recite short memorized phrases and parts of literary works.,KG-12,2025-04-08T17:48:52+00:00
Standard,2.2.1.2.4.1,WLC.I.7.a,Sing a short song.,KG-12,2025-04-08T17:48:52+00:00
Standard,2.2.1.2.4.2,WLC.I.7.b,Recite a short passage from a literary work.,KG-12,2025-04-08T17:48:52+00:00
Indicator,2.2.1.3,,**Presentational Writing** Write lists and memorized phrases on familiar topics.,KG-12,2025-04-08T17:48:52+00:00
Standard Group,2.2.1.3.1,WLC.I.8,Write about aspects of Roman or Greek family life using learned phrases and memorized expressions.,KG-12,2025-04-08T17:48:52+00:00
Standard,2.2.1.3.1.1,WLC.I.8.a,"List a Greek or Roman family’s members, their ages, their relationship to each other, and what they do.",KG-12,2025-04-08T17:48:52+00:00
Standard,2.2.1.3.1.2,WLC.I.8.b,List Roman or Greek likes and dislikes such as favorite sports or free-time activities.,KG-12,2025-04-08T17:48:52+00:00
Standard,2.2.1.3.1.3,WLC.I.8.c,Write simple statements about where Romans or Greeks lived.,KG-12,2025-04-08T17:48:52+00:00
Standard Group,2.2.1.3.2,WLC.I.9,List daily activities and write lists that help to understand the day-to-day life of Romans and Greeks.,KG-12,2025-04-08T17:48:52+00:00
Standard,2.2.1.3.2.1,WLC.I.9.a,Label Roman or Greek activities and their times in a daily schedule.,KG-12,2025-04-08T17:48:52+00:00
Standard,2.2.1.3.2.2,WLC.I.9.b,Write about what Romans or Greeks did during their free time.,KG-12,2025-04-08T17:48:52+00:00
Standard,2.2.1.3.2.3,WLC.I.9.c,Write a to-do list for a Roman or Greek activity.,KG-12,2025-04-08T17:48:52+00:00
Standard,2.2.1.3.2.4,WLC.I.9.d,Write a shopping list.,KG-12,2025-04-08T17:48:52+00:00
Standard Group,2.2.1.3.3,WLC.I.10,"Write simple information about previously learned material using words, phrases, and memorized expressions.",KG-12,2025-04-08T17:48:52+00:00
Standard,2.2.1.3.3.1,WLC.I.10.a,Label the main Roman or Greek cities on a map.,KG-12,2025-04-08T17:48:52+00:00
Standard,2.2.1.3.3.2,WLC.I.10.b,Write about holiday celebrations.,KG-12,2025-04-08T17:48:52+00:00
Standard,2.2.1.3.3.3,WLC.I.10.c,Write phrases and memorized expressions connected with Roman or Greek holiday wishes and celebrations.,KG-12,2025-04-08T17:48:52+00:00
Standard,2.2.1.3.3.4,WLC.I.10.d,Create a list of topics or categories using previously learned vocabulary.,KG-12,2025-04-08T17:48:52+00:00
Standard,2.2.1.3.3.5,WLC.I.10.e,"Write about animals, colors, historical figures, or sports based on pictures or photos.",KG-12,2025-04-08T17:48:52+00:00
Indicator,2.2.1.4,,**Interpretive Listening** Recognize a few memorized words and phrases when heard.,KG-12,2025-04-08T17:48:52+00:00
Standard Group,2.2.1.4.1,WLC.I.11,"Understand isolated words that have been memorized, particularly when accompanied by gestures or pictures.",KG-12,2025-04-08T17:48:52+00:00
Standard,2.2.1.4.1.1,WLC.I.11.a,Recognize the names of colors.,KG-12,2025-04-08T17:48:52+00:00
Standard,2.2.1.4.1.2,WLC.I.11.b,Identify a few simple numbers.,KG-12,2025-04-08T17:48:52+00:00
Standard,2.2.1.4.1.3,WLC.I.11.c,Identify a few food items.,KG-12,2025-04-08T17:48:52+00:00
Standard Group,2.2.1.4.2,WLC.I.12,Connect previously learned words or phrases to their meanings.,KG-12,2025-04-08T17:48:52+00:00
Standard,2.2.1.4.2.1,WLC.I.12.a,Identify the main Roman or Greek cities on a map.,KG-12,2025-04-08T17:48:52+00:00
Standard,2.2.1.4.2.2,WLC.I.12.b,Identify Roman or Greek names.,KG-12,2025-04-08T17:48:52+00:00
Indicator,2.2.1.5,,"**Interpretive Reading** Understand familiar words, phrases and sentences within short and simple adapted-authentic texts related to everyday life. Understand the main idea of what is read.",KG-12,2025-04-08T17:48:52+00:00
Standard Group,2.2.1.5.1,WLC.I.13,Understand short simple messages on familiar topics.,KG-12,2025-04-08T17:48:52+00:00
Standard,2.2.1.5.1.1,WLC.I.13.a,Understand basic information from a text about a Roman or Greek family.,KG-12,2025-04-08T17:48:52+00:00
Standard,2.2.1.5.1.2,WLC.I.13.b,Identify the purpose of a Roman or Greek text.,KG-12,2025-04-08T17:48:52+00:00
Standard,2.2.1.5.1.3,WLC.I.13.c,Identify the topic of a written dialogue between individuals.,KG-12,2025-04-08T17:48:52+00:00
Standard Group,2.2.1.5.2,WLC.I.14,"Understand short, simple descriptions with the help of pictures or graphs.",KG-12,2025-04-08T17:48:52+00:00
Standard,2.2.1.5.2.1,WLC.I.14.a,Understand simple mottoes on buildings.,KG-12,2025-04-08T17:48:52+00:00
Standard,2.2.1.5.2.2,WLC.I.14.b,Understand basic war plans such as those of Caesar.,KG-12,2025-04-08T17:48:52+00:00
Standard Group,2.2.1.5.3,WLC.I.15,Understand the main idea of authentic Roman or Greek text.,KG-12,2025-04-08T17:48:52+00:00
Standard,2.2.1.5.3.1,WLC.I.15.a,Distinguish proclamations from edicts and orations.,KG-12,2025-04-08T17:48:52+00:00
Standard,2.2.1.5.3.2,WLC.I.15.b,Identify destinations and major locations as described in authentic texts.,KG-12,2025-04-08T17:48:52+00:00
Standard,2.2.1.5.3.3,WLC.I.15.c,Locate places on maps.,KG-12,2025-04-08T17:48:52+00:00
Standard Group,2.2.1.5.4,WLC.I.16,Understand simple Latin or Greek texts by recognizing grammatical structures.,KG-12,2025-04-08T17:48:52+00:00
Standard,2.2.1.5.4.1,WLC.I.16.a,Recognize that word endings indicate word functions and help understanding of the text.,KG-12,2025-04-08T17:48:52+00:00
Indicator,2.2.1.6,,**Investigation of Products and Practices** Identify the significance of common products and practices of other cultures.,KG-12,2025-04-08T17:48:52+00:00
Standard Group,2.2.1.6.1,WLC.I.17,Identify and discuss basic Roman or Greek products designed for communication.,KG-12,2025-04-08T17:48:52+00:00
Standard,2.2.1.6.1.1,WLC.I.17.a,Identify and discuss the messages on Roman or Greek coins.,KG-12,2025-04-08T17:48:52+00:00
Standard,2.2.1.6.1.2,WLC.I.17.b,Identify and discuss written documents such as inscriptions and letters.,KG-12,2025-04-08T17:48:52+00:00
Standard,2.2.1.6.1.3,WLC.I.17.c,Identify and discuss the role of Roman roads in the imperial post system.,KG-12,2025-04-08T17:48:52+00:00
Standard Group,2.2.1.6.2,WLC.I.18,Identify and discuss basic Roman or Greek decorative arts.,KG-12,2025-04-08T17:48:52+00:00
Standard,2.2.1.6.2.1,WLC.I.18.a,Identify and discuss what Roman or Greek pottery tells us about daily life.,KG-12,2025-04-08T17:48:52+00:00
Standard,2.2.1.6.2.2,WLC.I.18.b,"Identify and discuss various purposes of paintings, mosaics, and sculpture.",KG-12,2025-04-08T17:48:52+00:00
Standard Group,2.2.1.6.3,WLC.I.19,Identify basic elements of Roman or Greek infrastructure.,KG-12,2025-04-08T17:48:52+00:00
Standard,2.2.1.6.3.1,WLC.I.19.a,"Identify the uses of aqueducts, baths, and sewers in Roman daily life.",KG-12,2025-04-08T17:48:52+00:00
Standard,2.2.1.6.3.2,WLC.I.19.b,Identify the elements of dwellings in Roman and/or Greek life.,KG-12,2025-04-08T17:48:52+00:00
Standard,2.2.1.6.3.3,WLC.I.19.c,"Identify the functions of amphitheaters, theatres, and circuses in Roman daily life.",KG-12,2025-04-08T17:48:52+00:00
Standard,2.2.1.6.3.4,WLC.I.19.d,Identify the role of the marketplace in Roman and Greek daily life.,KG-12,2025-04-08T17:48:52+00:00
Standard Group,2.2.1.6.4,WLC.I.20,Identify and discuss basic Roman or Greek political and economic practices.,KG-12,2025-04-08T17:48:52+00:00
Standard,2.2.1.6.4.1,WLC.I.20.a,Identify and discuss Roman or Greek political and legal processes such as the Twelve Tables of Roman law.,KG-12,2025-04-08T17:48:52+00:00
Standard,2.2.1.6.4.2,WLC.I.20.b,Identify and discuss the basic practices of the Roman Senate and the various magistracies.,KG-12,2025-04-08T17:48:52+00:00
Standard,2.2.1.6.4.3,WLC.I.20.c,Identify and discuss the major trade routes used by the Romans or Greeks.,KG-12,2025-04-08T17:48:52+00:00
Standard,2.2.1.6.4.4,WLC.I.20.d,Identify and discuss the evolving structure of the Roman or Greek military.,KG-12,2025-04-08T17:48:52+00:00
Standard Group,2.2.1.6.5,WLC.I.21,Identify and discuss basic Roman or Greek religious practices.,KG-12,2025-04-08T17:48:52+00:00
Standard,2.2.1.6.5.1,WLC.I.21.a,Identify and discuss the roles and attributes of key Roman or Greek deities.,KG-12,2025-04-08T17:48:52+00:00
Standard,2.2.1.6.5.2,WLC.I.21.b,Identify and discuss key Roman or Greek rites and priesthoods.,KG-12,2025-04-08T17:48:52+00:00
Standard,2.2.1.6.5.3,WLC.I.21.c,Identify and discuss major religious festivals.,KG-12,2025-04-08T17:48:52+00:00
Standard,2.2.1.6.5.4,WLC.I.21.d,Discuss Roman or Greek funeral customs.,KG-12,2025-04-08T17:48:52+00:00
Standard Group,2.2.1.6.6,WLC.I.22,Identify and discuss basic aspects of Roman or Greek social life.,KG-12,2025-04-08T17:48:52+00:00
Standard,2.2.1.6.6.1,WLC.I.22.a,"Identify and discuss leisure activities, such as games or theatre.",KG-12,2025-04-08T17:48:52+00:00
Standard,2.2.1.6.6.2,WLC.I.22.b,Identify and discuss Roman or Greek family structure and relationships.,KG-12,2025-04-08T17:48:52+00:00
Standard,2.2.1.6.6.3,WLC.I.22.c,"Identify and discuss Roman or Greek treatment of different social classes such as slaves, women, and children.",KG-12,2025-04-08T17:48:52+00:00
Indicator,2.2.1.7,,**Understanding of Cultural Perspectives** Identify common cultural beliefs and values.,KG-12,2025-04-08T17:48:52+00:00
Standard Group,2.2.1.7.1,WLC.I.23,Identify and discuss Roman or Greek codes of behavior.,KG-12,2025-04-08T17:48:52+00:00
Standard,2.2.1.7.1.1,WLC.I.23.a,"Identify and discuss key Roman or Greek virtues such as dignitas, pietas, gravitas, ἀρετή, φρόνησις, etc.",KG-12,2025-04-08T17:48:52+00:00
Standard,2.2.1.7.1.2,WLC.I.23.b,"Name Roman or Greek people who exemplified dignitas, pietas, gravitas, ἀρετή, φρόνησις, etc. as well as those who did not.",KG-12,2025-04-08T17:48:52+00:00
Standard,2.2.1.7.1.3,WLC.I.23.c,Discuss the importance of codes of honor in Roman or Greek military life.,KG-12,2025-04-08T17:48:52+00:00
Standard Group,2.2.1.7.2,WLC.I.24,Identify and discuss Roman or Greek attitudes toward various members of society.,KG-12,2025-04-08T17:48:52+00:00
Standard,2.2.1.7.2.1,WLC.I.24.a,Identify and discuss how the paterfamilias affected all aspects of family life.,KG-12,2025-04-08T17:48:52+00:00
Standard,2.2.1.7.2.2,WLC.I.24.b,Identify and discuss Roman or Greek attitudes toward slavery.,KG-12,2025-04-08T17:48:52+00:00
Standard,2.2.1.7.2.3,WLC.I.24.c,Identify and discuss Roman or Greek attitudes towards women.,KG-12,2025-04-08T17:48:52+00:00
Standard Group,2.2.1.7.3,WLC.I.25,Identify and discuss Roman or Greek attitudes toward politics and law.,KG-12,2025-04-08T17:48:52+00:00
Standard,2.2.1.7.3.1,WLC.I.25.a,Identify and discuss how and why the Romans developed their political system.,KG-12,2025-04-08T17:48:52+00:00
Standard,2.2.1.7.3.2,WLC.I.25.b,Identify and discuss what factors led the Romans to produce the laws of the Twelve Tables.,KG-12,2025-04-08T17:48:52+00:00
Standard,2.2.1.7.3.3,WLC.I.25.c,Identify and discuss Roman and Greek views about different kinds of government.,KG-12,2025-04-08T17:48:52+00:00
Standard Group,2.2.1.7.4,WLC.I.26,Identify and discuss Roman or Greek religious beliefs.,KG-12,2025-04-08T17:48:52+00:00
Standard,2.2.1.7.4.1,WLC.I.26.a,Identify and discuss how the Romans or Greeks developed their basic religious myths and legends.,KG-12,2025-04-08T17:48:52+00:00
Standard,2.2.1.7.4.2,WLC.I.26.b,Identify and discuss how the Romans viewed religions of other peoples.,KG-12,2025-04-08T17:48:52+00:00
Standard,2.2.1.7.4.3,WLC.I.26.c,Identify and discuss why the Romans developed funeral games and what this says about the culture as a whole.,KG-12,2025-04-08T17:48:52+00:00
Standard Group,2.2.1.7.5,WLC.I.27,Identify and discuss Roman or Greek attitudes toward art and literature.,KG-12,2025-04-08T17:48:52+00:00
Standard,2.2.1.7.5.1,WLC.I.27.a,Identify and discuss the Romans’ attitudes toward Greek literary and artistic genres.,KG-12,2025-04-08T17:48:52+00:00
Standard,2.2.1.7.5.2,WLC.I.27.b,"Identify and discuss why the Romans or Greeks developed their literary genres such as letters, epic and love poems, historical writings, etc.",KG-12,2025-04-08T17:48:52+00:00
Standard,2.2.1.7.5.3,WLC.I.27.c,Identify and discuss how Roman or Greek use of architectural methods and styles reflected the needs of the culture at large.,KG-12,2025-04-08T17:48:52+00:00
Indicator,2.2.1.8,,**Participation in Cultural Interaction** Identify the significance of elements of Roman or Greek culture that influenced other cultures.,KG-12,2025-04-08T17:48:52+00:00
Standard Group,2.2.1.8.1,WLC.I.28,Identify and discuss how Roman or Greek political and legal institutions influenced other cultures.,KG-12,2025-04-08T17:48:52+00:00
Standard,2.2.1.8.1.1,WLC.I.28.a,Identify and discuss how the concept of representation in political systems influenced current institutions such as the U.S. Senate and House of Representatives.,KG-12,2025-04-08T17:48:52+00:00
Standard,2.2.1.8.1.2,WLC.I.28.b,Identify and discuss how Roman or Greek written law influenced European and American law.,KG-12,2025-04-08T17:48:52+00:00
Standard Group,2.2.1.8.2,WLC.I.29,Identify and discuss how Roman or Greek art and architecture influenced other cultures.,KG-12,2025-04-08T17:48:52+00:00
Standard,2.2.1.8.2.1,WLC.I.29.a,Identify and discuss how Roman and Greek representation of the human body influenced Renaissance artists.,KG-12,2025-04-08T17:48:52+00:00
Standard,2.2.1.8.2.2,WLC.I.29.b,"Identify and discuss how elements of Roman or Greek architecture such as columns, capitals, pediments, arches, etc. influence modern buildings.",KG-12,2025-04-08T17:48:52+00:00
Standard,2.2.1.8.2.3,WLC.I.29.c,"Identify and discuss how elements of Roman or Greek funeral art such as urns, grave markers, monuments, sarcophagi, etc. influence modern customs.",KG-12,2025-04-08T17:48:52+00:00
Standard Group,2.2.1.8.3,WLC.I.30,Identify how Latin or Greek languages influenced the languages of other cultures.,KG-12,2025-04-08T17:48:52+00:00
Standard,2.2.1.8.3.1,WLC.I.30.a,Identify English words that are derived from Latin or Greek vocabulary.,KG-12,2025-04-08T17:48:52+00:00
Standard,2.2.1.8.3.2,WLC.I.30.b,Identify the impact of Latin and Greek on the vocabulary of modern languages.,KG-12,2025-04-08T17:48:52+00:00
Standard,2.2.1.8.3.3,WLC.I.30.c,Identify how Latin and Greek are used in modern Christian services and communications.,KG-12,2025-04-08T17:48:52+00:00
Standard,2.2.1.8.3.4,WLC.I.30.d,Identify how Latin and Greek influence scientific and medical nomenclature.,KG-12,2025-04-08T17:48:52+00:00
Standard,2.2.1.8.3.5,WLC.I.30.e,Identify how Latin and Greek influence legal terminology.,KG-12,2025-04-08T17:48:52+00:00
Standard Group,2.2.1.8.4,WLC.I.31,Identify and discuss how Roman or Greek religions influenced other cultures.,KG-12,2025-04-08T17:48:52+00:00
Standard,2.2.1.8.4.1,WLC.I.31.a,Identify and discuss how Roman or Greek beliefs and religious practices influenced the development of religions throughout history.,KG-12,2025-04-08T17:48:52+00:00
Standard,2.2.1.8.4.2,WLC.I.31.b,Identify and discuss the use of Roman or Greek myths in literature.,KG-12,2025-04-08T17:48:52+00:00
Standard,2.2.1.8.4.3,WLC.I.31.c,Identify and discuss the use of Roman or Greek myths in musical and /or artistic works.,KG-12,2025-04-08T17:48:52+00:00
Standard Group,2.2.1.8.5,WLC.I.32,Identify and discuss how Roman and Greek social customs influenced other cultures.,KG-12,2025-04-08T17:48:52+00:00
Standard,2.2.1.8.5.1,WLC.I.32.a,"Identify and discuss the influence of Roman or Greek games on current sporting events such as the Olympics, horseracing, and bull fights.",KG-12,2025-04-08T17:48:52+00:00
Standard,2.2.1.8.5.2,WLC.I.32.b,Identify and discuss the influence of Roman or Greek attitudes toward slavery on other cultures.,KG-12,2025-04-08T17:48:52+00:00
Standard,2.2.1.8.5.3,WLC.I.32.c,Identify and discuss the influence of Roman and Greek marriage customs on those of today.,KG-12,2025-04-08T17:48:52+00:00
Proficiency,2.2.2,,Level II,KG-12,2025-04-08T17:48:52+00:00
Indicator,2.2.2.1,,**Interpersonal Communication** Communicate on familiar topics using a variety of words and phrases that have been practiced and memorized.,KG-12,2025-04-08T17:48:52+00:00
Standard Group,2.2.2.1.1,WLC.II.1,Greet and leave people in a polite way.,KG-12,2025-04-08T17:48:52+00:00
Standard,2.2.2.1.1.1,WLC.II.1.a,Say hello and goodbye to one or more persons.,KG-12,2025-04-08T17:48:52+00:00
Standard Group,2.2.2.1.2,WLC.II.2,Introduce self and others.,KG-12,2025-04-08T17:48:52+00:00
Standard,2.2.2.1.2.1,WLC.II.2.a,Introduce self and provide basic personal information.,KG-12,2025-04-08T17:48:52+00:00
Standard,2.2.2.1.2.2,WLC.II.2.b,Introduce someone else.,KG-12,2025-04-08T17:48:52+00:00
Standard,2.2.2.1.2.3,WLC.II.2.c,Respond to an introduction.,KG-12,2025-04-08T17:48:52+00:00
Standard Group,2.2.2.1.3,WLC.II.3,Answer a variety of simple questions.,KG-12,2025-04-08T17:48:52+00:00
Standard,2.2.2.1.3.1,WLC.II.3.a,Answer questions about likes and dislikes.,KG-12,2025-04-08T17:48:52+00:00
Standard,2.2.2.1.3.2,WLC.II.3.b,Answer questions about what is being done or has been done.,KG-12,2025-04-08T17:48:52+00:00
Standard,2.2.2.1.3.3,WLC.II.3.c,Answer questions about location (present and past).,KG-12,2025-04-08T17:48:52+00:00
Standard,2.2.2.1.3.4,WLC.II.3.d,Say when something was done.,KG-12,2025-04-08T17:48:52+00:00
Standard,2.2.2.1.3.5,WLC.II.3.e,Say who will be seen.,KG-12,2025-04-08T17:48:52+00:00
Standard,2.2.2.1.3.6,WLC.II.3.f,Answer questions about something learned.,KG-12,2025-04-08T17:48:52+00:00
Standard,2.2.2.1.3.7,WLC.II.3.g,Express a reaction such as “Optime!” or “Mirabile!”,KG-12,2025-04-08T17:48:52+00:00
Standard Group,2.2.2.1.4,WLC.II.4,Ask simple questions.,KG-12,2025-04-08T17:48:52+00:00
Standard,2.2.2.1.4.1,WLC.II.4.a,"Ask who, what, when, and where questions.",KG-12,2025-04-08T17:48:52+00:00
Standard,2.2.2.1.4.2,WLC.II.4.b,Ask questions about something being learned.,KG-12,2025-04-08T17:48:52+00:00
Indicator,2.2.2.2,,"**Presentational Speaking** Provide information about self and other familiar topics using a variety of words, phrases and memorized expressions.",KG-12,2025-04-08T17:48:52+00:00
Standard Group,2.2.2.2.1,WLC.II.5,Present information about self and others using words and phrases.,KG-12,2025-04-08T17:48:52+00:00
Standard,2.2.2.2.1.1,WLC.II.5.a,Tell the physical characteristics of self and others.,KG-12,2025-04-08T17:48:52+00:00
Standard,2.2.2.2.1.2,WLC.II.5.b,Tell the personality traits of self and others.,KG-12,2025-04-08T17:48:52+00:00
Standard Group,2.2.2.2.2,WLC.II.6,"Express likes and dislikes using words, phrases and memorized expressions.",KG-12,2025-04-08T17:48:52+00:00
Standard,2.2.2.2.2.1,WLC.II.6.a,State Roman or Greek sports preferences.,KG-12,2025-04-08T17:48:52+00:00
Standard,2.2.2.2.2.2,WLC.II.6.b,Say which free-time activities are preferred.,KG-12,2025-04-08T17:48:52+00:00
Standard,2.2.2.2.2.3,WLC.II.6.c,Say which Roman or Greek foods and drinks are preferred.,KG-12,2025-04-08T17:48:52+00:00
Standard Group,2.2.2.2.3,WLC.II.7,Present information about familiar items in the immediate environment.,KG-12,2025-04-08T17:48:52+00:00
Standard,2.2.2.2.3.1,WLC.II.7.a,Talk about a Roman or Greek house and what is in it.,KG-12,2025-04-08T17:48:52+00:00
Standard,2.2.2.2.3.2,WLC.II.7.b,Talk about a Roman or Greek school.,KG-12,2025-04-08T17:48:52+00:00
Standard,2.2.2.2.3.3,WLC.II.7.c,Present basic information about a Roman or Greek town or city.,KG-12,2025-04-08T17:48:52+00:00
Indicator,2.2.2.3,,**Presentational Writing** Write short messages and notes on familiar topics related to everyday Roman or Greek life.,KG-12,2025-04-08T17:48:52+00:00
Standard Group,2.2.2.3.1,WLC.II.8,Write about aspects of Roman and Greek family life.,KG-12,2025-04-08T17:48:52+00:00
Standard,2.2.2.3.1.1,WLC.II.8.a,Write about a Roman or Greek family and their friends.,KG-12,2025-04-08T17:48:52+00:00
Standard,2.2.2.3.1.2,WLC.II.8.b,Write about a Roman or Greek school.,KG-12,2025-04-08T17:48:52+00:00
Standard,2.2.2.3.1.3,WLC.II.8.c,Write about where a Roman or Greek person worked and what they did.,KG-12,2025-04-08T17:48:52+00:00
Standard Group,2.2.2.3.2,WLC.II.9,Write short notes using phrases and simple sentences.,KG-12,2025-04-08T17:48:52+00:00
Standard,2.2.2.3.2.1,WLC.II.9.a,Write a postcard message.,KG-12,2025-04-08T17:48:52+00:00
Standard,2.2.2.3.2.2,WLC.II.9.b,Write a special occasion message such as a birthday or congratulatory note.,KG-12,2025-04-08T17:48:52+00:00
Standard,2.2.2.3.2.3,WLC.II.9.c,"Write a short announcement, invitation, or thank-you note.",KG-12,2025-04-08T17:48:52+00:00
Standard Group,2.2.2.3.3,WLC.II.10,Write basic information about previously learned content.,KG-12,2025-04-08T17:48:52+00:00
Standard,2.2.2.3.3.1,WLC.II.10.a,Label a photo of Roman baths and describe bathing practices and customs.,KG-12,2025-04-08T17:48:52+00:00
Standard,2.2.2.3.3.2,WLC.II.10.b,List buildings in the Roman Forum and the function for each building.,KG-12,2025-04-08T17:48:52+00:00
Standard Group,2.2.2.3.4,WLC.II.11,Write about previously learned material using phrases and simple sentences.,KG-12,2025-04-08T17:48:52+00:00
Standard,2.2.2.3.4.1,WLC.II.11.a,Give a simple summary of a Latin or Greek passage.,KG-12,2025-04-08T17:48:52+00:00
Standard,2.2.2.3.4.2,WLC.II.11.b,"Label pictures of Roman family members with their names such as pater, mater, servus, etc., and functions such as argentarius, coquuus, etc.",KG-12,2025-04-10T17:05:07+00:00
Indicator,2.2.2.4,,**Interpretive Listening** Recognize familiar words and phrases when heard.,KG-12,2025-04-08T17:48:52+00:00
Standard Group,2.2.2.4.1,WLC.II.12,Understand simple questions or statements on familiar topics.,KG-12,2025-04-08T17:48:52+00:00
Standard,2.2.2.4.1.1,WLC.II.12.a,Recognize the difference between a question and a statement.,KG-12,2025-04-08T17:48:52+00:00
Standard,2.2.2.4.1.2,WLC.II.12.b,"Understand questions about how someone is, where they live, what they do in their free time, etc.",KG-12,2025-04-08T17:48:52+00:00
Standard,2.2.2.4.1.3,WLC.II.12.c,Understand questions or statements about a Roman or Greek family.,KG-12,2025-04-08T17:48:52+00:00
Standard,2.2.2.4.1.4,WLC.II.12.d,Understand questions or statements about characters in context.,KG-12,2025-04-08T17:48:52+00:00
Standard Group,2.2.2.4.2,WLC.II.13,Understand simple information when presented with pictures and graphs.,KG-12,2025-04-08T17:48:52+00:00
Standard,2.2.2.4.2.1,WLC.II.13.a,Understand facts about the weather when weather symbols are used.,KG-12,2025-04-08T17:48:52+00:00
Standard,2.2.2.4.2.2,WLC.II.13.b,Understand when someone gives physical descriptions from a photo or an art work.,KG-12,2025-04-08T17:48:52+00:00
Standard,2.2.2.4.2.3,WLC.II.13.c,Understand dates.,KG-12,2025-04-08T17:48:52+00:00
Standard,2.2.2.4.2.4,WLC.II.13.d,Understand a short conversation about people’s appearances.,KG-12,2025-04-08T17:48:52+00:00
Standard Group,2.2.2.4.3,WLC.II.14,Understand the main topic of conversations.,KG-12,2025-04-08T17:48:52+00:00
Standard,2.2.2.4.3.1,WLC.II.14.a,Understand if people are talking about a specific character in a text.,KG-12,2025-04-08T17:48:52+00:00
Standard,2.2.2.4.3.2,WLC.II.14.b,Understand if people are talking about a war strategy or a political maneuver.,KG-12,2025-04-08T17:48:52+00:00
Standard,2.2.2.4.3.3,WLC.II.14.c,Understand a simple conversation between a superior and a subject.,KG-12,2025-04-08T17:48:52+00:00
Standard Group,2.2.2.4.4,WLC.II.15,Understand simple everyday notices in public places on topics that are familiar.,KG-12,2025-04-08T17:48:52+00:00
Standard,2.2.2.4.4.1,WLC.II.15.a,Understand public edicts.,KG-12,2025-04-08T17:48:52+00:00
Standard,2.2.2.4.4.2,WLC.II.15.b,Understand proclamations.,KG-12,2025-04-08T17:48:52+00:00
Standard,2.2.2.4.4.3,WLC.II.15.c,Understand inscriptions on sepulchers.,KG-12,2025-04-08T17:48:52+00:00
Indicator,2.2.2.5,,**Interpretive Reading** Understand the main idea of short and simple adapted-authentic texts when the topic is familiar.,KG-12,2025-04-08T17:48:52+00:00
Standard Group,2.2.2.5.1,WLC.II.16,Understand messages in which the writer tells or asks about topics of personal interest.,KG-12,2025-04-08T17:48:52+00:00
Standard,2.2.2.5.1.1,WLC.II.16.a,Read and give a brief summary of the events of Caesar’s Commentarii De Bello Gallico 3.1.,KG-12,2025-04-08T17:48:52+00:00
Standard,2.2.2.5.1.2,WLC.II.16.b,"Read and understand the humor in Martial’s Epigrammata, book 1, poem 19.",KG-12,2025-04-08T17:48:52+00:00
Standard,2.2.2.5.1.3,WLC.II.16.c,Read and give the main idea in the Biblical book of John 1:1-3.,KG-12,2025-04-08T17:48:52+00:00
Standard Group,2.2.2.5.2,WLC.II.17,Understand how the details in a Latin or Greek text relate to the main idea.,KG-12,2025-04-08T17:48:52+00:00
Standard,2.2.2.5.2.1,WLC.II.17.a,Understand where and for what purpose Caesar sent Galba in Commentarii De Bello Gallico 3.1.,KG-12,2025-04-08T17:48:52+00:00
Standard,2.2.2.5.2.2,WLC.II.17.b,Identify how the behavior of Catullus’ girlfriend may have influenced why he wrote a poem about her.,KG-12,2025-04-08T17:48:52+00:00
Standard Group,2.2.2.5.3,WLC.II.18,Infer the meaning of unfamiliar Latin or Greek vocabulary based on knowledge of the language.,KG-12,2025-04-08T17:48:52+00:00
Standard,2.2.2.5.3.1,WLC.II.18.a,"Infer the meaning of compound verbs such as confero, aufero, offero, transfero, based on knowledge of the root (fero) and the context of the text.",KG-12,2025-04-08T17:48:52+00:00
Standard,2.2.2.5.3.2,WLC.II.18.b,"Recognize the relationship between different parts of speech that have the same root, such as amor, amans, and amatus.",KG-12,2025-04-08T17:48:52+00:00
Indicator,2.2.2.6,,**Investigation of Products and Practices** Identify the significance of products and practices of other cultures.,KG-12,2025-04-08T17:48:52+00:00
Standard Group,2.2.2.6.1,WLC.II.19,Identify and discuss basic Roman or Greek products designed for communication.,KG-12,2025-04-08T17:48:52+00:00
Standard,2.2.2.6.1.1,WLC.II.19.a,Identify and discuss the messages on Roman or Greek coins.,KG-12,2025-04-08T17:48:52+00:00
Standard,2.2.2.6.1.2,WLC.II.19.b,Identify and discuss written documents such as inscriptions and letters.,KG-12,2025-04-08T17:48:52+00:00
Standard,2.2.2.6.1.3,WLC.II.19.c,Identify and discuss the role of Roman roads in the imperial post system.,KG-12,2025-04-08T17:48:52+00:00
Standard Group,2.2.2.6.2,WLC.II.20,Identify and discuss basic Roman or Greek decorative products.,KG-12,2025-04-08T17:48:52+00:00
Standard,2.2.2.6.2.1,WLC.II.20.a,Identify and discuss what Roman or Greek pottery tells about daily life.,KG-12,2025-04-08T17:48:52+00:00
Standard,2.2.2.6.2.2,WLC.II.20.b,"Identify and discuss various purposes of painting, mosaics, and sculpture.",KG-12,2025-04-08T17:48:52+00:00
Standard Group,2.2.2.6.3,WLC.II.21,Discuss basic elements of Roman or Greek infrastructure.,KG-12,2025-04-08T17:48:52+00:00
Standard,2.2.2.6.3.1,WLC.II.21.a,"Identify and discuss the uses of aqueducts, baths, and sewers in Roman daily life.",KG-12,2025-04-08T17:48:52+00:00
Standard,2.2.2.6.3.2,WLC.II.21.b,Identify and discuss the elements of dwellings in Roman and/or Greek life.,KG-12,2025-04-08T17:48:52+00:00
Standard,2.2.2.6.3.3,WLC.II.21.c,"Identify and discuss the functions of amphitheaters, theatres, and circuses in Roman daily life.",KG-12,2025-04-08T17:48:52+00:00
Standard,2.2.2.6.3.4,WLC.II.21.d,Identify and discuss the role of the marketplace in Roman and/or Greek daily life.,KG-12,2025-04-08T17:48:52+00:00
Standard Group,2.2.2.6.4,WLC.II.22,Identify and discuss basic Roman or Greek political and economic practices.,KG-12,2025-04-08T17:48:52+00:00
Standard,2.2.2.6.4.1,WLC.II.22.a,Identify and discuss Roman or Greek political and legal processes such as the Twelve Tables of Roman law.,KG-12,2025-04-08T17:48:52+00:00
Standard,2.2.2.6.4.2,WLC.II.22.b,Identify and discuss the basic practices of the Roman Senate and the various magistracies.,KG-12,2025-04-08T17:48:52+00:00
Standard,2.2.2.6.4.3,WLC.II.22.c,Identify and discuss the major trade routes used by the Romans or Greeks.,KG-12,2025-04-08T17:48:52+00:00
Standard,2.2.2.6.4.4,WLC.II.22.d,Identify and discuss the evolving structure of the Roman or Greek military.,KG-12,2025-04-08T17:48:52+00:00
Standard Group,2.2.2.6.5,WLC.II.23,Identify and discuss basic Roman or Greek religious practices.,KG-12,2025-04-08T17:48:52+00:00
Standard,2.2.2.6.5.1,WLC.II.23.a,Identify and discuss the roles and attributes of key Roman or Greek deities.,KG-12,2025-04-08T17:48:52+00:00
Standard,2.2.2.6.5.2,WLC.II.23.b,Identify and discuss key Roman or Greek rites and priesthoods.,KG-12,2025-04-08T17:48:52+00:00
Standard,2.2.2.6.5.3,WLC.II.23.c,Identify and discuss major religious festivals.,KG-12,2025-04-08T17:48:52+00:00
Standard,2.2.2.6.5.4,WLC.II.23.d,Discuss Roman or Greek funeral customs.,KG-12,2025-04-08T17:48:52+00:00
Standard Group,2.2.2.6.6,WLC.II.24,Identify and discuss basic aspects of Roman or Greek social life.,KG-12,2025-04-08T17:48:52+00:00
Standard,2.2.2.6.6.1,WLC.II.24.a,"Identify and discuss leisure activities, such as games or theatre.",KG-12,2025-04-08T17:48:52+00:00
Standard,2.2.2.6.6.2,WLC.II.24.b,Identify and discuss Roman or Greek family structure and relationships.,KG-12,2025-04-08T17:48:52+00:00
Standard,2.2.2.6.6.3,WLC.II.24.c,"Identify and discuss Roman or Greek treatment of different social classes such as slaves, women, and children.",KG-12,2025-04-08T17:48:52+00:00
Indicator,2.2.2.7,,**Understanding of Cultural Perspectives** Identify the significance of cultural beliefs and values.,KG-12,2025-04-08T17:48:52+00:00
Standard Group,2.2.2.7.1,WLC.II.25,Identify and discuss Roman or Greek codes of behavior.,KG-12,2025-04-08T17:48:52+00:00
Standard,2.2.2.7.1.1,WLC.II.25.a,"Identify and discuss key Roman or Greek virtues such as dignitas, pietas, gravitas, ἀρετή, φρόνησις, etc.",KG-12,2025-04-08T17:48:52+00:00
Standard,2.2.2.7.1.2,WLC.II.25.b,"Name Roman or Greek people who exemplified dignitas, pietas, gravitas, ἀρετή, φρόνησις, etc. as well as those who did not.",KG-12,2025-04-08T17:48:52+00:00
Standard,2.2.2.7.1.3,WLC.II.25.c,Discuss the importance of codes of honor in Roman or Greek military life.,KG-12,2025-04-08T17:48:52+00:00
Standard Group,2.2.2.7.2,WLC.II.26,Identify and discuss Roman or Greek attitudes toward various members of society.,KG-12,2025-04-08T17:48:52+00:00
Standard,2.2.2.7.2.1,WLC.II.26.a,Identify and discuss how the paterfamilias affected all aspects of family life.,KG-12,2025-04-08T17:48:52+00:00
Standard,2.2.2.7.2.2,WLC.II.26.b,Identify and discuss Roman or Greek attitudes toward slavery.,KG-12,2025-04-08T17:48:52+00:00
Standard,2.2.2.7.2.3,WLC.II.26.c,Identify and discuss Roman or Greek attitudes towards women.,KG-12,2025-04-08T17:48:52+00:00
Standard Group,2.2.2.7.3,WLC.II.27,Identify and discuss Roman or Greek attitudes toward politics and law.,KG-12,2025-04-08T17:48:52+00:00
Standard,2.2.2.7.3.1,WLC.II.27.a,Identify and discuss how and why the Romans developed their political system.,KG-12,2025-04-08T17:48:52+00:00
Standard,2.2.2.7.3.2,WLC.II.27.b,Identify and discuss what factors led the Romans to produce the laws of the Twelve Tables.,KG-12,2025-04-08T17:48:52+00:00
Standard,2.2.2.7.3.3,WLC.II.27.c,Identify and discuss Roman or Greek views about different kinds of government.,KG-12,2025-04-08T17:48:52+00:00
Standard Group,2.2.2.7.4,WLC.II.28,Identify and discuss Roman or Greek religious beliefs.,KG-12,2025-04-08T17:48:52+00:00
Standard,2.2.2.7.4.1,WLC.II.28.a,Identify and discuss how the Roman or Greeks developed their basic religious myths and legends.,KG-12,2025-04-08T17:48:52+00:00
Standard,2.2.2.7.4.2,WLC.II.28.b,Identify and discuss how the Romans viewed religions of other peoples.,KG-12,2025-04-08T17:48:52+00:00
Standard,2.2.2.7.4.3,WLC.II.28.c,Identify and discuss why the Romans developed funeral games and what this says about the culture as a whole.,KG-12,2025-04-08T17:48:52+00:00
Standard Group,2.2.2.7.5,WLC.II.29,Identify and discuss Roman or Greek attitudes toward art and literature.,KG-12,2025-04-08T17:48:52+00:00
Standard,2.2.2.7.5.1,WLC.II.29.a,Identify and discuss the Romans’ attitudes toward Greek literary and artistic genres.,KG-12,2025-04-08T17:48:52+00:00
Standard,2.2.2.7.5.2,WLC.II.29.b,"Identify and discuss why the Romans or Greeks developed their literary genres such as letters, epic and love poems, historical writing, etc.",KG-12,2025-04-08T17:48:52+00:00
Standard,2.2.2.7.5.3,WLC.II.29.c,Identify and discuss how Roman or Greek use of architectural methods and styles reflected the needs of the culture at large.,KG-12,2025-04-08T17:48:52+00:00
Indicator,2.2.2.8,,**Participation in Cultural Interaction** Identify the significance of elements of Roman or Greek culture that influenced other countries.,KG-12,2025-04-08T17:48:52+00:00
Standard Group,2.2.2.8.1,WLC.II.30,Identify and discuss how Roman or Greek political and legal institutions influenced other cultures.,KG-12,2025-04-08T17:48:52+00:00
Standard,2.2.2.8.1.1,WLC.II.30.a,Identify and discuss how the concept of representation in political systems influenced current institutions such as the U.S. Senate and House of Representatives.,KG-12,2025-04-08T17:48:52+00:00
Standard,2.2.2.8.1.2,WLC.II.30.b,Identify and discuss how Roman or Greek written law influenced European and American law.,KG-12,2025-04-08T17:48:52+00:00
Standard Group,2.2.2.8.2,WLC.II.31,Identify and discuss how Roman or Greek art and architecture influenced other cultures.,KG-12,2025-04-08T17:48:52+00:00
Standard,2.2.2.8.2.1,WLC.II.31.a,Identify and discuss how Roman or Greek representation of the human body influenced Renaissance artists.,KG-12,2025-04-08T17:48:52+00:00
Standard,2.2.2.8.2.2,WLC.II.31.b,"Identify and discuss how elements of Roman or reek such as columns, capitals, pediments, arches, etc. influence modern buildings.",KG-12,2025-04-08T17:48:52+00:00
Standard,2.2.2.8.2.3,WLC.II.31.c,"Identify and discuss how elements of Roman or Greek funeral art such as urns, grave markers, monuments, sarcophagi, etc. influence modern customs.",KG-12,2025-04-08T17:48:52+00:00
Standard Group,2.2.2.8.3,WLC.II.32,Identify and discuss how Latin or Greek language influenced the languages of other cultures.,KG-12,2025-04-08T17:48:52+00:00
Standard,2.2.2.8.3.1,WLC.II.32.a,Understand that many English words are derived from Latin or Greek vocabulary.,KG-12,2025-04-08T17:48:52+00:00
Standard,2.2.2.8.3.2,WLC.II.32.b,Understand the impact of Latin or Greek on the vocabulary of modern languages.,KG-12,2025-04-08T17:48:52+00:00
Standard,2.2.2.8.3.3,WLC.II.32.c,Identify and discuss how Latin or Greek are used in modern Christian services and communications.,KG-12,2025-04-08T17:48:52+00:00
Standard,2.2.2.8.3.4,WLC.II.32.d,Identify and discuss how Latin or Greek influence scientific and medical nomenclature.,KG-12,2025-04-08T17:48:52+00:00
Standard,2.2.2.8.3.5,WLC.II.32.e,Identify and discuss how Latin or Greek influence legal terminology.,KG-12,2025-04-08T17:48:52+00:00
Standard Group,2.2.2.8.4,WLC.II.33,Identify and discuss how Roman or Greek religions influenced other cultures.,KG-12,2025-04-08T17:48:52+00:00
Standard,2.2.2.8.4.1,WLC.II.33.a,Identify and discuss how Roman and Greek beliefs and religious practices influenced the development of Christianity to the modern day.,KG-12,2025-04-08T17:48:52+00:00
Standard,2.2.2.8.4.2,WLC.II.33.b,Identify and discuss how Roman and/or Greek myths appear in literature through the ages.,KG-12,2025-04-08T17:48:52+00:00
Standard,2.2.2.8.4.3,WLC.II.33.c,Identify and discuss how Roman and/or Greek myths appear in musical works and artistic works.,KG-12,2025-04-08T17:48:52+00:00
Standard Group,2.2.2.8.5,WLC.II.34,Identify and discuss how Roman and Greek social customs influence other cultures.,KG-12,2025-04-08T17:48:52+00:00
Standard,2.2.2.8.5.1,WLC.II.34.a,"Identify and discuss the influence of Roman and Greek games on current sporting events such as the Olympics, horseracing, and bull fights.",KG-12,2025-04-08T17:48:52+00:00
Standard,2.2.2.8.5.2,WLC.II.34.b,Identify and discuss the influence of Roman and Greek attitudes toward slavery on practices in other cultures.,KG-12,2025-04-08T17:48:52+00:00
Standard,2.2.2.8.5.3,WLC.II.34.c,Identify and discuss the influence of Roman and Greek marriage customs on those of today.,KG-12,2025-04-08T17:48:52+00:00
Proficiency,2.2.3,,Level III,KG-12,2025-04-08T17:48:52+00:00
Indicator,2.2.3.1,,"**Interpersonal Communication** Communicate and exchange information about familiar topics using phrases and simple sentences, supported by memorized language. Handle short social interactions in everyday situations by asking and answering simple questions.",KG-12,2025-04-08T17:48:52+00:00
Standard Group,2.2.3.1.1,WLC.III.1,Exchange personal information.,KG-12,2025-04-08T17:48:52+00:00
Standard,2.2.3.1.1.1,WLC.III.1.a,Ask and tell where someone lives.,KG-12,2025-04-08T17:48:52+00:00
Standard,2.2.3.1.1.2,WLC.III.1.b,Ask and say someone’s nationality.,KG-12,2025-04-08T17:48:52+00:00
Standard,2.2.3.1.1.3,WLC.III.1.c,Ask and talk about family members and their characteristics.,KG-12,2025-04-08T17:48:52+00:00
Standard,2.2.3.1.1.4,WLC.III.1.d,"Ask and talk about friends, classmates and teachers.",KG-12,2025-04-08T17:48:52+00:00
Standard Group,2.2.3.1.2,WLC.III.2,"Exchange information using texts, graphs or pictures.",KG-12,2025-04-08T17:48:52+00:00
Standard,2.2.3.1.2.1,WLC.III.2.a,Ask about and answer questions about Roman or Greek family members based on a picture.,KG-12,2025-04-08T17:48:52+00:00
Standard,2.2.3.1.2.2,WLC.III.2.b,Ask and answer questions about what someone is doing in a picture.,KG-12,2025-04-08T17:48:52+00:00
Standard,2.2.3.1.2.3,WLC.III.2.c,Answer questions about how someone feels based on a picture.,KG-12,2025-04-08T17:48:52+00:00
Standard Group,2.2.3.1.3,WLC.III.3,Ask for and give simple directions.,KG-12,2025-04-08T17:48:52+00:00
Standard,2.2.3.1.3.1,WLC.III.3.a,Ask for directions to a place.,KG-12,2025-04-08T17:48:52+00:00
Standard,2.2.3.1.3.2,WLC.III.3.b,"Tell someone how to get from one place to another, such as go straight, turn left or turn right.",KG-12,2025-04-08T17:48:52+00:00
Standard,2.2.3.1.3.3,WLC.III.3.c,"Tell someone where something is located, such as next to, across from or in the middle of.",KG-12,2025-04-08T17:48:52+00:00
Standard Group,2.2.3.1.4,WLC.III.4,Exchange information about something learned.,KG-12,2025-04-08T17:48:52+00:00
Standard,2.2.3.1.4.1,WLC.III.4.a,Talk about the main idea of a story read.,KG-12,2025-04-08T17:48:52+00:00
Standard,2.2.3.1.4.2,WLC.III.4.b,Tell someone simple things about the characters in a story.,KG-12,2025-04-08T17:48:52+00:00
Indicator,2.2.3.2,,"**Presentational Speaking** Provide basic information on familiar topics using language that has been practiced, with phrases and simple sentences.",KG-12,2025-04-08T17:48:52+00:00
Standard Group,2.2.3.2.1,WLC.III.5,Present information about Roman or Greek life using rehearsed phrases and simple sentences.,KG-12,2025-04-08T17:48:52+00:00
Standard,2.2.3.2.1.1,WLC.III.5.a,Describe a Roman or Greek family and their friends.,KG-12,2025-04-08T17:48:52+00:00
Standard,2.2.3.2.1.2,WLC.III.5.b,Describe a Roman or Greek school.,KG-12,2025-04-08T17:48:52+00:00
Standard,2.2.3.2.1.3,WLC.III.5.c,Describe where a Roman or Greek works and what they do.,KG-12,2025-04-08T17:48:52+00:00
Standard Group,2.2.3.2.2,WLC.III.6,Express simple facts about Roman daily life.,KG-12,2025-04-08T17:48:52+00:00
Standard,2.2.3.2.2.1,WLC.III.6.a,"Talk about members of a Roman family by name such as pater, mater, filius, filia, etc. using a prop.",KG-12,2025-04-08T17:48:52+00:00
Standard,2.2.3.2.2.2,WLC.III.6.b,"Describe buildings in the Roman world using visual aids, such as forum, balnea, templum, and amphitheatrum.",KG-12,2025-04-08T17:48:52+00:00
Standard Group,2.2.3.2.3,WLC.III.7,"Present information about a familiar person, place, or thing using phrases and simple sentences.",KG-12,2025-04-08T17:48:52+00:00
Standard,2.2.3.2.3.1,WLC.III.7.a,"Construct simple sentences about food, such as servus cibum parat and servus vinum portat.",KG-12,2025-04-08T17:48:52+00:00
Standard,2.2.3.2.3.2,WLC.III.7.b,"Describe some members of Roman society and state their occupations, such as coquus est servus quis in culina laborat.",KG-12,2025-04-08T17:48:52+00:00
Standard Group,2.2.3.2.4,WLC.III.8,Present simple information about learned material.,KG-12,2025-04-08T17:48:52+00:00
Standard,2.2.3.2.4.1,WLC.III.8.a,Create a presentation including vocabulary connected with Roman or Greek daily life based on pictures.,KG-12,2025-04-08T17:48:52+00:00
Standard,2.2.3.2.4.2,WLC.III.8.b,"Identify family members, foods, and places based on pictures or photos.",KG-12,2025-04-08T17:48:52+00:00
Indicator,2.2.3.3,,**Presentational Writing** Write briefly about most familiar topics and provide information using a series of simple sentences.,KG-12,2025-04-08T17:48:52+00:00
Standard Group,2.2.3.3.1,WLC.III.9,"Write about people, activities, events and experiences.",KG-12,2025-04-08T17:48:52+00:00
Standard,2.2.3.3.1.1,WLC.III.9.a,Write a description of a Roman or Greek family and their friends.,KG-12,2025-04-08T17:48:52+00:00
Standard,2.2.3.3.1.2,WLC.III.9.b,Describe the physical appearance and personality of a Roman or Greek family member or friend.,KG-12,2025-04-08T17:48:52+00:00
Standard,2.2.3.3.1.3,WLC.III.9.c,"Write about a Roman or Greek school, workplace, famous place, or place read about.",KG-12,2025-04-08T17:48:52+00:00
Standard,2.2.3.3.1.4,WLC.III.9.d,"Write about a Roman or Greek holiday, vacation, or celebration.",KG-12,2025-04-08T17:48:52+00:00
Standard,2.2.3.3.1.5,WLC.III.9.e,Write about something previously learned.,KG-12,2025-04-08T17:48:52+00:00
Standard Group,2.2.3.3.2,WLC.III.10,Prepare materials for a presentation.,KG-12,2025-04-08T17:48:52+00:00
Standard,2.2.3.3.2.1,WLC.III.10.a,Write a hypothetical letter from the Roman or Greek viewpoint.,KG-12,2025-04-08T17:48:52+00:00
Standard,2.2.3.3.2.2,WLC.III.10.b,Write a draft of a presentation to present orally.,KG-12,2025-04-08T17:48:52+00:00
Standard,2.2.3.3.2.3,WLC.III.10.c,Write an outline of a project or presentation.,KG-12,2025-04-08T17:48:52+00:00
Standard,2.2.3.3.2.4,WLC.III.10.d,Write notes for a speech.,KG-12,2025-04-08T17:48:52+00:00
Standard,2.2.3.3.2.5,WLC.III.10.e,Write a short amusing poem.,KG-12,2025-04-08T17:48:52+00:00
Standard Group,2.2.3.3.3,WLC.III.11,Write simply about topics of interest.,KG-12,2025-04-08T17:48:52+00:00
Standard,2.2.3.3.3.1,WLC.III.11.a,Write about an authentic text.,KG-12,2025-04-08T17:48:52+00:00
Standard,2.2.3.3.3.2,WLC.III.11.b,Write about a famous person or historical figure.,KG-12,2025-04-08T17:48:52+00:00
Standard,2.2.3.3.3.3,WLC.III.11.c,Write a brief explanation of a proverb or poem.,KG-12,2025-04-08T17:48:52+00:00
Standard,2.2.3.3.3.4,WLC.III.11.d,Write a simple poem.,KG-12,2025-04-08T17:48:52+00:00
Standard Group,2.2.3.3.4,WLC.III.12,Write about something previously learned.,KG-12,2025-04-08T17:48:52+00:00
Standard,2.2.3.3.4.1,WLC.III.12.a,Write about cultural information based on pictures or photos.,KG-12,2025-04-08T17:48:52+00:00
Standard,2.2.3.3.4.2,WLC.III.12.b,Write simple sentences about a historical event dealing with Rome or Greece.,KG-12,2025-04-08T17:48:52+00:00
Indicator,2.2.3.4,,"**Interpretive Listening** Understand the main idea in short, simple messages and presentations on familiar topics. Understand the main idea of simple conversations that are overheard.",KG-12,2025-04-08T17:48:52+00:00
Standard Group,2.2.3.4.1,WLC.III.13,Understand the basic purpose of a message.,KG-12,2025-04-08T17:48:52+00:00
Standard,2.2.3.4.1.1,WLC.III.13.a,Understand why Roman or Greek characters are talking about specific issues.,KG-12,2025-04-08T17:48:52+00:00
Standard,2.2.3.4.1.2,WLC.III.13.b,Understand complaints expressed through conversations related to Roman or Greek daily life and culture.,KG-12,2025-04-08T17:48:52+00:00
Standard,2.2.3.4.1.3,WLC.III.13.c,Understand when short descriptions of Romans or Greeks are meant to praise or mock.,KG-12,2025-04-08T17:48:52+00:00
Standard Group,2.2.3.4.2,WLC.III.14,Understand questions and simple statements or instructions on everyday topics.,KG-12,2025-04-08T17:48:52+00:00
Standard,2.2.3.4.2.1,WLC.III.14.a,"Follow instructions, such as sta, ambula advertisement ianuam, scribe in tabulam, etc.",KG-12,2025-04-08T17:48:52+00:00
Standard,2.2.3.4.2.2,WLC.III.14.b,"Answer simple questions such as Quomodo te habes? Quo ambulas, etc.",KG-12,2025-04-08T17:48:52+00:00
Standard Group,2.2.3.4.3,WLC.III.15,"Understand short, simple stories that are read aloud.",KG-12,2025-04-08T17:48:52+00:00
Standard,2.2.3.4.3.1,WLC.III.15.a,Understand familiar stories that follow a logical order.,KG-12,2025-04-08T17:48:52+00:00
Standard,2.2.3.4.3.2,WLC.III.15.b,Understand a simple story acted out with props and gestures.,KG-12,2025-04-08T17:48:52+00:00
Indicator,2.2.3.5,,**Interpretive Reading** Infer many details in un-adapted Latin or Greek texts that contain unfamiliar vocabulary. Understand the main idea of un-adapted Latin or Greek texts related to everyday life and personal interests or studies. Infer many details in the un-adapted Latin or Greek texts that contain unfamiliar vocabulary.,KG-12,2025-04-08T17:48:52+00:00
Standard Group,2.2.3.5.1,WLC.III.17,Understand and articulate the main idea and details when reading un-adapted Latin or Greek speeches and propaganda.,KG-12,2025-04-08T17:48:52+00:00
Standard,2.2.3.5.1.1,WLC.III.17.a,Summarize the main argument of Cicero’s Oratio in L. Catilinam Prima.,KG-12,2025-04-08T17:48:52+00:00
Standard,2.2.3.5.1.2,WLC.III.17.b,Summarize the main points of Augustus’ Res Gestae.,KG-12,2025-04-08T17:48:52+00:00
Standard Group,2.2.3.5.2,WLC.III.18,Understand and articulate the main idea of poetry.,KG-12,2025-04-08T17:48:52+00:00
Standard,2.2.3.5.2.1,WLC.III.18.a,Explain how Aeneas supports his reasons for leaving Dido in Vergil’s Aeneid 4.331-361.2.,KG-12,2025-04-08T17:48:52+00:00
Standard,2.2.3.5.2.2,WLC.III.18.b,Chart the course of Propertius’ relationship with Cynthia as expressed in his poems.,KG-12,2025-04-08T17:48:52+00:00
Standard Group,2.2.3.5.3,WLC.III.19,Understand the main idea of personal letters.,KG-12,2025-04-08T17:48:52+00:00
Standard,2.2.3.5.3.1,WLC.III.19.a,Understand the main idea in the letters of Pliny the Younger to the emperor Trajan.,KG-12,2025-04-08T17:48:52+00:00
Standard,2.2.3.5.3.2,WLC.III.19.b,Understand the main idea in the political letters of Cicero to Atticus.,KG-12,2025-04-08T17:48:52+00:00
Standard Group,2.2.3.5.4,WLC.III.20,Infer the meaning of unfamiliar Latin or Greek vocabulary.,KG-12,2025-04-08T17:48:52+00:00
Standard,2.2.3.5.4.1,WLC.III.20.a,Identify the component parts of compound words and recognize the roots of these words.,KG-12,2025-04-08T17:48:52+00:00
Standard,2.2.3.5.4.2,WLC.III.20.b,Use the context of a Latin or Greek passage to accurately infer the meaning of unfamiliar words.,KG-12,2025-04-08T17:48:52+00:00
Indicator,2.2.3.6,,**Investigation of Products and Practices** Explain the significance of products and practices of other cultures.,KG-12,2025-04-08T17:48:52+00:00
Standard Group,2.2.3.6.1,WLC.III.21,Explain the significance of Roman or Greek products designed for communication.,KG-12,2025-04-08T17:48:52+00:00
Standard,2.2.3.6.1.1,WLC.III.21.a,Analyze the inscriptions on Roman coins and monuments and relate them to historical events.,KG-12,2025-04-08T17:48:52+00:00
Standard,2.2.3.6.1.2,WLC.III.21.b,"Evaluate how Rome communicated with its subjects using edicts, sculpture, and inscriptions.",KG-12,2025-04-08T17:48:52+00:00
Standard,2.2.3.6.1.3,WLC.III.21.c,Contrast the purposes of different types of documents produced by Romans or Greeks such as imperial edicts and personal letters.,KG-12,2025-04-08T17:48:52+00:00
Standard,2.2.3.6.1.4,WLC.III.21.d,Analyze the ways in which poetry was used to communicate messages from propaganda to passion.,KG-12,2025-04-08T17:48:52+00:00
Standard Group,2.2.3.6.2,WLC.III.22,Explain the significance of Roman or Greek decorative products.,KG-12,2025-04-08T17:48:52+00:00
Standard,2.2.3.6.2.1,WLC.III.22.a,Describe how Roman products such as sculpted portraits reflect social and political customs.,KG-12,2025-04-08T17:48:52+00:00
Standard,2.2.3.6.2.2,WLC.III.22.b,Explain conventions of Roman funeral monuments including materials and methods of construction as well as elements of inscriptions.,KG-12,2025-04-08T17:48:52+00:00
Standard Group,2.2.3.6.3,WLC.III.23,Explain the significance of elements of Roman or Greek infrastructure.,KG-12,2025-04-08T17:48:52+00:00
Standard,2.2.3.6.3.1,WLC.III.23.a,Analyze the functional and decorative architectural elements of a Roman or Greek building.,KG-12,2025-04-08T17:48:52+00:00
Standard,2.2.3.6.3.2,WLC.III.23.b,"Explain the Romanization of the provinces as reflected in common structures such as amphitheaters, fora, aqueducts, dwellings, etc.",KG-12,2025-04-08T17:48:52+00:00
Standard,2.2.3.6.3.3,WLC.III.23.c,Discuss how the form of a building reflects its function.,KG-12,2025-04-08T17:48:52+00:00
Standard Group,2.2.3.6.4,WLC.III.24,Explain the significance of Roman or Greek political and economic practices.,KG-12,2025-04-08T17:48:52+00:00
Standard,2.2.3.6.4.1,WLC.III.24.a,Discuss the Roman Senate and how it conducted its meetings.,KG-12,2025-04-08T17:48:52+00:00
Standard,2.2.3.6.4.2,WLC.III.24.b,Discuss how the Romans or Greeks used their military to further their political agenda.,KG-12,2025-04-08T17:48:52+00:00
Standard,2.2.3.6.4.3,WLC.III.24.c,"Explain how the Romans or the Greeks interacted with foreign peoples in terms of trade, conquest, and diplomacy.",KG-12,2025-04-08T17:48:52+00:00
Standard Group,2.2.3.6.5,WLC.III.25,Explain the significance of Roman or Greek religious practices.,KG-12,2025-04-08T17:48:52+00:00
Standard,2.2.3.6.5.1,WLC.III.25.a,Explain how the Romans adopted religions of other peoples and allowed the practice of some religions.,KG-12,2025-04-08T17:48:52+00:00
Standard,2.2.3.6.5.2,WLC.III.25.b,Explain the ways in which Roman officials used and abused religious offices for political gain.,KG-12,2025-04-08T17:48:52+00:00
Standard,2.2.3.6.5.3,WLC.III.25.c,"Explain stories relating to Roman or Greek deities as explained by Homer, Ovid, and Virgil.",KG-12,2025-04-08T17:48:52+00:00
Standard Group,2.2.3.6.6,WLC.III.26,Explain the significance of various aspects of Roman or Greek social life.,KG-12,2025-04-08T17:48:52+00:00
Standard,2.2.3.6.6.1,WLC.III.26.a,Explain the relationships between various social groups as expressed in Roman or Greek law.,KG-12,2025-04-08T17:48:52+00:00
Standard,2.2.3.6.6.2,WLC.III.26.b,"Explain the customs of Roman parties such as dinners, recitations, , wedding feasts, etc.",KG-12,2025-04-08T17:48:52+00:00
Standard,2.2.3.6.6.3,WLC.III.26.c,"Explain various types of Roman or Greek entertainment such as theatre, festivals, animal hunts, gladiatorial combats, etc.",KG-12,2025-04-08T17:48:52+00:00
Indicator,2.2.3.7,,**Understanding of Cultural Perspectives** Explain the significance of cultural beliefs and values.,KG-12,2025-04-08T17:48:52+00:00
Standard Group,2.2.3.7.1,WLC.III.27,Explain the significance of Roman or Greek codes of behavior.,KG-12,2025-04-08T17:48:52+00:00
Standard,2.2.3.7.1.1,WLC.III.27.a,Tell the difference between idealized cultural values and actual behavior of individuals such as Virgil’s Roman virtues vs. those of Caligula.,KG-12,2025-04-08T17:48:52+00:00
Standard,2.2.3.7.1.2,WLC.III.27.b,Describe the virtues of the ideal Roman or Greek woman and give examples of those who did or did not live up to them.,KG-12,2025-04-08T17:48:52+00:00
Standard,2.2.3.7.1.3,WLC.III.27.c,Describe how the behavior of Roman or Greek soldiers reflected the attitudes of the culture.,KG-12,2025-04-08T17:48:52+00:00
Standard Group,2.2.3.7.2,WLC.III.28,Explain the significance of Roman or Greek attitudes toward various members of society.,KG-12,2025-04-08T17:48:52+00:00
Standard,2.2.3.7.2.1,WLC.III.28.a,"Explain ways in which the depictions of women in the works of Roman or Greek authors such as Juvenal, Martial, Catullus, Homer, and Ovid reflected the attitudes of the culture.",KG-12,2025-04-08T17:48:52+00:00
Standard,2.2.3.7.2.2,WLC.III.28.b,Discuss Roman or Greek marriage practices and how they reflect attitudes towards women and inheritance.,KG-12,2025-04-08T17:48:52+00:00
Standard,2.2.3.7.2.3,WLC.III.28.c,Explain who had access to education in Roman or Greek society and why.,KG-12,2025-04-08T17:48:52+00:00
Standard,2.2.3.7.2.4,WLC.III.28.d,Explain the laws and attitudes governing treatment of slaves in Roman or Greek society.,KG-12,2025-04-08T17:48:52+00:00
Standard Group,2.2.3.7.3,WLC.III.29,Explain the significance of Roman or Greek attitudes toward politics and law.,KG-12,2025-04-08T17:48:52+00:00
Standard,2.2.3.7.3.1,WLC.III.29.a,Explain the significance of the development of Roman law as a reflection of the changing needs of Roman society.,KG-12,2025-04-08T17:48:52+00:00
Standard,2.2.3.7.3.2,WLC.III.29.b,Explain the Roman or Greek attitudes toward tyrants and how those views changed across time and circumstance.,KG-12,2025-04-08T17:48:52+00:00
Standard,2.2.3.7.3.3,WLC.III.29.c,Explain changes in the use of the army by leaders of the late Republic which led to changing views of rule in Rome.,KG-12,2025-04-08T17:48:52+00:00
Standard Group,2.2.3.7.4,WLC.III.30,Explain the significance of Roman or Greek religious and philosophical beliefs.,KG-12,2025-04-08T17:48:52+00:00
Standard,2.2.3.7.4.1,WLC.III.30.a,"Explain how Roman or Greek festivals and holidays reflected their views on life, death, and their relationship to the gods.",KG-12,2025-04-08T17:48:52+00:00
Standard,2.2.3.7.4.2,WLC.III.30.b,Explain how the growth of private religions in Rome reflected the needs of various members of the population.,KG-12,2025-04-08T17:48:52+00:00
Standard,2.2.3.7.4.3,WLC.III.30.c,Explain the significance of Roman or Greek attitudes toward various philosophical schools.,KG-12,2025-04-08T17:48:52+00:00
Standard Group,2.2.3.7.5,WLC.III.31,Explain the significance of Roman or Greek attitudes toward art and literature.,KG-12,2025-04-08T17:48:52+00:00
Standard,2.2.3.7.5.1,WLC.III.31.a,Use pictures of authentic inscriptions or graffiti to explain Romans’ social and political values.,KG-12,2025-04-08T17:48:52+00:00
Standard,2.2.3.7.5.2,WLC.III.31.b,Explain how the Romans’ need for a past that rivaled the Greeks’ led to the creation of historical and mythological literature.,KG-12,2025-04-08T17:48:52+00:00
Standard,2.2.3.7.5.3,WLC.III.31.c,Explain how the Romans and/or Greeks used poetry to express views of others.,KG-12,2025-04-08T17:48:52+00:00
Indicator,2.2.3.8,,**Participation in Cultural Interaction** Identify the significance of elements of Roman and Greek culture that influenced other countries.,KG-12,2025-04-08T17:48:52+00:00
Standard Group,2.2.3.8.1,WLC.III.32,Explain how Roman and Greek political and legal institutions influenced other cultures.,KG-12,2025-04-08T17:48:52+00:00
Standard,2.2.3.8.1.1,WLC.III.32.a,Compare and contrast Roman and Greek philosophies of government.,KG-12,2025-04-08T17:48:52+00:00
Standard,2.2.3.8.1.2,WLC.III.32.b,Compare and contrast Roman or Greek legislators to their modern equivalents.,KG-12,2025-04-08T17:48:52+00:00
Standard,2.2.3.8.1.3,WLC.III.32.c,Compare and contrast the Roman or Greek judicial processes to those in place in other cultures.,KG-12,2025-04-08T17:48:52+00:00
Standard Group,2.2.3.8.2,WLC.III.33,Explain how Roman and Greek art and architecture influence other cultures.,KG-12,2025-04-08T17:48:52+00:00
Standard,2.2.3.8.2.1,WLC.III.33.a,Explain the influence of Roman imperial architecture on later empires.,KG-12,2025-04-08T17:48:52+00:00
Standard,2.2.3.8.2.2,WLC.III.33.b,Explain how Roman portrait sculpture influenced idealized or naturalistic representation of individuals in other cultures and periods.,KG-12,2025-04-08T17:48:52+00:00
Standard,2.2.3.8.2.3,WLC.III.33.c,Explain the influence of construction materials and the layout of the Roman road system on the infrastructure of other cultures.,KG-12,2025-04-08T17:48:52+00:00
Standard Group,2.2.3.8.3,WLC.III.34,Explain how Roman and Greek literature and language influenced those of other cultures.,KG-12,2025-04-08T17:48:52+00:00
Standard,2.2.3.8.3.1,WLC.III.34.a,Explain how Roman or Greek poetic genres and meter influenced those of later cultures.,KG-12,2025-04-08T17:48:52+00:00
Standard,2.2.3.8.3.2,WLC.III.34.b,"Explain how the art of Roman or Greek story telling such as myths, legends, parables, etc. influenced literature of other cultures.",KG-12,2025-04-08T17:48:52+00:00
Standard,2.2.3.8.3.3,WLC.III.34.c,Explain the influences of Roman or Greek oratory on speechmaking in other cultures and periods.,KG-12,2025-04-08T17:48:52+00:00
Standard,2.2.3.8.3.4,WLC.III.34.d,Explain the relationship between Roman poetry recitations and modern standup comedy and rap.,KG-12,2025-04-08T17:48:52+00:00
Standard Group,2.2.3.8.4,WLC.III.35,Explain the influence of Roman or Greek religions on other cultures.,KG-12,2025-04-08T17:48:52+00:00
Standard,2.2.3.8.4.1,WLC.III.35.a,Explain the significance of such Roman festivals as the Lupercalia and Saturnalia and discuss their influence on modern festivals or holidays.,KG-12,2025-04-08T17:48:52+00:00
Standard,2.2.3.8.4.2,WLC.III.35.b,"Explain how Roman and Greek myths influenced painting, music, and sculpture in other cultures.",KG-12,2025-04-08T17:48:52+00:00
Standard Group,2.2.3.8.5,WLC.III.36,Discuss how Roman and Greek social customs influenced other cultures.,KG-12,2025-04-08T17:48:52+00:00
Standard,2.2.3.8.5.1,WLC.III.36.a,Discuss the Roman practices of marriage and how they affected other cultures’ attitudes toward women and inheritance.,KG-12,2025-04-08T17:48:52+00:00
Standard,2.2.3.8.5.2,WLC.III.36.b,Discuss the influence of Roman or Greek modes of entertainment on other cultures.,KG-12,2025-04-08T17:48:52+00:00
Proficiency,2.2.4,,Level IV,KG-12,2025-04-08T17:48:52+00:00
Indicator,2.2.4.1,,**Interpersonal Communication** Participate in conversations on a number of familiar topics using simple sentences. Handle short social interactions in everyday situations by asking and answering simple questions.,KG-12,2025-04-08T17:48:52+00:00
Standard Group,2.2.4.1.1,WLC.IV.1,Have a simple conversation on a limited number of everyday topics.,KG-12,2025-04-08T17:48:52+00:00
Standard,2.2.4.1.1.1,WLC.IV.1.a,Talk with someone about family or household tasks.,KG-12,2025-04-08T17:48:52+00:00
Standard,2.2.4.1.1.2,WLC.IV.1.b,Talk with someone about hobbies and interests.,KG-12,2025-04-08T17:48:52+00:00
Standard,2.2.4.1.1.3,WLC.IV.1.c,Talk with someone about school or work.,KG-12,2025-04-08T17:48:52+00:00
Standard Group,2.2.4.1.2,WLC.IV.2,Ask and answer questions on factual information that is familiar.,KG-12,2025-04-08T17:48:52+00:00
Standard,2.2.4.1.2.1,WLC.IV.2.a,Ask and identify familiar things in a picture from a story.,KG-12,2025-04-08T17:48:52+00:00
Standard,2.2.4.1.2.2,WLC.IV.2.b,Ask and respond to simple questions about Roman and Greek culture.,KG-12,2025-04-08T17:48:52+00:00
Standard Group,2.2.4.1.3,WLC.IV.3,Use the language to meet basic needs in familiar situations.,KG-12,2025-04-08T17:48:52+00:00
Standard,2.2.4.1.3.1,WLC.IV.3.a,"Borrow various school items such as tabulam, da mihi chartam, stylum, librum that are needed for class.",KG-12,2025-04-08T17:48:52+00:00
Standard,2.2.4.1.3.2,WLC.IV.3.b,"Follow classroom commands such as sta, ambula, sede, sta in pede uno, etc.",KG-12,2025-04-08T17:48:52+00:00
Indicator,2.2.4.2,,"**Presentational Speaking** Provide basic information on familiar topics using practiced language, with phrases and simple sentences.",KG-12,2025-04-08T17:48:52+00:00
Standard Group,2.2.4.2.1,WLC.IV.4,Present information about Roman and Greek life using rehearsed phrases and simple sentences.,KG-12,2025-04-08T17:48:52+00:00
Standard,2.2.4.2.1.1,WLC.IV.4.a,Describe a Roman or Greek family and their friends.,KG-12,2025-04-08T17:48:52+00:00
Standard,2.2.4.2.1.2,WLC.IV.4.b,Describe a Roman or Greek school.,KG-12,2025-04-08T17:48:52+00:00
Standard,2.2.4.2.1.3,WLC.IV.4.c,Describe where a Roman or Greek works and what they do.,KG-12,2025-04-08T17:48:52+00:00
Standard Group,2.2.4.2.2,WLC.IV.5,Express simple facts about Roman daily life.,KG-12,2025-04-08T17:48:52+00:00
Standard,2.2.4.2.2.1,WLC.IV.5.a,"Talk about members of a Roman family by name such as pater, mater, filius, filia, etc. using a prop.",KG-12,2025-04-08T17:48:52+00:00
Standard,2.2.4.2.2.2,WLC.IV.5.b,"Describe buildings in the Roman world using visual aids, such as forum, balnea, templum and amphitheatrum.",KG-12,2025-04-08T17:48:52+00:00
Standard Group,2.2.4.2.3,WLC.IV.6,"Present information about a familiar person, place or thing using phrases and simple sentences.",KG-12,2025-04-08T17:48:52+00:00
Standard,2.2.4.2.3.1,WLC.IV.6.a,Construct simple sentences about food such as servus cibun parat and servus vinum portat.,KG-12,2025-04-08T17:48:52+00:00
Standard,2.2.4.2.3.2,WLC.IV.6.b,Describe some members of Roman society and state their occupations such as servus in culina laborat.,KG-12,2025-04-08T17:48:52+00:00
Standard Group,2.2.4.2.4,WLC.IV.7,Present simple information about learned material.,KG-12,2025-04-08T17:48:52+00:00
Standard,2.2.4.2.4.1,WLC.IV.7.a,Create a presentation including vocabulary connected with Roman daily life based on pictures.,KG-12,2025-04-08T17:48:52+00:00
Standard,2.2.4.2.4.2,WLC.IV.7.b,"Identify family members, foods, and places based on pictures or photos.",KG-12,2025-04-08T17:48:52+00:00
Indicator,2.2.4.3,,**Presentational Writing** Write on a variety of familiar topics using connected sentences.,KG-12,2025-04-08T17:48:52+00:00
Standard Group,2.2.4.3.1,WLC.IV.8,Write short reports about a topic that has been learned or researched.,KG-12,2025-04-08T17:48:52+00:00
Standard,2.2.4.3.1.1,WLC.IV.8.a,Write a description with some details of the physical appearance of a Roman family member or friend.,KG-12,2025-04-08T17:48:52+00:00
Standard,2.2.4.3.1.2,WLC.IV.8.b,Write a description of a typical Roman provincial town.,KG-12,2025-04-08T17:48:52+00:00
Standard Group,2.2.4.3.2,WLC.IV.9,Compose communications for public distribution.,KG-12,2025-04-08T17:48:52+00:00
Standard,2.2.4.3.2.1,WLC.IV.9.a,Create a flyer for an upcoming event of the Latin Club at school.,KG-12,2025-04-08T17:48:52+00:00
Standard,2.2.4.3.2.2,WLC.IV.9.b,"Compose a simple letter, response, or article for a publication.",KG-12,2025-04-08T17:48:52+00:00
Standard Group,2.2.4.3.3,WLC.IV.10,Express an opinion on familiar topics using a series of sentences with some details.,KG-12,2025-04-08T17:48:52+00:00
Standard,2.2.4.3.3.1,WLC.IV.10.a,Express a written opinion about one of Martial’s poems.,KG-12,2025-04-08T17:48:52+00:00
Standard,2.2.4.3.3.2,WLC.IV.10.b,Express feelings in writing about a historical event or cultural topic in a passage read.,KG-12,2025-04-08T17:48:52+00:00
Standard Group,2.2.4.3.4,WLC.IV.11,Compare issues or people using a series of sentences.,KG-12,2025-04-08T17:48:52+00:00
Standard,2.2.4.3.4.1,WLC.IV.11.a,Write a paragraph comparing the rights of various social classes in the world of the Romans and Greeks.,KG-12,2025-04-08T17:48:52+00:00
Standard,2.2.4.3.4.2,WLC.IV.11.b,Write a comparison of two historical figures from Roman or Greek society.,KG-12,2025-04-08T17:48:52+00:00
Standard,2.2.4.3.4.3,WLC.IV.11.c,Write a short comparison of two characters in a story.,KG-12,2025-04-08T17:48:52+00:00
Indicator,2.2.4.4,,**Interpretive Listening** Understand the main idea in messages and presentations on a variety of topics. Understand the main idea of conversations that are overheard.,KG-12,2025-04-08T17:48:52+00:00
Standard Group,2.2.4.4.1,WLC.IV.12,Understand the main idea and some details in conversations and oral presentations.,KG-12,2025-04-08T17:48:52+00:00
Standard,2.2.4.4.1.1,WLC.IV.12.a,Understand conversations about Roman or Greek families.,KG-12,2025-04-08T17:48:52+00:00
Standard,2.2.4.4.1.2,WLC.IV.12.b,Identify the main idea and details when listening to an oral presentation about a topic being studied.,KG-12,2025-04-08T17:48:52+00:00
Standard Group,2.2.4.4.2,WLC.IV.13,Understand and articulate the main idea of recited poetry.,KG-12,2025-04-08T17:48:52+00:00
Standard,2.2.4.4.2.1,WLC.IV.13.a,Interpret the reasons why Catullus no longer respects his girlfriend in poem 72.,KG-12,2025-04-08T17:48:52+00:00
Standard,2.2.4.4.2.2,WLC.IV.13.b,Follow and summarize the narrative of Daedalus in Ovid’s Metamorphoses VII.,KG-12,2025-04-08T17:48:52+00:00
Standard Group,2.2.4.4.3,WLC.IV.14,Understand oral directions and instructions in familiar settings.,KG-12,2025-04-08T17:48:52+00:00
Standard,2.2.4.4.3.1,WLC.IV.14.a,Follow oral directions to a location.,KG-12,2025-04-08T17:48:52+00:00
Standard,2.2.4.4.3.2,WLC.IV.14.b,Follow oral instructions to complete a task.,KG-12,2025-04-08T17:48:52+00:00
Standard Group,2.2.4.4.4,WLC.IV.15,Identify the main idea in authentic Latin texts that are read aloud.,KG-12,2025-04-08T17:48:52+00:00
Standard,2.2.4.4.4.1,WLC.IV.15.a,Understand the purpose of an oration of Cicero.,KG-12,2025-04-08T17:48:52+00:00
Standard,2.2.4.4.4.2,WLC.IV.15.b,Understand the circumstances that led to the outcome of a battle in Caesar’s Gallic Wars.,KG-12,2025-04-08T17:48:52+00:00
Indicator,2.2.4.5,,**Interpretive Reading** Easily understand the main idea of texts related to Roman and Greek everyday life and personal interests or studies. Sometimes follow stories and descriptions about events and experiences in various time frames.,KG-12,2025-04-08T17:48:52+00:00
Standard Group,2.2.4.5.1,WLC.IV.16,Understand accounts of events or experiences.,KG-12,2025-04-08T17:48:52+00:00
Standard,2.2.4.5.1.1,WLC.IV.16.a,Summarize the main argument and supporting evidence of Cicero’s Philippics.,KG-12,2025-04-08T17:48:52+00:00
Standard,2.2.4.5.1.2,WLC.IV.16.b,Compare and contrast the views of Caesar and Tacitus on Germanic culture.,KG-12,2025-04-08T17:48:52+00:00
Standard,2.2.4.5.1.3,WLC.IV.16.c,Explain how Seneca or Aristotle supports his contentions about the social status of slaves.,KG-12,2025-04-08T17:48:52+00:00
Standard,2.2.4.5.1.4,WLC.IV.16.d,Summarize the main questions Pliny poses to the emperor Trajan about the prosecution of Christians under imperial law.,KG-12,2025-04-08T17:48:52+00:00
Standard Group,2.2.4.5.2,WLC.IV.17,Identify and explain author bias in Latin or Greek texts.,KG-12,2025-04-08T17:48:52+00:00
Standard,2.2.4.5.2.1,WLC.IV.17.a,"Analyze the ethnocentric views of Roman or Greek authors such as Tacitus, Herodotus, Caesar and Virgil.",KG-12,2025-04-08T17:48:52+00:00
Standard,2.2.4.5.2.2,WLC.IV.17.b,Explain how Roman preferences for certain philosophical schools reflected the Roman viewpoints.,KG-12,2025-04-08T17:48:52+00:00
Standard,2.2.4.5.2.3,WLC.IV.17.c,Identify and discuss the misogynistic views espoused by ancient authors such as Aristotle and in legal documents such as the Twelve Tables of Roman law.,KG-12,2025-04-08T17:48:52+00:00
Standard Group,2.2.4.5.3,WCL.IV.18,Use prior knowledge of Latin or Greek vocabulary to determine the meaning of unfamiliar words in complex authentic texts.,KG-12,2025-04-08T17:48:52+00:00
Standard,2.2.4.5.3.1,WCL.IV.18.a,Identify the component parts of compound words and recognize the roots of these words.,KG-12,2025-04-08T17:48:52+00:00
Standard,2.2.4.5.3.2,WCL.IV.18.b,Use the context of a Latin or Greek passage to accurately infer the meaning of unfamiliar words.,KG-12,2025-04-08T17:48:52+00:00
Standard Group,2.2.4.5.4,WCL.IV.19,Understand how advanced Latin or Greek grammatical and syntactical structures help to understand a text.,KG-12,2025-04-08T17:48:52+00:00
Standard,2.2.4.5.4.1,WCL.IV.19.a,Understand how Caesar uses sequence of tenses in indirect discourse to paraphrase the speech of others.,KG-12,2025-04-08T17:48:52+00:00
Standard,2.2.4.5.4.2,WCL.IV.19.b,Understand how Pliny uses indirect questions to Trajan to express his uncertainty about governing.,KG-12,2025-04-08T17:48:52+00:00
Indicator,2.2.4.6,,**Investigation of Products and Practices** Explain the significance of products and practices of other cultures.,KG-12,2025-04-08T17:48:52+00:00
Standard Group,2.2.4.6.1,WLC.IV.20,Explain the significance of Roman or Greek products designed for communication.,KG-12,2025-04-08T17:48:52+00:00
Standard,2.2.4.6.1.1,WLC.IV.20.a,Analyze the inscriptions on Roman coins and monuments and relate them to historical events.,KG-12,2025-04-08T17:48:52+00:00
Standard,2.2.4.6.1.2,WLC.IV.20.b,"Evaluate how Rome communicated with its subjects using edicts, sculpture, and inscriptions.",KG-12,2025-04-08T17:48:52+00:00
Standard,2.2.4.6.1.3,WLC.IV.20.c,Contrast the purposes of different types of documents produced by Romans or Greeks such as imperial edicts and personal letters.,KG-12,2025-04-08T17:48:52+00:00
Standard,2.2.4.6.1.4,WLC.IV.20.d,Analyze the ways in which poetry was used to communicate messages from propaganda to passion.,KG-12,2025-04-08T17:48:52+00:00
Standard Group,2.2.4.6.2,WLC.IV.21,Explain the significance of Roman or Greek decorative products.,KG-12,2025-04-08T17:48:52+00:00
Standard,2.2.4.6.2.1,WLC.IV.21.a,Describe how Roman products such as sculpted portraits reflect social and political customs.,KG-12,2025-04-08T17:48:52+00:00
Standard,2.2.4.6.2.2,WLC.IV.21.b,Explain conventions of Roman funeral monuments including materials and methods of construction as well as elements of inscriptions.,KG-12,2025-04-08T17:48:52+00:00
Standard Group,2.2.4.6.3,WLC.IV.22,Explain the significance of elements of Roman or Greek infrastructure.,KG-12,2025-04-08T17:48:52+00:00
Standard,2.2.4.6.3.1,WLC.IV.22.a,Analyze the functional and decorative architectural elements of a Roman or Greek building.,KG-12,2025-04-08T17:48:52+00:00
Standard,2.2.4.6.3.2,WLC.IV.22.b,"Explain the Romanization of the provinces as reflected in common structures such as amphitheaters, fora, aqueducts, dwellings, etc.",KG-12,2025-04-08T17:48:52+00:00
Standard,2.2.4.6.3.3,WLC.IV.22.c,Discuss how the form of a building reflects its function.,KG-12,2025-04-08T17:48:52+00:00
Standard Group,2.2.4.6.4,WLC.IV.23,Explain the significance of Roman or Greek political and economic practices.,KG-12,2025-04-08T17:48:52+00:00
Standard,2.2.4.6.4.1,WLC.IV.23.a,Discuss the Roman senate and how it conducted its meetings.,KG-12,2025-04-08T17:48:52+00:00
Standard,2.2.4.6.4.2,WLC.IV.23.b,Discuss how the Romans or Greeks used their military to further their political agenda.,KG-12,2025-04-08T17:48:52+00:00
Standard,2.2.4.6.4.3,WLC.IV.23.c,"Explain how the Romans or Greeks interacted with foreign peoples in terms of trade, conquest, and diplomacy.",KG-12,2025-04-08T17:48:52+00:00
Standard Group,2.2.4.6.5,WLC.IV.24,Explain the significance of Roman or Greek religious practices.,KG-12,2025-04-08T17:48:52+00:00
Standard,2.2.4.6.5.1,WLC.IV.24.a,Explain how the Romans adopted religions of other peoples and allowed the practice of some local religions.,KG-12,2025-04-08T17:48:52+00:00
Standard,2.2.4.6.5.2,WLC.IV.24.b,Explain the ways in which Roman officials used and abused religious offices for political gain.,KG-12,2025-04-08T17:48:52+00:00
Standard,2.2.4.6.5.3,WLC.IV.24.c,"Explain stories relating to Roman and Greek deities as explained by Homer, Ovid, and Virgil.",KG-12,2025-04-08T17:48:52+00:00
Standard Group,2.2.4.6.6,WLC.IV.25,Explain the significance of various aspects of Roman or Greek social life.,KG-12,2025-04-08T17:48:52+00:00
Standard,2.2.4.6.6.1,WLC.IV.25.a,Explain the relationships between various social groups as expressed in Roman or Greek law.,KG-12,2025-04-08T17:48:52+00:00
Standard,2.2.4.6.6.2,WLC.IV.25.b,"Explain the customs of Roman parties such as dinners, recitations, wedding feasts, etc.",KG-12,2025-04-08T17:48:52+00:00
Standard,2.2.4.6.6.3,WLC.IV.25.c,"Explain various types of Roman or Greek entertainment such as theatre, festivals, animal hunts, gladiatorial combats, etc.",KG-12,2025-04-08T17:48:52+00:00
Indicator,2.2.4.7,,**Understanding of Cultural Perspectives** Explain the significance of cultural beliefs and values.,KG-12,2025-04-08T17:48:52+00:00
Standard Group,2.2.4.7.1,WLC.IV.26,Explain the significance of Roman or Greek codes of behavior.,KG-12,2025-04-08T17:48:52+00:00
Standard,2.2.4.7.1.1,WLC.IV.26.a,Tell the difference between idealized cultural values and actual behavior of individuals such as Virgil’s Roman virtues vs. those of Caligula.,KG-12,2025-04-08T17:48:52+00:00
Standard,2.2.4.7.1.2,WLC.IV.26.b,Describe the virtues of the ideal Roman or Greek woman and give examples of those who did or did not live up to them.,KG-12,2025-04-08T17:48:52+00:00
Standard,2.2.4.7.1.3,WLC.IV.26.c,Describe how the behavior of Roman or Greek soldiers reflected the attitudes of the culture.,KG-12,2025-04-08T17:48:52+00:00
Standard Group,2.2.4.7.2,WLC.IV.27,Explain the significance of Roman or Greek attitudes toward various members of society.,KG-12,2025-04-08T17:48:52+00:00
Standard,2.2.4.7.2.1,WLC.IV.27.a,"Explain ways in which the depictions of women in the works of Roman and Greek authors such as Juvenal, Martial, Catullus, Homer, and Ovid reflected the attitudes of the culture.",KG-12,2025-04-08T17:48:52+00:00
Standard,2.2.4.7.2.2,WLC.IV.27.b,Discuss Roman or Greek marriage practices and how they reflect attitudes towards women and inheritance.,KG-12,2025-04-08T17:48:52+00:00
Standard,2.2.4.7.2.3,WLC.IV.27.c,Explain who had access to education in Roman or Greek society and why.,KG-12,2025-04-08T17:48:52+00:00
Standard,2.2.4.7.2.4,WLC.IV.27.d,Explain the laws and attitudes governing treatment of slaves in Roman or Greek society.,KG-12,2025-04-08T17:48:52+00:00
Standard Group,2.2.4.7.3,WLC.IV.28,Explain the significance of Roman or Greek attitudes toward politics and law.,KG-12,2025-04-08T17:48:52+00:00
Standard,2.2.4.7.3.1,WLC.IV.28.a,Explain the significance of the development of Roman law as a reflection of the changing needs of Roman society.,KG-12,2025-04-08T17:48:52+00:00
Standard,2.2.4.7.3.2,WLC.IV.28.b,Explain the Roman or Greek attitudes toward tyrants and how those views changed across time and circumstance.,KG-12,2025-04-08T17:48:52+00:00
Standard,2.2.4.7.3.3,WLC.IV.28.c,Explain changes in the use of the army by leaders of the late Republic which led to changing views of rule in Rome.,KG-12,2025-04-08T17:48:52+00:00
Standard Group,2.2.4.7.4,WLC.IV.29,Explain the significance of Roman or Greek religious and philosophical beliefs.,KG-12,2025-04-08T17:48:52+00:00
Standard,2.2.4.7.4.1,WLC.IV.29.a,"Explain how Roman or Greek festivals and holidays reflected their views on life, death, and their relationship to the gods.",KG-12,2025-04-08T17:48:52+00:00
Standard,2.2.4.7.4.2,WLC.IV.29.b,Explain how the growth of private religions in Rome reflected the needs of various members of the population.,KG-12,2025-04-08T17:48:52+00:00
Standard,2.2.4.7.4.3,WLC.IV.29.c,Explain the significance of Roman and Greek attitudes toward various philosophical schools.,KG-12,2025-04-08T17:48:52+00:00
Standard Group,2.2.4.7.5,WLC.IV.30,Explain the significance of Roman or Greek attitudes toward art and literature.,KG-12,2025-04-08T17:48:52+00:00
Standard,2.2.4.7.5.1,WLC.IV.30.a,Use pictures of authentic inscriptions or graffiti to explain Romans’ social and political values.,KG-12,2025-04-08T17:48:52+00:00
Standard,2.2.4.7.5.2,WLC.IV.30.b,Explain how the Romans’ need for a past that rivaled the Greeks’ led to the creation of historical and mythological literature.,KG-12,2025-04-08T17:48:52+00:00
Standard,2.2.4.7.5.3,WLC.IV.30.c,Explain how the Romans or Greeks used poetry to express views of others.,KG-12,2025-04-08T17:48:52+00:00
Indicator,2.2.4.8,,**Participation in Cultural Interaction** Identify the significance of elements of Roman and Greek culture that influence other countries.,KG-12,2025-04-08T17:48:52+00:00
Standard Group,2.2.4.8.1,WLC.IV.31,Explain how Roman and Greek political and legal institutions influenced other cultures.,KG-12,2025-04-08T17:48:52+00:00
Standard,2.2.4.8.1.1,WLC.IV.31.a,Compare and contrast Roman and Greek philosophies of government.,KG-12,2025-04-08T17:48:52+00:00
Standard,2.2.4.8.1.2,WLC.IV.31.b,Compare and contrast Roman or Greek legislators to their modern equivalents.,KG-12,2025-04-08T17:48:52+00:00
Standard,2.2.4.8.1.3,WLC.IV.31.c,Compare and contrast the Roman or Greek judicial processes to those in place in other cultures.,KG-12,2025-04-08T17:48:52+00:00
Standard Group,2.2.4.8.2,WLC.IV.32,Explain how Roman or Greek art and architecture influence other cultures.,KG-12,2025-04-08T17:48:52+00:00
Standard,2.2.4.8.2.1,WLC.IV.32.a,Explain the influence of Roman imperial architecture on later empires.,KG-12,2025-04-08T17:48:52+00:00
Standard,2.2.4.8.2.2,WLC.IV.32.b,Explain how Roman portrait sculpture influenced idealized or naturalistic representation of individuals in other cultures and periods.,KG-12,2025-04-08T17:48:52+00:00
Standard,2.2.4.8.2.3,WLC.IV.32.c,Explain the influence of construction materials and the layout of the Roman road system on the infrastructure of other cultures.,KG-12,2025-04-08T17:48:52+00:00
Standard Group,2.2.4.8.3,WLC.IV.33,Explain how Roman and Greek literature and language influenced those of other cultures.,KG-12,2025-04-08T17:48:52+00:00
Standard,2.2.4.8.3.1,WLC.IV.33.a,Explain how Roman or Greek poetic genres and meter influenced those of later cultures.,KG-12,2025-04-08T17:48:52+00:00
Standard,2.2.4.8.3.2,WLC.IV.33.b,"Explain how the art of Roman or Greek story telling such as myths, legends, parables, etc. influenced literature of other cultures.",KG-12,2025-04-08T17:48:52+00:00
Standard,2.2.4.8.3.3,WLC.IV.33.c,Explain the influences of Roman or Greek oratory on speechmaking in other cultures and periods.,KG-12,2025-04-08T17:48:52+00:00
Standard,2.2.4.8.3.4,WLC.IV.33.d,Explain the relationship between Roman poetry recitations and modern standup comedy and rap.,KG-12,2025-04-08T17:48:52+00:00
Standard Group,2.2.4.8.4,WLC.IV.34,Explain the influence of Roman or Greek religions on other cultures.,KG-12,2025-04-08T17:48:52+00:00
Standard,2.2.4.8.4.1,WLC.IV.34.a,Explain the significance of such Roman festivals as the Lupercalia and Saturnalia and discuss their influence on modern festivals or holidays.,KG-12,2025-04-08T17:48:52+00:00
Standard,2.2.4.8.4.2,WLC.IV.34.b,"Explain how Roman and Greek myths influenced painting, music, and sculpture in other cultures.",KG-12,2025-04-08T17:48:52+00:00
Standard Group,2.2.4.8.5,WLC.IV.35,Discuss how Roman and Greek social customs influenced other cultures.,KG-12,2025-04-08T17:48:52+00:00
Standard,2.2.4.8.5.1,WLC.IV.35.a,Discuss the Roman practices of marriage and how they affect other cultures’ attitudes toward women and inheritance.,KG-12,2025-04-08T17:48:52+00:00
Standard,2.2.4.8.5.2,WLC.IV.35.b,Discuss the influence of Roman or Greek modes of entertainment on other cultures.,KG-12,2025-04-08T17:48:52+00:00
Content Area,2.3,,Logographic Languages (Chinese and Japanese),KG-12,2025-04-08T17:48:52+00:00
Proficiency,2.3.1,,Level I,KG-12,2025-04-08T17:48:52+00:00
Indicator,2.3.1.1,,**Interpersonal Communication** Communicate on familiar topics using a variety of words and phrases that have been practiced and memorized.,KG-12,2025-04-08T17:48:52+00:00
Standard Group,2.3.1.1.1,WLL.I.1,Greet and leave people in a polite way.,KG-12,2025-04-08T17:48:52+00:00
Standard,2.3.1.1.1.1,WLL.I.1.a,Say hello and goodbye to a peer.,KG-12,2025-04-08T17:48:52+00:00
Standard,2.3.1.1.1.2,WLL.I.1.b,"Say hello and goodbye to a teacher, supervisor, or adult.",KG-12,2025-04-08T17:48:52+00:00
Standard,2.3.1.1.1.3,WLL.I.1.c,Say hello and goodbye to someone of higher social standing.,KG-12,2025-04-08T17:48:52+00:00
Standard Group,2.3.1.1.2,WLL.I.2,Introduce self and others.,KG-12,2025-04-08T17:48:52+00:00
Standard,2.3.1.1.2.1,WLL.I.2.a,"Introduce self and provide basic personal information (name, age, address, phone number, e-mail address).",KG-12,2025-04-08T17:48:52+00:00
Standard,2.3.1.1.2.2,WLL.I.2.b,Introduce someone else.,KG-12,2025-04-08T17:48:52+00:00
Standard,2.3.1.1.2.3,WLL.I.2.c,Respond to an introduction.,KG-12,2025-04-08T17:48:52+00:00
Standard Group,2.3.1.1.3,WLL.I.3,Answer a variety of simple questions.,KG-12,2025-04-08T17:48:52+00:00
Standard,2.3.1.1.3.1,WLL.I.3.a,Respond to yes/no questions,KG-12,2025-04-08T17:48:52+00:00
Standard,2.3.1.1.3.2,WLL.I.3.b,Answer either/or questions.,KG-12,2025-04-08T17:48:52+00:00
Standard,2.3.1.1.3.3,WLL.I.3.c,"Respond to who, what, when, and where questions.",KG-12,2025-04-08T17:48:52+00:00
Standard,2.3.1.1.3.4,WLL.I.3.d,Answer questions about likes and dislikes.,KG-12,2025-04-08T17:48:52+00:00
Standard,2.3.1.1.3.5,WLL.I.3.e,Answer questions about personal actions (past or present).,KG-12,2025-04-08T17:48:52+00:00
Standard,2.3.1.1.3.6,WLL.I.3.f,Answer questions about personal location or locations visited (past or present).,KG-12,2025-04-08T17:48:52+00:00
Standard,2.3.1.1.3.7,WLL.I.3.g,Answer questions about topics of information being learned.,KG-12,2025-04-08T17:48:52+00:00
Standard Group,2.3.1.1.4,WLL.I.4,Make simple statements in a conversation.,KG-12,2025-04-08T17:48:52+00:00
Standard,2.3.1.1.4.1,WLL.I.4.a,State personal actions.,KG-12,2025-04-08T17:48:52+00:00
Standard,2.3.1.1.4.2,WLL.I.4.b,State location.,KG-12,2025-04-08T17:48:52+00:00
Standard,2.3.1.1.4.3,WLL.I.4.c,State person being visited.,KG-12,2025-04-08T17:48:52+00:00
Standard,2.3.1.1.4.4,WLL.I.4.d,"Express a reaction, such as “Great!”",KG-12,2025-04-08T17:48:52+00:00
Standard Group,2.3.1.1.5,WLL.I.5,Ask simple questions.,KG-12,2025-04-08T17:48:52+00:00
Standard,2.3.1.1.5.1,WLL.I.5.a,"Ask who, what, when, and where questions.",KG-12,2025-04-08T17:48:52+00:00
Standard,2.3.1.1.5.2,WLL.I.5.b,Ask questions about information being learned.,KG-12,2025-04-08T17:48:52+00:00
Standard Group,2.3.1.1.6,WLL.I.6,Communicate basic information about self and familiar people,KG-12,2025-04-08T17:48:52+00:00
Standard,2.3.1.1.6.1,WLL.I.6.a,Give my name and ask someone’s name.,KG-12,2025-04-08T17:48:52+00:00
Standard,2.3.1.1.6.2,WLL.I.6.b,Tell or write about family members and ask about someone’s family.,KG-12,2025-04-08T17:48:52+00:00
Standard,2.3.1.1.6.3,WLL.I.6.c,"Tell or write about friends, classmates, or co-workers.",KG-12,2025-04-10T17:05:30+00:00
Standard Group,2.3.1.1.7,WLL.I.7,Communicate basic information about everyday life.,KG-12,2025-04-08T17:48:52+00:00
Standard,2.3.1.1.7.1,WLL.I.7.a,"Give times, dates, and weather information.",KG-12,2025-04-08T17:48:52+00:00
Standard,2.3.1.1.7.2,WLL.I.7.b,"Talk about food eaten, information learned, and actions completed.",KG-12,2025-04-08T17:48:52+00:00
Standard,2.3.1.1.7.3,WLL.I.7.c,Talk about familiar places.,KG-12,2025-04-08T17:48:52+00:00
Standard,2.3.1.1.7.4,WLL.I.7.d,Ask and understand how much something costs.,KG-12,2025-04-08T17:48:52+00:00
Standard,2.3.1.1.7.5,WLL.I.7.e,Convey the time and location of an event.,KG-12,2025-04-08T17:48:52+00:00
Standard Group,2.3.1.1.8,WLL.I.8,Ask and respond to questions using classroom vocabulary.,KG-12,2025-04-08T17:48:52+00:00
Standard,2.3.1.1.8.1,WLL.I.8.a,"Ask for permission to go to the restroom, get a drink, go to the office, etc.",KG-12,2025-04-08T17:48:52+00:00
Standard,2.3.1.1.8.2,WLL.I.8.b,Ask for someone to repeat.,KG-12,2025-04-08T17:48:52+00:00
Standard,2.3.1.1.8.3,WLL.I.8.c,Ask to borrow an item.,KG-12,2025-04-08T17:48:52+00:00
Indicator,2.3.1.2,,**Presentational Speaking** Present information about self and some other familiar topics using words or memorized phrases.,KG-12,2025-04-08T17:48:52+00:00
Standard Group,2.3.1.2.1,WLL.I.9,Recite previously learned words and phrases.,KG-12,2025-04-08T17:48:52+00:00
Standard,2.3.1.2.1.1,WLL.I.9.a,Count from 1-100.,KG-12,2025-04-08T17:48:52+00:00
Standard,2.3.1.2.1.2,WLL.I.9.b,Say the date and day of the week.,KG-12,2025-04-08T17:48:52+00:00
Standard,2.3.1.2.1.3,WLL.I.9.c,List the months and seasons.,KG-12,2025-04-08T17:48:52+00:00
Standard Group,2.3.1.2.2,WLL.I.10,"State the names of familiar people, places, and objects in pictures using words or memorized phrases.",KG-12,2025-04-08T17:48:52+00:00
Standard,2.3.1.2.2.1,WLL.I.10.a,Name famous landmarks and people.,KG-12,2025-04-08T17:48:52+00:00
Standard,2.3.1.2.2.2,WLL.I.10.b,Name countries on a map.,KG-12,2025-04-08T17:48:52+00:00
Standard,2.3.1.2.2.3,WLL.I.10.c,List items seen every day.,KG-12,2025-04-08T17:48:52+00:00
Standard Group,2.3.1.2.3,WLL.I.11,Introduce self to a group.,KG-12,2025-04-08T17:48:52+00:00
Standard,2.3.1.2.3.1,WLL.I.11.a,"State name, age and location of home (e.f., town, region, state).",KG-12,2025-04-08T17:48:52+00:00
Standard,2.3.1.2.3.2,WLL.I.11.b,"Give phone number, home address, and e-mail address.",KG-12,2025-04-08T17:48:52+00:00
Standard Group,2.3.1.2.4,WLL.I.12,"Recite short memorized phrases, parts of poems and rhymes.",KG-12,2025-04-08T17:48:52+00:00
Standard,2.3.1.2.4.1,WLL.I.12.a,Sing a short song.,KG-12,2025-04-08T17:48:52+00:00
Standard,2.3.1.2.4.2,WLL.I.12.b,Recite a nursery rhyme.,KG-12,2025-04-08T17:48:52+00:00
Standard,2.3.1.2.4.3,WLL.I.12.c,Recite a simple poem.,KG-12,2025-04-08T17:48:52+00:00
Standard Group,2.3.1.2.5,WLL.I.13,Use simple counters to express plural nouns.,KG-12,2025-04-08T17:48:52+00:00
Standard,2.3.1.2.5.1,WLL.I.13.a,Count everyday items.,KG-12,2025-04-08T17:48:52+00:00
Standard,2.3.1.2.5.2,WLL.I.13.b,Sing a short song incorporating counting words.,KG-12,2025-04-08T17:48:52+00:00
Indicator,2.3.1.3,,"**Presentational Writing** Write familiar words, characters, or phrases.",KG-12,2025-04-08T17:48:52+00:00
Standard Group,2.3.1.3.1,WLL.I.14,"Copy characters or letters and words from the wall or board, in a book, or on the computer.",KG-12,2025-04-08T17:48:52+00:00
Standard,2.3.1.3.1.1,WLL.I.14.a,Copy the letters and sounds of the alphabet.,KG-12,2025-04-08T17:48:52+00:00
Standard,2.3.1.3.1.2,WLL.I.14.b,Copy the characters being learned.,KG-12,2025-04-08T17:48:52+00:00
Standard,2.3.1.3.1.3,WLL.I.14.c,"Copy a simple phrase like “Happy Birthday,” “Happy Holidays,” etc.",KG-12,2025-04-08T17:48:52+00:00
Standard Group,2.3.1.3.2,WLL.I.15,Fill out a simple form with basic personal information.,KG-12,2025-04-08T17:48:52+00:00
Standard,2.3.1.3.2.1,WLL.I.15.a,"Fill out a form with name, address, phone number, birth date, and nationality.",KG-12,2025-04-08T17:48:52+00:00
Standard,2.3.1.3.2.2,WLL.I.15.b,Complete a simple online form.,KG-12,2025-04-08T17:48:52+00:00
Standard,2.3.1.3.2.3,WLL.I.15.c,Fill out a simple schedule.,KG-12,2025-04-08T17:48:52+00:00
Standard Group,2.3.1.3.3,WLL.I.16,Write about self using learned phrases and memorized expressions.,KG-12,2025-04-08T17:48:52+00:00
Standard,2.3.1.3.3.1,WLL.I.16.a,"Write name, home address, and e-mail address.",KG-12,2025-04-08T17:48:52+00:00
Standard,2.3.1.3.3.2,WLL.I.16.b,Write numbers such as a phone number.,KG-12,2025-04-08T17:48:52+00:00
Standard,2.3.1.3.3.3,WLL.I.16.c,Write the date and the day of the week.,KG-12,2025-04-08T17:48:52+00:00
Standard,2.3.1.3.3.4,WLL.I.16.d,Write the months and the seasons.,KG-12,2025-04-08T17:48:52+00:00
Standard Group,2.3.1.3.4,WLL.I.17,List daily activities and write lists that help in day-to-day life.,KG-12,2025-04-08T17:48:52+00:00
Standard,2.3.1.3.4.1,WLL.I.17.a,Label activities and their times in a daily schedule.,KG-12,2025-04-08T17:48:52+00:00
Standard,2.3.1.3.4.2,WLL.I.17.b,Write about typical weekend activities.,KG-12,2025-04-08T17:48:52+00:00
Standard,2.3.1.3.4.3,WLL.I.17.c,Write a to-do list.,KG-12,2025-04-08T17:48:52+00:00
Standard,2.3.1.3.4.4,WLL.I.17.d,Write a shopping list.,KG-12,2025-04-08T17:48:52+00:00
Standard Group,2.3.1.3.5,WLL.I.18,"Write notes about something learned using lists, phrases, and memorized expressions.",KG-12,2025-04-08T17:48:52+00:00
Standard,2.3.1.3.5.1,WLL.I.18.a,List the main cities of the target country.,KG-12,2025-04-08T17:48:52+00:00
Standard,2.3.1.3.5.2,WLL.I.18.b,Write the phrases and memorized expressions connected with holiday wishes and celebrations in the target culture.,KG-12,2025-04-08T17:48:52+00:00
Standard,2.3.1.3.5.3,WLL.I.18.c,Create a list of topics or categories using previously learned vocabulary.,KG-12,2025-04-08T17:48:52+00:00
Standard,2.3.1.3.5.4,WLL.I.18.d,Summarize a phone message or a classroom activity.,KG-12,2025-04-08T17:48:52+00:00
Standard Group,2.3.1.3.6,WLL.I.19,Apply writing systems used with the target language.,KG-12,2025-04-08T17:48:52+00:00
Standard,2.3.1.3.6.1,WLL.I.19.a,Use the writing systems to express personal information.,KG-12,2025-04-08T17:48:52+00:00
Standard,2.3.1.3.6.2,WLL.I.19.b,Write a letter to a pen pal from the target culture.,KG-12,2025-04-08T17:48:52+00:00
Standard,2.3.1.3.6.3,WLL.I.19.c,Write a brief journal entry about daily activities.,KG-12,2025-04-08T17:48:52+00:00
Standard Group,2.3.1.3.7,WLL.I.20,Demonstrate correct stroke order.,KG-12,2025-04-08T17:48:52+00:00
Standard,2.3.1.3.7.1,WLL.I.20.a,Identify the different parts of each character.,KG-12,2025-04-08T17:48:52+00:00
Standard,2.3.1.3.7.2,WLL.I.20.b,Copy each character using the correct number of strokes.,KG-12,2025-04-08T17:48:52+00:00
Indicator,2.3.1.4,,**Interpretive Listening** Recognize memorized words and phrases when heard.,KG-12,2025-04-08T17:48:52+00:00
Standard Group,2.3.1.4.1,WLL.I.21,Identify the sounds of characters or words.,KG-12,2025-04-08T17:48:52+00:00
Standard,2.3.1.4.1.1,WLL.I.21.a,Recognize the sound of letters when they are spoken or spelled out.,KG-12,2025-04-08T17:48:52+00:00
Standard Group,2.3.1.4.2,WLL.I.22,"Understand isolated words that have been memorized, particularly when accompanied by gestures or pictures.",KG-12,2025-04-08T17:48:52+00:00
Standard,2.3.1.4.2.1,WLL.I.22.a,Understand greetings.,KG-12,2025-04-08T17:48:52+00:00
Standard,2.3.1.4.2.2,WLL.I.22.b,Recognize some color words.,KG-12,2025-04-08T17:48:52+00:00
Standard,2.3.1.4.2.3,WLL.I.22.c,Understand basic numbers.,KG-12,2025-04-08T17:48:52+00:00
Standard,2.3.1.4.2.4,WLL.I.22.d,Understand common food items.,KG-12,2025-04-08T17:48:52+00:00
Standard Group,2.3.1.4.3,WLL.I.23,Identify cognates in the target language.,KG-12,2025-04-08T17:48:52+00:00
Standard,2.3.1.4.3.1,WLL.I.23.a,"Use cognates to help understand a simple song, video, or commercial in the target language.",KG-12,2025-04-08T17:48:52+00:00
Indicator,2.3.1.5,,**Interpretive Reading** Recognize letters or characters. Identify memorized words and phrases when read.,KG-12,2025-04-08T17:48:52+00:00
Standard Group,2.3.1.5.1,WLL.I.24,Recognize all phonetic writing systems.,KG-12,2025-04-08T17:48:52+00:00
Standard,2.3.1.5.1.1,WLL.I.24.a,Alphabetize names or words.,KG-12,2025-04-08T17:48:52+00:00
Standard,2.3.1.5.1.2,WLL.I.24.b,Match a character to a supporting visual.,KG-12,2025-04-08T17:48:52+00:00
Standard,2.3.1.5.1.3,WLL.I.24.c,Recite the sound associate with each character.,KG-12,2025-04-08T17:48:52+00:00
Standard Group,2.3.1.5.2,WLL.I.25,"Connect words, phrases, or characters to their meanings.",KG-12,2025-04-08T17:48:52+00:00
Standard,2.3.1.5.2.1,WLL.I.25.a,Recognize cities on a map.,KG-12,2025-04-08T17:48:52+00:00
Standard,2.3.1.5.2.2,WLL.I.25.b,Identify menu items.,KG-12,2025-04-08T17:48:52+00:00
Standard Group,2.3.1.5.3,WLL.I.26,Recognize the relationship between phonetic and logographic writing systems.,KG-12,2025-04-08T17:48:52+00:00
Standard,2.3.1.5.3.1,WLL.I.26.a,Recognize the relationship between the logographic characters and the phonetic writing system. (kanji and hiragana/katakana and hanzi and pinyin).,KG-12,2025-04-08T17:48:52+00:00
Standard,2.3.1.5.3.2,WLL.I.26.b,Match pictures to their corresponding logographic character.,KG-12,2025-04-08T17:48:52+00:00
Indicator,2.3.1.6,,**Investigation of Products and Practices** Identify products and practices of cultures.,KG-12,2025-04-08T17:48:52+00:00
Standard Group,2.3.1.6.1,WLL.I.27,Identify common products related to home and community life across cultures.,KG-12,2025-04-08T17:48:52+00:00
Standard,2.3.1.6.1.1,WLL.I.27.a,Identify geographical features of other countries.,KG-12,2025-04-08T17:48:52+00:00
Standard,2.3.1.6.1.2,WLL.I.27.b,Identify familiar landmarks.,KG-12,2025-04-08T17:48:52+00:00
Standard,2.3.1.6.1.3,WLL.I.27.c,Recognize traditional and popular songs.,KG-12,2025-04-08T17:48:52+00:00
Standard,2.3.1.6.1.4,WLL.I.27.d,"Recognize similarities and differences between the designs of houses, buildings, or towns.",KG-12,2025-04-08T17:48:52+00:00
Standard,2.3.1.6.1.5,WLL.I.27.e,"Identify specific locations to have a meal, purchase a ticket, or buy necessary items.",KG-12,2025-04-08T17:48:52+00:00
Standard,2.3.1.6.1.6,WLL.I.27.f,Recognize similarities and differences between a student’s schedule and that of a peer in another culture.,KG-12,2025-04-08T17:48:52+00:00
Standard Group,2.3.1.6.2,WLL.I.28,Identify common practices related to home and community life across cultures.,KG-12,2025-04-08T17:48:52+00:00
Standard,2.3.1.6.2.1,WLL.I.28.a,Identify common eating habits in the target culture.,KG-12,2025-04-08T17:48:52+00:00
Standard,2.3.1.6.2.2,WLL.I.28.b,Identify habits of dress in the target culture.,KG-12,2025-04-08T17:48:52+00:00
Standard,2.3.1.6.2.3,WLL.I.28.c,Express the time and date in the format of the target culture,KG-12,2025-04-08T17:48:52+00:00
Standard,2.3.1.6.2.4,WLL.I.28.d,Use appropriate holiday greetings.,KG-12,2025-04-08T17:48:52+00:00
Indicator,2.3.1.7,,**Understanding of Cultural Perspectives** Identify basic cultural beliefs and practices.,KG-12,2025-04-08T17:48:52+00:00
Standard Group,2.3.1.7.1,WLL.I.29,"Identify beliefs and values related to age, gender, social class, and ethnicity.",KG-12,2025-04-08T17:48:52+00:00
Standard,2.3.1.7.1.1,WLL.I.29.a,Express how people address each other differently based on age and social standing.,KG-12,2025-04-08T17:48:52+00:00
Standard,2.3.1.7.1.2,WLL.I.29.b,Recognize that appropriate dress is determined by cultural traditions.,KG-12,2025-04-08T17:48:52+00:00
Standard,2.3.1.7.1.3,WLL.I.29.c,"Recognize that gender and age can determine one’s role in a family, school, and the workplace.",KG-12,2025-04-08T17:48:52+00:00
Standard Group,2.3.1.7.2,WLL.I.20,Identify characteristics of national identity.,KG-12,2025-04-08T17:48:52+00:00
Standard,2.3.1.7.2.1,WLL.I.20.a,Identify elements of geography that define a nation.,KG-12,2025-04-08T17:48:52+00:00
Standard,2.3.1.7.2.2,WLL.I.20.b,Identify symbols that represent a nation.,KG-12,2025-04-08T17:48:52+00:00
Standard,2.3.1.7.2.3,WLL.I.20.c,Identify the importance of some historical events through their celebration on national holidays and monuments.,KG-12,2025-04-08T17:48:52+00:00
Standard,2.3.1.7.2.4,WLL.I.20.d,Identify major religions of a nation.,KG-12,2025-04-08T17:48:52+00:00
Standard Group,2.3.1.7.3,WLL.I.21,Identify ways in which cultures are globalized.,KG-12,2025-04-08T17:48:52+00:00
Standard,2.3.1.7.3.1,WLL.I.21.a,Identify similar leisure activities across cultures.,KG-12,2025-04-08T17:48:52+00:00
Standard,2.3.1.7.3.2,WLL.I.21.b,Identify familiar forms of dress across cultures.,KG-12,2025-04-08T17:48:52+00:00
Standard,2.3.1.7.3.3,WLL.I.21.c,Identify common dining establishments across cultures.,KG-12,2025-04-08T17:48:52+00:00
Standard,2.3.1.7.3.4,WLL.I.21.d,Identify examples of common technology use across cultures.,KG-12,2025-04-08T17:48:52+00:00
Indicator,2.3.1.8,,**Participation in Cultural Interaction** Function at a survival level in an authentic cultural context.,KG-12,2025-04-08T17:48:52+00:00
Standard Group,2.3.1.8.1,WLL.I.22,Function at a survival level in an authentic cultural context.,KG-12,2025-04-08T17:48:52+00:00
Standard,2.3.1.8.1.1,WLL.I.22.a,Imitate appropriate greetings.,KG-12,2025-04-08T17:48:52+00:00
Standard,2.3.1.8.1.2,WLL.I.22.b,Recognize and imitate table manners.,KG-12,2025-04-08T17:48:52+00:00
Standard,2.3.1.8.1.3,WLL.I.22.c,"Identify what is culturally appropriate to say when gift-giving in different situations, such as a birthday party, New Year’s, a wedding, etc.",KG-12,2025-04-08T17:48:52+00:00
Standard,2.3.1.8.1.4,WLL.I.22.d,Recognize and imitate culturally appropriate behavior in a restaurant or other public place.,KG-12,2025-04-08T17:48:52+00:00
Standard Group,2.3.1.8.2,WLL.I.23,Use memorized language and basic cultural knowledge to interact with others.,KG-12,2025-04-08T17:48:52+00:00
Standard,2.3.1.8.2.1,WLL.I.23.a,Ask and answer questions or make simple comments in a familiar cultural context such as a family event or a social event with peers.,KG-12,2025-04-08T17:48:52+00:00
Standard,2.3.1.8.2.2,WLL.I.23.b,"Understand and mention a general cultural reference such as a song or movie title, author, or composer in a conversation. Play a simple board or card game with friends.",KG-12,2025-04-08T17:48:52+00:00
Standard Group,2.3.1.8.3,WLL.I.24,"Use memorized language and basic cultural knowledge to accomplish simple, routine tasks.",KG-12,2025-04-08T17:48:52+00:00
Standard,2.3.1.8.3.1,WLL.I.24.a,"Use a city map, GPS, or signs to help navigate.",KG-12,2025-04-08T17:48:52+00:00
Standard,2.3.1.8.3.2,WLL.I.24.b,Recognize and imitate how people count and use money to make a purchase.,KG-12,2025-04-08T17:48:52+00:00
Standard,2.3.1.8.3.3,WLL.I.24.c,Follow a team’s win-loss record from a website.,KG-12,2025-04-08T17:48:52+00:00
Proficiency,2.3.2,,Level II,KG-12,2025-04-08T17:48:52+00:00
Indicator,2.3.2.1,,"**Interpersonal Communication** Communicate and exchange information about familiar topics using phrases and simple sentences, sometimes supported by memorized language. Usually handle short social interactions in everyday situations by asking and answering simple questions.",KG-12,2025-04-08T17:48:52+00:00
Standard Group,2.3.2.1.1,WLL.II.1,Exchange some personal information.,KG-12,2025-04-08T17:48:52+00:00
Standard,2.3.2.1.1.1,WLL.II.1.a,Ask and say a home address and e-mail address.,KG-12,2025-04-08T17:48:52+00:00
Standard,2.3.2.1.1.2,WLL.II.1.b,Ask and say someone’s nationality.,KG-12,2025-04-08T17:48:52+00:00
Standard,2.3.2.1.1.3,WLL.II.1.c,Ask and talk about family members and their characteristics.,KG-12,2025-04-08T17:48:52+00:00
Standard Group,2.3.2.1.2,WLL.II.2,"Exchange information using texts, graphs, or pictures.",KG-12,2025-04-08T17:48:52+00:00
Standard,2.3.2.1.2.1,WLL.II.2.a,Ask about and identify familiar things in a picture from a story.,KG-12,2025-04-08T17:48:52+00:00
Standard,2.3.2.1.2.2,WLL.II.2.b,Ask about and identify important information about the weather using a map.,KG-12,2025-04-08T17:48:52+00:00
Standard,2.3.2.1.2.3,WLL.II.2.c,"Ask and respond to simple questions about dates, times, places, and events on schedules, posters and tickets.",KG-12,2025-04-08T17:48:52+00:00
Standard,2.3.2.1.2.4,WLL.II.2.d,"Ask about and discuss friends, classmates, teachers, or co-workers.",KG-12,2025-04-08T17:48:52+00:00
Standard Group,2.3.2.1.3,WLL.II.3,Ask for and give simple directions.,KG-12,2025-04-08T17:48:52+00:00
Standard,2.3.2.1.3.1,WLL.II.3.a,Ask for directions to a place.,KG-12,2025-04-08T17:48:52+00:00
Standard,2.3.2.1.3.2,WLL.II.3.b,"Give basic directions such as go straight, turn left, or turn right.",KG-12,2025-04-08T17:48:52+00:00
Standard,2.3.2.1.3.3,WLL.II.3.c,"Tell someone where something is located such as next to, across from, or in the middle of.",KG-12,2025-04-08T17:48:52+00:00
Standard Group,2.3.2.1.4,WLL.II.4,Make plans with others.,KG-12,2025-04-08T17:48:52+00:00
Standard,2.3.2.1.4.1,WLL.II.4.a,Accept or reject an invitation to do something or go somewhere.,KG-12,2025-04-08T17:48:52+00:00
Standard,2.3.2.1.4.2,WLL.II.4.b,Invite and make plans with someone to do something or go somewhere.,KG-12,2025-04-08T17:48:52+00:00
Standard,2.3.2.1.4.3,WLL.II.4.c,"Exchange information about where to go, such as to the store, the movie theatre, a concert, a restaurant, the lab, or when to meet.",KG-12,2025-04-08T17:48:52+00:00
Standard Group,2.3.2.1.5,WLL.II.5,Interact with others in everyday situations.,KG-12,2025-04-08T17:48:52+00:00
Standard,2.3.2.1.5.1,WLL.II.5.a,Order a meal.,KG-12,2025-04-08T17:48:52+00:00
Standard,2.3.2.1.5.2,WLL.II.5.b,Make a purchase.,KG-12,2025-04-08T17:48:52+00:00
Standard,2.3.2.1.5.3,WLL.II.5.c,Buy a ticket.,KG-12,2025-04-08T17:48:52+00:00
Indicator,2.3.2.2,,"**Presentational Speaking** Present information about self and some other very familiar topics using a variety of words, phrases and memorized expressions.",KG-12,2025-04-08T17:48:52+00:00
Standard Group,2.3.2.2.1,WLL.II.6,Present information about self and others using words and phrases.,KG-12,2025-04-08T17:48:52+00:00
Standard,2.3.2.2.1.1,WLL.II.6.a,Describe physical characteristics of self or others.,KG-12,2025-04-08T17:48:52+00:00
Standard,2.3.2.2.1.2,WLL.II.6.b,Describe personality traits of self or others.,KG-12,2025-04-08T17:48:52+00:00
Standard Group,2.3.2.2.2,WLL.II.7,"Express likes and dislikes using words, phrases, and memorized expressions.",KG-12,2025-04-08T17:48:52+00:00
Standard,2.3.2.2.2.1,WLL.II.7.a,State sports preferences.,KG-12,2025-04-08T17:48:52+00:00
Standard,2.3.2.2.2.2,WLL.II.7.b,List free-time activity preferences.,KG-12,2025-04-08T17:48:52+00:00
Standard,2.3.2.2.2.3,WLL.II.7.c,State food and drink preferences.,KG-12,2025-04-08T17:48:52+00:00
Standard Group,2.3.2.2.3,WLL.II.8,Present information about familiar items in the immediate environment.,KG-12,2025-04-08T17:48:52+00:00
Standard,2.3.2.2.3.1,WLL.II.8.a,Talk about own home.,KG-12,2025-04-08T17:48:52+00:00
Standard,2.3.2.2.3.2,WLL.II.8.b,Talk about own school or workplace.,KG-12,2025-04-08T17:48:52+00:00
Standard,2.3.2.2.3.3,WLL.II.8.c,Talk about own room or office and the possessions in it.,KG-12,2025-04-08T17:48:52+00:00
Standard,2.3.2.2.3.4,WLL.II.8.d,"Present basic information about own community, town/city, state, or country.",KG-12,2025-04-08T17:48:52+00:00
Standard Group,2.3.2.2.4,WLL.II.9,"Talk about daily activities using words, phrases, and memorized expressions.",KG-12,2025-04-08T17:48:52+00:00
Standard,2.3.2.2.4.1,WLL.II.9.a,List classes and tell what time they start and end.,KG-12,2025-04-08T17:48:52+00:00
Standard,2.3.2.2.4.2,WLL.II.9.b,Name activities and the times they occur in a daily schedule.,KG-12,2025-04-08T17:48:52+00:00
Standard,2.3.2.2.4.3,WLL.II.9.c,Talk about weekend activities.,KG-12,2025-04-08T17:48:52+00:00
Standard Group,2.3.2.2.5,WLL.II.10,"Present simple information about something learned using words, phrases, and memorized expressions.",KG-12,2025-04-08T17:48:52+00:00
Standard,2.3.2.2.5.1,WLL.II.10.a,Talk about holiday celebrations based on pictures or photos.,KG-12,2025-04-08T17:48:52+00:00
Standard,2.3.2.2.5.2,WLL.II.10.b,Name the main cities on a map.,KG-12,2025-04-08T17:48:52+00:00
Standard,2.3.2.2.5.3,WLL.II.10.c,"Talk about past, present, and future weekend activities.",KG-12,2025-04-08T17:48:52+00:00
Indicator,2.3.2.3,,**Presentational Writing** Write lists and memorized phrases on familiar topics.,KG-12,2025-04-08T17:48:52+00:00
Standard Group,2.3.2.3.1,WLL.II.11,Fill out a simple form with some basic personal information.,KG-12,2025-04-08T17:48:52+00:00
Standard,2.3.2.3.1.1,WLL.II.11.a,"Fill out a form with name, address, phone number, birth date, and nationality.",KG-12,2025-04-08T17:48:52+00:00
Standard,2.3.2.3.1.2,WLL.II.11.b,Complete a simple online form.,KG-12,2025-04-08T17:48:52+00:00
Standard,2.3.2.3.1.3,WLL.II.11.c,Fill out a simple schedule.,KG-12,2025-04-08T17:48:52+00:00
Standard Group,2.3.2.3.2,WLL.II.12,Write about self using learned phrases and memorized expressions.,KG-12,2025-04-08T17:48:52+00:00
Standard,2.3.2.3.2.1,WLL.II.12.a,"Write name, home address, and e-mail address.",KG-12,2025-04-08T17:48:52+00:00
Standard,2.3.2.3.2.2,WLL.II.12.b,Write numbers such as a phone number.,KG-12,2025-04-08T17:48:52+00:00
Standard,2.3.2.3.2.3,WLL.II.12.c,Write the date and the day of the week.,KG-12,2025-04-08T17:48:52+00:00
Standard,2.3.2.3.2.4,WLL.II.12.d,Write the months and the seasons.,KG-12,2025-04-08T17:48:52+00:00
Standard Group,2.3.2.3.3,WLL.II.13,List daily activities and write lists that help in day-to-day life.,KG-12,2025-04-08T17:48:52+00:00
Standard,2.3.2.3.3.1,WLL.II.13.a,Label activities and their times in a daily schedule.,KG-12,2025-04-08T17:48:52+00:00
Standard,2.3.2.3.3.2,WLL.II.13.b,Write about weekend activities.,KG-12,2025-04-08T17:48:52+00:00
Standard,2.3.2.3.3.3,WLL.II.13.c,Write a to-do list.,KG-12,2025-04-08T17:48:52+00:00
Standard,2.3.2.3.3.4,WLL.II.13.d,Write a shopping list.,KG-12,2025-04-08T17:48:52+00:00
Standard Group,2.3.2.3.4,WLL.II.14,"Write notes using lists, phrases, and memorized expressions.",KG-12,2025-04-08T17:48:52+00:00
Standard,2.3.2.3.4.1,WLL.II.14.a,List the main cities of a specific country.,KG-12,2025-04-08T17:48:52+00:00
Standard,2.3.2.3.4.2,WLL.II.14.b,Write the phrases and memorized expressions connected with holiday wishes and celebrations in a specific country.,KG-12,2025-04-08T17:48:52+00:00
Standard,2.3.2.3.4.3,WLL.II.14.c,Create a list of topics or categories using previously learned vocabulary.,KG-12,2025-04-08T17:48:52+00:00
Standard,2.3.2.3.4.4,WLL.II.14.d,Summarize a phone message or a classroom activity.,KG-12,2025-04-08T17:48:52+00:00
Indicator,2.3.2.4,,**Interpretive Listening** Recognize some familiar words and phrases when heard.,KG-12,2025-04-08T17:48:52+00:00
Standard Group,2.3.2.4.1,WLL.II.15,Understand a few courtesy phrases.,KG-12,2025-04-08T17:48:52+00:00
Standard,2.3.2.4.1.1,WLL.II.15.a,Understand greetings.,KG-12,2025-04-08T17:48:52+00:00
Standard,2.3.2.4.1.2,WLL.II.15.b,Understand when people express thanks.,KG-12,2025-04-08T17:48:52+00:00
Standard,2.3.2.4.1.3,WLL.II.15.c,Understand when people introduce themselves.,KG-12,2025-04-08T17:48:52+00:00
Standard,2.3.2.4.1.4,WLL.II.15.d,Understand when someone asks for a name.,KG-12,2025-04-08T17:48:52+00:00
Standard Group,2.3.2.4.2,WLL.II.16,Recognize and understand basic information in memorized words and phrases.,KG-12,2025-04-08T17:48:52+00:00
Standard,2.3.2.4.2.1,WLL.II.16.a,Understand days of the week and the time.,KG-12,2025-04-08T17:48:52+00:00
Standard,2.3.2.4.2.2,WLL.II.16.b,Recognize a date.,KG-12,2025-04-08T17:48:52+00:00
Standard,2.3.2.4.2.3,WLL.II.16.c,Recognize some common weather expressions.,KG-12,2025-04-08T17:48:52+00:00
Standard Group,2.3.2.4.3,WLL.II.17,Recognize and understand words and phrases learned for specific purposes.,KG-12,2025-04-08T17:48:52+00:00
Standard,2.3.2.4.3.1,WLL.II.17.a,Recognize the names of the planets in a science class.,KG-12,2025-04-08T17:48:52+00:00
Standard,2.3.2.4.3.2,WLL.II.17.b,Recognize the names of parts of the body in a health or fitness class.,KG-12,2025-04-08T17:48:52+00:00
Indicator,2.3.2.5,,**Interpretive Reading** Recognize some letters or characters. Understand some learned or memorized words and phrases when read.,KG-12,2025-04-08T17:48:52+00:00
Standard Group,2.3.2.5.1,WLL.II.18,"Recognize words, phrases, and characters with the help of visuals.",KG-12,2025-04-08T17:48:52+00:00
Standard,2.3.2.5.1.1,WLL.II.18.a,Recognize entrance and exit signs.,KG-12,2025-04-08T17:48:52+00:00
Standard,2.3.2.5.1.2,WLL.II.18.b,Identify family member words on a family tree.,KG-12,2025-04-08T17:48:52+00:00
Standard,2.3.2.5.1.3,WLL.II.18.c,Identify healthy nutritional categories.,KG-12,2025-04-08T17:48:52+00:00
Standard,2.3.2.5.1.4,WLL.II.18.d,Identify the simple labels on a science-related graph.,KG-12,2025-04-08T17:48:52+00:00
Standard Group,2.3.2.5.2,WLL.II.19,"Recognize words, phrases, and characters when associated with things already known.",KG-12,2025-04-08T17:48:52+00:00
Standard,2.3.2.5.2.1,WLL.II.19.a,"Check off words or phrases on a to-do list, grocery list, or scavenger hunt list.",KG-12,2025-04-08T17:48:52+00:00
Standard,2.3.2.5.2.2,WLL.II.19.b,Identify labeled aisles in a supermarket.,KG-12,2025-04-08T17:48:52+00:00
Standard,2.3.2.5.2.3,WLL.II.19.c,Choose a restaurant from an online list of local eateries.,KG-12,2025-04-08T17:48:52+00:00
Standard,2.3.2.5.2.4,WLL.II.19.d,Identify scores from sports teams based on recognition of team names and logos.,KG-12,2025-04-08T17:48:52+00:00
Standard,2.3.2.5.2.5,WLL.II.19.e,"Identify artists, titles, and music genres.",KG-12,2025-04-08T17:48:52+00:00
Standard,2.3.2.5.2.6,WLL.II.19.f,Identify the names of classes and instructors in a school schedule.,KG-12,2025-04-08T17:48:52+00:00
Indicator,2.3.2.6,,**Investigation of Products and Practices** Identify products and practices of cultures.,KG-12,2025-04-08T17:48:52+00:00
Standard Group,2.3.2.6.1,WLL.II.20,Identify common products related to home and community life across cultures.,KG-12,2025-04-08T17:48:52+00:00
Standard,2.3.2.6.1.1,WLL.II.20.a,Identify geographical features of other countries.,KG-12,2025-04-08T17:48:52+00:00
Standard,2.3.2.6.1.2,WLL.II.20.b,Identify familiar landmarks.,KG-12,2025-04-08T17:48:52+00:00
Standard,2.3.2.6.1.3,WLL.II.20.c,Recognize traditional and popular songs.,KG-12,2025-04-08T17:48:52+00:00
Standard,2.3.2.6.1.4,WLL.II.20.d,"Recognize similarities and differences between the designs of houses, buildings or towns.",KG-12,2025-04-08T17:48:52+00:00
Standard,2.3.2.6.1.5,WLL.II.20.e,"Identify specific locations to have a meal, purchase a ticket, or buy something needed.",KG-12,2025-04-08T17:48:52+00:00
Standard,2.3.2.6.1.6,WLL.II.20.f,Compare and contrast similarities and differences between a student’s daily schedule and that of a peer in another culture.,KG-12,2025-04-08T17:48:52+00:00
Standard Group,2.3.2.6.2,WLL.II.21,Identify common practices related to home and community life across cultures.,KG-12,2025-04-08T17:48:52+00:00
Standard,2.3.2.6.2.1,WLL.II.21.a,Identify common eating habits in the target culture.,KG-12,2025-04-08T17:48:52+00:00
Standard,2.3.2.6.2.2,WLL.II.21.b,Identify habits of dress in the target culture.,KG-12,2025-04-08T17:48:52+00:00
Standard,2.3.2.6.2.3,WLL.II.21.c,Express the time and date in the format of the target culture.,KG-12,2025-04-08T17:48:52+00:00
Standard,2.3.2.6.2.4,WLL.II.21.d,Use the appropriate holiday greetings.,KG-12,2025-04-08T17:48:52+00:00
Indicator,2.3.2.7,,**Understanding of Cultural Perspectives** Identify basic cultural beliefs and practices.,KG-12,2025-04-08T17:48:52+00:00
Standard Group,2.3.2.7.1,WLL.II.22,"Identify beliefs and values related to age, gender, social class and ethnicity.",KG-12,2025-04-08T17:48:52+00:00
Standard,2.3.2.7.1.1,WLL.II.22.a,Tell the way people address each other differently based on age and social standing.,KG-12,2025-04-08T17:48:52+00:00
Standard,2.3.2.7.1.2,WLL.II.22.b,Recognize that appropriate dress is determined by cultural traditions.,KG-12,2025-04-08T17:48:52+00:00
Standard,2.3.2.7.1.3,WLL.II.22.c,"Recognize that gender and age can determine one’s role in a family, school, and the workplace.",KG-12,2025-04-08T17:48:52+00:00
Standard Group,2.3.2.7.2,WLL.II.23,Identify characteristics of national identity.,KG-12,2025-04-08T17:48:52+00:00
Standard,2.3.2.7.2.1,WLL.II.23.a,Identify elements of geography that define a nation.,KG-12,2025-04-08T17:48:52+00:00
Standard,2.3.2.7.2.2,WLL.II.23.b,Identify symbols that represent a nation.,KG-12,2025-04-08T17:48:52+00:00
Standard,2.3.2.7.2.3,WLL.II.23.c,Identify the importance of historical events through the celebration of national holidays and the monuments.,KG-12,2025-04-08T17:48:52+00:00
Standard,2.3.2.7.2.4,WLL.II.23.d,Identify major religions of a nation.,KG-12,2025-04-08T17:48:52+00:00
Standard Group,2.3.2.7.3,WLL.II.24,Identify ways in which cultures are globalized.,KG-12,2025-04-08T17:48:52+00:00
Standard,2.3.2.7.3.1,WLL.II.24.a,Identify similar leisure activities across cultures.,KG-12,2025-04-08T17:48:52+00:00
Standard,2.3.2.7.3.2,WLL.II.24.b,Identify familiar forms of dress across cultures.,KG-12,2025-04-08T17:48:52+00:00
Standard,2.3.2.7.3.3,WLL.II.24.c,Identify common dining establishments across cultures.,KG-12,2025-04-08T17:48:52+00:00
Standard,2.3.2.7.3.4,WLL.II.24.d,Identify examples of common technology use across cultures.,KG-12,2025-04-08T17:48:52+00:00
Indicator,2.3.2.8,,**Participation in Cultural Interaction** Function at a survival level in an authentic cultural context.,KG-12,2025-04-08T17:48:52+00:00
Standard Group,2.3.2.8.1,WLL.II.25,Function at a survival level in an authentic cultural context.,KG-12,2025-04-08T17:48:52+00:00
Standard,2.3.2.8.1.1,WLL.II.25.a,Imitate appropriate greetings.,KG-12,2025-04-08T17:48:52+00:00
Standard,2.3.2.8.1.2,WLL.II.25.b,Recognize and imitate table manners.,KG-12,2025-04-08T17:48:52+00:00
Standard,2.3.2.8.1.3,WLL.II.25.c,"Use culturally appropriate phrases for gift giving in different situations, such as a birthday party, New Year’s, a wedding, etc.",KG-12,2025-04-08T17:48:52+00:00
Standard,2.3.2.8.1.4,WLL.II.25.d,Recognize and imitate culturally appropriate behavior in a restaurant or other public place.,KG-12,2025-04-08T17:48:52+00:00
Standard Group,2.3.2.8.2,WLL.II.26,Use memorized language and cultural knowledge to interact with others.,KG-12,2025-04-08T17:48:52+00:00
Standard,2.3.2.8.2.1,WLL.II.26.a,Ask and answer questions or make simple comments in a familiar cultural context such as a family event or a social event with peers.,KG-12,2025-04-08T17:48:52+00:00
Standard,2.3.2.8.2.2,WLL.II.26.b,"Understand and mention a general cultural reference such as a song or movie title, author, or composer in a conversation.",KG-12,2025-04-08T17:48:52+00:00
Standard,2.3.2.8.2.3,WLL.II.26.c,Play a simple board or card game with friends.,KG-12,2025-04-08T17:48:52+00:00
Standard Group,2.3.2.8.3,WLL.II.27,"Use memorized language and basic cultural knowledge to accomplish simple, routine tasks.",KG-12,2025-04-08T17:48:52+00:00
Standard,2.3.2.8.3.1,WLL.II.27.a,"Use a city map, GPS, or signs to navigate.",KG-12,2025-04-08T17:48:52+00:00
Standard,2.3.2.8.3.2,WLL.II.27.b,Recognize and imitate how people count and use money in order to make a purchase.,KG-12,2025-04-08T17:48:52+00:00
Standard,2.3.2.8.3.3,WLL.II.27.c,Follow a team’s win-loss record from a website.,KG-12,2025-04-08T17:48:52+00:00
Content Area,2.4,,American Sign Language,KG-12,2025-04-08T17:48:52+00:00
Proficiency,2.4.1,,Level I,KG-12,2025-04-08T17:48:52+00:00
Indicator,2.4.1.1,,**Interactive (Interpersonal) Communication**,KG-12,2025-04-08T17:48:52+00:00
Standard Group,2.4.1.1.1,ASL.I.1,Greet and leave people in a polite way.,KG-12,2025-04-08T17:48:52+00:00
Standard,2.4.1.1.1.1,ASL.I.1.a,Sign hello and goodbye to a peer.,KG-12,2025-04-08T17:48:52+00:00
Standard,2.4.1.1.1.2,ASL.I.1.b,"Sign hello and goodbye to a teacher, supervisor, or stranger.",KG-12,2025-04-08T17:48:52+00:00
Standard Group,2.4.1.1.2,ASL.I.2,Make and respond to introductions using appropriate spatial agreement.,KG-12,2025-04-08T17:48:52+00:00
Standard,2.4.1.1.2.1,ASL.I.2.a,Introduce self.,KG-12,2025-04-08T17:48:52+00:00
Standard,2.4.1.1.2.2,ASL.I.2.b,Introduce someone else.,KG-12,2025-04-08T17:48:52+00:00
Standard,2.4.1.1.2.3,ASL.I.2.c,Respond to an introduction.,KG-12,2025-04-08T17:48:52+00:00
Standard Group,2.4.1.1.3,ASL.I.3,Ask and answer a variety of simple questions.,KG-12,2025-04-08T17:48:52+00:00
Standard,2.4.1.1.3.1,ASL.I.3.a,Respond to yes/no questions.,KG-12,2025-04-08T17:48:52+00:00
Standard,2.4.1.1.3.2,ASL.I.3.b,Answer either/or questions.,KG-12,2025-04-08T17:48:52+00:00
Standard,2.4.1.1.3.3,ASL.I.3.c,"Respond to who, what, when, and where questions.",KG-12,2025-04-08T17:48:52+00:00
Standard,2.4.1.1.3.4,ASL.I.3.d,Answer questions about likes and dislikes.,KG-12,2025-04-08T17:48:52+00:00
Standard,2.4.1.1.3.5,ASL.I.3.e,Answer questions about personal needs.,KG-12,2025-04-08T17:48:52+00:00
Standard,2.4.1.1.3.6,ASL.I.3.f,Respond to courtesies.,KG-12,2025-04-08T17:48:52+00:00
Standard Group,2.4.1.1.4,ASL.I.4,Make simple requests.,KG-12,2025-04-08T17:48:52+00:00
Standard,2.4.1.1.4.1,ASL.I.4.a,Ask someone to repeat.,KG-12,2025-04-08T17:48:52+00:00
Standard,2.4.1.1.4.2,ASL.I.4.b,Ask someone for help.,KG-12,2025-04-08T17:48:52+00:00
Standard Group,2.4.1.1.5,ASL.I.5,Communicate basic information about self and familiar people.,KG-12,2025-04-08T17:48:52+00:00
Standard,2.4.1.1.5.1,ASL.I.5.a,Sign name and ask someone’s name.,KG-12,2025-04-08T17:48:52+00:00
Standard,2.4.1.1.5.2,ASL.I.5.b,Sign something about family members and ask about someone’s family.,KG-12,2025-04-08T17:48:52+00:00
Standard,2.4.1.1.5.3,ASL.I.5.c,"Sign something about friends, classmates, or co-workers.",KG-12,2025-04-10T17:06:02+00:00
Standard Group,2.4.1.1.6,ASL.I.6,Communicate basic information about everyday life.,KG-12,2025-04-08T17:48:52+00:00
Standard,2.4.1.1.6.1,ASL.I.6.a,"Give times, dates and weather information.",KG-12,2025-04-08T17:48:52+00:00
Standard,2.4.1.1.6.2,ASL.I.6.b,"Sign about foods eaten, topics learned, and actions taken.",KG-12,2025-04-08T17:48:52+00:00
Standard,2.4.1.1.6.3,ASL.I.6.c,Sign about familiar places.,KG-12,2025-04-08T17:48:52+00:00
Standard,2.4.1.1.6.4,ASL.I.6.d,Ask and understand how much something costs.,KG-12,2025-04-08T17:48:52+00:00
Standard,2.4.1.1.6.5,ASL.I.6.e,Tell someone the time and location of an event.,KG-12,2025-04-08T17:48:52+00:00
Standard Group,2.4.1.1.7,ASL.I.7,Communicate need for clarification of signed or written information on familiar topics.,KG-12,2025-04-08T17:48:52+00:00
Standard,2.4.1.1.7.1,ASL.I.7.a,Ask for further details on a lecture.,KG-12,2025-04-08T17:48:52+00:00
Standard,2.4.1.1.7.2,ASL.I.7.b,Ask the meaning of unfamiliar words.,KG-12,2025-04-08T17:48:52+00:00
Indicator,2.4.1.2,,**Expressive (Presentational) Communication**,KG-12,2025-04-08T17:48:52+00:00
Standard Group,2.4.1.2.1,ASL.I.8,Recite learned signs and phrases.,KG-12,2025-04-08T17:48:52+00:00
Standard,2.4.1.2.1.1,ASL.I.8.a,Recite numbers from 1-100.,KG-12,2025-04-08T17:48:52+00:00
Standard,2.4.1.2.1.2,ASL.I.8.b,Sign the date and day of the week.,KG-12,2025-04-08T17:48:52+00:00
Standard,2.4.1.2.1.3,ASL.I.8.c,List the months and seasons.,KG-12,2025-04-08T17:48:52+00:00
Standard Group,2.4.1.2.2,ASL.I.9,"State the names of familiar people, places, and objects in pictures using words or memorized phrases.",KG-12,2025-04-08T17:48:52+00:00
Standard,2.4.1.2.2.1,ASL.I.9.a,Name famous landmarks and people.,KG-12,2025-04-08T17:48:52+00:00
Standard,2.4.1.2.2.2,ASL.I.9.b,Name countries on a map.,KG-12,2025-04-08T17:48:52+00:00
Standard,2.4.1.2.2.3,ASL.I.9.c,List items seen every day.,KG-12,2025-04-08T17:48:52+00:00
Standard Group,2.4.1.2.3,ASL.I.10,Introduce self to a group.,KG-12,2025-04-08T17:48:52+00:00
Standard,2.4.1.2.3.1,ASL.I.10.a,"State name, age and location of home (e.f., town, region, state).",KG-12,2025-04-08T17:48:52+00:00
Standard,2.4.1.2.3.2,ASL.I.10.b,"Give phone number, home address, and e-mail address.",KG-12,2025-04-08T17:48:52+00:00
Indicator,2.4.1.3,,**Receptive (Interpretive) Communication**,KG-12,2025-04-08T17:48:52+00:00
Standard Group,2.4.1.3.1,ASL.I.11,Identify the parameters of a sign.,KG-12,2025-04-08T17:48:52+00:00
Standard,2.4.1.3.1.1,ASL.I.11.a,Recognize the handshape of some signs.,KG-12,2025-04-08T17:48:52+00:00
Standard,2.4.1.3.1.2,ASL.I.11.b,Recognize the palm orientation of some signs.,KG-12,2025-04-08T17:48:52+00:00
Standard,2.4.1.3.1.3,ASL.I.11.c,Recognize the movement of some signs.,KG-12,2025-04-08T17:48:52+00:00
Standard,2.4.1.3.1.4,ASL.I.11.d,Recognize the location of some signs.,KG-12,2025-04-08T17:48:52+00:00
Standard Group,2.4.1.3.2,ASL.I.12,"Understand isolated, memorized signs in authentic language samples.",KG-12,2025-04-08T17:48:52+00:00
Standard,2.4.1.3.2.1,ASL.I.12.a,Understand greetings.,KG-12,2025-04-08T17:48:52+00:00
Standard,2.4.1.3.2.2,ASL.I.12.b,Recognize colors.,KG-12,2025-04-08T17:48:52+00:00
Standard,2.4.1.3.2.3,ASL.I.12.c,Understand numbers.,KG-12,2025-04-08T17:48:52+00:00
Standard,2.4.1.3.2.4,ASL.I.12.d,Understand food items.,KG-12,2025-04-08T17:48:52+00:00
Standard Group,2.4.1.3.3,ASL.I.13,Understand courtesy phrases.,KG-12,2025-04-08T17:48:52+00:00
Standard,2.4.1.3.3.1,ASL.I.13.a,Understand when people express thanks.,KG-12,2025-04-08T17:48:52+00:00
Standard,2.4.1.3.3.2,ASL.I.13.b,Understand when people introduce themselves.,KG-12,2025-04-08T17:48:52+00:00
Standard,2.4.1.3.3.3,ASL.I.13.c,Understand when people ask for someone’s name.,KG-12,2025-04-08T17:48:52+00:00
Standard Group,2.4.1.3.4,ASL.I.14,Comprehend main ideas using basic vocabulary on familiar topics.,KG-12,2025-04-08T17:48:52+00:00
Standard,2.4.1.3.4.1,ASL.I.14.a,"Understand descriptions of people, places, and things.",KG-12,2025-04-08T17:48:52+00:00
Standard,2.4.1.3.4.2,ASL.I.14.b,Identify characters in an authentic language narrative.,KG-12,2025-04-08T17:48:52+00:00
Standard Group,2.4.1.3.5,ASL.I.15,"Follow short simple directions, commands, and instructions.",KG-12,2025-04-08T17:48:52+00:00
Standard,2.4.1.3.5.1,ASL.I.15.a,Follow classroom commands to complete a task.,KG-12,2025-04-08T17:48:52+00:00
Standard,2.4.1.3.5.2,ASL.I.15.b,"Follow directions to go to the school office, library, cafeteria, etc.",KG-12,2025-04-08T17:48:52+00:00
Standard Group,2.4.1.3.6,ASL.I.16,"Read, listen to, and comprehend simple texts on familiar topics.",KG-12,2025-04-08T17:48:52+00:00
Standard,2.4.1.3.6.1,ASL.I.16.a,Understand short stories.,KG-12,2025-04-08T17:48:52+00:00
Standard,2.4.1.3.6.2,ASL.I.16.b,Understand short poems.,KG-12,2025-04-08T17:48:52+00:00
Standard,2.4.1.3.6.3,ASL.I.16.c,Understand short informational texts.,KG-12,2025-04-08T17:48:52+00:00
Indicator,2.4.1.4,,**Investigation of Products and Practices**,KG-12,2025-04-08T17:48:52+00:00
Standard,2.4.1.4.1,ASL.I.17,"Identify beliefs, values, and customs of the Deaf community.",KG-12,2025-04-08T17:48:52+00:00
Standard,2.4.1.4.2,ASL.I.18,Demonstrate an awareness of Deaf heritage and identify major historical events and persons from the Deaf culture.,KG-12,2025-04-08T17:48:52+00:00
Standard,2.4.1.4.3,ASL.I.19,Identify and discuss the contributions of linguists and pioneers of the language and culture.,KG-12,2025-04-08T17:48:52+00:00
Standard,2.4.1.4.4,ASL.I.20,"Explore the artistic, scientific, and philosophical contributions of ASL users to society (e.f., Alexander Graham Bell, Edward Minor Gallaudet, Laurent Clerc, National Theatre of the Deaf, Deaf Way).",KG-12,2025-04-08T17:48:52+00:00
Standard,2.4.1.4.5,ASL.I.21,"Identify and understand the significance of ASL, objects, images, products, and symbols of the Deaf culture.",KG-12,2025-04-08T17:48:52+00:00
Indicator,2.4.1.5,,**Understanding of Cultural Perspectives**,KG-12,2025-04-08T17:48:52+00:00
Standard,2.4.1.5.1,ASL.I.22,"Recognize themes, ideas, and/or perspectives of the Deaf culture (e.f., folklore, Deaf humor, ABC stories).",KG-12,2025-04-08T17:48:52+00:00
Standard,2.4.1.5.2,ASL.I.23,"Give examples of the various commonly held historical beliefs about the Deaf culture (e.f., location and types of educational opportunities, impact of the various methodologies, listening devices).",KG-12,2025-04-08T17:48:52+00:00
Standard,2.4.1.5.3,ASL.I.24,"Recognize behaviors that are unique to the Deaf culture (e.f., hugs, eye contact, personal space).",KG-12,2025-04-08T17:48:52+00:00
Indicator,2.4.1.6,,**Participation in Cultural Interaction**,KG-12,2025-04-08T17:48:52+00:00
Standard,2.4.1.6.1,ASL.I.25,"Locate resources for the Deaf and recognize the potential of ASL (e.f., ASL clubs and organizations, Deaf education, deaf-related careers).",KG-12,2025-04-08T17:48:52+00:00
Standard,2.4.1.6.2,ASL.I.26,"Present information to people locally and around the world (e.f., Deaf Awareness, Deaf Heritage).",KG-12,2025-04-08T17:48:52+00:00
Standard,2.4.1.6.3,ASL.I.27,"Identify opportunities to use ASL for enjoyment (e.f., fingerspelling games, no-voice allowed class period, cultural/social activities, and interpreted performances).",KG-12,2025-04-08T17:48:52+00:00
Standard,2.4.1.6.4,ASL.I.28,Locate and participate in activities in which the ability to communicate in ASL may be beneficial to schools and communities.,KG-12,2025-04-08T17:48:52+00:00
Proficiency,2.4.2,,Level II,KG-12,2025-04-08T17:48:52+00:00
Indicator,2.4.2.1,,**Interactive (Interpersonal) Communication**,KG-12,2025-04-08T17:48:52+00:00
Standard Group,2.4.2.1.1,ASL.II.1,Exchange some personal information.,KG-12,2025-04-08T17:48:52+00:00
Standard,2.4.2.1.1.1,ASL.II.1.a,Ask and give home address and e-mail address.,KG-12,2025-04-08T17:48:52+00:00
Standard,2.4.2.1.1.2,ASL.II.1.b,Ask and give someone’s nationality.,KG-12,2025-04-08T17:48:52+00:00
Standard,2.4.2.1.1.3,ASL.II.1.c,Ask and give characteristics of family members.,KG-12,2025-04-08T17:48:52+00:00
Standard,2.4.2.1.1.4,ASL.II.1.d,"Ask and give descriptions of friends, classmates, teachers, or co-workers.",KG-12,2025-04-08T17:48:52+00:00
Standard Group,2.4.2.1.2,ASL.II.2,Discuss opinions about personal experiences and other familiar topics.,KG-12,2025-04-08T17:48:52+00:00
Standard,2.4.2.1.2.1,ASL.II.2.a,Discuss a favorite restaurant.,KG-12,2025-04-08T17:48:52+00:00
Standard,2.4.2.1.2.2,ASL.II.2.b,Discuss favorite leisure activities.,KG-12,2025-04-08T17:48:52+00:00
Standard,2.4.2.1.2.3,ASL.II.2.c,Discuss an opinion on school uniforms.,KG-12,2025-04-08T17:48:52+00:00
Standard Group,2.4.2.1.3,ASL.II.3,Negotiate meaning of signed information to reach an understanding.,KG-12,2025-04-08T17:48:52+00:00
Standard,2.4.2.1.3.1,ASL.II.3.a,Determine meaning based on context.,KG-12,2025-04-08T17:48:52+00:00
Standard,2.4.2.1.3.2,ASL.II.3.b,Ask for clarification of a particular sign.,KG-12,2025-04-08T17:48:52+00:00
Standard Group,2.4.2.1.4,ASL.II.4,Ask for and give simple directions.,KG-12,2025-04-08T17:48:52+00:00
Standard,2.4.2.1.4.1,ASL.II.4.a,Ask for directions to a particular place.,KG-12,2025-04-08T17:48:52+00:00
Standard,2.4.2.1.4.2,ASL.II.4.b,Tell someone how to get from one place to another.,KG-12,2025-04-08T17:48:52+00:00
Standard,2.4.2.1.4.3,ASL.II.4.c,Tell someone where something is located.,KG-12,2025-04-08T17:48:52+00:00
Standard Group,2.4.2.1.5,ASL.II.5,Interact with others in everyday situations.,KG-12,2025-04-08T17:48:52+00:00
Standard,2.4.2.1.5.1,ASL.II.5.a,Order a meal.,KG-12,2025-04-08T17:48:52+00:00
Standard,2.4.2.1.5.2,ASL.II.5.b,Make a purchase.,KG-12,2025-04-08T17:48:52+00:00
Standard,2.4.2.1.5.3,ASL.II.5.c,Buy a ticket.,KG-12,2025-04-08T17:48:52+00:00
Standard Group,2.4.2.1.6,ASL.II.6,Make plans with others.,KG-12,2025-04-08T17:48:52+00:00
Standard,2.4.2.1.6.1,ASL.II.6.a,Accept or reject an invitation to do something or go somewhere.,KG-12,2025-04-08T17:48:52+00:00
Standard,2.4.2.1.6.2,ASL.II.6.b,Invite and make plans with someone to do something or go somewhere.,KG-12,2025-04-08T17:48:52+00:00
Standard,2.4.2.1.6.3,ASL.II.6.c,"Exchange information about where to go such as the store, the movie theatre, a concert, a restaurant, the lab, or when to meet.",KG-12,2025-04-08T17:48:52+00:00
Indicator,2.4.2.2,,**Expressive (Presentational) Communication**,KG-12,2025-04-08T17:48:52+00:00
Standard Group,2.4.2.2.1,ASL.II.7,Present information about self and others using words and phrases.,KG-12,2025-04-08T17:48:52+00:00
Standard,2.4.2.2.1.1,ASL.II.7.a,Sign physical descriptions of self and others.,KG-12,2025-04-08T17:48:52+00:00
Standard,2.4.2.2.1.2,ASL.II.7.b,Sign personality traits of self and others.,KG-12,2025-04-08T17:48:52+00:00
Standard Group,2.4.2.2.2,ASL.II.8,"Express likes and dislikes, with supporting details, using signs, phrases, and memorized expressions.",KG-12,2025-04-08T17:48:52+00:00
Standard,2.4.2.2.2.1,ASL.II.8.a,Sign sports preferences,KG-12,2025-04-08T17:48:52+00:00
Standard,2.4.2.2.2.2,ASL.II.8.b,Sign favorite free-time activity preferences.,KG-12,2025-04-08T17:48:52+00:00
Standard,2.4.2.2.2.3,ASL.II.8.c,Sign food and drink preferences.,KG-12,2025-04-08T17:48:52+00:00
Standard Group,2.4.2.2.3,ASL.II.9,Present information about familiar items in immediate environment.,KG-12,2025-04-08T17:48:52+00:00
Standard,2.4.2.2.3.1,ASL.II.9.a,Sign about location of home.,KG-12,2025-04-08T17:48:52+00:00
Standard,2.4.2.2.3.2,ASL.II.9.b,Sign about school or workplace.,KG-12,2025-04-08T17:48:52+00:00
Standard,2.4.2.2.3.3,ASL.II.9.c,Sign about room or office and personal possessions in it.,KG-12,2025-04-08T17:48:52+00:00
Standard,2.4.2.2.3.4,ASL.II.9.d,"Present basic information about community, town, city, state, or country.",KG-12,2025-04-08T17:48:52+00:00
Standard Group,2.4.2.2.4,ASL.II.10,"Sign about daily activities using words, phrases, and memorized expressions.",KG-12,2025-04-08T17:48:52+00:00
Standard,2.4.2.2.4.1,ASL.II.10.a,Sign classes and tell what time they start and end.,KG-12,2025-04-08T17:48:52+00:00
Standard,2.4.2.2.4.2,ASL.II.10.b,Name activities and times in daily schedule.,KG-12,2025-04-08T17:48:52+00:00
Standard,2.4.2.2.4.3,ASL.II.10.c,Sign about what weekend activities that have been done or enjoyed.,KG-12,2025-04-08T17:48:52+00:00
Standard Group,2.4.2.2.5,ASL.II.11,"Present simple information about something learned, sing signs, phrases, and memorized expressions.",KG-12,2025-04-08T17:48:52+00:00
Standard,2.4.2.2.5.1,ASL.II.11.a,Sign about holiday celebrations based on pictures or photos.,KG-12,2025-04-08T17:48:52+00:00
Standard,2.4.2.2.5.2,ASL.II.11.b,Name the main cities on a map.,KG-12,2025-04-08T17:48:52+00:00
Standard,2.4.2.2.5.3,ASL.II.11.c,"Sign about animals, colors, foods, historical figures or sports based on pictures or photos.",KG-12,2025-04-08T17:48:52+00:00
Indicator,2.4.2.3,,**Receptive (Interpretive) Communication**,KG-12,2025-04-08T17:48:52+00:00
Standard Group,2.4.2.3.1,ASL.II.12,Understand simple questions or statements on familiar topics.,KG-12,2025-04-08T17:48:52+00:00
Standard,2.4.2.3.1.1,ASL.II.12.a,Recognize the difference between questions and statements.,KG-12,2025-04-08T17:48:52+00:00
Standard,2.4.2.3.1.2,ASL.II.12.b,"Understand questions about age, location, free time activities, etc.",KG-12,2025-04-08T17:48:52+00:00
Standard,2.4.2.3.1.3,ASL.II.12.c,Understand questions or statements about family.,KG-12,2025-04-08T17:48:52+00:00
Standard,2.4.2.3.1.4,ASL.II.12.d,"Understand questions or statements about friends, classmates, or workmates.",KG-12,2025-04-08T17:48:52+00:00
Standard Group,2.4.2.3.2,ASL.II.13,Understand simple information when presented with pictures and graphs.,KG-12,2025-04-08T17:48:52+00:00
Standard,2.4.2.3.2.1,ASL.II.13.a,Understand facts about the weather when weather symbols are used.,KG-12,2025-04-08T17:48:52+00:00
Standard,2.4.2.3.2.2,ASL.II.13.b,Understand when someone describes physical descriptions from a photo or a work of art.,KG-12,2025-04-08T17:48:52+00:00
Standard,2.4.2.3.2.3,ASL.II.13.c,Follow along with arithmetic problems when figures can be seen.,KG-12,2025-04-08T17:48:52+00:00
Standard Group,2.4.2.3.3,ASL.II.14,Understand the main topic of conversations and presentations that are viewed.,KG-12,2025-04-08T17:48:52+00:00
Standard,2.4.2.3.3.1,ASL.II.14.a,Understand to whom people are referring.,KG-12,2025-04-08T17:48:52+00:00
Standard,2.4.2.3.3.2,ASL.II.14.b,Understand if people are signing about their homes or asking for directions.,KG-12,2025-04-08T17:48:52+00:00
Standard,2.4.2.3.3.3,ASL.II.14.c,Understand a simple transaction between a customer and a sales clerk.,KG-12,2025-04-08T17:48:52+00:00
Standard Group,2.4.2.3.4,ASL.II.15,"Carry out multi-step directions, commands, and instructions based on familiar topics and vocabulary.",KG-12,2025-04-08T17:48:52+00:00
Standard,2.4.2.3.4.1,ASL.II.15.a,Follow classroom directions to complete a task.,KG-12,2025-04-08T17:48:52+00:00
Standard,2.4.2.3.4.2,ASL.II.15.b,Follow directions to go to a particular point in town.,KG-12,2025-04-08T17:48:52+00:00
Standard Group,2.4.2.3.5,ASL.II.16,"Understand selected literary presentations (e.f., storytelling, folklore, poetry, drama)",KG-12,2025-04-08T17:48:52+00:00
Standard,2.4.2.3.5.1,ASL.II.16.a,Distinguish the principal characters of the literary work.,KG-12,2025-04-08T17:48:52+00:00
Standard,2.4.2.3.5.2,ASL.II.16.b,Distinguish the main idea of the literary work.,KG-12,2025-04-08T17:48:52+00:00
Standard,2.4.2.3.5.3,ASL.II.16.c,Distinguish the themes of the literary work.,KG-12,2025-04-08T17:48:52+00:00
Indicator,2.4.2.4,,**Investigation of Products and Practices**,KG-12,2025-04-08T17:48:52+00:00
Standard,2.4.2.4.1,ASL.II.17,"Identify beliefs, values, and customs of the Deaf community.",KG-12,2025-04-08T17:48:52+00:00
Standard,2.4.2.4.2,ASL.II.18,Demonstrate an awareness of Deaf heritage and identify major historical events and persons from the Deaf culture.,KG-12,2025-04-08T17:48:52+00:00
Standard,2.4.2.4.3,ASL.II.19,Identify and discuss the contributions of linguists and pioneers of the language and culture.,KG-12,2025-04-08T17:48:52+00:00
Standard,2.4.2.4.4,ASL.II.20,"Explore the artistic, scientific and philosophical contributions of ASL users to society (e.f., Alexander Graham Bell, Edward Minor Gallaudet, Laurent Clerc, National Theatre of the Deaf, Deaf Way).",KG-12,2025-04-08T17:48:52+00:00
Standard,2.4.2.4.5,ASL.II.21,"Identify and understand the significance of ASL, objects, images, products, and symbols of the Deaf culture.",KG-12,2025-04-08T17:48:52+00:00
Indicator,2.4.2.5,,**Understanding of Cultural Perspectives**,KG-12,2025-04-08T17:48:52+00:00
Standard,2.4.2.5.1,ASL.II.22,"Recognize themes, ideas and/or perspectives of the Deaf culture (e.f., folklore, Deaf humor, ABC stories).",KG-12,2025-04-08T17:48:52+00:00
Standard,2.4.2.5.2,ASL.II.23,"Give examples of the various commonly held historical beliefs about the Deaf culture (e.f., location and types of educational opportunities, impact of the various methodologies, listening devices).",KG-12,2025-04-08T17:48:52+00:00
Standard,2.4.2.5.3,ASL.II.24,"Recognize behaviors that are unique to the Deaf culture (e.f., hugs, eye contact, and personal space).",KG-12,2025-04-08T17:48:52+00:00
Indicator,2.4.2.6,,**Participation in Cultural Interaction**,KG-12,2025-04-08T17:48:52+00:00
Standard,2.4.2.6.1,ASL.II.25,"Locate resources for the Deaf and recognize the potential of ASL (e.f., ASL clubs and organizations, Deaf education, deaf-related careers).",KG-12,2025-04-08T17:48:52+00:00
Standard,2.4.2.6.2,ASL.II.26,"Present information to people locally and around the world (e.f., Deaf Awareness, Deaf Heritage).",KG-12,2025-04-08T17:48:52+00:00
Standard,2.4.2.6.3,ASL.II.27,"Identify opportunities to use ASL for enjoyment (e.f., fingerspelling games, no-voice allowed class period, cultural/social activities, and interpreted performances).",KG-12,2025-04-08T17:48:52+00:00
Standard,2.4.2.6.4,ASL.II.28,Locate and participate in activities in which the ability to communicate in ASL may be beneficial to schools and communities.,KG-12,2025-04-08T17:48:52+00:00