Item Type,Sequence,Human Code,Full Statement,Ed. Level,Last Modified
,1,,Core Standards,,2023-07-24T21:58:48+00:00
Grade Band,1.1,,Elementary School (Grade K-5),KG-05,2023-08-08T23:33:15+00:00
Course,1.1.1,,Kindergarten: Spaces and Places,KG,2023-08-08T23:02:02+00:00
Content Area,1.1.1.1,,Inquiry,KG,2023-08-08T23:02:02+00:00
Inquiry Anchor Standard,1.1.1.1.1,,Constructing Compelling Questions,KG,2023-08-08T23:02:02+00:00
Inquiry Standard,1.1.1.1.1.1,SS.K.1.,Recognize a compelling question.,KG,2023-08-08T23:02:02+00:00
Inquiry Anchor Standard,1.1.1.1.2,,Constructing Supporting Questions,KG,2023-08-08T23:02:02+00:00
Inquiry Standard,1.1.1.1.2.1,SS.K.2.,Identify the relationship between compelling and supporting questions.,KG,2023-08-08T23:02:02+00:00
Inquiry Anchor Standard,1.1.1.1.3,,Gathering and Evaluating Sources,KG,2023-08-08T23:02:02+00:00
Inquiry Standard,1.1.1.1.3.1,N/A,,KG,2023-08-08T23:02:02+00:00
Inquiry Anchor Standard,1.1.1.1.4,,Developing Claims and Using Evidence,KG,2023-08-08T23:02:02+00:00
Inquiry Standard,1.1.1.1.4.1,N/A,,KG,2023-08-08T23:02:02+00:00
Inquiry Anchor Standard,1.1.1.1.5,,Communicating and Critiquing Conclusions,KG,2023-08-08T23:02:02+00:00
Inquiry Standard,1.1.1.1.5.1,SS.K.3.,Construct responses to compelling questions using examples.,KG,2023-08-08T23:02:02+00:00
Inquiry Anchor Standard,1.1.1.1.6,,Taking Informed Action,KG,2023-08-08T23:02:02+00:00
Inquiry Standard,1.1.1.1.6.1,SS.K.4.,"Take group or individual action to help address local, regional, and/or global problems.",KG,2023-08-08T23:02:02+00:00
Inquiry Standard,1.1.1.1.6.2,SS.K.5.,Use deliberative and democratic procedures to make decisions about and act on civic problems in their classrooms.,KG,2023-08-08T23:02:02+00:00
Content Area,1.1.1.2,,Behavioral Sciences,KG,2023-08-08T23:02:02+00:00
Content Anchor Standard,1.1.1.2.1,,Recognize the Interaction Between the Individual and Various Groups,KG,2023-08-08T23:28:53+00:00
Content Standard,1.1.1.2.1.1,SS.K.6.,"Describe students’ roles in different groups of which they are members including their family, school, and community.",KG,2023-08-15T17:55:29+00:00
Content Anchor Standard,1.1.1.2.2,,Examine Factors that Led to Continuity and Change on Human Development and Behavior,KG,2023-08-08T23:28:53+00:00
Content Standard,1.1.1.2.2.1,SS.K.7.,Describe ways in which students and others are alike and different within a variety of social categories.,KG,2023-08-15T17:55:29+00:00
Content Area,1.1.1.3,,Civics/Government,KG,2023-08-08T23:02:02+00:00
Content Anchor Standard,1.1.1.3.1,,"Interpret Processes, Rules and Laws",KG,2023-08-08T23:28:53+00:00
Content Standard,1.1.1.3.1.1,SS.K.8.,Determine a procedure for how people can effectively work together to make decisions to improve their classrooms or communities. (21st century skills),KG,2023-08-15T17:55:29+00:00
Content Standard,1.1.1.3.1.2,SS.K.9.,Compare and contrast rules from different places. (21st century skills),KG,2023-08-15T17:55:29+00:00
Content Area,1.1.1.4,,Economics,KG,2023-08-08T23:02:02+00:00
Content Anchor Standard,1.1.1.4.1,,Engage in Economic Decision Making,KG,2023-08-08T23:28:53+00:00
Content Standard,1.1.1.4.1.1,SS.K.10.,Give examples of choices that are made because of scarcity.,KG,2023-08-15T17:55:29+00:00
Content Area,1.1.1.5,,Financial Literacy,KG,2023-08-08T23:02:02+00:00
Content Anchor Standard,1.1.1.5.1,,Analyze Credit and Debt Levels,KG,2023-08-08T23:28:53+00:00
Content Standard,1.1.1.5.1.1,SS.K.11.,Explain the difference between buying and borrowing. (21st century skills),KG,2023-08-15T17:55:29+00:00
Content Anchor Standard,1.1.1.5.2,,Create a Saving and Spending Plan,KG,2023-08-08T23:28:53+00:00
Content Standard,1.1.1.5.2.1,SS.K.12.,Distinguish between appropriate spending choices. (21st century skills),KG,2023-08-15T17:55:29+00:00
Content Area,1.1.1.6,,Geography,KG,2023-08-08T23:02:02+00:00
Content Anchor Standard,1.1.1.6.1,,Create Geographic Representations,KG,2023-08-08T23:28:53+00:00
Content Standard,1.1.1.6.1.1,SS.K.13.,"Create a route to a specific location using maps, globes, and other simple geographic models.",KG,2023-08-15T17:55:29+00:00
Content Anchor Standard,1.1.1.6.2,,Evaluate Human Environment Interaction,KG,2023-08-08T23:28:53+00:00
Content Standard,1.1.1.6.2.1,SS.K.14.,Compare environmental characteristics in Iowa with other places.,KG,2023-08-15T17:55:29+00:00
Content Anchor Standard,1.1.1.6.3,,Analyze Human Population Movement and Patterns,KG,2023-08-08T23:28:53+00:00
Content Standard,1.1.1.6.3.1,SS.K.15.,Explain why and how people move from place to place.,KG,2023-08-15T17:55:29+00:00
Content Area,1.1.1.7,,History,KG,2023-08-08T23:02:02+00:00
Content Anchor Standard,1.1.1.7.1,,"Analyze Change, Continuity, and Context",KG,2023-08-08T23:28:53+00:00
Content Standard,1.1.1.7.1.1,SS.K.16.,Distinguish at least two related items or events by sequencing them from the past to the present.,KG,2023-08-15T17:55:29+00:00
Content Standard,1.1.1.7.1.2,SS.K.17.,Compare life in the past to life today.,KG,2023-08-15T17:55:29+00:00
Content Anchor Standard,1.1.1.7.2,,Critique Historical Sources and Evidence,KG,2023-08-08T23:28:53+00:00
Content Standard,1.1.1.7.2.1,SS.K.18.,"Given context clues, develop a reasonable idea about who created the primary or secondary source, when they created it, where they created it, or why they created it.",KG,2023-08-15T17:55:29+00:00
Content Anchor Standard,1.1.1.7.3,,Iowa History,KG,2023-08-08T23:28:53+00:00
Content Standard,1.1.1.7.3.1,SS.K.19,Compare and contrast local environmental characteristics to that of other parts of the state of Iowa.,KG,2023-08-15T17:55:29+00:00
Course,1.1.2,,1st Grade: Communities and Culture,01,2023-08-08T23:02:13+00:00
Content Area,1.1.2.1,,Inquiry,01,2023-08-08T23:02:13+00:00
Inquiry Anchor Standard,1.1.2.1.1,,Constructing Compelling Questions,01,2023-08-08T23:02:13+00:00
Inquiry Standard,1.1.2.1.1.1,SS.1.1,Explain why a compelling question is important.,01,2023-08-08T23:02:13+00:00
Inquiry Anchor Standard,1.1.2.1.2,,Constructing Supporting Questions,01,2023-08-08T23:02:13+00:00
Inquiry Standard,1.1.2.1.2.1,SS.1.2,Generate supporting questions across the social studies disciplines related to compelling questions.,01,2023-08-08T23:02:13+00:00
Inquiry Anchor Standard,1.1.2.1.3,,Gathering and Evaluating Sources,01,2023-08-08T23:02:13+00:00
Inquiry Standard,1.1.2.1.3.1,SS.1.3,Determine if a source is primary or secondary and distinguish whether it is mostly fact or opinion.,01,2023-08-08T23:02:13+00:00
Inquiry Anchor Standard,1.1.2.1.4,,Developing Claims and Using Evidence,01,2023-08-08T23:02:13+00:00
Inquiry Standard,1.1.2.1.4.1,N/A,,01,2023-08-08T23:02:13+00:00
Inquiry Anchor Standard,1.1.2.1.5,,Communicating and Critiquing Conclusions,01,2023-08-08T23:02:13+00:00
Inquiry Standard,1.1.2.1.5.1,SS.1.4,Construct responses to compelling questions using examples.,01,2023-08-08T23:02:13+00:00
Inquiry Anchor Standard,1.1.2.1.6,,Taking Informed Action,01,2023-08-08T23:02:13+00:00
Inquiry Standard,1.1.2.1.6.1,SS.1.5,"Take group or individual action to help address local, regional, and/or global problems.",01,2023-08-08T23:02:13+00:00
Inquiry Standard,1.1.2.1.6.2,SS.1.6,Use deliberative and democratic procedures to make decisions about and act on civic problems in their classrooms.,01,2023-08-08T23:02:13+00:00
Content Area,1.1.2.2,,Behavioral Sciences,01,2023-08-08T23:02:13+00:00
Content Anchor Standard,1.1.2.2.1,,Recognize the Interaction Between the Individual and Various Groups,01,2023-08-08T23:28:53+00:00
Content Standard,1.1.2.2.1.1,SS.1.7,Investigate how social identities can influence students’ own and others’ thoughts and behaviors.,01,2023-08-15T17:55:29+00:00
Content Anchor Standard,1.1.2.2.2,,Examine Factors that Led to Continuity and Change on Human Development and Behavior,01,2023-08-08T23:28:53+00:00
Content Standard,1.1.2.2.2.1,SS.1.8,Identify students’ own cultural practices and those of others within the community and around the world.,01,2023-08-15T17:55:29+00:00
Content Area,1.1.2.3,,Civics/Government,01,2023-08-08T23:02:13+00:00
Content Anchor Standard,1.1.2.3.1,,Apply Civic Virtues and Democratic Principles,01,2023-08-08T23:28:53+00:00
Content Standard,1.1.2.3.1.1,SS.1.9,"Describe a situation that exemplifies democratic principles including, but not limited to, equality, freedom, liberty, respect for individual rights, and deliberation. (21st century skills)",01,2023-08-15T17:55:29+00:00
Content Anchor Standard,1.1.2.3.2,,"Interpret Processes, Rules and Laws",01,2023-08-08T23:28:53+00:00
Content Standard,1.1.2.3.2.1,SS.1.10,Compare and contrast rules or laws within different communities and cultures. (21st century skills),01,2023-08-15T17:55:29+00:00
Content Area,1.1.2.4,,Economics,01,2023-08-08T23:02:13+00:00
Content Anchor Standard,1.1.2.4.1,,Engage in Economic Decision Making,01,2023-08-08T23:28:53+00:00
Content Standard,1.1.2.4.1.1,SS.1.11,Compare the goods and services that people in the local community produce with those that are produced in other communities.,01,2023-08-15T17:55:29+00:00
Content Anchor Standard,1.1.2.4.2,,Assess the Global Economy,01,2023-08-08T23:28:53+00:00
Content Standard,1.1.2.4.2.1,SS.1.12,Explain why people in one country trade goods and services with people in other countries.,01,2023-08-15T17:55:29+00:00
Content Area,1.1.2.5,,Financial Literacy,01,2023-08-08T23:02:13+00:00
Content Anchor Standard,1.1.2.5.1,,Develop Financial and Career Goals,01,2023-08-08T23:28:53+00:00
Content Standard,1.1.2.5.1.1,SS.1.13,Explain why people have different jobs in the community. (21st century skills),01,2023-08-15T17:55:29+00:00
Content Anchor Standard,1.1.2.5.2,,Analyze Credit and Debt Levels,01,2023-08-08T23:28:53+00:00
Content Standard,1.1.2.5.2.1,SS.1.14,Explain why something borrowed must be returned. (21st century skills),01,2023-08-15T17:55:29+00:00
Content Anchor Standard,1.1.2.5.3,,Evaluate Savings and Long Term Investments,01,2023-08-08T23:28:53+00:00
Content Standard,1.1.2.5.3.1,SS.1.15,Describe the role of financial institutions in the community in order to save and invest. (21st century skills),01,2023-08-15T17:55:29+00:00
Content Area,1.1.2.6,,Geography,01,2023-08-08T23:02:13+00:00
Content Anchor Standard,1.1.2.6.1,,Create Geographic Representations,01,2023-08-08T23:28:53+00:00
Content Standard,1.1.2.6.1.1,SS.1.16,"Using maps, globes, and other simple geographic models, compare and contrast routes for people or goods that consider environmental characteristics.",01,2023-08-15T17:55:29+00:00
Content Anchor Standard,1.1.2.6.2,,Evaluate Human Environment Interaction,01,2023-08-08T23:28:53+00:00
Content Standard,1.1.2.6.2.1,SS.1.17,Describe how environmental characteristics and cultural characteristics impact each other in different regions of the U.S.,01,2023-08-15T17:55:29+00:00
Content Anchor Standard,1.1.2.6.3,,"Analyze Human Population, Movement, and Patterns",01,2023-08-08T23:28:53+00:00
Content Standard,1.1.2.6.3.1,SS.1.18,"Use a map to detail the journey of particular people, goods, or ideas as they move from place to place.",01,2023-08-15T17:55:29+00:00
Content Standard,1.1.2.6.3.2,SS.1.19,Compare how people in different types of communities use goods from local and distant places to meet their daily needs.,01,2023-08-15T17:55:29+00:00
Content Area,1.1.2.7,,History,01,2023-08-08T23:02:13+00:00
Content Anchor Standard,1.1.2.7.1,,"Analyze Change, Continuity, and Context",01,2023-08-08T23:28:53+00:00
Content Standard,1.1.2.7.1.1,SS.1.20,Create a chronological sequence of multiple related events in the past and present using specific times.,01,2023-08-15T17:55:29+00:00
Content Standard,1.1.2.7.1.2,SS.1.21,"Compare life in the past to life today within different communities and cultural groups, including indigenous communities.",01,2023-08-15T17:55:29+00:00
Content Anchor Standard,1.1.2.7.2,,Critique Historical Sources and Evidence,01,2023-08-08T23:28:53+00:00
Content Standard,1.1.2.7.2.1,SS.1.22,"Given context clues, develop a reasonable idea about who created a primary or secondary source, when they created it, where they created it, and why they created it.",01,2023-08-15T17:55:29+00:00
Content Anchor Standard,1.1.2.7.3,,Iowa History,01,2023-08-08T23:28:53+00:00
Content Standard,1.1.2.7.3.1,SS.1.23,"Describe the diverse cultural makeup of Iowa’s past and present in the local community, including indigenous and agricultural communities.",01,2023-08-15T17:55:29+00:00
Course,1.1.3,,2nd Grade: Choices and Consequences,02,2023-08-08T23:02:22+00:00
Content Area,1.1.3.1,,Inquiry,02,2023-08-08T23:02:22+00:00
Inquiry Anchor Standard,1.1.3.1.1,,Constructing Compelling Questions,02,2023-08-08T23:02:22+00:00
Inquiry Standard,1.1.3.1.1.1,SS.2.1,Explain why a compelling question is important.,02,2023-08-08T23:02:22+00:00
Inquiry Anchor Standard,1.1.3.1.2,,Constructing Supporting Questions,02,2023-08-08T23:02:22+00:00
Inquiry Standard,1.1.3.1.2.1,SS.2.2,Generate supporting questions across the social studies disciplines related to compelling questions.,02,2023-08-08T23:02:22+00:00
Inquiry Anchor Standard,1.1.3.1.3,,Gathering and Evaluating Sources,02,2023-08-08T23:02:22+00:00
Inquiry Standard,1.1.3.1.3.1,SS.2.3,Determine if a source is primary or secondary and distinguish whether it is mostly fact or opinion.,02,2023-08-08T23:02:22+00:00
Inquiry Anchor Standard,1.1.3.1.4,,Developing Claims and Using Evidence,02,2023-08-08T23:02:22+00:00
Inquiry Standard,1.1.3.1.4.1,N/A,,02,2023-08-08T23:02:22+00:00
Inquiry Anchor Standard,1.1.3.1.5,,Communicating and Critiquing Conclusions,02,2023-08-08T23:02:22+00:00
Inquiry Standard,1.1.3.1.5.1,SS.2.4,"Construct responses to compelling questions using reasoning, examples, and relevant details",02,2023-08-08T23:02:22+00:00
Inquiry Anchor Standard,1.1.3.1.6,,Taking Informed Action,02,2023-08-08T23:38:11+00:00
Inquiry Standard,1.1.3.1.6.1,SS.2.5,"Take group or individual action to help address local, regional, and/or global problems.",02,2023-08-08T23:37:54+00:00
Inquiry Standard,1.1.3.1.6.2,SS.2.6,Use deliberative and democratic procedures to make decisions about and act on civic problems in their classrooms.,02,2023-08-08T23:02:22+00:00
Content Area,1.1.3.2,,Behavioral Sciences,02,2023-08-08T23:02:22+00:00
Content Anchor Standard,1.1.3.2.1,,Recognize the Interaction Between the Individual and Various Groups,02,2023-08-08T23:28:53+00:00
Content Standard,1.1.3.2.1.1,SS.2.7,Explain how people from different groups work through conflict when solving a community problem.,02,2023-08-15T17:55:29+00:00
Content Area,1.1.3.3,,Civics/Government,02,2023-08-08T23:02:22+00:00
Content Anchor Standard,1.1.3.3.1,,Analyze Civic and Political Institutions,02,2023-08-08T23:28:53+00:00
Content Standard,1.1.3.3.1.1,SS.2.8,Explain the purpose of different government functions. (21st century skills),02,2023-08-15T17:55:29+00:00
Content Anchor Standard,1.1.3.3.2,,Apply Civic Virtues and Democratic Principles,02,2023-08-08T23:28:53+00:00
Content Standard,1.1.3.3.2.1,SS.2.9,Develop an opinion on a decision about a local issue. (21st century skills),02,2023-08-15T17:55:29+00:00
Content Anchor Standard,1.1.3.3.3,,"Interpret Processes, Rules and Laws",02,2023-08-08T23:28:53+00:00
Content Standard,1.1.3.3.3.1,SS.2.10,Determine effective strategies for solving particular community problems. (21st century skills),02,2023-08-15T17:55:29+00:00
Content Area,1.1.3.4,,Economics,02,2023-08-08T23:02:22+00:00
Content Anchor Standard,1.1.3.4.1,,Evaluate the National Economy,02,2023-08-08T23:28:53+00:00
Content Standard,1.1.3.4.1.1,SS.2.11,Evaluate choices about how to use scarce resources that involve prioritizing wants and needs.,02,2023-08-15T17:55:29+00:00
Content Standard,1.1.3.4.1.2,SS.2.12,Identify how people use natural resources to produce goods and services.,02,2023-08-15T17:55:29+00:00
Content Standard,1.1.3.4.1.3,SS.2.13,Describe examples of the goods and services that governments provide.,02,2023-08-15T17:55:29+00:00
Content Area,1.1.3.5,,Financial Literacy,02,2023-08-08T23:02:22+00:00
Content Anchor Standard,1.1.3.5.1,,Develop Financial and Career Goals,02,2023-08-08T23:28:53+00:00
Content Standard,1.1.3.5.1.1,SS.2.14,Explain how different careers take different levels of education. (21st century skills),02,2023-08-15T17:55:29+00:00
Content Anchor Standard,1.1.3.5.2,,Create a Saving and Spending Plan,02,2023-08-08T23:28:53+00:00
Content Standard,1.1.3.5.2.1,SS.2.15,Evaluate choices and consequences for spending and saving. (21st century skills),02,2023-08-15T17:55:29+00:00
Content Area,1.1.3.6,,Geography,02,2023-08-08T23:02:22+00:00
Content Anchor Standard,1.1.3.6.1,,Create Geographic Representations,02,2023-08-08T23:28:53+00:00
Content Standard,1.1.3.6.1.1,SS.2.16,"Using maps, globes, and other simple geographic models, evaluate routes for people or goods that consider environmental characteristics.",02,2023-08-15T17:55:29+00:00
Content Anchor Standard,1.1.3.6.2,,Evaluate Human Environment Interaction,02,2023-08-08T23:28:53+00:00
Content Standard,1.1.3.6.2.1,SS.2.17,Explain how environmental characteristics impact the location of particular places.,02,2023-08-15T17:55:29+00:00
Content Anchor Standard,1.1.3.6.3,,Analyze Human Population Movements and Patterns,02,2023-08-08T23:28:53+00:00
Content Standard,1.1.3.6.3.1,SS.2.18,Describe how the choices people make impact local and distant environments.,02,2023-08-15T17:55:29+00:00
Content Area,1.1.3.7,,History,02,2023-08-08T23:02:22+00:00
Content Anchor Standard,1.1.3.7.1,,"Analyze Change, Continuity, and Context",02,2023-08-08T23:28:53+00:00
Content Standard,1.1.3.7.1.1,SS.2.19,Make a prediction about the future based on past related events.,02,2023-08-15T17:55:29+00:00
Content Standard,1.1.3.7.1.2,SS.2.20,Determine the influence of particular individuals and groups who have shaped significant historical change.,02,2023-08-15T17:55:29+00:00
Content Anchor Standard,1.1.3.7.2,,Compare Perspectives,02,2023-08-08T23:28:53+00:00
Content Standard,1.1.3.7.2.1,SS.2.21,Compare perspectives of people in the past to those in the present with regards to particular questions or issues.,02,2023-08-15T17:55:29+00:00
Content Anchor Standard,1.1.3.7.3,,Critique Historical Sources and Evidence,02,2023-08-08T23:28:53+00:00
Content Standard,1.1.3.7.3.1,SS.2.22,"Identify context clues and develop a reasonable idea about who created the primary or secondary source, when they created it, where they created it, and why they created it.",02,2023-08-15T17:55:29+00:00
Content Anchor Standard,1.1.3.7.4,,Justify Causation and Argumentation,02,2023-08-08T23:28:53+00:00
Content Standard,1.1.3.7.4.1,SS.2.23,"Given a set of options, use evidence to articulate why one reason is more likely than others to explain a historical event or development.",02,2023-08-15T17:55:29+00:00
Content Anchor Standard,1.1.3.7.5,,Iowa History,02,2023-08-08T23:28:53+00:00
Content Standard,1.1.3.7.5.1,SS.2.24,Describe the intended and unintended consequences of using Iowa’s natural resources.,02,2023-08-15T17:55:29+00:00
Course,1.1.4,,3rd Grade: Immigration and Migration,03,2023-08-08T23:02:31+00:00
Content Area,1.1.4.1,,Inquiry,03,2023-08-08T23:02:31+00:00
Inquiry Anchor Standard,1.1.4.1.1,,Constructing Compelling Questions,03,2023-08-08T23:02:31+00:00
Inquiry Standard,1.1.4.1.1.1,SS.3.1,Identify disciplinary ideas associated with a compelling question.,03,2023-08-08T23:02:31+00:00
Inquiry Anchor Standard,1.1.4.1.2,,Constructing Supporting Questions,03,2023-08-08T23:02:31+00:00
Inquiry Standard,1.1.4.1.2.1,SS.3.2,Use supporting questions to help answer the compelling question in an inquiry.,03,2023-08-08T23:02:31+00:00
Inquiry Anchor Standard,1.1.4.1.3,,Gathering and Evaluating Sources,03,2023-08-08T23:02:31+00:00
Inquiry Standard,1.1.4.1.3.1,SS.3.3,Determine the credibility of one source.,03,2023-08-08T23:02:31+00:00
Inquiry Anchor Standard,1.1.4.1.4,,Developing Claims and Using Evidence,03,2023-08-08T23:02:31+00:00
Inquiry Standard,1.1.4.1.4.1,SS.3.4,Cite evidence that supports a response to supporting or compelling questions.,03,2023-08-08T23:02:31+00:00
Inquiry Anchor Standard,1.1.4.1.5,,Communicating and Critiquing Conclusions,03,2023-08-08T23:02:31+00:00
Inquiry Standard,1.1.4.1.5.1,SS.3.5,"Construct responses to compelling questions using reasoning, examples, and relevant details.",03,2023-08-08T23:02:31+00:00
Inquiry Anchor Standard,1.1.4.1.6,,Taking Informed Action,03,2023-08-08T23:02:31+00:00
Inquiry Standard,1.1.4.1.6.1,SS.3.6,"Identify challenges and opportunities when taking action to address problems, including predicting possible results.",03,2023-08-08T23:02:31+00:00
Inquiry Standard,1.1.4.1.6.2,SS.3.7,Use a range of deliberative and democratic procedures to make decisions about and act on civic problems in their classrooms.,03,2023-08-08T23:02:31+00:00
Content Area,1.1.4.2,,Behavioral Sciences,03,2023-08-08T23:02:31+00:00
Content Anchor Standard,1.1.4.2.1,,Recognize the Interaction Between the Individual and Various Groups,03,2023-08-08T23:28:53+00:00
Content Standard,1.1.4.2.1.1,SS.3.8,"Describe the effects, opportunities, and conflicts that happened when people from different social groups came into contact with each other.",03,2023-08-15T17:55:29+00:00
Content Anchor Standard,1.1.4.2.2,,Examine Factors that Led to Continuity and Change on Human Development and Behavior,03,2023-08-08T23:28:53+00:00
Content Standard,1.1.4.2.2.1,SS.3.9,Compare and contrast the treatment of a variety of demographic groups in the past and present.,03,2023-08-15T17:55:29+00:00
Content Area,1.1.4.3,,Civics/Government,03,2023-08-08T23:02:31+00:00
Content Anchor Standard,1.1.4.3.1,,"Interpret Processes, Rules and Laws",03,2023-08-08T23:28:53+00:00
Content Standard,1.1.4.3.1.1,SS.3.10,Determine effective strategies for solving particular community problems. (21st century skills),03,2023-08-15T17:55:29+00:00
Content Standard,1.1.4.3.1.2,SS.3.11,Provide examples of historical and contemporary ways that societies have changed. (21st century skills),03,2023-08-15T17:55:29+00:00
Content Area,1.1.4.4,,Economics,03,2023-08-08T23:02:31+00:00
Content Anchor Standard,1.1.4.4.1,,Engage in Economic Decision Making,03,2023-08-08T23:28:53+00:00
Content Standard,1.1.4.4.1.1,SS.3.12,Use historical examples to describe how scarcity requires a person to make choices.,03,2023-08-15T17:55:29+00:00
Content Anchor Standard,1.1.4.4.2,,Critique Exchange and Markets,03,2023-08-08T23:28:53+00:00
Content Standard,1.1.4.4.2.1,SS.3.13,"Identify how people use natural resources, human resources, and physical capital to produce goods and services.",03,2023-08-15T17:55:29+00:00
Content Standard,1.1.4.4.2.2,SS.3.14,Describe the role of various financial institutions in an economy.,03,2023-08-15T17:55:29+00:00
Content Anchor Standard,1.1.4.4.3,,Assess the Global Economy,03,2023-08-08T23:28:53+00:00
Content Standard,1.1.4.4.3.1,SS.3.15,"Analyze why and how individuals, businesses, and nations around the world specialize and trade.",03,2023-08-15T17:55:29+00:00
Content Area,1.1.4.5,,Financial Literacy,03,2023-08-08T23:02:31+00:00
Content Anchor Standard,1.1.4.5.1,,Develop Financial and Career Goals,03,2023-08-08T23:28:53+00:00
Content Standard,1.1.4.5.1.1,SS.3.16,"Describe how people take risks to improve their family income through education, career changes and moving to new places.",03,2023-08-15T17:55:29+00:00
Content Anchor Standard,1.1.4.5.2,,Create a Saving and Spending Plan,03,2023-08-08T23:28:53+00:00
Content Standard,1.1.4.5.2.1,SS.3.17,Explain an individual's responsibility for credit and debt. (21st century skills),03,2023-08-15T17:55:29+00:00
Content Anchor Standard,1.1.4.5.3,,Evaluate Savings and Long Term Investments,03,2023-08-08T23:28:53+00:00
Content Standard,1.1.4.5.3.1,SS.3.18,Determine the importance of saving/investing in relation to future needs. (21st century skills),03,2023-08-15T17:55:29+00:00
Content Area,1.1.4.6,,Geography,03,2023-08-08T23:02:31+00:00
Content Anchor Standard,1.1.4.6.1,,Create Geographic Representations,03,2023-08-08T23:28:53+00:00
Content Standard,1.1.4.6.1.1,SS.3.19,Create a geographic representation to explain how the unique characteristics of a place affect migration.,03,2023-08-15T17:55:29+00:00
Content Anchor Standard,1.1.4.6.2,,Evaluate Human Environment Interaction,03,2023-08-08T23:28:53+00:00
Content Standard,1.1.4.6.2.1,SS.3.20,Describe how cultural characteristics influence people’s choices to live in different regions of the U.S.,03,2023-08-15T17:55:29+00:00
Content Anchor Standard,1.1.4.6.3,,Analyze Human Population Movements and Patterns,03,2023-08-08T23:28:53+00:00
Content Standard,1.1.4.6.3.1,SS.3.21,Use map evidence to explain how human settlements and movements relate to the locations and use of various regional landforms and natural resources.,03,2023-08-15T17:55:29+00:00
Content Area,1.1.4.7,,History,03,2023-08-08T23:02:31+00:00
Content Anchor Standard,1.1.4.7.1,,"Analyze Change, Continuity, and Context",03,2023-08-08T23:28:53+00:00
Content Standard,1.1.4.7.1.1,SS.3.22,Compare and contrast events that happened at the same time.,03,2023-08-15T17:55:29+00:00
Content Anchor Standard,1.1.4.7.2,,Compare Perspectives,03,2023-08-08T23:28:53+00:00
Content Standard,1.1.4.7.2.1,SS.3.23,Compare and contrast conflicting historical perspectives about a past event or issue.,03,2023-08-15T17:55:29+00:00
Content Anchor Standard,1.1.4.7.3,,Critique Historical Sources and Evidence,03,2023-08-08T23:28:53+00:00
Content Standard,1.1.4.7.3.1,SS.3.24,Infer the intended audience and purpose of a primary source using textual evidence.,03,2023-08-15T17:55:29+00:00
Content Anchor Standard,1.1.4.7.4,,Justify Causation and Argumentation,03,2023-08-08T23:28:53+00:00
Content Standard,1.1.4.7.4.1,SS.3.25,Explain probable causes and effects of events and developments.,03,2023-08-15T17:55:29+00:00
Content Standard,1.1.4.7.4.2,SS.3.26,Develop a claim about the past based on cited evidence.,03,2023-08-15T17:55:29+00:00
Content Anchor Standard,1.1.4.7.5,,Iowa History,03,2023-08-08T23:28:53+00:00
Content Standard,1.1.4.7.5.1,SS.3.27,"Analyze the movement of different groups in and out of Iowa, including the removal and return of indigenous people.",03,2023-08-15T17:55:29+00:00
Content Standard,1.1.4.7.5.2,SS.3.28,Explain the cultural contributions that different groups have made on Iowa.,03,2023-08-15T17:55:29+00:00
Course,1.1.5,,4th Grade: Change and Continuity,04,2023-08-08T23:02:41+00:00
Content Area,1.1.5.1,,Inquiry,04,2023-08-08T23:02:41+00:00
Inquiry Anchor Standard,1.1.5.1.1,,Constructing Compelling Questions,04,2023-08-08T23:02:41+00:00
Inquiry Standard,1.1.5.1.1.1,SS.4.1,Explain how a compelling question represents key ideas in the field.,04,2023-08-08T23:02:41+00:00
Inquiry Anchor Standard,1.1.5.1.2,,Constructing Supporting Questions,04,2023-08-08T23:02:41+00:00
Inquiry Standard,1.1.5.1.2.1,SS.4.2,Use supporting questions to help answer the compelling question in an inquiry.,04,2023-08-08T23:02:41+00:00
Inquiry Anchor Standard,1.1.5.1.3,,Gathering and Evaluating Sources,04,2023-08-08T23:02:41+00:00
Inquiry Standard,1.1.5.1.3.1,N/A,,04,2023-08-08T23:02:41+00:00
Inquiry Anchor Standard,1.1.5.1.4,,Developing Claims and Using Evidence,04,2023-08-08T23:02:41+00:00
Inquiry Standard,1.1.5.1.4.1,SS.4.3,Cite evidence that supports a response to supporting or compelling questions.,04,2023-08-08T23:02:41+00:00
Inquiry Anchor Standard,1.1.5.1.5,,Communicating and Critiquing Conclusions,04,2023-08-08T23:02:41+00:00
Inquiry Standard,1.1.5.1.5.1,SS.4.4,"Construct responses to compelling questions using reasoning, examples, and relevant details.",04,2023-08-08T23:02:41+00:00
Inquiry Anchor Standard,1.1.5.1.6,,Taking Informed Action,04,2023-08-15T18:06:46+00:00
Inquiry Standard,1.1.5.1.6.1,SS.4.5,"Identify challenges and opportunities when taking action to address problems, including predicting possible results.",04,2023-08-15T18:06:39+00:00
Inquiry Standard,1.1.5.1.6.2,SS.4.6,Use a range of deliberative and democratic procedures to make decisions about and act on civic problems in their classrooms.,04,2023-08-08T23:02:41+00:00
Content Area,1.1.5.2,,Behavioral Sciences,04,2023-08-08T23:02:41+00:00
Content Anchor Standard,1.1.5.2.1,,Recognize the Interaction Between the Individual and Various Groups,04,2023-08-08T23:28:53+00:00
Content Standard,1.1.5.2.1.1,SS.4.7,Explain causes of conflict or collaboration among different social groups.,04,2023-08-15T17:55:29+00:00
Content Area,1.1.5.3,,Civics/Government,04,2023-08-08T23:02:41+00:00
Content Anchor Standard,1.1.5.3.1,,Apply Civic Virtues and Democratic Principles,04,2023-08-08T23:28:53+00:00
Content Standard,1.1.5.3.1.1,SS.4.8,"Evaluate how civic virtues and democratic principles have guided or do guide governments, societies, and/or communities. (21st century skills)",04,2023-08-15T17:55:29+00:00
Content Anchor Standard,1.1.5.3.2,,"Interpret Processes, Rules and Laws",04,2023-08-08T23:28:53+00:00
Content Standard,1.1.5.3.2.1,SS.4.9,Explain how the enforcement of a specific ruling or law changed society. (21st century skills),04,2023-08-15T17:55:29+00:00
Content Standard,1.1.5.3.2.2,SS.4.10,Describe how societies have changed in the past and continue to change. (21st century skills),04,2023-08-15T17:55:29+00:00
Content Area,1.1.5.4,,Economics,04,2023-08-08T23:02:41+00:00
Content Anchor Standard,1.1.5.4.1,,Engage in Economic Decision Making,04,2023-08-08T23:28:53+00:00
Content Standard,1.1.5.4.1.1,SS.4.11,Describe how scarcity requires a person to make a choice and identify costs associated with that choice.,04,2023-08-15T17:55:29+00:00
Content Anchor Standard,1.1.5.4.2,,Critique Exchange and Markets,04,2023-08-08T23:28:53+00:00
Content Standard,1.1.5.4.2.1,SS.4.12,"Using historical and/or local examples, explain how competition has influenced the production of goods and services.",04,2023-08-15T17:55:29+00:00
Content Standard,1.1.5.4.2.2,SS.4.13,Compare and contrast different ways that the government interacts with the economy.,04,2023-08-15T17:55:29+00:00
Content Anchor Standard,1.1.5.4.3,,Evaluate the National Economy,04,2023-08-08T23:28:53+00:00
Content Standard,1.1.5.4.3.1,SS.4.14,Explain the reasons why the costs of goods and services rise and fall.,04,2023-08-15T17:55:29+00:00
Content Area,1.1.5.5,,Financial Literacy,04,2023-08-08T23:02:41+00:00
Content Anchor Standard,1.1.5.5.1,,Create a Saving and Spending Plan,04,2023-08-08T23:28:53+00:00
Content Standard,1.1.5.5.1.1,SS.4.15,Identify factors that can influence people’s different spending and saving choices. (21st century skills),04,2023-08-15T17:55:29+00:00
Content Anchor Standard,1.1.5.5.2,,Measure Risk Management Tools,04,2023-08-08T23:28:53+00:00
Content Standard,1.1.5.5.2.1,SS.4.16,Determine the consequences of sharing personal information with others. (21st century skills),04,2023-08-15T17:55:29+00:00
Content Area,1.1.5.6,,Geography,04,2023-08-08T23:02:41+00:00
Content Anchor Standard,1.1.5.6.1,,Create Geographic Representations,04,2023-08-08T23:28:53+00:00
Content Standard,1.1.5.6.1.1,SS.4.17,Create a geographic representation to illustrate how the natural resources in an area affect the decisions people make.,04,2023-08-15T17:55:29+00:00
Content Anchor Standard,1.1.5.6.2,,Evaluate Human Environment Interaction,04,2023-08-08T23:28:53+00:00
Content Standard,1.1.5.6.2.1,SS.4.18,Describe how environmental and cultural characteristics influence population distribution in specific places or regions.,04,2023-08-15T17:55:29+00:00
Content Anchor Standard,1.1.5.6.3,,Analyze Human Population Movement and Patterns,04,2023-08-08T23:28:53+00:00
Content Standard,1.1.5.6.3.1,SS.4.19,Explain influences on the development and decline of different modes of transportation in U.S. regions.,04,2023-08-15T17:55:29+00:00
Content Area,1.1.5.7,,History,04,2023-08-08T23:02:41+00:00
Content Anchor Standard,1.1.5.7.1,,"Analyze Change, Continuity, and Context",04,2023-08-08T23:28:53+00:00
Content Standard,1.1.5.7.1.1,SS.4.20,Compare and contrast events that happened at the same time.,04,2023-08-15T17:55:29+00:00
Content Anchor Standard,1.1.5.7.2,,Compare Perspectives,04,2023-08-08T23:28:53+00:00
Content Standard,1.1.5.7.2.1,SS.4.21,Analyze conflicting perspectives on historical and current events/issues.,04,2023-08-15T17:55:29+00:00
Content Anchor Standard,1.1.5.7.3,,Critique Historical Sources and Evidence,04,2023-08-08T23:28:53+00:00
Content Standard,1.1.5.7.3.1,SS.4.22,Infer the purpose of a primary source and from that the intended audience.,04,2023-08-15T17:55:29+00:00
Content Anchor Standard,1.1.5.7.4,,Justify Causation and Argumentation,04,2023-08-08T23:28:53+00:00
Content Standard,1.1.5.7.4.1,SS.4.23,Explain probable causes and effects of events and developments.,04,2023-08-15T17:55:29+00:00
Content Standard,1.1.5.7.4.2,SS.4.24,Develop a claim about the past and cite evidence to support it.,04,2023-08-15T17:55:29+00:00
Content Anchor Standard,1.1.5.7.5,,Iowa History,04,2023-08-08T23:28:53+00:00
Content Standard,1.1.5.7.5.1,SS.4.25,"Analyze the impact of technological changes in Iowa, across time and place.",04,2023-08-15T17:55:29+00:00
Content Standard,1.1.5.7.5.2,SS.4.26,Explain how Iowa’s agriculture has changed over time.,04,2023-08-15T17:55:29+00:00
Course,1.1.6,,5th Grade: Rights and Responsibilities,05,2023-08-08T23:02:50+00:00
Content Area,1.1.6.1,,Inquiry,05,2023-08-08T23:02:50+00:00
Inquiry Anchor Standard,1.1.6.1.1,,Constructing Compelling Questions,05,2023-08-08T23:02:50+00:00
Inquiry Standard,1.1.6.1.1.1,SS.5.1,Identify the disciplinary concepts and ideas associated with a compelling question.,05,2023-08-08T23:02:50+00:00
Inquiry Anchor Standard,1.1.6.1.2,,Constructing Supporting Questions,05,2023-08-08T23:02:50+00:00
Inquiry Standard,1.1.6.1.2.1,SS.5.2,Use supporting questions to help answer the compelling question in an inquiry.,05,2023-08-08T23:02:50+00:00
Inquiry Anchor Standard,1.1.6.1.3,,Gathering and Evaluating Sources,05,2023-08-08T23:02:50+00:00
Inquiry Standard,1.1.6.1.3.1,SS.5.3,Determine the credibility of multiple sources.,05,2023-08-08T23:02:50+00:00
Inquiry Anchor Standard,1.1.6.1.4,,Developing Claims and Using Evidence,05,2023-08-08T23:02:50+00:00
Inquiry Standard,1.1.6.1.4.1,SS.5.4,Identify evidence that draws information from multiple perspectives and sources in response to a compelling question.,05,2023-08-08T23:02:50+00:00
Inquiry Anchor Standard,1.1.6.1.5,,Communicating and Critiquing Conclusions,05,2023-08-08T23:02:50+00:00
Inquiry Standard,1.1.6.1.5.1,SS.5.5,"With teacher direction, construct responses to compelling questions supported by reasoning and evidence.",05,2023-08-08T23:02:50+00:00
Inquiry Anchor Standard,1.1.6.1.6,,Taking Informed Action,05,2023-08-15T18:04:36+00:00
Inquiry Standard,1.1.6.1.6.1,SS.5.6,"Identify challenges and opportunities when taking action to address problems, including predicting possible results.",05,2023-08-15T18:04:28+00:00
Inquiry Standard,1.1.6.1.6.2,SS.5.7,Use a range of consensus-building and democratic procedures to make decisions about and act on civic problems in the classroom.,05,2023-08-08T23:02:50+00:00
Content Area,1.1.6.2,,Behavioral Sciences,05,2023-08-08T23:02:50+00:00
Content Anchor Standard,1.1.6.2.1,,Recognize the Interaction Between the Individual and Various Groups,05,2023-08-08T23:28:53+00:00
Content Standard,1.1.6.2.1.1,SS.5.8,Analyze how rights and laws influence interactions between groups in society.,05,2023-08-15T17:55:29+00:00
Content Anchor Standard,1.1.6.2.2,,Examine Factors that Led to Continuity and Change on Human Development and Behavior,05,2023-08-08T23:28:53+00:00
Content Standard,1.1.6.2.2.1,SS.5.9,Analyze the strategies that a variety of demographic groups have used to ensure their rights.,05,2023-08-15T17:55:29+00:00
Content Area,1.1.6.3,,Civics/Government,05,2023-08-08T23:02:50+00:00
Content Anchor Standard,1.1.6.3.1,,Apply Civic Virtues and Democratic Principles,05,2023-08-08T23:28:53+00:00
Content Standard,1.1.6.3.1.1,SS.5.10,"Describe how the Declaration of Independence and the Constitution impact the decisions of government, society, and/or communities. (21st century skills)",05,2023-08-15T17:55:29+00:00
Content Anchor Standard,1.1.6.3.2,,"Interpret Processes, Rules and Laws",05,2023-08-08T23:28:53+00:00
Content Standard,1.1.6.3.2.1,SS.5.11,"Explain the processes people use to change rules and laws in the classroom, school, government, and/or society. (21st century skills)",05,2023-08-15T17:55:29+00:00
Content Standard,1.1.6.3.2.2,SS.5.12,"Describe how laws, rules and processes have changed over time in order to restrict, protect, or extend rights. (21st century skills)",05,2023-08-15T17:55:29+00:00
Content Area,1.1.6.4,,Economics,05,2023-08-08T23:02:50+00:00
Content Anchor Standard,1.1.6.4.1,,Critique Exchange and Markets,05,2023-08-08T23:28:53+00:00
Content Standard,1.1.6.4.1.1,SS.5.13,Describe how goods and services are produced and distributed domestically and globally.,05,2023-08-15T17:55:29+00:00
Content Anchor Standard,1.1.6.4.2,,Evaluate the National Economy,05,2023-08-08T23:28:53+00:00
Content Standard,1.1.6.4.2.1,SS.5.14,Explain how various levels of government use taxes to pay for the goods and services they provide. Assess the Global Economy,05,2023-08-15T17:55:29+00:00
Content Standard,1.1.6.4.2.2,SS.5.15,Explain how trade impacts relationships between countries.,05,2023-08-15T17:55:29+00:00
Content Area,1.1.6.5,,Financial Literacy,05,2023-08-08T23:02:50+00:00
Content Anchor Standard,1.1.6.5.1,,Create a Saving and Spending Plan,05,2023-08-08T23:28:53+00:00
Content Standard,1.1.6.5.1.1,SS.5.16,Demonstrate ways to monitor how money is spent and saved. (21st century skills),05,2023-08-15T17:55:29+00:00
Content Anchor Standard,1.1.6.5.2,,Measure Risk Management Tools,05,2023-08-08T23:28:53+00:00
Content Standard,1.1.6.5.2.1,SS.5.17,Give examples of financial risks that individuals and households face. (21st century skills),05,2023-08-15T17:55:29+00:00
Content Standard,1.1.6.5.2.2,SS.5.18,Investigate ways that personal information is fraudulently obtained. (21st century skills),05,2023-08-15T17:55:29+00:00
Content Area,1.1.6.6,,Geography,05,2023-08-08T23:02:50+00:00
Content Anchor Standard,1.1.6.6.1,,Create Geographic Representations,05,2023-08-08T23:28:53+00:00
Content Standard,1.1.6.6.1.1,SS.5.19,Create geographic representations to illustrate how cultural and environmental characteristics of a region impacted a historical event.,05,2023-08-15T17:55:29+00:00
Content Anchor Standard,1.1.6.6.2,,Analyze Human Population Movements and Patterns,05,2023-08-08T23:28:53+00:00
Content Standard,1.1.6.6.2.1,SS.5.20,Analyze how rules and laws encourage or restrict human population movements to and within the United States of America.,05,2023-08-15T17:55:29+00:00
Content Area,1.1.6.7,,History,05,2023-08-08T23:02:50+00:00
Content Anchor Standard,1.1.6.7.1,,"Analyze Change, Continuity, and Context",05,2023-08-08T23:28:53+00:00
Content Standard,1.1.6.7.1.1,SS.5.21,Describe the connections between historical developments that occurred within the same time period.,05,2023-08-15T17:55:29+00:00
Content Anchor Standard,1.1.6.7.2,,Compare Perspectives,05,2023-08-08T23:28:53+00:00
Content Standard,1.1.6.7.2.1,SS.5.22,"Explain how economic, political, and social contexts shaped people's perspectives at a given time in history.",05,2023-08-15T17:55:29+00:00
Content Anchor Standard,1.1.6.7.3,,Critique Historical Sources and Evidence,05,2023-08-08T23:28:53+00:00
Content Standard,1.1.6.7.3.1,SS.5.23,"Using information from within a primary source, infer the intended audience, purpose, and how the creator's intended audience shaped the source.",05,2023-08-15T17:55:29+00:00
Content Anchor Standard,1.1.6.7.4,,Justify Causation and Argumentation,05,2023-08-08T23:28:53+00:00
Content Standard,1.1.6.7.4.1,SS.5.24,Explain probable causes and effects of historical developments.,05,2023-08-15T17:55:29+00:00
Content Standard,1.1.6.7.4.2,SS.5.25,Develop a claim about the past and cite evidence to support it.,05,2023-08-15T17:55:29+00:00
Content Anchor Standard,1.1.6.7.5,,Iowa History,05,2023-08-08T23:28:53+00:00
Content Standard,1.1.6.7.5.1,SS.5.26,Analyze Iowa's role in civil rights history.,05,2023-08-15T17:55:29+00:00
Grade Band,1.2,,Middle School (Grade 6-8),06-08,2023-08-08T23:33:23+00:00
Course,1.2.1,,6th Grade: World Regions and Cultures,06,2023-08-08T23:02:58+00:00
Content Area,1.2.1.1,,Inquiry,06,2023-08-08T23:02:58+00:00
Inquiry Anchor Standard,1.2.1.1.1,,Constructing Compelling Questions,06,2023-08-08T23:02:58+00:00
Inquiry Standard,1.2.1.1.1.1,SS.6.1,Explain how disciplinary concepts and ideas are associated with a compelling question.,06,2023-08-08T23:02:58+00:00
Inquiry Anchor Standard,1.2.1.1.2,,Constructing Supporting Questions,06,2023-08-08T23:02:58+00:00
Inquiry Standard,1.2.1.1.2.1,SS.6.2,Identify the relationship between supporting questions and compelling questions in an inquiry.,06,2023-08-08T23:02:58+00:00
Inquiry Anchor Standard,1.2.1.1.3,,Gathering and Evaluating Sources,06,2023-08-08T23:02:58+00:00
Inquiry Standard,1.2.1.1.3.1,SS.6.3,Gather relevant information from primary and secondary sources using the origin and authority of the source to guide the selection.,06,2023-08-08T23:02:58+00:00
Inquiry Standard,1.2.1.1.3.2,SS.6.4,"With teacher direction, evaluate the credibility of primary and secondary sources by determining their relevance and intended use.",06,2023-08-08T23:02:58+00:00
Inquiry Anchor Standard,1.2.1.1.4,,Developing Claims and Using Evidence,06,2023-08-08T23:02:58+00:00
Inquiry Standard,1.2.1.1.4.1,SS.6.5,"With teacher direction, identify evidence that draws information from multiple perspectives and sources to support claims, noting evidentiary limitations.",06,2023-08-08T23:02:58+00:00
Inquiry Standard,1.2.1.1.4.2,SS.6.6,"With teacher direction, develop claims and counterclaims while pointing out the strengths and limitations of both.",06,2023-08-08T23:02:58+00:00
Inquiry Anchor Standard,1.2.1.1.5,,Communicating and Critiquing Conclusions,06,2023-08-08T23:02:58+00:00
Inquiry Standard,1.2.1.1.5.1,SS.6.7,"With teacher direction, construct arguments using claims and evidence from multiple sources.",06,2023-08-08T23:02:58+00:00
Inquiry Standard,1.2.1.1.5.2,SS.6.8,"With guided practice, construct responses to compelling questions supported by reasoning and evidence.",06,2023-08-08T23:02:58+00:00
Inquiry Standard,1.2.1.1.5.3,SS.6.9,Present original arguments based on credible sources using a variety of media to authentic audiences.,06,2023-08-08T23:02:58+00:00
Inquiry Standard,1.2.1.1.5.4,SS.6.10,"With teacher direction, analyze the disciplinary arguments of peers’ for credibility.",06,2023-08-08T23:02:58+00:00
Inquiry Anchor Standard,1.2.1.1.6,,"Taking Informed Action SS.6.11. Explain the challenges and opportunities people face when taking action to address problems, including predicting possible results.",06,2023-08-08T23:02:58+00:00
Inquiry Standard,1.2.1.1.6.1,SS.6.12,"Apply a range of deliberative and democratic procedures to make decisions and take action in classrooms, schools, and communities.",06,2023-08-08T23:02:58+00:00
Content Area,1.2.1.2,,Behavioral Sciences,06,2023-08-08T23:02:58+00:00
Content Anchor Standard,1.2.1.2.1,,Examine Factors that Led to Continuity and Change in Human and Group Behavior,06,2023-08-08T23:28:53+00:00
Content Standard,1.2.1.2.1.1,SS.6.13,Identify what makes up a culture and examine how people acquire their cultural beliefs and value systems.,06,2023-08-15T17:55:29+00:00
Content Anchor Standard,1.2.1.2.2,,Recognize the Interaction Between Individuals and Various Groups,06,2023-08-08T23:28:53+00:00
Content Standard,1.2.1.2.2.1,SS.6.14,"Explain how groups form in our society, and how groups, as well as the individuals within those groups, can influence each other.",06,2023-08-15T17:55:29+00:00
Content Area,1.2.1.3,,Economics,06,2023-08-08T23:02:58+00:00
Content Anchor Standard,1.2.1.3.1,,Assess the Global Economy,06,2023-08-08T23:28:53+00:00
Content Standard,1.2.1.3.1.1,SS.6.15,Distinguish how varying economic systems impact a nation and its citizens.,06,2023-08-15T17:55:29+00:00
Content Area,1.2.1.4,,Geography,06,2023-08-08T23:02:58+00:00
Content Anchor Standard,1.2.1.4.1,,Create Geographic Representations,06,2023-08-08T23:28:53+00:00
Content Standard,1.2.1.4.1.1,SS.6.16,"Utilize and construct geographic representations to explain and analyze regional, environmental, and cultural characteristics.",06,2023-08-15T17:55:29+00:00
Content Anchor Standard,1.2.1.4.2,,Evaluate Human Environment Interaction,06,2023-08-08T23:28:53+00:00
Content Standard,1.2.1.4.2.1,SS.6.17,"Analyze and explain the cultural, physical, and environmental characteristics of places and regions and how this affects the life of the people who live there.",06,2023-08-15T17:55:29+00:00
Content Anchor Standard,1.2.1.4.3,,Analyze Human Population Movements and Patterns,06,2023-08-08T23:28:53+00:00
Content Standard,1.2.1.4.3.1,SS.6.18,"Explain how changes in transportation, communication, and technology influence the movement of people, goods, and ideas in various countries.",06,2023-08-15T17:55:29+00:00
Content Anchor Standard,1.2.1.4.4,,Analyze Global Interconnections,06,2023-08-08T23:28:53+00:00
Content Standard,1.2.1.4.4.1,SS.6.19,Explain how global changes in population distribution patterns affect changes in land use in particular countries or regions.,06,2023-08-15T17:55:29+00:00
Content Area,1.2.1.5,,History,06,2023-08-08T23:02:58+00:00
Content Anchor Standard,1.2.1.5.1,,"Analyze Change, Continuity, and Context",06,2023-08-08T23:28:53+00:00
Content Standard,1.2.1.5.1.1,SS.6.20,Analyze connections among historical events and developments in various geographic and cultural contexts.,06,2023-08-15T17:55:29+00:00
Content Anchor Standard,1.2.1.5.2,,Compare Perspectives,06,2023-08-08T23:28:53+00:00
Content Standard,1.2.1.5.2.1,SS.6.21,Explain how and why perspectives of people have changed throughout different historical eras.,06,2023-08-15T17:55:29+00:00
Content Anchor Standard,1.2.1.5.3,,Justify Causation and Argumentation,06,2023-08-08T23:28:53+00:00
Content Standard,1.2.1.5.3.1,SS.6.22,Explain multiple causes and effects of events and developments in the past.,06,2023-08-15T17:55:29+00:00
Content Anchor Standard,1.2.1.5.4,,Iowa History,06,2023-08-08T23:28:53+00:00
Content Standard,1.2.1.5.4.1,SS.6.23,"Compare Iowa’s geography, natural resources and climate to other regions of the world.",06,2023-08-15T17:55:29+00:00
Content Area,1.2.1.6,,Financial Literacy,06,2023-08-08T23:02:58+00:00
Content Anchor Standard,1.2.1.6.1,,Develop Financial and Career Goals,06,2023-08-08T23:28:53+00:00
Content Standard,1.2.1.6.1.1,SS.6.24,Explain how personal financial decisions are influenced by an individual’s interpretation of needs and wants. (21st century skills),06,2023-08-15T17:55:29+00:00
Content Anchor Standard,1.2.1.6.2,,Create a Saving and Spending Plan,06,2023-08-08T23:28:53+00:00
Content Standard,1.2.1.6.2.1,SS.6.25,"Demonstrate how to allocate income for spending, saving and giving. (21st century skills)",06,2023-08-15T17:55:29+00:00
Content Anchor Standard,1.2.1.6.3,,Analyze Credit and Debt Levels,06,2023-08-08T23:28:53+00:00
Content Standard,1.2.1.6.3.1,SS.6.26,"Explain how debit cards differ from credit cards, gift cards, and savings accounts. (21st century skills)",06,2023-08-15T17:55:29+00:00
Content Anchor Standard,1.2.1.6.4,,Evaluate Savings and Long Term Investments,06,2023-08-08T23:28:53+00:00
Content Standard,1.2.1.6.4.1,SS.6.27,Identify the advantages and disadvantages of various savings tools. (21st century skills),06,2023-08-15T17:55:29+00:00
Content Anchor Standard,1.2.1.6.5,,Measure Risk Management Tools,06,2023-08-08T23:28:53+00:00
Content Standard,1.2.1.6.5.1,SS.6.28,Describe how to protect one’s identity from common threats. (21st century skills),06,2023-08-15T17:55:29+00:00
Course,1.2.2,,7th Grade: Contemporary Global Studies,07,2023-08-08T23:03:06+00:00
Content Area,1.2.2.1,,Inquiry,07,2023-08-08T23:03:06+00:00
Inquiry Anchor Standard,1.2.2.1.1,,Constructing Compelling Questions,07,2023-08-08T23:03:06+00:00
Inquiry Standard,1.2.2.1.1.1,SS.7.1,Compare disciplinary concepts and ideas associated with a compelling question.,07,2023-08-08T23:03:06+00:00
Inquiry Anchor Standard,1.2.2.1.2,,Constructing Supporting Questions,07,2023-08-08T23:03:06+00:00
Inquiry Standard,1.2.2.1.2.1,SS.7.2,Create supporting questions to help answer the compelling question in an inquiry.,07,2023-08-08T23:03:06+00:00
Inquiry Anchor Standard,1.2.2.1.3,,Gathering and Evaluating Sources,07,2023-08-08T23:03:06+00:00
Inquiry Standard,1.2.2.1.3.1,SS.7.3,"Gather relevant information from primary and secondary sources using the origin, authority, structure, and context of the sources to guide the selection.",07,2023-08-08T23:03:06+00:00
Inquiry Standard,1.2.2.1.3.2,SS.7.4,"With guided practice, evaluate the credibility of primary and secondary sources by determining their relevance and intended use.",07,2023-08-08T23:03:06+00:00
Inquiry Anchor Standard,1.2.2.1.4,,Developing Claims and Using Evidence,07,2023-08-08T23:03:06+00:00
Inquiry Standard,1.2.2.1.4.1,SS.7.5,"With guided practice, identify evidence that draws information from multiple perspectives and sources to support claims, noting evidentiary limitations.",07,2023-08-08T23:03:06+00:00
Inquiry Standard,1.2.2.1.4.2,SS.7.6,"With guided practice, develop claims and counterclaims while pointing out the strengths and limitations of both.",07,2023-08-08T23:03:06+00:00
Inquiry Anchor Standard,1.2.2.1.5,,Communicating and Critiquing Conclusions,07,2023-08-08T23:03:06+00:00
Inquiry Standard,1.2.2.1.5.1,SS.7.7,"With guided practice, construct arguments using claims and evidence from multiple sources.",07,2023-08-08T23:03:06+00:00
Inquiry Standard,1.2.2.1.5.2,SS.7.8,Independently construct responses to compelling questions supported by reasoning and evidence.,07,2023-08-08T23:03:06+00:00
Inquiry Standard,1.2.2.1.5.3,SS.7.9,Present original arguments based on credible sources using a variety of media to authentic audiences.,07,2023-08-08T23:03:06+00:00
Inquiry Standard,1.2.2.1.5.4,SS.7.10,"With guided practice, analyze disciplinary arguments of peers for credibility.",07,2023-08-08T23:03:06+00:00
Inquiry Anchor Standard,1.2.2.1.6,,Taking Informed Action,07,2023-08-15T18:05:16+00:00
Inquiry Standard,1.2.2.1.6.1,SS.7.11,"Explain the challenges people face and opportunities they create in addressing local, regional, and global problems at various times and places.",07,2023-08-15T18:05:10+00:00
Inquiry Standard,1.2.2.1.6.2,SS.7.12,"Apply a range of deliberative and democratic procedures to make decisions and take action in classrooms, schools, and communities.",07,2023-08-08T23:03:06+00:00
Content Area,1.2.2.2,,Behavioral Sciences,07,2023-08-08T23:03:06+00:00
Content Anchor Standard,1.2.2.2.1,,Examine Factors that Led to Continuity and Change in Human and Group Behavior,07,2023-08-08T23:28:53+00:00
Content Standard,1.2.2.2.1.1,SS.7.13,"Identify social, political and economic factors that can influence our thoughts and behavior.",07,2023-08-15T17:55:29+00:00
Content Anchor Standard,1.2.2.2.2,,Recognize the Interaction Between Individuals and Various Groups,07,2023-08-08T23:28:53+00:00
Content Standard,1.2.2.2.2.1,SS.7.14,Examine what causes inequalities and how they exist within a society.,07,2023-08-15T17:55:29+00:00
Content Area,1.2.2.3,,Civics/Government,07,2023-08-08T23:03:06+00:00
Content Anchor Standard,1.2.2.3.1,,Analyze Civic and Political Institutions,07,2023-08-08T23:28:53+00:00
Content Standard,1.2.2.3.1.1,SS.7.15,"Distinguish and apply the powers and responsibilities of global citizens, interest groups and the media in a variety of governmental and nongovernmental contexts. (21st century skills)",07,2023-08-15T17:55:29+00:00
Content Standard,1.2.2.3.1.2,SS.7.16,"Examine the origins, purposes, and impact of laws, treaties, and international agreements. (21st century skills)",07,2023-08-15T17:55:29+00:00
Content Standard,1.2.2.3.1.3,SS.7.17,"Describe the roles of political, civil, and economic organizations in shaping people's lives. (21st century skills)",07,2023-08-15T17:55:29+00:00
Content Area,1.2.2.4,,Economics,07,2023-08-08T23:03:06+00:00
Content Anchor Standard,1.2.2.4.1,,Engage in Economic Decision Making,07,2023-08-08T23:28:53+00:00
Content Standard,1.2.2.4.1.1,SS.7.18,"Explain and evaluate how economic decisions affect the wellbeing of individuals, businesses, and society.",07,2023-08-15T17:55:29+00:00
Content Anchor Standard,1.2.2.4.2,,Critique Exchange and Markets,07,2023-08-08T23:28:53+00:00
Content Standard,1.2.2.4.2.1,SS.7.19,"Explain how external benefits, costs, supply and demand, and competition influence market prices, wages, and outcomes.",07,2023-08-15T17:55:29+00:00
Content Anchor Standard,1.2.2.4.3,,Assess the Global Economy,07,2023-08-08T23:28:53+00:00
Content Standard,1.2.2.4.3.1,SS.7.20,Investigate the impact of trade policies and barriers on a nation and its citizens.,07,2023-08-15T17:55:29+00:00
Content Anchor Standard,1.2.2.4.4,,Analyze Human Population Movements and Patterns,07,2023-08-08T23:28:53+00:00
Content Standard,1.2.2.4.4.1,SS.7.21,Evaluate the push and pull factors involved in human population movement and patterns.,07,2023-08-15T17:55:29+00:00
Content Area,1.2.2.5,,Geography,07,2023-08-08T23:03:06+00:00
Content Anchor Standard,1.2.2.5.1,,Analyze Global Interconnections,07,2023-08-08T23:28:53+00:00
Content Standard,1.2.2.5.1.1,SS.7.22,Explain how the relationship between the environmental characteristics of places and production of goods influences the spatial patterns of world trade.,07,2023-08-15T17:55:29+00:00
Content Standard,1.2.2.5.1.2,SS.7.23,Explain how global changes in population distribution patterns affect changes in land use in particular areas.,07,2023-08-15T17:55:29+00:00
Content Area,1.2.2.6,,History,07,2023-08-08T23:03:06+00:00
Content Anchor Standard,1.2.2.6.1,,"Analyze Change, Continuity, and Context",07,2023-08-08T23:28:53+00:00
Content Standard,1.2.2.6.1.1,SS.7.24,Analyze connections among historical events and developments in contemporary global issues.,07,2023-08-15T17:55:29+00:00
Content Anchor Standard,1.2.2.6.2,,Compare Perspectives,07,2023-08-08T23:28:53+00:00
Content Standard,1.2.2.6.2.1,SS.7.25,Explain how and why perspectives on various contemporary issues have changed over time.,07,2023-08-15T17:55:29+00:00
Content Anchor Standard,1.2.2.6.3,,Justify Causation and Argumentation,07,2023-08-08T23:28:53+00:00
Content Standard,1.2.2.6.3.1,SS.7.26,Explain multiple causes and effects of various contemporary global events and developments.,07,2023-08-15T17:55:29+00:00
Content Anchor Standard,1.2.2.6.4,,Iowa History,07,2023-08-08T23:28:53+00:00
Content Standard,1.2.2.6.4.1,SS.7.27,Analyze the role that Iowa plays in contemporary global issues.,07,2023-08-15T17:55:29+00:00
Content Area,1.2.2.7,,Financial Literacy,07,2023-08-08T23:03:06+00:00
Content Anchor Standard,1.2.2.7.1,,Develop Financial and Career Goals,07,2023-08-08T23:28:53+00:00
Content Standard,1.2.2.7.1.1,SS.7.28,Predict the relationship between financial goals and achievements. (21st century skills),07,2023-08-15T17:55:29+00:00
Content Anchor Standard,1.2.2.7.2,,Create a Saving and Spending Plan,07,2023-08-08T23:28:53+00:00
Content Standard,1.2.2.7.2.1,SS.7.29,"Analyze how external factors, such as marketing and advertising techniques, might influence spending decisions. (21st century skills)",07,2023-08-15T17:55:29+00:00
Content Anchor Standard,1.2.2.7.3,,Analyze Credit and Debt Levels,07,2023-08-08T23:28:53+00:00
Content Standard,1.2.2.7.3.1,SS.7.30,Explain an individual's rights and responsibilities as a consumer. (21st century skills),07,2023-08-15T17:55:29+00:00
Content Anchor Standard,1.2.2.7.4,,Evaluate Savings and Long Term Investments,07,2023-08-08T23:28:53+00:00
Content Standard,1.2.2.7.4.1,SS.7.31,Explain how an investment differs from a savings account in potential risks and returns. (21st century skills),07,2023-08-15T17:55:29+00:00
Course,1.2.3,,8th Grade: United States History and Civic Ideals,08,2023-08-08T23:03:38+00:00
Content Area,1.2.3.1,,Inquiry,08,2023-08-08T23:03:38+00:00
Inquiry Anchor Standard,1.2.3.1.1,,Constructing Compelling Questions,08,2023-08-08T23:03:38+00:00
Inquiry Standard,1.2.3.1.1.1,SS.8.1,Explain points of agreement and disagreement of disciplinary concepts and ideas associated with a compelling question.,08,2023-08-08T23:03:38+00:00
Inquiry Anchor Standard,1.2.3.1.2,,Constructing Supporting Questions,08,2023-08-08T23:03:38+00:00
Inquiry Standard,1.2.3.1.2.1,SS.8.2,Construct supporting questions that demonstrate the relationship between them and the compelling question in an inquiry.,08,2023-08-08T23:03:38+00:00
Inquiry Anchor Standard,1.2.3.1.3,,Gathering and Evaluating Sources,08,2023-08-08T23:03:38+00:00
Inquiry Standard,1.2.3.1.3.1,SS.8.3,"Gather relevant information from multiple sources using the origin, authority, structure, context, and corroborative value of the sources to guide the selection.",08,2023-08-08T23:03:38+00:00
Inquiry Standard,1.2.3.1.3.2,SS.8.4,"Independently, evaluate the credibility of primary and secondary sources by determining their relevance and intended use.",08,2023-08-08T23:03:38+00:00
Inquiry Anchor Standard,1.2.3.1.4,,Developing Claims and Using Evidence,08,2023-08-08T23:03:38+00:00
Inquiry Standard,1.2.3.1.4.1,SS.8.5,"Independently, identify evidence that draws information from multiple perspectives and sources to support claims, noting evidentiary limitations.",08,2023-08-08T23:03:38+00:00
Inquiry Standard,1.2.3.1.4.2,SS.8.6,"Independently, develop claims and counterclaims while pointing out the strengths and limitations of both.",08,2023-08-08T23:03:38+00:00
Inquiry Standard,1.2.3.1.4.3,SS.8.7,"Independently, construct arguments using claims and evidence from multiple sources.",08,2023-08-08T23:03:38+00:00
Inquiry Anchor Standard,1.2.3.1.5,,Communicating and Critiquing Conclusions,08,2023-08-08T23:03:38+00:00
Inquiry Standard,1.2.3.1.5.1,SS.8.8,Construct responses to compelling questions supported by reasoning and evidence while acknowledging the strengths and weaknesses of the explanations.,08,2023-08-08T23:03:38+00:00
Inquiry Standard,1.2.3.1.5.2,SS.8.9,Present original arguments based on credible sources using a variety of media to authentic audiences.,08,2023-08-08T23:03:38+00:00
Inquiry Standard,1.2.3.1.5.3,SS.8.10,"Independently, analyze disciplinary arguments of peers for credibility.",08,2023-08-08T23:03:38+00:00
Inquiry Anchor Standard,1.2.3.1.6,,Taking Informed Action,08,2023-08-08T23:03:38+00:00
Inquiry Standard,1.2.3.1.6.1,SS.8.11,"Analyze how a specific problem can manifest itself at the local, regional, and global levels over time, identifying its characteristics and causes, and the challenges and opportunities faced by those trying to address the problem.",08,2023-08-08T23:03:38+00:00
Inquiry Standard,1.2.3.1.6.2,SS.8.12,"Apply a range of deliberative and democratic procedures to make decisions and take action in classrooms, schools, and communities.",08,2023-08-08T23:03:38+00:00
Content Area,1.2.3.2,,Civics/Government,08,2023-08-08T23:03:38+00:00
Content Anchor Standard,1.2.3.2.1,,Analyze Civic and Political Institutions,08,2023-08-08T23:28:53+00:00
Content Standard,1.2.3.2.1.1,SS.8.13,"Explain the powers and responsibilities of citizens, political parties, and the media in a variety of governmental and nongovernmental contexts. (21st century skills)",08,2023-08-15T17:55:29+00:00
Content Standard,1.2.3.2.1.2,SS.8.14,"Examine and explain the origins, functions and structure of government with reference to the US Constitution and other founding documents, branches of government, bureaucracies, and other systems and its effectiveness on citizens. (21st century skills)",08,2023-08-15T17:55:29+00:00
Content Area,1.2.3.3,,Economics,08,2023-08-08T23:03:38+00:00
Content Anchor Standard,1.2.3.3.1,,Engage in Economic Decision Making,08,2023-08-08T23:28:53+00:00
Content Standard,1.2.3.3.1.1,SS.8.15,"Evaluate how economic decisions affect the wellbeing of individuals, businesses, and society.",08,2023-08-15T17:55:29+00:00
Content Anchor Standard,1.2.3.3.2,,Critique Exchange and Markets,08,2023-08-08T23:28:53+00:00
Content Standard,1.2.3.3.2.1,SS.8.16,Analyze the role of innovation and entrepreneurship in institutions throughout early American history in a market economy.,08,2023-08-15T17:55:29+00:00
Content Anchor Standard,1.2.3.3.3,,Evaluate the National Economy,08,2023-08-08T23:28:53+00:00
Content Standard,1.2.3.3.3.1,SS.8.17,Use historical evidence to evaluate the state of regional economies throughout early American history.,08,2023-08-15T17:55:29+00:00
Content Area,1.2.3.4,,Geography,08,2023-08-08T23:03:38+00:00
Content Anchor Standard,1.2.3.4.1,,Evaluate Human Environment Interaction,08,2023-08-08T23:28:53+00:00
Content Standard,1.2.3.4.1.1,SS.8.18,Explain how the physical and human characteristics of places and regions influence culture.,08,2023-08-15T17:55:29+00:00
Content Anchor Standard,1.2.3.4.2,,Analyze Human Population Movements and Patterns,08,2023-08-08T23:28:53+00:00
Content Standard,1.2.3.4.2.1,SS.8.19,Explain how push and pull factors contributed to immigration and migration in early American history.,08,2023-08-15T17:55:29+00:00
Content Anchor Standard,1.2.3.4.3,,Analyze Global Interconnections,08,2023-08-08T23:28:53+00:00
Content Standard,1.2.3.4.3.1,SS.8.20,Explain how global interconnections influenced early American history.,08,2023-08-15T17:55:29+00:00
Content Area,1.2.3.5,,History,08,2023-08-08T23:03:38+00:00
Content Anchor Standard,1.2.3.5.1,,"Analyze Change, Continuity, and Context",08,2023-08-08T23:28:53+00:00
Content Standard,1.2.3.5.1.1,SS.8.21,Analyze connections among early American historical events and developments in broader historical contexts.,08,2023-08-15T17:55:29+00:00
Content Anchor Standard,1.2.3.5.2,,Compare Perspectives,08,2023-08-08T23:28:53+00:00
Content Standard,1.2.3.5.2.1,SS.8.22,"Explain how and why prevailing social, cultural, and political perspectives changed during early American history.",08,2023-08-15T17:55:29+00:00
Content Anchor Standard,1.2.3.5.3,,Justify Causation and Argumentation,08,2023-08-08T23:28:53+00:00
Content Standard,1.2.3.5.3.1,SS.8.23,Explain multiple causes and effects of events and developments in early American history.,08,2023-08-15T17:55:29+00:00
Content Anchor Standard,1.2.3.5.4,,Critique Historical Sources and Evidence,08,2023-08-08T23:28:53+00:00
Content Standard,1.2.3.5.4.1,SS.8.24,"Critique primary and secondary sources of information with attention to the source of the document, its context, accuracy, and usefulness such as the Declaration of Independence, the Bill of Rights, the Constitution, Washington’s Farewell address, the Louisiana Purchase treaty, Monroe Doctrine, Indian Removal Act, Missouri Compromise, Dred Scott v. Sanford, and the Treaty of Guadalupe-Hidalgo.",08,2023-08-15T17:55:29+00:00
Content Anchor Standard,1.2.3.5.5,,Iowa History,08,2023-08-08T23:28:53+00:00
Content Standard,1.2.3.5.5.1,SS.8.25,Examine the evolution of the function and structure of government in Iowa.,08,2023-08-15T17:55:29+00:00
Content Area,1.2.3.6,,Financial Literacy,08,2023-08-08T23:03:38+00:00
Content Anchor Standard,1.2.3.6.1,,Create a Saving and Spending Plan,08,2023-08-08T23:28:53+00:00
Content Standard,1.2.3.6.1.1,SS.8.26,"Discuss the components of a personal spending plan, including income, planned saving and expenses. (21st century skills)",08,2023-08-15T17:55:29+00:00
Content Anchor Standard,1.2.3.6.2,,Analyze Credit and Debt Levels,08,2023-08-08T23:28:53+00:00
Content Standard,1.2.3.6.2.1,SS.8.27,Calculate the cost of borrowing money for different types of goods. (21st century skills),08,2023-08-15T17:55:29+00:00
Content Anchor Standard,1.2.3.6.3,,Evaluate Savings and Long Term Investments,08,2023-08-08T23:28:53+00:00
Content Standard,1.2.3.6.3.1,SS.8.28,Explain how investing may build wealth and help meet financial goals. (21st century skills),08,2023-08-15T17:55:29+00:00
Content Anchor Standard,1.2.3.6.4,,Measure Risk Management Tools,08,2023-08-08T23:28:53+00:00
Content Standard,1.2.3.6.4.1,SS.8.29,Identify ways insurance may minimize personal financial risk. (21st century skills),08,2023-08-15T17:55:29+00:00
Grade Band,1.3,,High School (Grade 9-12),09-12,2023-08-08T23:32:52+00:00
Content Area,1.3.1,,Inquiry,09-12,2023-08-08T23:03:47+00:00
Inquiry Anchor Standard,1.3.1.1,,Constructing Compelling Questions,09-12,2023-08-08T23:03:47+00:00
Inquiry Standard,1.3.1.1.1,SS.9-12.1.,Create compelling questions representing key ideas within the disciplines.,09-12,2023-08-08T23:03:47+00:00
Inquiry Anchor Standard,1.3.1.2,,Constructing Supporting Questions,09-12,2023-08-08T23:03:47+00:00
Inquiry Standard,1.3.1.2.1,SS.9-12.2.,"Develop supporting questions that contribute to an inquiry and demonstrate how, through engaging source work, new compelling and supporting questions emerge.",09-12,2023-08-08T23:03:47+00:00
Inquiry Anchor Standard,1.3.1.3,,Gathering and Evaluating Sources,09-12,2023-08-08T23:03:47+00:00
Inquiry Standard,1.3.1.3.1,SS.9-12.3.,"Gather relevant information from multiple sources representing a wide range of views while using the origin, authority, structure, context, and corroborative value of the sources to guide the selection.",09-12,2023-08-08T23:03:47+00:00
Inquiry Standard,1.3.1.3.2,SS.9-12.4.,Evaluate the credibility of a source by examining how experts value the source.,09-12,2023-08-08T23:03:47+00:00
Inquiry Anchor Standard,1.3.1.4,,Developing Claims and Using Evidence,09-12,2023-08-08T23:03:47+00:00
Inquiry Standard,1.3.1.4.1,SS.9-12.5.,Identify evidence that draws information directly and substantively from multiple sources to detect inconsistencies in evidence in order to revise or strengthen claims.,09-12,2023-08-08T23:03:47+00:00
Inquiry Standard,1.3.1.4.2,SS.9-12.6.,"Refine claims and counterclaims attending to precision, significance, and knowledge conveyed through the claim while pointing out the strengths and limitations of both.",09-12,2023-08-08T23:03:47+00:00
Inquiry Anchor Standard,1.3.1.5,,Communicating and Critiquing Conclusions,09-12,2023-08-08T23:03:47+00:00
Inquiry Standard,1.3.1.5.1,SS.9-12.7.,"Construct arguments using precise and knowledgeable claims, with evidence from multiple sources, while acknowledging counterclaims and evidentiary weaknesses.",09-12,2023-08-08T23:03:47+00:00
Inquiry Standard,1.3.1.5.2,SS.9-12.8.,"Construct explanations using reasoning, correct sequence, examples, and details with significant and pertinent information and data, while acknowledging the strengths and weaknesses of the explanations given its purpose.",09-12,2023-08-08T23:03:47+00:00
Inquiry Standard,1.3.1.5.3,SS.9-12.9.,Present adaptations of arguments and explanations that feature evocative ideas and perspectives on issues and topics to reach a range of audiences and venues outside the classroom using print and oral technologies and digital technologies.,09-12,2023-08-08T23:03:47+00:00
Inquiry Standard,1.3.1.5.4,SS.9-12.10.,Critique the use of claims and evidence in arguments for credibility.,09-12,2023-08-08T23:03:47+00:00
Inquiry Anchor Standard,1.3.1.6,,Taking Informed Action,09-12,2023-08-08T23:22:13+00:00
Inquiry Standard,1.3.1.6.1,SS.9-12.11,"Use disciplinary and interdisciplinary lenses to understand the characteristics and causes of local, regional, and global problems; instances of such problems in multiple contexts; and challenges and opportunities faced by those trying to address these problems over time and place.",09-12,2023-08-08T23:21:53+00:00
Inquiry Standard,1.3.1.6.2,SS.9-12.12,"Apply a range of deliberative and democratic strategies and procedures to make decisions and take action in their classrooms, schools, and out-of-school contexts.",09-12,2023-08-08T23:21:59+00:00
Content Area,1.3.2,,Behavioral Sciences,09-12,2023-08-08T23:35:32+00:00
Content Anchor Standard,1.3.2.1,,Recognize the Interaction and Influence Between Individuals and Various Groups,09-12,2023-08-08T23:28:53+00:00
Content Standard,1.3.2.1.1,SS-Psy.9-12.13,"Explain how social, cultural, gender, and economic factors influence behavior and human interactions in societies around the world.",09-12,2023-08-15T17:55:29+00:00
Content Standard,1.3.2.1.2,SS-Soc.9-12.13,Explain the formation of groups and the creation and development of societal norms and values.,09-12,2023-08-15T17:55:29+00:00
Content Standard,1.3.2.1.3,SS-Psy.9-12.14,Examine how an individual’s involvement in a collective group can influence their individual thoughts and behaviors.,09-12,2023-08-15T17:55:29+00:00
Content Standard,1.3.2.1.4,SS-Soc.9-12.14,"Identify characteristics of groups, and the influences that groups and individuals have on each other.",09-12,2023-08-15T17:55:29+00:00
Content Standard,1.3.2.1.5,SS-Psy.9-12.15,Analyze the influence different individual members of a group can have on the collective thought and behavior of the group as a whole.,09-12,2023-08-15T17:55:29+00:00
Content Standard,1.3.2.1.6,SS-Soc.9-12.15,"Distinguish patterns and causes of stratification that lead to social inequalities, and their impact on both individuals and groups.",09-12,2023-08-15T17:55:29+00:00
Content Standard,1.3.2.1.7,SS-Soc.9-12.16,"Examine and evaluate reactions to social inequalities, including conflict, and propose alternative responses.",09-12,2023-08-15T17:55:29+00:00
Content Anchor Standard,1.3.2.2,,Examine Factors that Led to Continuity and Change in Human and Group Behavior,09-12,2023-08-08T23:28:53+00:00
Content Standard,1.3.2.2.1,SS-Psy.9-12.16,"Investigate human behavior from biological, cognitive, behavioral, and sociocultural perspectives.",09-12,2023-08-15T17:55:29+00:00
Content Standard,1.3.2.2.2,SS-Soc.9-12.17,"Analyze the development of sociological perspectives over the course of time, and how those perspectives are used today.",09-12,2023-08-15T17:55:29+00:00
Content Standard,1.3.2.2.3,SS-Psy.9-12.17,Demonstrate a basic understanding of the scientific methods that are at the core of psychology.,09-12,2023-08-15T17:55:29+00:00
Content Standard,1.3.2.2.4,SS-Soc.9-12.18,Utilize various scientific methods to interpret behavior and events through the lens of a sociologist.,09-12,2023-08-15T17:55:29+00:00
Content Standard,1.3.2.2.5,SS-Psy.9-12.18,"Evaluate and utilize theories and methodologies, necessary to plan, conduct, and especially interpret research results.",09-12,2023-08-15T17:55:29+00:00
Content Standard,1.3.2.2.6,SS-Soc.9-12.19,Determine ethical issues and necessary guidelines for conducting and analyzing behavioral science research.,09-12,2023-08-15T17:55:29+00:00
Content Standard,1.3.2.2.7,SS-Psy.9-12.19,Adhere to and consider the impact of American Psychological Association and federal guidelines for the ethical treatment of human and nonhuman research participants.,09-12,2023-08-15T17:55:29+00:00
Content Standard,1.3.2.2.8,SS-Soc.9-12.20,Apply appropriate research methods to collect and analyze data designed to answer a sociological question.,09-12,2023-08-15T17:55:29+00:00
Content Standard,1.3.2.2.9,SS-Psy.9-12.20,Collect and analyze data designed to answer a psychological question using basic descriptive and inferential statistics.,09-12,2023-08-15T17:55:29+00:00
Content Anchor Standard,1.3.2.3,,Apply Appropriate Research Procedures and Skills of a Behavioral Scientist,09-12,2023-08-08T23:28:53+00:00
Content Standard,1.3.2.3.1,SS-Psy.9-12.21,Explain how the validity and reliability of observations and measurements relate to data analysis.,09-12,2023-08-15T17:55:29+00:00
Content Standard,1.3.2.3.2,SS-Psy.9-12.22,Apply the major theoretical approaches and perspectives in behavioral science to our daily lives and civic engagement.,09-12,2023-08-15T17:55:29+00:00
Content Standard,1.3.2.3.3,SS-Psy.9-12.23,"Assess issues and problems within our society using behavioral science knowledge, and develop ethical solutions to address those issues.",09-12,2023-08-15T17:55:29+00:00
Content Standard,1.3.2.3.4,SS-Soc.9-12.21,Explain how the validity and reliability of observations and measurements relate to data analysis.,09-12,2023-08-15T17:55:29+00:00
Content Standard,1.3.2.3.5,SS-Soc.9-12.22,Apply the major theoretical approaches and perspectives in behavioral science to our daily lives and civic engagement.,09-12,2023-08-15T17:55:29+00:00
Content Standard,1.3.2.3.6,SS-Soc.9-12.23,"Assess issues and problems within our society using behavioral science knowledge, and develop ethical solutions to address those issues.",09-12,2023-08-15T17:55:29+00:00
Content Area,1.3.3,,Civics and Government,09-12,2023-08-08T23:03:47+00:00
Content Anchor Standard,1.3.3.1,,Analyze Civic and Political Institutions,09-12,2023-08-08T23:28:53+00:00
Content Standard,1.3.3.1.1,SS-Gov.9-12.13,"Evaluate the powers and responsibilities of local, state, tribal, national, and international civic and political institutions, how they interact and the role of government in maintaining order. (21st century skills)",09-12,2023-08-15T17:55:29+00:00
Content Standard,1.3.3.1.2,SS-Gov.9-12.14,"Analyze the role of citizens in the U.S. political system, with attention to the definition of who is a citizen, expansion of that definition over time, and changes in participation over time. (21st century skills)",09-12,2023-08-15T17:55:29+00:00
Content Standard,1.3.3.1.3,SS-Gov.9-12.15,"Analyze the origins of government with attention to the purpose(s) of government, various theories of democracy, rule of law, and alternative models from other nations and groups. (21st century skills)",09-12,2023-08-15T17:55:29+00:00
Content Standard,1.3.3.1.4,SS-Gov.9-12.16,"Evaluate how the U.S. Constitution establishes the Rule of Law, governmental powers and responsibilities, as well as limits to a government. (21st century skills)",09-12,2023-08-15T17:55:29+00:00
Content Standard,1.3.3.1.5,SS-Gov.9-12.17,"Evaluate and explain the relationships among the branches of government, including federalism, separation of powers, the supremacy clause, the necessary and proper clause, judicial review, executive privilege, pocket veto, executive orders, quorum, filibuster, and other related topics. (21st century skills)",09-12,2023-08-15T17:55:29+00:00
Content Standard,1.3.3.1.6,SS-Gov.9-12.18,"Critique the influence of intermediary institutions on government and policy such as, interest groups, political parties, the mass media, campaigns, caucuses, elections, PACs, and local, state, tribal, and international organizations. (21st century skills)",09-12,2023-08-15T17:55:29+00:00
Content Anchor Standard,1.3.3.2,,Apply Civic Virtues and Democratic Principles,09-12,2023-08-08T23:28:53+00:00
Content Standard,1.3.3.2.1,SS-Gov.9-12.19,"Evaluate the effectiveness of political action in changing government and policy, such as voting, debate, contacting officials, campaign contributions, protest, civil disobedience, and any alternative methods to participation. (21st century skills)",09-12,2023-08-15T17:55:29+00:00
Content Standard,1.3.3.2.2,SS-Gov.9-12.20,"Explain the significance of civic values to a well-functioning democracy including concepts such as conviction vs. compromise, majority rule vs. minority rights, state interests vs. individual interests, rights vs. responsibilities, and other related topics. (21st century skills)",09-12,2023-08-15T17:55:29+00:00
Content Standard,1.3.3.2.3,SS-Gov.9-12.21,"Explain the mechanisms of political socialization in American democracy such as the effects of the family, school, community, and media in influencing one’s political decisions. (21st century skills)",09-12,2023-08-15T17:55:29+00:00
Content Standard,1.3.3.2.4,SS-Gov.9-12.22,Identify and evaluate the contributions of Iowans who have played a role in promoting civic and democratic principles. (21st century skills),09-12,2023-08-15T17:55:29+00:00
Content Anchor Standard,1.3.3.3,,"Interpret Processes, Rules and Laws",09-12,2023-08-08T23:28:53+00:00
Content Standard,1.3.3.3.1,SS-Gov.9-12.23,"Evaluate multiple procedures for making governmental decisions at the local, state, national, and international levels. (21st century skills)",09-12,2023-08-15T17:55:29+00:00
Content Standard,1.3.3.3.2,SS-Gov.9-12.24,Analyze how people use and challenge public policies through formal and informal means with attention to important judicial processes and landmark court cases. (21st century skills),09-12,2023-08-15T17:55:29+00:00
Content Standard,1.3.3.3.3,SS-Gov.9-12.25,"Evaluate the intended and unintended consequences of the implementation of public policy, specifically looking at the bureaucracy, citizen feedback, public opinion polls, interest groups, media coverage, and other related topics. (21st century skills)",09-12,2023-08-15T17:55:29+00:00
Content Standard,1.3.3.3.4,SS-Gov.9-12.26,"Analyze the historical, contemporary, and emerging patterns of political action and activism including voter demographics, party trends over time, polling data, campaign strategies and trends, and alternative means of participating. (21st century skills)",09-12,2023-08-15T17:55:29+00:00
Content Anchor Standard,1.3.3.4,,Iowa History (History),09-12,2023-08-08T23:28:53+00:00
Content Standard,1.3.3.4.1,SS-Gov.9-12.27,Compare and contrast the institutions and systems of Iowa government and politics that are unique to the state including but not limited to Iowa’s unique role in presidential selection and in the special status of Meskwaki lands as non-reservation lands.,09-12,2023-08-15T17:55:29+00:00
Content Standard,1.3.3.4.2,SS-Gov.9-12.28,Identify local and state issues in Iowa and evaluate formal or informal courses of action used to affect policy.,09-12,2023-08-15T17:55:29+00:00
Content Area,1.3.4,,Economics,09-12,2023-08-08T23:03:47+00:00
Content Anchor Standard,1.3.4.1,,Engage in Economic Decision Making,09-12,2023-08-08T23:28:53+00:00
Content Standard,1.3.4.1.1,SS-Econ.9-12.13,Apply the concept of scarcity when making economic decisions.,09-12,2023-08-15T17:55:29+00:00
Content Standard,1.3.4.1.2,SS-Econ.9-12.14,Use cost-benefit analysis to argue for or against an economic decision.,09-12,2023-08-15T17:55:29+00:00
Content Anchor Standard,1.3.4.2,,Critique Exchange and Markets,09-12,2023-08-08T23:28:53+00:00
Content Standard,1.3.4.2.1,SS-Econ.9-12.15,"Analyze what goes into determining, and who determines, what is produced and distributed in a market system.",09-12,2023-08-15T17:55:29+00:00
Content Standard,1.3.4.2.2,SS-Econ.9-12.16,Describe how changes in the level of competition can affect price and output levels in specific markets.,09-12,2023-08-15T17:55:29+00:00
Content Standard,1.3.4.2.3,SS-Econ.9-12.17,"Explain how changes in supply and demand cause changes of goods and services, labor, credit, and foreign currencies.",09-12,2023-08-15T17:55:29+00:00
Content Standard,1.3.4.2.4,SS-Econ.9-12.18,Evaluate the effectiveness of government policies altering market outcomes.,09-12,2023-08-15T17:55:29+00:00
Content Standard,1.3.4.2.5,SS-Econ.9-12.19,Describe the roles of institutions such as clearly defined property rights and the rule of law in a market economy.,09-12,2023-08-15T17:55:29+00:00
Content Anchor Standard,1.3.4.3,,Evaluate the National Economy,09-12,2023-08-08T23:28:53+00:00
Content Standard,1.3.4.3.1,SS-Econ.9-12.20,Use economic indicators to evaluate economic conditions.,09-12,2023-08-15T17:55:29+00:00
Content Standard,1.3.4.3.2,SS-Econ.9-12.21,Explain why advancements in technology and investments in capital goods and human capital increase economic growth and standards of living.,09-12,2023-08-15T17:55:29+00:00
Content Anchor Standard,1.3.4.4,,Assess the Global Economy,09-12,2023-08-08T23:28:53+00:00
Content Standard,1.3.4.4.1,SS-Econ.9-12.22,Explain the role of specialization in trade.,09-12,2023-08-15T17:55:29+00:00
Content Standard,1.3.4.4.2,SS-Econ.9-12.23,"Explain how globalization has impacted various aspects of economic growth, labor markets, and rights of citizens, the environment, and resource and income distribution in different nations.",09-12,2023-08-15T17:55:29+00:00
Content Anchor Standard,1.3.4.5,,Iowa History (History),09-12,2023-08-08T23:28:53+00:00
Content Standard,1.3.4.5.1,SS-Econ.9-12.24,Analyze how national and global economic issues and systems impact Iowa’s economy.,09-12,2023-08-15T17:55:29+00:00
Content Area,1.3.5,,Financial Literacy,09-12,2023-08-08T23:03:47+00:00
Content Anchor Standard,1.3.5.1,,Develop Financial and Career Goals,09-12,2023-08-08T23:28:53+00:00
Content Standard,1.3.5.1.1,SS-FL.9-12.13,Develop short- and long-term financial goals. (21st century skills),09-12,2023-08-15T17:55:29+00:00
Content Standard,1.3.5.1.2,SS-FL.9-12.14,"Evaluate entrepreneurship, career choices and the effect on the standard of living. (21st century skills)",09-12,2023-08-15T17:55:29+00:00
Content Anchor Standard,1.3.5.2,,Create a Saving and Spending Plan,09-12,2023-08-08T23:28:53+00:00
Content Standard,1.3.5.2.1,SS-FL.9-12.15,Evaluate the effect of taxes and other factors on income. (21st century skills),09-12,2023-08-15T17:55:29+00:00
Content Standard,1.3.5.2.2,SS-FL.9-12.16,Develop a saving and spending plan using a financial recordkeeping tool. (21st century skills),09-12,2023-08-15T17:55:29+00:00
Content Standard,1.3.5.2.3,SS-FL.9-12.17,Apply consumer skills to saving and spending decisions. (21st century skills),09-12,2023-08-15T17:55:29+00:00
Content Anchor Standard,1.3.5.3,,Analyze Credit and Debt Levels,09-12,2023-08-08T23:28:53+00:00
Content Standard,1.3.5.3.1,SS-FL.9-12.18,Analyze the cost and benefits of different types of credit and debt. (21st century skills),09-12,2023-08-15T17:55:29+00:00
Content Standard,1.3.5.3.2,SS-FL.9-12.19,Summarize a borrower's rights and responsibilities. (21st century skills),09-12,2023-08-15T17:55:29+00:00
Content Standard,1.3.5.3.3,SS-FL.9-12.20,Investigate strategies to avoid and manage debt effectively. (21st century skills),09-12,2023-08-15T17:55:29+00:00
Content Anchor Standard,1.3.5.4,,Evaluate Savings and Long Term Investments,09-12,2023-08-08T23:28:53+00:00
Content Standard,1.3.5.4.1,SS-FL.9-12.21,Evaluate short-term savings tools. (21st century skills),09-12,2023-08-15T17:55:29+00:00
Content Standard,1.3.5.4.2,SS-FL.9-12.22,Apply investment tools to meet financial goals. (21st century skills),09-12,2023-08-15T17:55:29+00:00
Content Anchor Standard,1.3.5.5,,Measure Risk Management Tools,09-12,2023-08-08T23:28:53+00:00
Content Standard,1.3.5.5.1,SS-FL.9-12.23,Justify reasons to use various forms of insurance. (21st century skills),09-12,2023-08-15T17:55:29+00:00
Content Standard,1.3.5.5.2,SS-FL.9-12.24,Establish strategies for protection of personal identity and other forms of fraud. (21st century skills),09-12,2023-08-15T17:55:29+00:00
Content Area,1.3.6,,Geography,09-12,2023-08-08T23:03:47+00:00
Content Anchor Standard,1.3.6.1,,Create Geographic Representations,09-12,2023-08-08T23:28:53+00:00
Content Standard,1.3.6.1.1,SS-Geo.9-12.13,Employ maps to display and explain the spatial patterns of human and environmental characteristics.,09-12,2023-08-15T17:55:29+00:00
Content Standard,1.3.6.1.2,SS-Geo.9-12.14,"Integrate multiple geographic representations to explain relationships between the locations of places and regions and their political, cultural, and economic dynamics.",09-12,2023-08-15T17:55:29+00:00
Content Standard,1.3.6.1.3,SS-Geo.9-12.15,Use geographic data to analyze variations in the spatial patterns of human and/or environmental characteristics at multiple scales.,09-12,2023-08-15T17:55:29+00:00
Content Anchor Standard,1.3.6.2,,Evaluate Human Environment Interaction,09-12,2023-08-08T23:28:53+00:00
Content Standard,1.3.6.2.1,SS-Geo.9-12.16,Analyze relationships and interactions within and between human and physical systems to explain reciprocal influences.,09-12,2023-08-15T17:55:29+00:00
Content Standard,1.3.6.2.2,SS-Geo.9-12.17,Analyze how environmental and cultural characteristics of various places and regions influence political and economic decisions.,09-12,2023-08-15T17:55:29+00:00
Content Standard,1.3.6.2.3,SS-Geo.9-12.18,Evaluate the impact of human settlement activities on the environmental and cultural characteristics of specific places and regions.,09-12,2023-08-15T17:55:29+00:00
Content Anchor Standard,1.3.6.3,,Analyze Human Population Movement and Patterns,09-12,2023-08-08T23:28:53+00:00
Content Standard,1.3.6.3.1,SS-Geo.9-12.19,"Analyze the reciprocal relationship between historical events and the spatial diffusion of ideas, technologies, cultural practices and the distribution of human population.",09-12,2023-08-15T17:55:29+00:00
Content Standard,1.3.6.3.2,SS-Geo.9-12.20,"Assess the impact of economic activities and political decisions on urban, suburban, and rural regions.",09-12,2023-08-15T17:55:29+00:00
Content Anchor Standard,1.3.6.4,,Analyze Global Interconnections,09-12,2023-08-08T23:28:53+00:00
Content Standard,1.3.6.4.1,SS-Geo.9-12.21,Analyze how changes in the environmental and cultural characteristics of a place or region influence spatial patterns of trade and land use.,09-12,2023-08-15T17:55:29+00:00
Content Standard,1.3.6.4.2,SS-Geo.9-12.22,Evaluate how economic globalization and the expanding use of scarce resources contribute to conflict and cooperation within and among countries.,09-12,2023-08-15T17:55:29+00:00
Content Standard,1.3.6.4.3,SS-Geo.9-12.23,"Analyze the consequences of human-made and natural catastrophes on global trade, politics, and human migration.",09-12,2023-08-15T17:55:29+00:00
Content Anchor Standard,1.3.6.5,,Iowa History,09-12,2023-08-08T23:30:12+00:00
Content Standard,1.3.6.5.1,SS-Geo.9-12.24,Identify and evaluate Iowans or groups of Iowans who have influenced Iowa’s environmental or cultural geography.,09-12,2023-08-15T17:55:29+00:00
Content Area,1.3.7,,United States History,09-12,2023-08-08T23:03:47+00:00
Content Anchor Standard,1.3.7.1,,Examine Factors that Led to Continuity and Change in Human and Group Behavior (Behavioral Sciences),09-12,2023-08-08T23:28:53+00:00
Content Standard,1.3.7.1.1,SS-US.9-12.13,"Analyze how diverse ideologies impacted political and social institutions during eras such as Reconstruction, the Progressive Era, and the Civil Rights movement.",09-12,2023-08-15T17:55:29+00:00
Content Anchor Standard,1.3.7.2,,Recognize the Interaction Between Individuals and Various Groups (Behavioral Sciences),09-12,2023-08-08T23:28:53+00:00
Content Standard,1.3.7.2.1,SS-US.9-12.14,"Evaluate the impact of gender roles on economic, political, and social life in the U.S.",09-12,2023-08-15T17:55:29+00:00
Content Anchor Standard,1.3.7.3,,Apply Civic Virtues and Democratic Principles (Civics/Government),09-12,2023-08-08T23:28:53+00:00
Content Standard,1.3.7.3.1,SS-US.9-12.15,Assess the impact of individuals and reform movements on changes to civil rights and liberties. (21st century skills),09-12,2023-08-15T17:55:29+00:00
Content Anchor Standard,1.3.7.4,,Evaluate the National Economy (Economics),09-12,2023-08-08T23:28:53+00:00
Content Standard,1.3.7.4.1,SS-US.9-12.16,Examine labor and governmental efforts to reform and/or maintain a capitalistic economic system in the Great Depression.,09-12,2023-08-15T17:55:29+00:00
Content Anchor Standard,1.3.7.5,,Analyze Human Population Movement and Patterns (Geography),09-12,2023-08-08T23:28:53+00:00
Content Standard,1.3.7.5.1,SS-US.9-12.17,Explain the patterns of and responses to immigration on the development of American culture and law.,09-12,2023-08-15T17:55:29+00:00
Content Standard,1.3.7.5.2,SS-US.9-12.18,"Analyze the effects of urbanization, segregation, and voluntary and forced migration within regions of the U.S. on social, political, and economic structures.",09-12,2023-08-15T17:55:29+00:00
Content Anchor Standard,1.3.7.6,,Analyze Global Interconnections (Geography),09-12,2023-08-08T23:28:53+00:00
Content Standard,1.3.7.6.1,SS-US.9-12.19,Examine how imperialism changed the role of the United States on the world stage prior to World War I.,09-12,2023-08-15T17:55:29+00:00
Content Standard,1.3.7.6.2,SS-US.9-12.20,Analyze the growth of and challenges to U.S. involvement in the world in the post-World War II era.,09-12,2023-08-15T17:55:29+00:00
Content Anchor Standard,1.3.7.7,,"Analyze Change, Continuity, and Context (History)",09-12,2023-08-08T23:28:53+00:00
Content Standard,1.3.7.7.1,SS-US.9-12.21,"Analyze change, continuity and context across eras and places of study from civil war to modern America.",09-12,2023-08-15T17:55:29+00:00
Content Standard,1.3.7.7.2,SS-US.9-12.22,Evaluate the impact of inventions and technological innovations on the American society and culture.,09-12,2023-08-15T17:55:29+00:00
Content Anchor Standard,1.3.7.8,,Critique Historical Sources and Evidence,09-12,2023-08-08T23:28:53+00:00
Content Standard,1.3.7.8.1,SS-US.9-12.23,Analyze the relationship between historical sources and the secondary interpretations made from them.(History),09-12,2023-08-15T17:55:29+00:00
Content Standard,1.3.7.8.2,SS-US.9-12.24,"Critique primary and secondary sources of information with attention to the source of the document, its context, accuracy, and usefulness such as the Reconstruction amendments, Emancipation Proclamation, Treaty of Fort Laramie, Chinese Exclusion Act, Roosevelt’s Corollary to the Monroe Doctrine, Wilson’s Fourteen Points, New Deal Program Acts, Roosevelt’s Declaration of War, Executive Order 9066, Truman Doctrine, Eisenhower’s Farewell Speech, Gulf of Tonkin Resolution, Test Ban Treaty of 1963, Brown vs. Board of Education decision, Letter from a Birmingham Jail, and the Voting Act of 1965.",09-12,2023-08-15T17:55:29+00:00
Content Anchor Standard,1.3.7.9,,Compare Perspectives (History),09-12,2023-08-08T23:28:53+00:00
Content Standard,1.3.7.9.1,SS-US.9-12.25,"Analyze how regional, racial, ethnic and gender perspectives influenced American history and culture.",09-12,2023-08-15T17:55:29+00:00
Content Anchor Standard,1.3.7.10,,Justify Causation and Argumentation (History),09-12,2023-08-08T23:28:53+00:00
Content Standard,1.3.7.10.1,SS-US.9-12.26,"Determine multiple and complex causes and effects of historical events in American history including, but not limited to, the Civil War, World War I and II, the Korean War and the Vietnam War.",09-12,2023-08-15T17:55:29+00:00
Content Anchor Standard,1.3.7.11,,Iowa History (History),09-12,2023-08-08T23:36:18+00:00
Content Standard,1.3.7.11.1,SS-US.9-12.27,Evaluate Iowans or groups of Iowans who have influenced U.S. History.,09-12,2023-08-15T17:55:29+00:00
Content Area,1.3.8,,World History,09-12,2023-08-08T23:03:47+00:00
Content Anchor Standard,1.3.8.1,,Recognize the Interaction Between Individuals and Various Groups (Behavioral Sciences),09-12,2023-08-08T23:28:53+00:00
Content Standard,1.3.8.1.1,SS-WH.9-12.13,Describe the impact of culture and institutions on societies.,09-12,2023-08-15T17:55:29+00:00
Content Anchor Standard,1.3.8.2,,Analyze Civic and Political Institutions (Civics/Government),09-12,2023-08-08T23:28:53+00:00
Content Standard,1.3.8.2.1,SS-WH.9-12.14,"Compare various systems of government, such as monarchies, democracies/republics, empires, and dictatorships, and their methods of maintaining order and/or control. (21st century skills)",09-12,2023-08-15T17:55:29+00:00
Content Anchor Standard,1.3.8.3,,Assess the Global Economy (Economics),09-12,2023-08-08T23:28:53+00:00
Content Standard,1.3.8.3.1,SS-WH.9-12.15,Compare and contrast various economic and labor systems within and across societies.,09-12,2023-08-15T17:55:29+00:00
Content Standard,1.3.8.3.2,SS-WH.9-12.16,"Examine the ways in which trade, commerce, and industrialization affected societies.",09-12,2023-08-15T17:55:29+00:00
Content Anchor Standard,1.3.8.4,,Analyze Global Interconnections (Geography),09-12,2023-08-08T23:28:53+00:00
Content Standard,1.3.8.4.1,SS-WH.9-12.17,"Evaluate the consequences of human made and natural catastrophes on global trade, politics, and human migration.",09-12,2023-08-15T17:55:29+00:00
Content Standard,1.3.8.4.2,SS-WH.9-12.18,Assess impact of conflict and diplomacy on international relations.,09-12,2023-08-15T17:55:29+00:00
Content Anchor Standard,1.3.8.5,,Analyze Human Population Movement and Patterns (Geography),09-12,2023-08-08T23:28:53+00:00
Content Standard,1.3.8.5.1,SS-WH.9-12.19,Explain the influence of human migrations on patterns of settlement and culture.,09-12,2023-08-15T17:55:29+00:00
Content Anchor Standard,1.3.8.6,,"Analyze Change, Continuity, and Context (History)",09-12,2023-08-08T23:28:53+00:00
Content Standard,1.3.8.6.1,SS-WH.9-12.20,Evaluate methods used to change or expand systems of power and/or authority.,09-12,2023-08-15T17:55:29+00:00
Content Standard,1.3.8.6.2,SS-WH.9-12.21,"Investigate cultural advancements within societies with attention to belief systems, ideologies, the arts, science and technology.",09-12,2023-08-15T17:55:29+00:00
Content Standard,1.3.8.6.3,SS-WH.9-12.22,"Analyze the influence of social, political and economic developments on gender roles and social status.",09-12,2023-08-15T17:55:29+00:00
Content Anchor Standard,1.3.8.7,,Critique Historical Sources and Evidence (History),09-12,2023-08-08T23:28:53+00:00
Content Standard,1.3.8.7.1,SS-WH.9-12.23,"Critique primary and secondary sources of information with attention to the source of the document, its context, accuracy, and usefulness of sources throughout world history.",09-12,2023-08-15T17:55:29+00:00
Content Anchor Standard,1.3.8.8,,Compare Perspectives (History),09-12,2023-08-08T23:28:53+00:00
Content Standard,1.3.8.8.1,SS-WH.9-12.24,Examine and explain how the perspectives of individuals and societies impact world history.,09-12,2023-08-15T17:55:29+00:00
Content Anchor Standard,1.3.8.9,,Justify Causation and Argumentation (History),09-12,2023-08-08T23:28:53+00:00
Content Standard,1.3.8.9.1,SS-WH.9-12.25,Determine multiple and complex causes and effects of historical events within world history.,09-12,2023-08-15T17:55:29+00:00
Content Anchor Standard,1.3.8.10,,Iowa History (History),09-12,2023-08-08T23:37:00+00:00
Content Standard,1.3.8.10.1,SS-WH.9-12.26,Assess Iowans or groups of Iowans who have influenced world history.,09-12,2023-08-15T17:55:29+00:00
,2,,Overview of Anchor Standards,KG-12,2023-08-08T23:03:57+00:00
,2.1,,Inquiry Anchor Standards,KG-12,2023-08-08T23:03:57+00:00
Content Area,2.1.1,,Inquiry,KG-12,2023-08-08T23:03:57+00:00
Inquiry Anchor Standard,2.1.1.1,,Constructing compelling questions,KG-12,2023-08-08T23:03:57+00:00
Inquiry Anchor Standard,2.1.1.2,,Constructing supporting questions,KG-12,2023-08-08T23:03:57+00:00
Inquiry Anchor Standard,2.1.1.3,,Gathering and evaluating sources,KG-12,2023-08-08T23:03:57+00:00
Inquiry Anchor Standard,2.1.1.4,,Developing claims and using evidence,KG-12,2023-08-08T23:03:57+00:00
Inquiry Anchor Standard,2.1.1.5,,Communicating and critiquing conclusions,KG-12,2023-08-08T23:03:57+00:00
Inquiry Anchor Standard,2.1.1.6,,Taking informed action,KG-12,2023-08-08T23:03:57+00:00
,2.2,,Content Anchor Standards,KG-12,2023-08-08T23:03:57+00:00
Content Area,2.2.1,,Behavioral Sciences,KG-12,2023-08-08T23:03:57+00:00
Content Anchor Standard,2.2.1.1,,Examine factors that led to continuity and change in human and group behavior,KG-12,2023-08-08T23:03:57+00:00
Content Anchor Standard,2.2.1.2,,Recognize the interaction between individuals and various groups,KG-12,2023-08-08T23:03:57+00:00
Content Anchor Standard,2.2.1.3,,Apply appropriate research procedures and skills of a behavioral scientis,KG-12,2023-08-08T23:03:57+00:00
Content Area,2.2.2,,Civics/Government,KG-12,2023-08-08T23:03:57+00:00
Content Anchor Standard,2.2.2.1,,Analyze civic and political institutions,KG-12,2023-08-08T23:03:57+00:00
Content Anchor Standard,2.2.2.2,,Apply civic virtues and democratic principles,KG-12,2023-08-08T23:03:57+00:00
Content Anchor Standard,2.2.2.3,,"Interpret processes, rules, and laws",KG-12,2023-08-08T23:03:57+00:00
Content Area,2.2.3,,Economics,KG-12,2023-08-08T23:03:57+00:00
Content Anchor Standard,2.2.3.1,,Engage in economic decision making,KG-12,2023-08-08T23:03:57+00:00
Content Anchor Standard,2.2.3.2,,Critique exchange and markets,KG-12,2023-08-08T23:03:57+00:00
Content Anchor Standard,2.2.3.3,,Evaluate the national economy,KG-12,2023-08-08T23:03:57+00:00
Content Anchor Standard,2.2.3.4,,Assess the global economy,KG-12,2023-08-08T23:03:57+00:00
Content Area,2.2.4,,Financial Literacy,KG-12,2023-08-08T23:03:57+00:00
Content Anchor Standard,2.2.4.1,,Develop financial and career goals,KG-12,2023-08-08T23:03:57+00:00
Content Anchor Standard,2.2.4.2,,Create a saving and spending plan,KG-12,2023-08-08T23:03:57+00:00
Content Anchor Standard,2.2.4.3,,Analyze credit and debt levels,KG-12,2023-08-08T23:03:57+00:00
Content Anchor Standard,2.2.4.4,,Evaluate savings and long term investments,KG-12,2023-08-08T23:03:57+00:00
Content Anchor Standard,2.2.4.5,,Measure risk management tools,KG-12,2023-08-08T23:03:57+00:00
Content Area,2.2.5,,Geography,KG-12,2023-08-08T23:03:57+00:00
Content Anchor Standard,2.2.5.1,,Create geographic representations,KG-12,2023-08-08T23:03:57+00:00
Content Anchor Standard,2.2.5.2,,Evaluate human environment interaction,KG-12,2023-08-08T23:03:57+00:00
Content Anchor Standard,2.2.5.3,,Analyze human population movement and patterns,KG-12,2023-08-08T23:03:57+00:00
Content Anchor Standard,2.2.5.4,,Analyze global interconnections,KG-12,2023-08-08T23:03:57+00:00
Content Area,2.2.6,,History,KG-12,2023-08-08T23:03:57+00:00
Content Anchor Standard,2.2.6.1,,"Analyze change, continuity, and context",KG-12,2023-08-08T23:03:57+00:00
Content Anchor Standard,2.2.6.2,,Critique historical sources and evidence,KG-12,2023-08-08T23:03:57+00:00
Content Anchor Standard,2.2.6.3,,Compare perspectives,KG-12,2023-08-08T23:03:57+00:00
Content Anchor Standard,2.2.6.4,,Justify causation and argumentation,KG-12,2023-08-08T23:03:57+00:00
Content Anchor Standard,2.2.6.5,,Iowa history,KG-12,2023-08-08T23:03:57+00:00
,3,,"Literacy Standards for History/Social Studies, 6-12",,2023-08-08T23:00:01+00:00
Grade Level,3.1,,Grade 6-8,06-08,2023-08-08T23:04:11+00:00
Strand,3.1.1,,Reading: History/Social Studies,06-08,2023-08-08T22:59:29+00:00
Cluster,3.1.1.1,,Key Ideas and Details,06-08,2023-08-08T22:59:29+00:00
Standard,3.1.1.1.1,RH.6-8.1,Cite specific textual evidence to support analysis of primary and secondary sources.,06-08,2023-08-08T22:59:29+00:00
Standard,3.1.1.1.2,RH.6-8.2,Determine the central ideas or information of a primary or secondary source; provide an accurate summary of the source distinct from prior knowledge or opinions.,06-08,2023-08-08T22:59:29+00:00
Standard,3.1.1.1.3,RH.6-8.3,"Identify key steps in a text's description of a process related to history/social studies (e.g., how a bill becomes law, how interest rates are raised or lowered).",06-08,2023-08-08T22:59:29+00:00
Cluster,3.1.1.2,,Craft and Structure,06-08,2023-08-08T22:59:29+00:00
Standard,3.1.1.2.1,RH.6-8.4,"Determine the meaning of words and phrases as they are used in a text, including vocabulary specific to domains related to history/social studies.",06-08,2023-08-08T22:59:29+00:00
Standard,3.1.1.2.2,RH.6-8.5,"Describe how a text presents information (e.g., sequentially, comparatively, causally).",06-08,2023-08-08T22:59:29+00:00
Standard,3.1.1.2.3,RH.6-8.6,"Identify aspects of a text that reveal an author's point of view or purpose (e.g., loaded language, inclusion or avoidance of particular facts).",06-08,2023-08-08T22:59:29+00:00
Cluster,3.1.1.3,,Integration of Knowledge and Ideas,06-08,2023-08-08T22:59:29+00:00
Standard,3.1.1.3.1,RH.6-8.7,"Integrate visual information (e.g., in charts, graphs, photographs, videos, or maps) with other information in print and digital texts.",06-08,2023-08-08T22:59:29+00:00
Standard,3.1.1.3.2,RH.6-8.8,"Distinguish among fact, opinion, and reasoned judgment in a text.",06-08,2023-08-08T22:59:29+00:00
Standard,3.1.1.3.3,RH.6-8.9,Analyze the relationship between a primary and secondary source on the same topic.,06-08,2023-08-08T22:59:29+00:00
Cluster,3.1.1.4,,Range of Reading and Level of Text Complexity,06-08,2023-08-08T22:59:29+00:00
Standard,3.1.1.4.1,RH.6-8.10,"By the end of grade 8, read and comprehend history/social studies texts in the grades 6—8 text complexity band independently and proficiently.",06-08,2023-08-08T22:59:29+00:00
Strand,3.1.2,,"Writing: History/Social Studies, Science, and Technical Subjects",06-08,2023-08-08T22:59:29+00:00
Cluster,3.1.2.1,,Text Types and Purposes,06-08,2023-08-08T22:59:29+00:00
Standard,3.1.2.1.1,WHST.6-8.1,Write arguments focused on discipline-specific content.,06-08,2023-08-08T22:59:29+00:00
Component,3.1.2.1.1.1,WHST.6-8.1.a,"Introduce claim(s) about a topic or issue, acknowledge and distinguish the claim(s) from alternate or opposing claims, and organize the reasons and evidence logically.",06-08,2023-08-08T22:59:29+00:00
Component,3.1.2.1.1.2,WHST.6-8.1.b,"Support claim(s) with logical reasoning and relevant, accurate data and evidence that demonstrate an understanding of the topic or text, using credible sources.",06-08,2023-08-08T22:59:29+00:00
Component,3.1.2.1.1.3,WHST.6-8.1.c,"Use words, phrases, and clauses to create cohesion and clarify the relationships among claim(s), counterclaims, reasons, and evidence.",06-08,2023-08-08T22:59:29+00:00
Component,3.1.2.1.1.4,WHST.6-8.1.d,Establish and maintain a formal style.,06-08,2023-08-08T22:59:29+00:00
Component,3.1.2.1.1.5,WHST.6-8.1.e,Provide a concluding statement or section that follows from and supports the argument presented.,06-08,2023-08-08T22:59:29+00:00
Standard,3.1.2.1.2,WHST.6-8.2,"Write informative/explanatory texts, including the narration of historical events, scientific procedures/experiments, or technical processes.",06-08,2023-08-08T22:59:29+00:00
Component,3.1.2.1.2.1,WHST.6-8.2.a,"Introduce a topic clearly, previewing what is to follow; organize ideas, concepts, and information into broader categories as appropriate to achieving purpose; include formatting (e.g., headings), graphics (e.g., charts, tables), and multimedia when useful to aiding comprehension.",06-08,2023-08-08T22:59:29+00:00
Component,3.1.2.1.2.2,WHST.6-8.2.b,"Develop the topic with relevant, well-chosen facts, definitions, concrete details, quotations, or other information and examples.",06-08,2023-08-08T22:59:29+00:00
Component,3.1.2.1.2.3,WHST.6-8.2.c,Use appropriate and varied transitions to create cohesion and clarify the relationships among ideas and concepts.,06-08,2023-08-08T22:59:29+00:00
Component,3.1.2.1.2.4,WHST.6-8.2.d,Use precise language and domain-specific vocabulary to inform about or explain the topic.,06-08,2023-08-08T22:59:29+00:00
Component,3.1.2.1.2.5,WHST.6-8.2.e,Establish and maintain a formal style and objective tone.,06-08,2023-08-08T22:59:29+00:00
Component,3.1.2.1.2.6,WHST.6-8.2.f,Provide a concluding statement or section that follows from and supports the information or explanation presented.,06-08,2023-08-08T22:59:29+00:00
Cluster,3.1.2.2,,Production and Distribution of Writing,06-08,2023-08-08T22:59:29+00:00
Standard,3.1.2.2.1,WHST.6-8.4,"Produce clear and coherent writing in which the development, organization, and style are appropriate to task, purpose, and audience.",06-08,2023-08-08T22:59:29+00:00
Standard,3.1.2.2.2,WHST.6-8.5,"With some guidance and support from peers and adults, develop and strengthen writing as needed by planning, revising, editing, rewriting, or trying a new approach, focusing on how well purpose and audience have been addressed.",06-08,2023-08-08T22:59:29+00:00
Standard,3.1.2.2.3,WHST.6-8.6,"Use technology, including the Internet, to produce and publish writing and present the relationships between information and ideas clearly and efficiently.",06-08,2023-08-08T22:59:29+00:00
Cluster,3.1.2.3,,Research to Build and Present Knowledge,06-08,2023-08-08T22:59:29+00:00
Standard,3.1.2.3.1,WHST.6-8.7,"Conduct short research projects to answer a question (including a self-generated question), drawing on several sources and generating additional related, focused questions that allow for multiple avenues of exploration.",06-08,2023-08-08T22:59:29+00:00
Standard,3.1.2.3.2,WHST.6-8.8,"Gather relevant information from multiple print and digital sources, using search terms effectively; assess the credibility and accuracy of each source; and quote or paraphrase the data and conclusions of others while avoiding plagiarism and following a standard format for citation.",06-08,2023-08-08T22:59:29+00:00
Standard,3.1.2.3.3,WHST.6-8.9,"Draw evidence from informational texts to support analysis, reflection, and research.",06-08,2023-08-08T22:59:29+00:00
Cluster,3.1.2.4,,Range of Writing,06-08,2023-08-08T22:59:29+00:00
Standard,3.1.2.4.1,WHST.6-8.10,"Write routinely over extended time frames (time for reflection and revision) and shorter time frames (a single sitting or a day or two) for a range of discipline-specific tasks, purposes, and audiences.",06-08,2023-08-08T22:59:29+00:00
Grade Level,3.2,,Grade 9-10,09-10,2023-08-08T22:59:29+00:00
Strand,3.2.1,,Reading: History/Social Studies,09-10,2023-08-08T22:59:29+00:00
Cluster,3.2.1.1,,Key Ideas and Details,09-10,2023-08-08T22:59:29+00:00
Standard,3.2.1.1.1,RH.9-10.1,"Cite specific textual evidence to support analysis of primary and secondary sources, attending to such features as the date and origin of the information.",09-10,2023-08-08T22:59:29+00:00
Standard,3.2.1.1.2,RH.9-10.2,Determine the central ideas or information of a primary or secondary source; provide an accurate summary of how key events or ideas develop over the course of the text.,09-10,2023-08-08T22:59:29+00:00
Standard,3.2.1.1.3,RH.9-10.3,Analyze in detail a series of events described in a text; determine whether earlier events caused later ones or simply preceded them.,09-10,2023-08-08T22:59:29+00:00
Cluster,3.2.1.2,,Craft and Structure,09-10,2023-08-08T22:59:29+00:00
Standard,3.2.1.2.1,RH.9-10.4,"Determine the meaning of words and phrases as they are used in a text, including vocabulary describing political, social, or economic aspects of history/social studies.",09-10,2023-08-08T22:59:29+00:00
Standard,3.2.1.2.2,RH.9-10.5,Analyze how a text uses structure to emphasize key points or advance an explanation or analysis,09-10,2023-08-08T22:59:29+00:00
Standard,3.2.1.2.3,RH.9-10.6,"Compare the point of view of two or more authors for how they treat the same or similar topics, including which details they include and emphasize in their respective accounts.",09-10,2023-08-08T22:59:29+00:00
Cluster,3.2.1.3,,Integration of Knowledge and Ideas,09-10,2023-08-08T22:59:29+00:00
Standard,3.2.1.3.1,RH.9-10.7,"Integrate quantitative or technical analysis (e.g., charts, research data) with qualitative analysis in print or digital text.",09-10,2023-08-08T22:59:29+00:00
Standard,3.2.1.3.2,RH.9-10.8,Assess the extent to which the reasoning and evidence in a text support the author's claims.,09-10,2023-08-08T22:59:29+00:00
Standard,3.2.1.3.3,RH.9-10.9,Compare and contrast treatments of the same topic in several primary and secondary sources.,09-10,2023-08-08T22:59:29+00:00
Cluster,3.2.1.4,,Range of Reading and Level of Text Complexity,09-10,2023-08-08T22:59:29+00:00
Standard,3.2.1.4.1,RH.9-10.10,"By the end of grade 10, read and comprehend history/social studies texts in the grades 9—10 text complexity band independently and proficiently.",09-10,2023-08-08T22:59:29+00:00
Strand,3.2.2,,"Writing: History/Social Studies, Science, & Technical Subjects",09-10,2023-08-08T22:59:29+00:00
Cluster,3.2.2.1,,Text Types and Purposes,09-10,2023-08-08T22:59:29+00:00
Standard,3.2.2.1.1,WHST.9-10.1,Write arguments focused on discipline-specific content.,09-10,2023-08-08T22:59:29+00:00
Component,3.2.2.1.1.1,WHST.9-10.1.a,"Introduce precise claim(s), distinguish the claim(s) from alternate or opposing claims, and create an organization that establishes clear relationships among the claim(s), counterclaims, reasons, and evidence.",09-10,2023-08-08T22:59:29+00:00
Component,3.2.2.1.1.2,WHST.9-10.1.b,"Develop claim(s) and counterclaims fairly, supplying data and evidence for each while pointing out the strengths and limitations of both claim(s) and counterclaims in a discipline-appropriate form and in a manner that anticipates the audience's knowledge level and concerns.",09-10,2023-08-08T22:59:29+00:00
Component,3.2.2.1.1.3,WHST.9-10.1.c,"Use words, phrases, and clauses to link the major sections of the text, create cohesion, and clarify the relationships between claim(s) and reasons, between reasons and evidence, and between claim(s) and counterclaims.",09-10,2023-08-08T22:59:29+00:00
Component,3.2.2.1.1.4,WHST.9-10.1.d,Establish and maintain a formal style and objective tone while attending to the norms and conventions of the discipline in which they are writing.,09-10,2023-08-08T22:59:29+00:00
Component,3.2.2.1.1.5,WHST.9-10.1.e,Provide a concluding statement or section that follows from or supports the argument presented.,09-10,2023-08-08T22:59:29+00:00
Standard,3.2.2.1.2,WHST.9-10.2,"Write informative/explanatory texts, including the narration of historical events, scientific procedures/experiments, or technical processes.",09-10,2023-08-08T22:59:29+00:00
Component,3.2.2.1.2.1,WHST.9-10.2.a,"Introduce a topic and organize ideas, concepts, and information to make important connections and distinctions; include formatting (e.g., headings), graphics (e.g., figures, tables), and multimedia when useful to aiding comprehension.",09-10,2023-08-08T22:59:29+00:00
Component,3.2.2.1.2.2,WHST.9-10.2.b,"Develop the topic with well-chosen, relevant, and sufficient facts, extended definitions, concrete details, quotations, or other information and examples appropriate to the audience's knowledge of the topic.",09-10,2023-08-08T22:59:29+00:00
Component,3.2.2.1.2.3,WHST.9-10.2.c,"Use varied transitions and sentence structures to link the major sections of the text, create cohesion, and clarify the relationships among ideas and concepts.",09-10,2023-08-08T22:59:29+00:00
Component,3.2.2.1.2.4,WHST.9-10.2.d,Use precise language and domain-specific vocabulary to manage the complexity of the topic and convey a style appropriate to the discipline and context as well as to the expertise of likely readers.,09-10,2023-08-08T22:59:29+00:00
Component,3.2.2.1.2.5,WHST.9-10.2.e,Establish and maintain a formal style and objective tone while attending to the norms and conventions of the discipline in which they are writing.,09-10,2023-08-08T22:59:29+00:00
Component,3.2.2.1.2.6,WHST.9-10.2.f,"Provide a concluding statement or section that follows from and supports the information or explanation presented (e.g., articulating implications or the significance of the topic).",09-10,2023-08-08T22:59:29+00:00
Cluster,3.2.2.2,,Production and Distribution of Writing,09-10,2023-08-08T22:59:29+00:00
Standard,3.2.2.2.1,WHST.9-10.4,"Produce clear and coherent writing in which the development, organization, and style are appropriate to task, purpose, and audience.",09-10,2023-08-08T22:59:29+00:00
Standard,3.2.2.2.2,WHST.9-10.5,"Develop and strengthen writing as needed by planning, revising, editing, rewriting, or trying a new approach, focusing on addressing what is most significant for a specific purpose and audience.",09-10,2023-08-08T22:59:29+00:00
Standard,3.2.2.2.3,WHST.9-10.6,"Use technology, including the Internet, to produce, publish, and update individual or shared writing products, taking advantage of technology's capacity to link to other information and to display information flexibly and dynamically.",09-10,2023-08-08T22:59:29+00:00
Cluster,3.2.2.3,,Research to Build and Present Knowledge,09-10,2023-08-08T22:59:29+00:00
Standard,3.2.2.3.1,WHST.9-10.7,"Conduct short as well as more sustained research projects to answer a question (including a self-generated question) or solve a problem; narrow or broaden the inquiry when appropriate; synthesize multiple sources on the subject, demonstrating understanding of the subject under investigation.",09-10,2023-08-08T22:59:29+00:00
Standard,3.2.2.3.2,WHST.9-10.8,"Gather relevant information from multiple authoritative print and digital sources, using advanced searches effectively; assess the usefulness of each source in answering the research question; integrate information into the text selectively to maintain the flow of ideas, avoiding plagiarism and following a standard format for citation.",09-10,2023-08-08T22:59:29+00:00
Standard,3.2.2.3.3,WHST.9-10.9,"Draw evidence from informational texts to support analysis, reflection, and research.",09-10,2023-08-08T22:59:29+00:00
Cluster,3.2.2.4,,Range of Writing,09-10,2023-08-08T22:59:29+00:00
Standard,3.2.2.4.1,WHST.9-10.10,"Write routinely over extended time frames (time for reflection and revision) and shorter time frames (a single sitting or a day or two) for a range of discipline-specific tasks, purposes, and audiences.",09-10,2023-08-08T22:59:29+00:00
Grade Level,3.3,,Grade 11-12,11-12,2023-08-08T22:59:29+00:00
Strand,3.3.1,,Reading: History/Social Studies,11-12,2023-08-08T22:59:29+00:00
Cluster,3.3.1.1,,Key Ideas and Details,11-12,2023-08-08T22:59:29+00:00
Standard,3.3.1.1.1,RH.11-12.1,"Cite specific textual evidence to support analysis of primary and secondary sources, connecting insights gained from specific details to an understanding of the text as a whole.",11-12,2023-08-08T22:59:29+00:00
Standard,3.3.1.1.2,RH.11-12.2,Determine the central ideas or information of a primary or secondary source; provide an accurate summary that makes clear the relationships among the key details and ideas.,11-12,2023-08-08T22:59:29+00:00
Standard,3.3.1.1.3,RH.11-12.3,"Evaluate various explanations for actions or events and determine which explanation best accords with textual evidence, acknowledging where the text leaves matters uncertain.",11-12,2023-08-08T22:59:29+00:00
Cluster,3.3.1.2,,Craft and Structure,11-12,2023-08-08T22:59:29+00:00
Standard,3.3.1.2.1,RH.11-12.4,"Determine the meaning of words and phrases as they are used in a text, including analyzing how an author uses and refines the meaning of a key term over the course of a text (e.g., how Madison defines faction in Federalist No. 10).",11-12,2023-08-08T22:59:29+00:00
Standard,3.3.1.2.2,RH.11-12.5,"Analyze in detail how a complex primary source is structured, including how key sentences, paragraphs, and larger portions of the text contribute to the whole.",11-12,2023-08-08T22:59:29+00:00
Standard,3.3.1.2.3,RH.11-12.6,"Evaluate authors' differing points of view on the same historical event or issue by assessing the authors' claims, reasoning, and evidence.",11-12,2023-08-08T22:59:29+00:00
Cluster,3.3.1.3,,Integration of Knowledge and Ideas,11-12,2023-08-08T22:59:29+00:00
Standard,3.3.1.3.1,RH.11-12.7,"Integrate and evaluate multiple sources of information presented in diverse formats and media (e.g., visually, quantitatively, as well as in words) in order to address a question or solve a problem.",11-12,2023-08-08T22:59:29+00:00
Standard,3.3.1.3.2,RH.11-12.8,"Evaluate an author's premises, claims, and evidence by corroborating or challenging them with other information.",11-12,2023-08-08T22:59:29+00:00
Standard,3.3.1.3.3,RH.11-12.9,"Integrate information from diverse sources, both primary and secondary, into a coherent understanding of an idea or event, noting discrepancies among sources.",11-12,2023-08-08T22:59:29+00:00
Cluster,3.3.1.4,,Range of Reading and Level of Text Complexity,11-12,2023-08-08T22:59:29+00:00
Standard,3.3.1.4.1,RH.11-12.10,"By the end of grade 12, read and comprehend history/social studies texts in the grades 11—CCR text complexity band independently and proficiently.",11-12,2023-08-08T22:59:29+00:00
Strand,3.3.2,,"Writing: History/Social Studies, Science, & Technical Subjects",11-12,2023-08-08T22:59:29+00:00
Cluster,3.3.2.1,,Text Types and Purposes,11-12,2023-08-08T22:59:29+00:00
Standard,3.3.2.1.1,WHST.11-12.1,Write arguments focused on discipline-specific content.,11-12,2023-08-08T22:59:29+00:00
Component,3.3.2.1.1.1,WHST.11-12.1.a,"Introduce precise, knowledgeable claim(s), establish the significance of the claim(s), distinguish the claim(s) from alternate or opposing claims, and create an organization that logically sequences the claim(s), counterclaims, reasons, and evidence.",11-12,2023-08-08T22:59:29+00:00
Component,3.3.2.1.1.2,WHST.11-12.1.b,"Develop claim(s) and counterclaims fairly and thoroughly, supplying the most relevant data and evidence for each while pointing out the strengths and limitations of both claim(s) and counterclaims in a discipline-appropriate form that anticipates the audience's knowledge level, concerns, values, and possible biases.",11-12,2023-08-08T22:59:29+00:00
Component,3.3.2.1.1.3,WHST.11-12.1.c,"Use words, phrases, and clauses as well as varied syntax to link the major sections of the text, create cohesion, and clarify the relationships between claim(s) and reasons, between reasons and evidence, and between claim(s) and counterclaims.",11-12,2023-08-08T22:59:29+00:00
Component,3.3.2.1.1.4,WHST.11-12.1.d,Establish and maintain a formal style and objective tone while attending to the norms and conventions of the discipline in which they are writing.,11-12,2023-08-08T22:59:29+00:00
Component,3.3.2.1.1.5,WHST.11-12.1.e,Provide a concluding statement or section that follows from or supports the argument presented.,11-12,2023-08-08T22:59:29+00:00
Standard,3.3.2.1.2,WHST.11-12.2,"Write informative/explanatory texts, including the narration of historical events, scientific procedures/experiments, or technical processes.",11-12,2023-08-08T22:59:29+00:00
Component,3.3.2.1.2.1,WHST.11-12.2.a,"Introduce a topic and organize complex ideas, concepts, and information so that each new element builds on that which precedes it to create a unified whole; include formatting (e.g., headings), graphics (e.g., figures, tables), and multimedia when useful to aiding comprehension.",11-12,2023-08-08T22:59:29+00:00
Component,3.3.2.1.2.2,WHST.11-12.2.b,"Develop the topic thoroughly by selecting the most significant and relevant facts, extended definitions, concrete details, quotations, or other information and examples appropriate to the audience's knowledge of the topic.",11-12,2023-08-08T22:59:29+00:00
Component,3.3.2.1.2.3,WHST.11-12.2.c,"Use varied transitions and sentence structures to link the major sections of the text, create cohesion, and clarify the relationships among complex ideas and concepts.",11-12,2023-08-08T22:59:29+00:00
Component,3.3.2.1.2.4,WHST.11-12.2.d,"Use precise language, domain-specific vocabulary and techniques such as metaphor, simile, and analogy to manage the complexity of the topic; convey a knowledgeable stance in a style that responds to the discipline and context as well as to the expertise of likely readers.",11-12,2023-08-08T22:59:29+00:00
Component,3.3.2.1.2.5,WHST.11-12.2.e,"Provide a concluding statement or section that follows from and supports the information or explanation provided (e.g., articulating implications or the significance of the topic).",11-12,2023-08-08T22:59:29+00:00
Cluster,3.3.2.2,,Production and Distribution of Writing,11-12,2023-08-08T22:59:29+00:00
Standard,3.3.2.2.1,WHST.11-12.4,"Produce clear and coherent writing in which the development, organization, and style are appropriate to task, purpose, and audience.",11-12,2023-08-08T22:59:29+00:00
Standard,3.3.2.2.2,WHST.11-12.5,"Develop and strengthen writing as needed by planning, revising, editing, rewriting, or trying a new approach, focusing on addressing what is most significant for a specific purpose and audience.",11-12,2023-08-08T22:59:29+00:00
Standard,3.3.2.2.3,WHST.11-12.6,"Use technology, including the Internet, to produce, publish, and update individual or shared writing products in response to ongoing feedback, including new arguments or information.",11-12,2023-08-08T22:59:29+00:00
Cluster,3.3.2.3,,Research to Build and Present Knowledge,11-12,2023-08-08T22:59:29+00:00
Standard,3.3.2.3.1,WHST.11-12.7,"Conduct short as well as more sustained research projects to answer a question (including a self-generated question) or solve a problem; narrow or broaden the inquiry when appropriate; synthesize multiple sources on the subject, demonstrating understanding of the subject under investigation.",11-12,2023-08-08T22:59:29+00:00
Standard,3.3.2.3.2,WHST.11-12.8,"Gather relevant information from multiple authoritative print and digital sources, using advanced searches effectively; assess the strengths and limitations of each source in terms of the specific task, purpose, and audience; integrate information into the text selectively to maintain the flow of ideas, avoiding plagiarism and overreliance on any one source and following a standard format for citation.",11-12,2023-08-08T22:59:29+00:00
Standard,3.3.2.3.3,WHST.11-12.9,"Draw evidence from informational texts to support analysis, reflection, and research.",11-12,2023-08-08T22:59:29+00:00
Cluster,3.3.2.4,,Range of Writing,11-12,2023-08-08T22:59:29+00:00
Standard,3.3.2.4.1,WHST.11-12.10,"Write routinely over extended time frames (time for reflection and revision) and shorter time frames (a single sitting or a day or two) for a range of discipline-specific tasks, purposes, and audiences.",11-12,2023-08-08T22:59:29+00:00