Item Type,Sequence,Human Code,Full Statement,Ed. Level,Last Modified
Framework,1,,Early Learning Foundations Framework,,2020-12-07T10:49:15+00:00
Content Area,1.1,,English/Language Arts,,2020-12-07T10:41:18+00:00
Foundation,1.1.1,ELA1,<b>Communication Process: </b>Early learners develop foundational skills to communicate effectively for a variety of purposes.,,2020-11-19T14:56:42+00:00
Topic,1.1.1.1,ELA1.1,Demonstrate receptive communication,,2020-11-10T08:55:54+00:00
Age Range,1.1.1.1.1,,Infant,,2020-11-10T08:55:54+00:00
Indicator,1.1.1.1.1.1,,Demonstrate continual growth in understanding increasingly complex and varied vocabulary,,2020-11-10T08:55:54+00:00
Indicator,1.1.1.1.1.2,,Respond to words or gestures,,2020-11-10T08:55:54+00:00
Indicator,1.1.1.1.1.3,,"Recognize familiar objects, people, and voices",,2020-11-10T08:55:54+00:00
Indicator,1.1.1.1.1.4,,Orient to sounds in the environment,,2020-11-10T08:55:54+00:00
Age Range,1.1.1.1.2,,Younger Toddler,,2020-11-10T08:55:54+00:00
Indicator,1.1.1.1.2.1,,Demonstrate continual growth in understanding increasingly complex and varied vocabulary,,2020-11-10T08:55:54+00:00
Indicator,1.1.1.1.2.2,,"Respond to simple statements, requests, and/or gestures",,2020-11-10T08:55:54+00:00
Age Range,1.1.1.1.3,,Older Toddler,,2020-11-10T08:55:54+00:00
Indicator,1.1.1.1.3.1,,Demonstrate continual growth in understanding increasingly complex and varied vocabulary,,2020-11-10T08:55:54+00:00
Indicator,1.1.1.1.3.2,,"Respond to simple sentences, phrases, gestures and/or actions ",,2020-11-10T08:55:54+00:00
Indicator,1.1.1.1.3.3,,Follow simple one-step directions,,2020-11-10T08:55:54+00:00
Age Range,1.1.1.1.4,,Younger Preschool,,2020-11-10T08:55:54+00:00
Indicator,1.1.1.1.4.1,,Demonstrate continual growth in understanding increasingly complex and varied vocabulary,,2020-11-10T08:55:54+00:00
Indicator,1.1.1.1.4.2,,Respond to complex gestures and/or actions to communicate (such as comforting others who are crying),,2020-11-10T08:55:54+00:00
Indicator,1.1.1.1.4.3,,Listen to and follow multi-step directions with adult support,,2020-11-10T08:55:54+00:00
Age Range,1.1.1.1.5,,Older Preschool,,2020-11-10T08:55:54+00:00
Indicator,1.1.1.1.5.1,,Demonstrate continual growth in understanding increasingly complex and varied vocabulary,,2020-11-10T08:55:54+00:00
Indicator,1.1.1.1.5.2,,Respond to complex gestures and/or actions to communicate (such as comforting others who are crying),,2020-11-10T08:55:54+00:00
Indicator,1.1.1.1.5.3,,Listen to and follow multi-step directions,,2020-11-10T08:55:54+00:00
Age Range,1.1.1.1.6,,Kindergarten Standard,,2020-11-10T08:55:54+00:00
Indicator,1.1.1.1.6.1,,"K.W.5: With support, build understanding of a topic using various sources. Identify relevant pictures, charts, gradeappropriate texts, personal experiences, or people as sources of information on a topic.",,2020-11-10T08:55:54+00:00
Indicator,1.1.1.1.6.2,,"K.RV.1: Use words, phrases, and strategies acquired through conversations, reading and being read to, and responding to literature and nonfiction texts to build and apply vocabulary. ",,2020-11-10T08:55:54+00:00
Topic,1.1.1.2,ELA1.2,Demonstrate expressive communication,,2020-11-10T08:55:54+00:00
Age Range,1.1.1.2.1,,Infant,,2020-11-10T08:55:54+00:00
Indicator,1.1.1.2.1.1,,Use facial expressions to communicate,,2020-11-10T08:55:54+00:00
Indicator,1.1.1.2.1.2,,Use simple vocalizations to communicate,,2020-11-10T08:55:54+00:00
Indicator,1.1.1.2.1.3,,Express sounds and patterns of home language,,2020-11-10T08:55:54+00:00
Age Range,1.1.1.2.2,,Younger Toddler ,,2020-11-10T08:55:54+00:00
Indicator,1.1.1.2.2.1,,Demonstrate continual growth in increasingly varied and complex vocabulary,,2020-11-10T08:55:54+00:00
Indicator,1.1.1.2.2.2,,Use gestures to clarify communication,,2020-11-10T08:55:54+00:00
Indicator,1.1.1.2.2.3,,Use single words or simple phrases,,2020-11-10T08:55:54+00:00
Age Range,1.1.1.2.3,,Older Toddler,,2020-11-10T08:55:54+00:00
Indicator,1.1.1.2.3.1,,Demonstrate continual growth in increasingly varied and complex vocabulary,,2020-11-10T08:55:54+00:00
Indicator,1.1.1.2.3.2,,Use gestures and actions to communicate,,2020-11-10T08:55:54+00:00
Indicator,1.1.1.2.3.3,,Use simple phrases or simple sentences,,2020-11-10T08:55:54+00:00
Indicator,1.1.1.2.3.4,,"Talk about past, present, and future events",,2020-11-10T08:55:54+00:00
Age Range,1.1.1.2.4,,Younger Preschool,,2020-11-10T08:55:54+00:00
Indicator,1.1.1.2.4.1,,Demonstrate continual growth in increasingly varied and complex vocabulary,,2020-11-10T08:55:54+00:00
Indicator,1.1.1.2.4.2,,Use complex gestures and actions to communicate,,2020-11-10T08:55:54+00:00
Indicator,1.1.1.2.4.3,,Use expanded sentences,,2020-11-10T08:55:54+00:00
Indicator,1.1.1.2.4.4,,Describe activities and experiences with detail ,,2020-11-10T08:55:54+00:00
Age Range,1.1.1.2.5,,Older Preschool,,2020-11-10T08:55:54+00:00
Indicator,1.1.1.2.5.1,,Demonstrate continual growth in increasingly varied and complex vocabulary,,2020-11-10T08:55:54+00:00
Indicator,1.1.1.2.5.2,,Use complex gestures and actions to communicate,,2020-11-10T08:55:54+00:00
Indicator,1.1.1.2.5.3,,Use complex sentences,,2020-11-10T08:55:54+00:00
Indicator,1.1.1.2.5.4,,"Describe activities, experiences, and stories with expanded detail",,2020-11-10T08:55:54+00:00
Indicator,1.1.1.2.5.5,,Change word tense to indicate time,,2020-11-10T08:55:54+00:00
Age Range,1.1.1.2.6,,Kindergarten Standard,,2020-11-10T08:55:54+00:00
Indicator,1.1.1.2.6.1,,"K.SL.2.4: Ask questions to seek help, get information, or clarify something that is not understood. ",,2020-11-10T08:55:54+00:00
Indicator,1.1.1.2.6.2,,"K.RV.1: Use words, phrases, and strategies acquired through conversations, reading and being read to, and responding to literature and nonfiction texts to build and apply vocabulary.",,2020-11-10T08:55:54+00:00
Topic,1.1.1.3,ELA1.3,Demonstrate ability to engage in conversations ,,2020-11-10T08:55:54+00:00
Age Range,1.1.1.3.1,,Infant,,2020-11-10T08:55:54+00:00
Indicator,1.1.1.3.1.1,,"Jointly attend to an object, event, or person",,2020-11-10T08:55:54+00:00
Age Range,1.1.1.3.2,,Younger Toddler ,,2020-11-10T08:55:54+00:00
Indicator,1.1.1.3.2.1,,Demonstrate intent of communicating with others,,2020-11-10T08:55:54+00:00
Age Range,1.1.1.3.3,,Older Toddler,,2020-11-10T08:55:54+00:00
Indicator,1.1.1.3.3.1,,Take turns in a conversation,,2020-11-10T08:55:54+00:00
Indicator,1.1.1.3.3.2,,Respond to a request for clarification,,2020-11-10T08:55:54+00:00
Age Range,1.1.1.3.4,,Younger Preschool,,2020-11-10T08:55:54+00:00
Indicator,1.1.1.3.4.1,,Answer questions posed by adults or peers,,2020-11-10T08:55:54+00:00
Indicator,1.1.1.3.4.2,,Ask questions for understanding and clarity,,2020-11-10T08:55:54+00:00
Indicator,1.1.1.3.4.3,,Make on topic comments ,,2020-11-10T08:55:54+00:00
Indicator,1.1.1.3.4.4,,Stay on topic in twoway conversation with others ,,2020-11-10T08:55:54+00:00
Age Range,1.1.1.3.5,,Older Preschool,,2020-11-10T08:55:54+00:00
Indicator,1.1.1.3.5.1,,Answer questions posed by adults or peers ,,2020-11-10T08:55:54+00:00
Indicator,1.1.1.3.5.2,,Ask questions for understanding and clarity,,2020-11-10T08:55:54+00:00
Indicator,1.1.1.3.5.3,,Make on topic comments,,2020-11-10T08:55:54+00:00
Indicator,1.1.1.3.5.4,,Stay on topic in twoway conversation that involves multiple turns,,2020-11-10T08:55:54+00:00
Indicator,1.1.1.3.5.5,,Communicate actively in group activities,,2020-11-10T08:55:54+00:00
Age Range,1.1.1.3.6,,Kindergarten Standard,,2020-11-10T08:55:54+00:00
Indicator,1.1.1.3.6.1,,K.SL.1: Listen actively and communicate effectively with a variety of audiences and for different purposes.,,2020-11-10T08:55:54+00:00
Indicator,1.1.1.3.6.2,,K.SL.2.1: Participate in collaborative conversations about grade-appropriate topics and texts with peers and adults in small and larger groups.,,2020-11-10T08:55:54+00:00
Indicator,1.1.1.3.6.3,,K.SL.3.2: Ask appropriate questions about what a speaker says.,,2020-11-10T08:55:54+00:00
Indicator,1.1.1.3.6.4,,K.SL.2.5: Continue a conversation through multiple exchanges.,,2020-11-10T08:55:54+00:00
Indicator,1.1.1.3.6.5,,"K.SL.2.3: Listen to others, take turns speaking, and add one’s own ideas to small group discussions or tasks.",,2020-11-10T08:55:54+00:00
Foundation,1.1.2,ELA2,"<b>Early Reading: </b>Early learners develop foundational skills in understanding alphabet awareness, phonological awareness, concepts of print, and comprehension.  ",,2020-11-10T10:53:54+00:00
Topic,1.1.2.1,ELA2.1,Demonstrate awareness of the alphabet,,2020-11-10T08:55:54+00:00
Age Range,1.1.2.1.1,,Younger Toddler,,2020-11-10T08:55:54+00:00
Indicator,1.1.2.1.1.1,,Distinguish words from pictures,,2020-11-10T08:55:54+00:00
Age Range,1.1.2.1.2,,Older Toddler,,2020-11-10T08:55:54+00:00
Indicator,1.1.2.1.2.1,,Recognize and identify <i>some</i> frequently occurring letters in context,,2020-11-10T08:55:54+00:00
Indicator,1.1.2.1.2.2,,Recognize symbols have meaning,,2020-11-10T08:55:54+00:00
Age Range,1.1.2.1.3,,Younger Preschool,,2020-11-10T08:55:54+00:00
Indicator,1.1.2.1.3.1,,Recognize and identify <i>some</i> uppercase and a <i>few</i> lowercase letters,,2020-11-10T08:55:54+00:00
Age Range,1.1.2.1.4,,Older Preschool,,2020-11-10T08:55:54+00:00
Indicator,1.1.2.1.4.1,,Recognize and identify <i>most</i> uppercase and <i>some</i> lowercase letters,,2020-11-10T08:55:54+00:00
Indicator,1.1.2.1.4.2,,Recognize own name in print,,2020-11-10T08:55:54+00:00
Age Range,1.1.2.1.5,,Kindergarten Standard,,2020-11-10T08:55:54+00:00
Indicator,1.1.2.1.5.1,,K.RF.2.4: Identify and name all uppercase (capital) and lowercase letters of the alphabet.,,2020-11-10T08:55:54+00:00
Topic,1.1.2.2,ELA2.2,Demonstrate phonological awareness,,2020-11-10T08:55:54+00:00
Age Range,1.1.2.2.1,,Infant,,2020-11-10T08:55:54+00:00
Indicator,1.1.2.2.1.1,,Orient to sounds in the environment,,2020-11-10T08:55:54+00:00
Indicator,1.1.2.2.1.2,,Discriminate sounds in the environment,,2020-11-10T08:55:54+00:00
Age Range,1.1.2.2.2,,Younger Toddler,,2020-11-10T08:55:54+00:00
Indicator,1.1.2.2.2.1,,Begin to engage in word and sound play with adults,,2020-11-10T08:55:54+00:00
Indicator,1.1.2.2.2.2,,"Distinguish between words that contain similar-sounding phonemes (pig-jig, cat-mat)",,2020-12-07T10:54:28+00:00
Age Range,1.1.2.2.3,,Older Toddler,,2020-11-10T08:55:54+00:00
Indicator,1.1.2.2.3.1,,Begin to engage in word and sound play with adults,,2020-11-10T08:55:54+00:00
Indicator,1.1.2.2.3.2,,"Distinguish between words that contain similar-sounding phonemes (pig-jig, cat-mat)",,2020-12-07T10:54:51+00:00
Age Range,1.1.2.2.4,,Younger Preschool,,2020-11-10T08:55:54+00:00
Indicator,1.1.2.2.4.1,,Demonstrate basic knowledge of letter-sound correspondence,,2020-11-10T08:55:54+00:00
Indicator,1.1.2.2.4.2,,Engage in rhyming games and songs; can complete a familiar rhyme,,2020-11-10T08:55:54+00:00
Indicator,1.1.2.2.4.3,,Identify rhyming words in spoken language,,2020-11-10T08:55:54+00:00
Indicator,1.1.2.2.4.4,,"Orally blend and segment familiar compound words, with modeling and support",,2020-11-10T08:55:54+00:00
Indicator,1.1.2.2.4.5,,Demonstrate awareness of sounds as separate units,,2020-11-10T08:55:54+00:00
Age Range,1.1.2.2.5,,Older Preschool,,2020-11-10T08:55:54+00:00
Indicator,1.1.2.2.5.1,,Demonstrate basic knowledge of letter-sound correspondence,,2020-11-10T08:55:54+00:00
Indicator,1.1.2.2.5.2,,Engage in rhyming games and songs; can complete a familiar rhyme ,,2020-11-10T08:55:54+00:00
Indicator,1.1.2.2.5.3,,Make rhymes to simple words,,2020-11-10T08:55:54+00:00
Indicator,1.1.2.2.5.4,,"Identify, blend, and segment syllables in spoken words with modeling and support",,2020-11-10T08:55:54+00:00
Indicator,1.1.2.2.5.5,,Isolate the initial sound in some words,,2020-11-10T08:55:54+00:00
Age Range,1.1.2.2.6,,Kindergarten Standard,,2020-11-10T08:55:54+00:00
Indicator,1.1.2.2.6.1,,K.RF.3.1: Identify and produce rhyming words.,,2020-11-10T08:55:54+00:00
Indicator,1.1.2.2.6.2,,"K.RF.3.2: Orally pronounce, blend, and segment words into syllables.",,2020-11-10T08:55:54+00:00
Indicator,1.1.2.2.6.3,,K.RF.3.3: Orally blend the onset (the initial sound) and the rime (the vowel and ending sound) in words.,,2020-11-10T08:55:54+00:00
Indicator,1.1.2.2.6.4,,"K.RF.4.5: Identify similarities and differences in words (e.g., word endings, onset and rime) when spoken or written.",,2020-11-10T08:55:54+00:00
Topic,1.1.2.3,ELA2.3,Demonstrate awareness and understanding of concepts of print,,2020-11-10T08:55:54+00:00
Age Range,1.1.2.3.1,,Infant,,2020-11-10T08:55:54+00:00
Indicator,1.1.2.3.1.1,,Look at books ,,2020-11-10T08:55:54+00:00
Indicator,1.1.2.3.1.2,,Respond to songs,,2020-11-10T08:55:54+00:00
Indicator,1.1.2.3.1.3,,"Listen to repetition of familiar words, songs, signs, rhymes, and stories",,2020-11-10T08:55:54+00:00
Age Range,1.1.2.3.2,,Younger Toddler,,2020-11-10T08:55:54+00:00
Indicator,1.1.2.3.2.1,,Bring a book to adult to read,,2020-11-10T08:55:54+00:00
Indicator,1.1.2.3.2.2,,Look at a book independently,,2020-11-10T08:55:54+00:00
Indicator,1.1.2.3.2.3,,Pretend to read familiar books ,,2020-11-10T08:55:54+00:00
Indicator,1.1.2.3.2.4,,Attend to pictures and text for several minutes,,2020-11-10T08:55:54+00:00
Age Range,1.1.2.3.3,,Older Toddler,,2020-11-10T08:55:54+00:00
Indicator,1.1.2.3.3.1,,Recognize familiar books by cover ,,2020-11-10T08:55:54+00:00
Indicator,1.1.2.3.3.2,,"Recite parts of well-known stories, rhymes, and songs",,2020-11-10T08:55:54+00:00
Indicator,1.1.2.3.3.3,,Hold books with two hands and turns pages ,,2020-11-10T08:55:54+00:00
Age Range,1.1.2.3.4,,Younger Preschool,,2020-11-10T08:55:54+00:00
Indicator,1.1.2.3.4.1,,Begin to understand that books are comprised of written words,,2020-11-10T08:55:54+00:00
Indicator,1.1.2.3.4.2,,Respond to and interact with read alouds of literary and informational text,,2020-11-10T08:55:54+00:00
Indicator,1.1.2.3.4.3,,Hold books right side up and turn pages left to right,,2020-11-10T08:55:54+00:00
Age Range,1.1.2.3.5,,Older Preschool,,2020-11-10T08:55:54+00:00
Indicator,1.1.2.3.5.1,,"Know features of books such as title, author, and illustrator",,2020-11-10T08:55:54+00:00
Indicator,1.1.2.3.5.2,,Understand that print carries meaning,,2020-11-10T08:55:54+00:00
Indicator,1.1.2.3.5.3,,"Track words in a book from left to right, top to bottom, and page to page with adult support",,2020-11-10T08:55:54+00:00
Age Range,1.1.2.3.6,,Kindergarten Standard,,2020-11-10T08:55:54+00:00
Indicator,1.1.2.3.6.1,,K.RF.2.2: Recognize that written words are made up of sequences of letters.,,2020-11-10T08:55:54+00:00
Indicator,1.1.2.3.6.2,,"K.RF.5: Read emergent reader texts, maintaining an appropriate pace and using self-correcting strategies while reading. ",,2020-11-10T08:55:54+00:00
Indicator,1.1.2.3.6.3,,K.RF.2.1: Demonstrate understanding that print moves from left to right across the page and from top to bottom.,,2020-11-10T08:55:54+00:00
Topic,1.1.2.4,ELA2.4, Demonstrate comprehension,,2020-11-10T08:55:54+00:00
Age Range,1.1.2.4.1,,Infant,,2020-11-10T08:55:54+00:00
Indicator,1.1.2.4.1.1,,Demonstrate interest in hearing a familiar story or book ,,2020-11-10T08:55:54+00:00
Indicator,1.1.2.4.1.2,,Attend to caregiver’s voice while being held and/or read to,,2020-11-10T08:55:54+00:00
Age Range,1.1.2.4.2,,Younger Toddler,,2020-11-10T08:55:54+00:00
Indicator,1.1.2.4.2.1,,Show preference for familiar stories,,2020-11-10T08:55:54+00:00
Indicator,1.1.2.4.2.2,,"With adult support, respond to simple questions about a story",,2020-11-10T08:55:54+00:00
Age Range,1.1.2.4.3,,Older Toddler,,2020-11-10T08:55:54+00:00
Indicator,1.1.2.4.3.1,,Show preference for familiar stories and report phrases of the story ,,2020-11-10T08:55:54+00:00
Indicator,1.1.2.4.3.2,,Answer simple questions about a story,,2020-11-10T08:55:54+00:00
Indicator,1.1.2.4.3.3,,Tell a story from pictures in the book,,2020-11-10T08:55:54+00:00
Age Range,1.1.2.4.4,,Younger Preschool,,2020-11-10T08:55:54+00:00
Indicator,1.1.2.4.4.1,,Respond and interact with stories (fictional and nonfictional) ,,2020-11-10T08:55:54+00:00
Indicator,1.1.2.4.4.2,,Answer questions about a story,,2020-11-10T08:55:54+00:00
Indicator,1.1.2.4.4.3,,"With adult support, retell familiar stories",,2020-11-10T08:55:54+00:00
Age Range,1.1.2.4.5,,Older Preschool,,2020-11-10T08:55:54+00:00
Indicator,1.1.2.4.5.1,,Respond and interact with stories (fictional and nonfictional),,2020-11-10T08:55:54+00:00
Indicator,1.1.2.4.5.2,,Answer questions about a story,,2020-11-10T08:55:54+00:00
Indicator,1.1.2.4.5.3,,Retell familiar stories ,,2020-11-10T08:55:54+00:00
Age Range,1.1.2.4.6,,Kindergarten Standard,,2020-11-10T08:55:54+00:00
Indicator,1.1.2.4.6.1,,K.RL.1: Actively engage in group reading activities with purpose and understanding.,,2020-11-10T08:55:54+00:00
Indicator,1.1.2.4.6.2,,"K.RL.2.1: With support, ask and answer questions about main topics, and key details in a text heard or read.",,2020-11-10T08:55:54+00:00
Indicator,1.1.2.4.6.3,,"K.RL.2.2: With support retell familiar stories, poems, and nursery rhymes, including key details",,2020-11-10T08:55:54+00:00
Foundation,1.1.3,ELA 3,"<b>Early Writing: </b>Early learners develop foundational skills in mechanics of writing, ability to tell a story, and write for a variety of purposes.",,2020-11-10T10:54:01+00:00
Topic,1.1.3.1,ELA 3.1, Demonstrate mechanics of writing,,2020-11-10T08:55:54+00:00
Age Range,1.1.3.1.1,,Infant,,2020-11-10T08:55:54+00:00
Indicator,1.1.3.1.1.1,,Use objects such as a crayon to make marks,,2020-11-10T08:55:54+00:00
Age Range,1.1.3.1.2,,Younger Toddler,,2020-11-10T08:55:54+00:00
Indicator,1.1.3.1.2.1,,"Explore drawing, painting, and writing as a way of communicating ",,2020-11-10T08:55:54+00:00
Indicator,1.1.3.1.2.2,,Imitate drawing marks or scribbling ,,2020-11-10T08:55:54+00:00
Age Range,1.1.3.1.3,,Older Toddler,,2020-11-10T08:55:54+00:00
Indicator,1.1.3.1.3.1,,"Explore drawing, painting, and writing as a way of communicating",,2020-11-10T08:55:54+00:00
Indicator,1.1.3.1.3.2,,Make scribbles or shapes to convey meaning,,2020-11-10T08:55:54+00:00
Indicator,1.1.3.1.3.3,,Imitate simple lines and shapes ,,2020-11-10T08:55:54+00:00
Indicator,1.1.3.1.3.4,,"Experiment with a variety of writing tools, materials, and surfaces",,2020-11-10T08:55:54+00:00
Age Range,1.1.3.1.4,,Younger Preschool,,2020-11-10T08:55:54+00:00
Indicator,1.1.3.1.4.1,,"Recognize that drawings, paintings, and writings are meaningful representations",,2020-11-10T08:55:54+00:00
Indicator,1.1.3.1.4.2,,Copy simple lines and shapes,,2020-11-10T08:55:54+00:00
Indicator,1.1.3.1.4.3,,Create a simple picture,,2020-11-10T08:55:54+00:00
Indicator,1.1.3.1.4.4,,Use writing tools with adult support,,2020-11-10T08:55:54+00:00
Age Range,1.1.3.1.5,,Older Preschool,,2020-11-10T08:55:54+00:00
Indicator,1.1.3.1.5.1,,"Create letter like shapes, symbols, letters, and words with modeling and support",,2020-11-10T08:55:54+00:00
Indicator,1.1.3.1.5.2,,"Copy more complex lines, shapes, and some letters",,2020-11-10T08:55:54+00:00
Indicator,1.1.3.1.5.3,,Use writing tools,,2020-11-10T08:55:54+00:00
Age Range,1.1.3.1.6,,Kindergarten Standard,,2020-11-10T08:55:54+00:00
Indicator,1.1.3.1.6.1,,"K.W.2.1: Write most uppercase and lowercase letters of the alphabet, correctly shaping and spacing the letters of the words.",,2020-11-10T08:55:54+00:00
Indicator,1.1.3.1.6.2,,K.W.2.2: Write by moving from left to right and top to bottom.,,2020-11-10T08:55:54+00:00
Indicator,1.1.3.1.6.3,,"K.W.3.3: Use words and pictures to narrate a single event or simple story, arranging ideas in order.",,2020-11-10T08:55:54+00:00
Indicator,1.1.3.1.6.4,,"K.W.4: With support, apply the writing process to revise writing by adding simple details; review (edit) writing for format and conventions.",,2020-11-10T08:55:54+00:00
Topic,1.1.3.2,ELA 3.2,Demonstrate ability to communicate a story,,2020-11-10T08:55:54+00:00
Age Range,1.1.3.2.1,,Infant,,2020-11-10T08:55:54+00:00
Indicator,1.1.3.2.1.1,,<i>See expressive communication skills</i>,,2020-11-10T08:55:54+00:00
Age Range,1.1.3.2.2,,Younger Toddler ,,2020-11-10T08:55:54+00:00
Indicator,1.1.3.2.2.1,,<i>See expressive communication skills</i>,,2020-11-10T08:55:54+00:00
Age Range,1.1.3.2.3,,Older Toddler,,2020-11-10T08:55:54+00:00
Indicator,1.1.3.2.3.1,,Draw pictures and scribble to generate and express ideas ,,2020-11-10T08:55:54+00:00
Indicator,1.1.3.2.3.2,,Dictate a story for an adult to write,,2020-11-10T08:55:54+00:00
Age Range,1.1.3.2.4,,Younger Preschool,,2020-11-10T08:55:54+00:00
Indicator,1.1.3.2.4.1,,Create writing with the intent of communicating,,2020-11-10T08:55:54+00:00
Indicator,1.1.3.2.4.2,,Dictate a story for an adult to write,,2020-11-10T08:55:54+00:00
Indicator,1.1.3.2.4.3,,"Use pictures, letters, and symbols to communicate a story",,2020-11-10T08:55:54+00:00
Age Range,1.1.3.2.5,,Older Preschool,,2020-11-10T08:55:54+00:00
Indicator,1.1.3.2.5.1,,Create writing with the intent of communicating,,2020-11-10T08:55:54+00:00
Indicator,1.1.3.2.5.2,,Dictate a story that demonstrates simple details and narrative structure,,2020-11-10T08:55:54+00:00
Indicator,1.1.3.2.5.3,,"Use letters, symbols, and words to share an idea with someone ",,2020-11-10T08:55:54+00:00
Indicator,1.1.3.2.5.4,,Use writing to label drawings,,2020-11-10T08:55:54+00:00
Age Range,1.1.3.2.6,,Kindergarten Standard,,2020-11-10T08:55:54+00:00
Indicator,1.1.3.2.6.1,,K.W.1: Write for specific purposes and audiences.,,2020-11-10T08:55:54+00:00
Indicator,1.1.3.2.6.2,,"K.W.3.3: Use words and pictures to narrate a single event or simple story, arranging ideas in order.",,2020-11-10T08:55:54+00:00
Indicator,1.1.3.2.6.3,,"K.W.4: With support, apply the writing process to revise writing by adding simple details; review (edit) writing for format and conventions. ",,2020-11-10T08:55:54+00:00
Content Area,1.2,,Mathematics,,2020-12-07T10:41:38+00:00
Foundation,1.2.1,M1,"<b>Numeracy: </b>Early learners develop foundational skills in learning to understand counting, cardinality, written numerals, quantity, and comparison.",,2020-11-10T10:54:10+00:00
Topic,1.2.1.1,M1.1,Demonstrate strong sense of counting,,2020-11-10T09:01:44+00:00
Age Range,1.2.1.1.1,,Infant,,2020-11-10T09:03:54+00:00
Indicator,1.2.1.1.1.1,,Repeat a movement like a clap,,2020-11-10T09:04:39+00:00
Age Range,1.2.1.1.2,,Younger Toddler,,2020-11-10T09:03:55+00:00
Indicator,1.2.1.1.2.1,,Imitate verbal counting sequence not necessarily in order,,2020-11-10T09:05:12+00:00
Indicator,1.2.1.1.2.2,,Line up or organize objects,,2020-11-10T09:06:12+00:00
Age Range,1.2.1.1.3,,Older Toddler ,,2020-11-10T09:03:57+00:00
Indicator,1.2.1.1.3.1,,Count the number sequence 1-5,,2020-11-10T09:06:27+00:00
Indicator,1.2.1.1.3.2,,Begin to apply verbal counting sequence to objects in order to develop one-to-one correspondence,,2020-11-10T09:06:49+00:00
Age Range,1.2.1.1.4,,Younger Preschool,,2020-11-10T09:04:00+00:00
Indicator,1.2.1.1.4.1,,Count the number sequence 1-15,,2020-11-10T09:07:18+00:00
Indicator,1.2.1.1.4.2,,Count backward from 5 with adult support,,2020-11-10T09:07:29+00:00
Indicator,1.2.1.1.4.3,,Recognize that the count remains the same regardless of the order or arrangement of the objects,,2020-11-10T09:07:39+00:00
Indicator,1.2.1.1.4.4,,Apply one-to-one correspondence with objects and people,,2020-11-10T09:07:49+00:00
Indicator,1.2.1.1.4.5,,"Draw pictures, symbols, or use manipulatives to represent a spoken number 0-5",,2020-11-10T09:08:00+00:00
Indicator,1.2.1.1.4.6,,"Identify, without counting, small quantities of items (1- 3) presented in an irregular or unfamiliar pattern (subitize) ",,2020-11-10T09:08:11+00:00
Age Range,1.2.1.1.5,,Older Preschool,,2020-11-10T09:04:01+00:00
Indicator,1.2.1.1.5.1,,Count the number sequence 1-20,,2020-11-10T09:08:38+00:00
Indicator,1.2.1.1.5.2,,Recognize the last number name said tells the number of objects counted,,2020-11-10T09:08:46+00:00
Indicator,1.2.1.1.5.3,,"Draw pictures, symbols, or use manipulatives to represent spoken number 0-10",,2020-11-10T09:08:59+00:00
Indicator,1.2.1.1.5.4,,"Identify, without counting, small quantities of items (1- 4) presented in an irregular or unfamiliar pattern (subitize)",,2020-11-10T09:09:09+00:00
Age Range,1.2.1.1.6,,Kindergarten Standard,,2020-11-10T09:04:24+00:00
Indicator,1.2.1.1.6.1,,K.NS.1: Count to at least 100 by ones and tens and count one by one from any number.,,2020-11-10T09:10:47+00:00
Indicator,1.2.1.1.6.2,,"K.NS.4: Say the number names in standard order when counting objects, pairing each object with one and only one number name and each number name with one and only one object. Understand that the last number name said describes the number of objects counted and that the number of objects is the same regardless of their arrangement or the order in which they were counted.",,2020-11-10T09:10:58+00:00
Indicator,1.2.1.1.6.3,,K.NS.6: Recognize sets of 1 to 10 objects in a pattern arrangement and tell how many without counting.,,2020-11-10T09:11:15+00:00
Topic,1.2.1.2,M1.2,Demonstrate understanding of written numerals ,,2020-11-10T09:11:44+00:00
Age Range,1.2.1.2.1,,Younger Toddler,,2020-11-10T09:13:30+00:00
Indicator,1.2.1.2.1.1,,Identify numerals as different from letters or other symbols,,2020-11-10T09:14:04+00:00
Age Range,1.2.1.2.2,,Older Toddler,,2020-11-10T09:13:32+00:00
Indicator,1.2.1.2.2.1,,Begin to recognize that number symbols indicate quantity  ,,2020-11-10T09:14:18+00:00
Indicator,1.2.1.2.2.2,,Begin to recognize different number symbols indicate different quantities,,2020-11-10T09:14:29+00:00
Age Range,1.2.1.2.3,,Younger Preschool,,2020-11-10T09:13:34+00:00
Indicator,1.2.1.2.3.1,,Match number symbols with amounts 1-3,,2020-11-10T09:14:40+00:00
Age Range,1.2.1.2.4,,Older Preschool,,2020-11-10T09:13:35+00:00
Indicator,1.2.1.2.4.1,,Match number symbols with amounts 1-10,,2020-11-10T09:14:53+00:00
Indicator,1.2.1.2.4.2,,Name written numerals from 0-10,,2020-11-10T09:15:03+00:00
Indicator,1.2.1.2.4.3,,Write numerals 1-10,,2020-11-10T09:15:13+00:00
Age Range,1.2.1.2.5,,Kindergarten Standard,,2020-11-10T09:13:38+00:00
Indicator,1.2.1.2.5.1,,K.NS.3: Find the number that is one more than or one less than any whole number up to 20.,,2020-11-10T09:15:52+00:00
Indicator,1.2.1.2.5.2,,K.NS.2: Write whole numbers from 0 to 20 and recognize number words from 0 to 10. Represent a number of objects with a written numeral 0-20 (with 0 representing a count of no objects).,,2020-11-10T09:16:01+00:00
Topic,1.2.1.3,M1.3, Recognition of number relations ,,2020-11-10T09:26:33+00:00
Age Range,1.2.1.3.1,,Infant,,2020-11-10T09:26:47+00:00
Indicator,1.2.1.3.1.1,,Explore objects one at a time,,2020-11-10T09:28:44+00:00
Indicator,1.2.1.3.1.2,,Indicate a desire for more,,2020-11-10T09:28:57+00:00
Indicator,1.2.1.3.1.3,,Give <i>more</i> when asked,,2020-11-10T09:29:21+00:00
Age Range,1.2.1.3.2,,Younger Toddler ,,2020-11-10T09:27:00+00:00
Indicator,1.2.1.3.2.1,,Identify which is more,,2020-11-10T09:29:37+00:00
Indicator,1.2.1.3.2.2,,Begin to develop the concepts of more and less,,2020-11-10T09:29:52+00:00
Indicator,1.2.1.3.2.3,,Give <i>all</i> objects when asked,,2020-11-10T09:30:46+00:00
Indicator,1.2.1.3.2.4,,Separate a whole quantity of something into parts,,2020-11-10T09:31:03+00:00
Age Range,1.2.1.3.3,,Older Toddler ,,2020-11-10T09:28:16+00:00
Indicator,1.2.1.3.3.1,,Visually identify sets of quantities of large differences (using terms more and/or fewer),,2020-11-10T09:36:45+00:00
Indicator,1.2.1.3.3.2,,Begin to identify first and last,,2020-11-10T09:36:52+00:00
Indicator,1.2.1.3.3.3,,Give <i>some</i> when asked,,2020-11-10T09:37:21+00:00
Indicator,1.2.1.3.3.4,,Give <i>the rest</i> when asked,,2020-11-10T09:37:45+00:00
Indicator,1.2.1.3.3.5,,Communicate that something is split <i>in half</i>,,2020-11-10T09:38:53+00:00
Indicator,1.2.1.3.3.6,,Understand the basic concept of <i>none</i>,,2020-11-10T09:40:26+00:00
Age Range,1.2.1.3.4,,Younger Preschool,,2020-11-10T09:28:14+00:00
Indicator,1.2.1.3.4.1,,Readily identify first and last,,2020-11-10T09:40:41+00:00
Indicator,1.2.1.3.4.2,,Correctly use the words for comparing quantities,,2020-11-10T09:40:52+00:00
Indicator,1.2.1.3.4.3,,Separate sets of 6 or fewer objects into equal groups,,2020-11-10T09:41:03+00:00
Indicator,1.2.1.3.4.4,,Demonstrate the understanding of the concept of <i>after</i>,,2020-11-10T09:41:25+00:00
Age Range,1.2.1.3.5,,Older Preschool,,2020-11-10T09:28:12+00:00
Indicator,1.2.1.3.5.1,,Identify when 2 sets are equal using matching and counting strategies,,2020-11-10T09:42:17+00:00
Indicator,1.2.1.3.5.2,,Correctly use the words for position,,2020-11-10T09:42:41+00:00
Indicator,1.2.1.3.5.3,,Compare the values of two numbers from 1 to 10 presented as written numerals,,2020-11-10T09:42:58+00:00
Indicator,1.2.1.3.5.4,,Demonstrate the understanding of the concept of <i>before</i>,,2020-11-10T09:43:27+00:00
Age Range,1.2.1.3.6,,Kindergarten Standard,,2020-11-10T09:28:11+00:00
Indicator,1.2.1.3.6.1,,K.NS.10: Separate sets of ten or fewer objects into equal groups.,,2020-11-10T09:43:44+00:00
Indicator,1.2.1.3.6.2,,"K.NS.7: Identify whether the number of objects in one group is greater than, less than, or equal to the number of objects in another group (e.g., by using matching and counting strategies).",,2020-11-10T09:43:57+00:00
Indicator,1.2.1.3.6.3,,"K.NS.9: Use correctly the words for comparison including: one and many; none, some and all; more and less; most and least; and equal to, more than and less than.",,2020-11-10T09:44:08+00:00
Indicator,1.2.1.3.6.4,,K.NS.8: Compare the values of two numbers from 1 to 20 presented as written numerals.,,2020-11-10T09:44:22+00:00
Foundation,1.2.2,M2,<b>Computation and Algebraic Thinking: </b>Early learners develop foundational skills in learning to understand mathematic structure and patterning.,,2020-11-10T10:54:15+00:00
Topic,1.2.2.1,M2.1,Exhibit understanding of mathematic structure ,,2020-11-10T09:47:20+00:00
Age Range,1.2.2.1.1,,Younger Toddler ,,2020-11-10T09:48:49+00:00
Indicator,1.2.2.1.1.1,,Take away objects or combine groups when asked ,,2020-11-10T09:49:47+00:00
Indicator,1.2.2.1.1.2,,Attend to a new object in a group of objects,,2020-11-10T09:49:56+00:00
Age Range,1.2.2.1.2,,Older Toddler,,2020-11-10T09:48:51+00:00
Indicator,1.2.2.1.2.1,,Describe that something was taken away,,2020-11-10T09:50:10+00:00
Indicator,1.2.2.1.2.2,,Identify that an object has been added to a group,,2020-11-10T09:50:19+00:00
Indicator,1.2.2.1.2.3,,Begin to make reasonable estimates related to quantity,,2020-11-10T09:50:31+00:00
Age Range,1.2.2.1.3,,Younger Preschool,,2020-11-10T09:48:52+00:00
Indicator,1.2.2.1.3.1,,Begin to understand that numbers can be composed and decomposed to create new numbers,,2020-11-10T09:52:06+00:00
Age Range,1.2.2.1.4,,Older Preschool,,2020-11-10T09:48:54+00:00
Indicator,1.2.2.1.4.1,,Use understanding that numbers can be composed and decomposed to create new numbers in solving problems with quantities under five ,,2020-11-10T09:53:31+00:00
Age Range,1.2.2.1.5,,Kindergarten Standard,,2020-11-10T09:49:04+00:00
Indicator,1.2.2.1.5.1,,"K.CA.3: Use objects, drawings, etc., to decompose numbers less than or equal to 10 into pairs in more than one way, and record each decomposition with a drawing or an equation (e.g., 5=2 +3 and 5=4 +1). [In Kindergarten, students should see equations and be encouraged to trace them, however, writing equations is not required.]",,2020-11-10T09:53:52+00:00
Topic,1.2.2.2,M2.2, Demonstrate awareness of patterning ,,2020-11-10T09:54:33+00:00
Age Range,1.2.2.2.1,,Infant,,2020-11-10T09:55:37+00:00
Indicator,1.2.2.2.1.1,,"Show interest in visual, auditory, and tactile patterns",,2020-11-10T09:56:07+00:00
Indicator,1.2.2.2.1.2,,Recognize daily routines ,,2020-11-10T09:56:18+00:00
Age Range,1.2.2.2.2,,Younger Toddler,,2020-11-10T09:55:38+00:00
Indicator,1.2.2.2.2.1,,Follow along and imitate patterns of sounds and movement,,2020-11-10T09:56:29+00:00
Indicator,1.2.2.2.2.2,,Clap or move to a beat,,2020-11-10T09:56:42+00:00
Age Range,1.2.2.2.3,,Older Toddler,,2020-11-10T09:55:41+00:00
Indicator,1.2.2.2.3.1,,Recognize natural patterns in the environment,,2020-11-10T09:56:55+00:00
Indicator,1.2.2.2.3.2,,Verbally or nonverbally predict what comes next when shown a simple ABAB pattern of concrete objects,,2020-11-10T09:57:05+00:00
Indicator,1.2.2.2.3.3,,Show greater recognition of daily routines,,2020-11-10T09:57:15+00:00
Age Range,1.2.2.2.4,,Younger Preschool,,2020-11-10T09:55:43+00:00
Indicator,1.2.2.2.4.1,,Physically extend simple ABAB patterns of concrete objects to other concrete objects,,2020-11-10T09:57:32+00:00
Indicator,1.2.2.2.4.2,,Understand sequence of events when clearly explained,,2020-11-10T09:57:42+00:00
Age Range,1.2.2.2.5,,Older Preschool,,2020-11-10T09:55:45+00:00
Indicator,1.2.2.2.5.1,,Begin to create and extend a new simple pattern ,,2020-11-10T09:57:55+00:00
Indicator,1.2.2.2.5.2,,Understand sequence of events when clearly explained,,2020-11-10T09:58:02+00:00
Age Range,1.2.2.2.6,,Kindergarten Standard,,2020-11-10T09:55:47+00:00
Indicator,1.2.2.2.6.1,,"K.CA.5: Create, extend, and give an appropriate rule for simple repeating and growing patterns and shapes.",,2020-11-10T09:58:15+00:00
Foundation,1.2.3,M3,"<b>Data Analysis: </b>Early learners develop foundational skills in learning to understand concepts of classification, data collection, organization, and description.  ",,2020-11-10T10:54:20+00:00
Topic,1.2.3.1,M3.1, Demonstrate understanding of classifying,,2020-11-10T10:01:09+00:00
Age Range,1.2.3.1.1,,Younger Toddler,,2020-11-10T10:04:10+00:00
Indicator,1.2.3.1.1.1,,Identify attributes of objects with adult support,,2020-11-10T10:04:33+00:00
Age Range,1.2.3.1.2,,Older Toddler,,2020-11-10T10:04:12+00:00
Indicator,1.2.3.1.2.1,,Identify similarities and differences in objects,,2020-11-10T10:04:47+00:00
Age Range,1.2.3.1.3,,Younger Preschool,,2020-11-10T10:04:13+00:00
Indicator,1.2.3.1.3.1,,"Sort, classify, and compare objects ",,2020-11-10T10:05:08+00:00
Age Range,1.2.3.1.4,,Older Preschool,,2020-11-10T10:04:14+00:00
Indicator,1.2.3.1.4.1,,Explain simple sorting or classifying strategies ,,2020-11-10T10:05:58+00:00
Indicator,1.2.3.1.4.2,,Sort a group of objects in multiple ways ,,2020-11-10T10:06:10+00:00
Indicator,1.2.3.1.4.3,,Create and describe simple graphs ,,2020-11-10T10:06:19+00:00
Age Range,1.2.3.1.5,,Kindergarten Standard,,2020-11-10T10:04:16+00:00
Indicator,1.2.3.1.5.1,,"K.DA.1: Identify, sort and classify objects by size, number, and other attributes. Identify objects that do not belong to a particular group and explain the reasoning used. ",,2020-11-10T10:06:32+00:00
Foundation,1.2.4,M4,<b>Geometry: </b>Early learners develop foundational skills in learning to understand spatial relationships and shape analysis.,,2020-11-10T10:54:23+00:00
Topic,1.2.4.1,M4.1, Understanding of spatial relationships,,2020-11-10T10:08:27+00:00
Age Range,1.2.4.1.1,,Infant,,2020-11-10T10:09:29+00:00
Indicator,1.2.4.1.1.1,,Explore how things fit and move,,2020-11-10T10:10:43+00:00
Indicator,1.2.4.1.1.2,,"Put object in, out, on, and off of other things",,2020-11-10T10:10:55+00:00
Age Range,1.2.4.1.2,,Younger Toddler,,2020-11-10T10:09:30+00:00
Indicator,1.2.4.1.2.1,,Begin to combine shapes to make new shapes,,2020-11-10T10:11:18+00:00
Indicator,1.2.4.1.2.2,,Hide behind or between objects for play,,2020-11-10T10:11:24+00:00
Age Range,1.2.4.1.3,,Older Toddler,,2020-11-10T10:09:32+00:00
Indicator,1.2.4.1.3.1,,Complete basic shape interlocking puzzle with most pieces accurately in place with some assistance,,2020-11-10T10:11:39+00:00
Age Range,1.2.4.1.4,,Younger Preschool,,2020-11-10T10:09:34+00:00
Indicator,1.2.4.1.4.1,,Complete lined tangram or pattern block puzzles using basic shapes,,2020-11-10T10:12:00+00:00
Indicator,1.2.4.1.4.2,,"Use position terms such as in, on, and under",,2020-11-10T10:12:14+00:00
Age Range,1.2.4.1.5,,Older Preschool,,2020-11-10T10:09:36+00:00
Indicator,1.2.4.1.5.1,,Complete lined tangram or pattern block puzzles using basic shapes ,,2020-11-10T10:12:25+00:00
Indicator,1.2.4.1.5.2,,"Use position terms such as above, below, beside, and between",,2020-11-10T10:12:38+00:00
Age Range,1.2.4.1.6,,Kindergarten Standard,,2020-11-10T10:09:41+00:00
Indicator,1.2.4.1.6.1,,"K.G.1: Describe the positions of objects and geometric shapes in space using the terms, inside, outside, between, above, below, near, far, under, over, up, down, behind, in front of, next to, to the left of and to the right of.",,2020-11-10T10:12:53+00:00
Topic,1.2.4.2,M4.2,"Exhibit ability to identify, describe, analyze, compare, and create shapes ",,2020-11-10T10:14:00+00:00
Age Range,1.2.4.2.1,,Younger Toddler ,,2020-11-10T10:17:50+00:00
Indicator,1.2.4.2.1.1,,Match identical simple shapes  ,,2020-11-10T10:18:04+00:00
Age Range,1.2.4.2.2,,Older Toddler,,2020-11-10T10:17:48+00:00
Indicator,1.2.4.2.2.1,,"Match similar shapes that are different sizes, and different orientation with a variety of twodimensional shapes",,2020-11-10T10:18:23+00:00
Age Range,1.2.4.2.3,,Younger Preschool,,2020-11-10T10:17:46+00:00
Indicator,1.2.4.2.3.1,,Match similar shapes when given a variety of three dimensional shapes,,2020-11-10T10:18:35+00:00
Indicator,1.2.4.2.3.2,,Start to identify the attributes of shapes,,2020-11-10T10:18:48+00:00
Indicator,1.2.4.2.3.3,,"Use names of two-dimensional shapes (e.g., square; triangle; circle) when identifying objects",,2020-11-10T10:19:02+00:00
Indicator,1.2.4.2.3.4,,"Use informal language to describe three-dimensional shapes (e.g., ""box"" for cube; ""ball"" for sphere; ""can"" for cylinder)",,2020-11-10T10:19:22+00:00
Age Range,1.2.4.2.4,,Older Preschool,,2020-11-10T10:17:45+00:00
Indicator,1.2.4.2.4.1,,Use the attributes of shapes to distinguish between shapes,,2020-11-10T10:19:38+00:00
Indicator,1.2.4.2.4.2,,"Differentiate two- and three-dimensional shapes (e.g., squares from cubes)",,2020-11-10T10:19:53+00:00
Age Range,1.2.4.2.5,,Kindergarten Standard,,2020-11-10T10:17:44+00:00
Indicator,1.2.4.2.5.1,,"K.G.2: Compare two- and three-dimensional shapes in different sizes and orientations, using informal language to describe their similarities, differences, parts (e.g., number sides and vertices/”corners”) and other attributes (e.g., having sides of equal length).",,2020-11-10T10:20:08+00:00
Indicator,1.2.4.2.5.2,,K.G.4: Compose simple geometric shapes to form larger shapes (e.g. create a rectangle composed of two triangles).,,2020-11-10T10:20:34+00:00
Foundation,1.2.5,M5,<b>Measurement: </b>Early learners develop foundational skills in learning to understand concepts of time and measurement comparisons.,,2020-11-10T10:54:33+00:00
Topic,1.2.5.1,M5.1,Understand concept of time ,,2020-11-10T10:38:28+00:00
Age Range,1.2.5.1.1,,Infant,,2020-11-10T10:40:04+00:00
Indicator,1.2.5.1.1.1,,Cooperate with a routine,,2020-11-10T10:47:32+00:00
Age Range,1.2.5.1.2,,Younger Toddler,,2020-11-10T10:39:59+00:00
Indicator,1.2.5.1.2.1,,Follow a daily schedule,,2020-11-10T10:47:46+00:00
Age Range,1.2.5.1.3,,Older Toddler,,2020-11-10T10:39:58+00:00
Indicator,1.2.5.1.3.1,,Follow steps in a simple routine,,2020-11-10T10:47:59+00:00
Age Range,1.2.5.1.4,,Younger Preschool,,2020-11-10T10:39:56+00:00
Indicator,1.2.5.1.4.1,,Understand time limit cue,,2020-11-10T10:48:15+00:00
Indicator,1.2.5.1.4.2,,Understand transition from one activity to the next,,2020-11-10T10:48:24+00:00
Indicator,1.2.5.1.4.3,,Tell what activity comes before and after ,,2020-11-10T10:48:33+00:00
Age Range,1.2.5.1.5,,Older Preschool,,2020-11-10T10:39:55+00:00
Indicator,1.2.5.1.5.1,,"Know daily concepts of earlier and later, morning and afternoon",,2020-11-10T10:48:46+00:00
Age Range,1.2.5.1.6,,Kindergarten Standard,,2020-11-10T10:39:53+00:00
Indicator,1.2.5.1.6.1,,"K.M.2: Understand concepts of time, including: morning, afternoon, evening, today, yesterday, tomorrow, day, week, month, and year. Understand that clocks and calendars are tools that measure time.",,2020-11-10T10:49:01+00:00
Topic,1.2.5.2,M5.2, Understand measurement through description and comparison,,2020-11-10T10:49:24+00:00
Age Range,1.2.5.2.1,,Infant,,2020-11-10T10:50:20+00:00
Indicator,1.2.5.2.1.1,,Explore objects with different shapes and sizes,,2020-11-10T10:51:08+00:00
Indicator,1.2.5.2.1.2,,Begin to understand that different size containers hold more or less,,2020-11-10T10:51:18+00:00
Age Range,1.2.5.2.2,,Younger Toddler,,2020-11-10T10:50:21+00:00
Indicator,1.2.5.2.2.1,,"Use any basic measurement word or gesture to express measureable attributes, such as big/little, hot/cold",,2020-11-10T10:51:29+00:00
Age Range,1.2.5.2.3,,Older Toddler,,2020-11-10T10:50:23+00:00
Indicator,1.2.5.2.3.1,,Sort objects into two categories based on attributes,,2020-11-10T10:51:46+00:00
Indicator,1.2.5.2.3.2,,Explore measurement using nonstandard tools,,2020-11-10T10:51:56+00:00
Age Range,1.2.5.2.4,,Younger Preschool,,2020-11-10T10:50:24+00:00
Indicator,1.2.5.2.4.1,,Directly compare and describe two objects with a measurable attribute,,2020-11-10T10:52:06+00:00
Indicator,1.2.5.2.4.2,,Measure length and volume (capacity) using non-standard measurement tools,,2020-11-10T10:52:16+00:00
Age Range,1.2.5.2.5,,Older Preschool,,2020-11-10T10:50:26+00:00
Indicator,1.2.5.2.5.1,,Directly compare and describe two or more objects with a measurable attribute,,2020-11-10T10:52:27+00:00
Indicator,1.2.5.2.5.2,,Measure length and volume (capacity) using a standard measurement tool ,,2020-11-10T10:52:38+00:00
Age Range,1.2.5.2.6,,Kindergarten Standard,,2020-11-10T10:50:28+00:00
Indicator,1.2.5.2.6.1,,"K.M.1: Make direct comparisons of the length, capacity, weight, and temperature of objects, and recognize which object is shorter, longer, taller, lighter, heavier, warmer, cooler, or holds more.",,2020-11-10T10:52:50+00:00
Content Area,1.3,,Social Emotional,,2020-12-07T10:41:50+00:00
Foundation,1.3.1,SE1,"<b>Sense of Self: </b>Early learners develop foundational skills that support self-awareness, confidence, and the identification and expression of emotions.",,2020-11-10T10:56:29+00:00
Topic,1.3.1.1,SE1.1,Demonstrate self awareness and confidence ,,2020-11-10T10:56:58+00:00
Age Range,1.3.1.1.1,,Infant,,2020-11-10T10:58:39+00:00
Indicator,1.3.1.1.1.1,,Respond to own name,,2020-11-10T10:59:34+00:00
Indicator,1.3.1.1.1.2,,Show interest in environmental choices,,2020-11-10T10:59:46+00:00
Indicator,1.3.1.1.1.3,,Communicate to indicate physical and emotional needs,,2020-11-10T10:59:55+00:00
Age Range,1.3.1.1.2,,Younger Toddler ,,2020-11-10T10:58:41+00:00
Indicator,1.3.1.1.2.1,,Identify image of self,,2020-11-10T11:00:07+00:00
Indicator,1.3.1.1.2.2,,Say own name,,2020-11-10T11:00:16+00:00
Indicator,1.3.1.1.2.3,,Show knowledge of own abilities,,2020-11-10T11:00:24+00:00
Age Range,1.3.1.1.3,,Older Toddler,,2020-11-10T10:58:42+00:00
Indicator,1.3.1.1.3.1,,Use gestures and actions to reference self in conversation,,2020-11-10T11:00:37+00:00
Indicator,1.3.1.1.3.2,,Demonstrate use of personal pronouns,,2020-11-10T11:00:46+00:00
Indicator,1.3.1.1.3.3,,Show sense of self satisfaction with own abilities and preferences,,2020-11-10T11:00:53+00:00
Indicator,1.3.1.1.3.4,,Begin to show independence by occasionally resisting adult control,,2020-11-10T11:01:00+00:00
Age Range,1.3.1.1.4,,Younger Preschool,,2020-11-10T10:58:44+00:00
Indicator,1.3.1.1.4.1,,Recognize self as a unique individual,,2020-11-10T11:01:12+00:00
Indicator,1.3.1.1.4.2,,Describe personal characteristics ,,2020-11-10T11:01:25+00:00
Indicator,1.3.1.1.4.3,,"Show sense of self satisfaction with own abilities, preferences, and accomplishments",,2020-11-10T11:01:36+00:00
Age Range,1.3.1.1.5,,Older Preschool,,2020-11-10T10:58:45+00:00
Indicator,1.3.1.1.5.1,,Identify self as a unique member of a group that fits into a larger world picture,,2020-11-10T11:02:08+00:00
Indicator,1.3.1.1.5.2,,Show confidence in a range of abilities and the capacity to take on and accomplish new tasks,,2020-11-10T11:02:13+00:00
Indicator,1.3.1.1.5.3,,Show independence in own choices ,,2020-11-10T11:02:19+00:00
Topic,1.3.1.2,SE1.2,Demonstrate identification and expression of emotions,,2020-11-10T11:03:06+00:00
Age Range,1.3.1.2.1,,Infant,,2020-11-10T11:04:09+00:00
Indicator,1.3.1.2.1.1,,Communicate to express pleasure or displeasure ,,2020-11-10T11:04:32+00:00
Indicator,1.3.1.2.1.2,,Use cues to signal overstimulation ,,2020-11-10T11:04:44+00:00
Indicator,1.3.1.2.1.3,,Respond positively to adults who provide comfort,,2020-11-10T11:04:51+00:00
Indicator,1.3.1.2.1.4,,Use sounds and body to express feelings ,,2020-11-10T11:04:59+00:00
Age Range,1.3.1.2.2,,Younger Toddler,,2020-11-10T11:04:11+00:00
Indicator,1.3.1.2.2.1,,Communicate feelings and emotions,,2020-11-10T11:07:16+00:00
Indicator,1.3.1.2.2.2,,Express emotion toward a familiar person,,2020-11-10T11:07:27+00:00
Indicator,1.3.1.2.2.3,,Imitate comforting behaviors of caregivers,,2020-11-10T11:07:35+00:00
Indicator,1.3.1.2.2.4,,"Use sounds, gestures, and actions to express feelings",,2020-11-10T11:07:47+00:00
Age Range,1.3.1.2.3,,Older Toddler,,2020-11-10T11:04:12+00:00
Indicator,1.3.1.2.3.1,,Express both positive and negative feelings about participating in activities,,2020-11-10T11:08:02+00:00
Indicator,1.3.1.2.3.2,,Observe a peer’s emotion and approach a familiar adult to communicate concern,,2020-11-10T11:08:12+00:00
Indicator,1.3.1.2.3.3,,Demonstrate empathy to another child,,2020-11-10T11:08:20+00:00
Indicator,1.3.1.2.3.4,,Begin to use words to express feelings,,2020-11-10T11:08:30+00:00
Age Range,1.3.1.2.4,,Younger Preschool,,2020-11-10T11:04:14+00:00
Indicator,1.3.1.2.4.1,,Recognize own emotions and the emotions of others,,2020-11-10T11:08:48+00:00
Indicator,1.3.1.2.4.2,,Look to adults for emotional support and guidance,,2020-11-10T11:08:58+00:00
Indicator,1.3.1.2.4.3,,"Use a combination of words, phrases, and actions to express feelings ",,2020-11-10T11:09:08+00:00
Age Range,1.3.1.2.5,,Older Preschool,,2020-11-10T11:04:15+00:00
Indicator,1.3.1.2.5.1,,Identify own emotions and the emotions of others,,2020-11-10T11:09:20+00:00
Indicator,1.3.1.2.5.2,,Express and accurately respond to emotions of self and others,,2020-11-10T11:09:30+00:00
Indicator,1.3.1.2.5.3,,Predict reactions from others,,2020-11-10T11:09:37+00:00
Indicator,1.3.1.2.5.4,,Effectively use sentences and actions to express feelings,,2020-11-10T11:09:50+00:00
Foundation,1.3.2,SE2,"<b>Self-Regulation: </b>Early learners develop foundational skills that support executive functions including impulse control, planning skills, and emotional regulation. ",,2020-11-10T11:10:50+00:00
Topic,1.3.2.1,SE2.1,Demonstrate self control,,2020-11-10T11:12:29+00:00
Age Range,1.3.2.1.1,,Infant,,2020-11-10T11:13:36+00:00
Indicator,1.3.2.1.1.1,,"Develop an awareness of transitions, schedules, and routines with adult prompts",,2020-11-10T11:18:14+00:00
Indicator,1.3.2.1.1.2,,Develop self-soothing when an adult provides comfort techniques,,2020-11-10T11:18:28+00:00
Indicator,1.3.2.1.1.3,,Express desires and feelings by using gestures and actions,,2020-11-10T11:18:37+00:00
Age Range,1.3.2.1.2,,Younger Toddler ,,2020-11-10T11:13:37+00:00
Indicator,1.3.2.1.2.1,,Follow simple routines with adult support,,2020-11-10T11:18:49+00:00
Indicator,1.3.2.1.2.2,,Self-soothe with minimal adult support,,2020-11-10T11:18:58+00:00
Indicator,1.3.2.1.2.3,,Demonstrate the beginnings of impulse control with adult support,,2020-11-10T11:19:13+00:00
Age Range,1.3.2.1.3,,Older Toddler,,2020-11-10T11:13:38+00:00
Indicator,1.3.2.1.3.1,,Follow simple routines with adult support,,2020-11-10T11:19:30+00:00
Indicator,1.3.2.1.3.2,,Self-soothe independently,,2020-11-10T11:19:38+00:00
Indicator,1.3.2.1.3.3,,Regulate some impulses with adult support,,2020-11-10T11:19:45+00:00
Age Range,1.3.2.1.4,,Younger Preschool,,2020-11-10T11:13:40+00:00
Indicator,1.3.2.1.4.1,,"Manage transitions and adapt to changes in schedules, routines, and situations with adult support",,2020-11-10T11:19:58+00:00
Indicator,1.3.2.1.4.2,,Regulate own emotions and behaviors with others with adult support when needed,,2020-11-10T11:20:16+00:00
Indicator,1.3.2.1.4.3,,Regulate a range of impulses with adult support ,,2020-11-10T11:20:25+00:00
Age Range,1.3.2.1.5,,Older Preschool,,2020-11-10T11:13:42+00:00
Indicator,1.3.2.1.5.1,,"Manage transitions and adapt to changes in schedules, routines, and situations independently",,2020-11-10T11:20:38+00:00
Indicator,1.3.2.1.5.2,,Regulate own emotions and behaviors with others with adult support when needed,,2020-11-10T11:20:49+00:00
Indicator,1.3.2.1.5.3,,Regulate a range of impulses,,2020-11-10T11:20:57+00:00
Foundation,1.3.3,SE3,<b>Conflict Resolution: </b>Early learners develop foundational skills that support conflict resolution. ,,2020-11-10T12:02:07+00:00
Topic,1.3.3.1,SE3.1,Demonstrate conflict resolution,,2020-11-10T12:04:02+00:00
Age Range,1.3.3.1.1,,Infant,,2020-11-10T12:05:20+00:00
Indicator,1.3.3.1.1.1,,Show awareness of possible conflict by demonstrating distress,,2020-11-10T12:05:45+00:00
Age Range,1.3.3.1.2,,Younger Toddler,,2020-11-10T12:05:22+00:00
Indicator,1.3.3.1.2.1,,Show awareness of possible conflict by demonstrating distress,,2020-11-10T12:06:28+00:00
Indicator,1.3.3.1.2.2,,Imitate how others solve conflicts,,2020-11-10T12:06:33+00:00
Indicator,1.3.3.1.2.3,,Experiment with trial and error approaches to solve simple problems and conflicts,,2020-11-10T12:06:41+00:00
Age Range,1.3.3.1.3,,Older Toddler ,,2020-11-10T12:05:23+00:00
Indicator,1.3.3.1.3.1,,Engage in simple conflict resolution strategies with adult support,,2020-11-10T12:07:06+00:00
Indicator,1.3.3.1.3.2,,Begin to use language skills instead of physical force to resolve conflicts,,2020-11-10T12:07:16+00:00
Age Range,1.3.3.1.4,,Younger Preschool,,2020-11-10T12:05:24+00:00
Indicator,1.3.3.1.4.1,,Negotiate to resolve social conflicts with peers with modeling and support,,2020-11-10T12:07:33+00:00
Indicator,1.3.3.1.4.2,,Use words during a conflict instead of physical force,,2020-11-10T12:07:48+00:00
Age Range,1.3.3.1.5,,Older Preschool,,2020-11-10T12:05:26+00:00
Indicator,1.3.3.1.5.1,,Independently initiate conflict resolution strategies with peers and seek adult support when necessary,,2020-11-10T12:08:14+00:00
Foundation,1.3.4,SE4,<b>Building Relationships: </b>Early learners develop foundational skills that support social development and engagement with others.,,2020-11-10T12:09:25+00:00
Topic,1.3.4.1,SE4.1,Demonstrate relationship skills,,2020-11-10T12:10:03+00:00
Age Range,1.3.4.1.1,,Infant,,2020-11-10T12:11:06+00:00
Indicator,1.3.4.1.1.1,,Engage in simple social interactions with adults,,2020-11-10T12:11:29+00:00
Indicator,1.3.4.1.1.2,,Exhibit caution of unfamiliar adults,,2020-11-10T12:11:59+00:00
Indicator,1.3.4.1.1.3,,Use key adults as a secure base when exploring the environment,,2020-11-10T12:12:08+00:00
Indicator,1.3.4.1.1.4,,Notice other children in their environment,,2020-11-10T12:12:17+00:00
Indicator,1.3.4.1.1.5,,Engage in onlooker play,,2020-11-10T12:12:27+00:00
Indicator,1.3.4.1.1.6,,Begin to exhibit skills in solitary play,,2020-11-10T12:12:37+00:00
Age Range,1.3.4.1.2,,Younger Toddler,,2020-11-10T12:11:07+00:00
Indicator,1.3.4.1.2.1,,Engage in social interactions with familiar adults,,2020-11-10T12:12:57+00:00
Indicator,1.3.4.1.2.2,,Show feelings of security with familiar adults,,2020-11-10T12:13:02+00:00
Indicator,1.3.4.1.2.3,,"Seek adult assistance with challenges, but may refuse help and may say no",,2020-11-10T12:13:11+00:00
Indicator,1.3.4.1.2.4,,Use social referencing when encountering new experiences ,,2020-11-10T12:13:19+00:00
Indicator,1.3.4.1.2.5,,Observe friendship skills in the environments,,2020-11-10T12:13:29+00:00
Indicator,1.3.4.1.2.6,,Engage in solitary play ,,2020-11-10T12:13:38+00:00
Indicator,1.3.4.1.2.7,,Begin to exhibit skills in parallel play,,2020-11-10T12:13:47+00:00
Age Range,1.3.4.1.3,,Older Toddler ,,2020-11-10T12:11:09+00:00
Indicator,1.3.4.1.3.1,,Stay connected with familiar adults,,2020-11-10T12:14:36+00:00
Indicator,1.3.4.1.3.2,,Separate from familiar adults in a familiar setting with minimal distress,,2020-11-10T12:14:45+00:00
Indicator,1.3.4.1.3.3,,Ask for adult assistance when having difficulty in a social situation ,,2020-11-10T12:14:54+00:00
Indicator,1.3.4.1.3.4,,Imitate and model friendship skills,,2020-11-10T12:15:01+00:00
Indicator,1.3.4.1.3.5,,Engage in parallel play,,2020-11-10T12:15:13+00:00
Indicator,1.3.4.1.3.6,,Begin to exhibit skills in associative play ,,2020-11-10T12:15:22+00:00
Age Range,1.3.4.1.4,,Younger Preschool,,2020-11-10T12:11:10+00:00
Indicator,1.3.4.1.4.1,,Request and accept guidance from familiar adults,,2020-11-10T12:15:34+00:00
Indicator,1.3.4.1.4.2,,Accept compromises when suggested by a peer or adult,,2020-11-10T12:15:46+00:00
Indicator,1.3.4.1.4.3,,Gauge response based on the facial expressions of others,,2020-11-10T12:15:57+00:00
Indicator,1.3.4.1.4.4,,Exhibit age appropriate friendship skills to engage in effective play and learning experiences,,2020-11-10T12:16:09+00:00
Indicator,1.3.4.1.4.5,,Engage in associative play,,2020-11-10T12:16:22+00:00
Indicator,1.3.4.1.4.6,,Participate in cooperative play experiences with some adult guidance,,2020-11-10T12:16:36+00:00
Age Range,1.3.4.1.5,,Older Preschool,,2020-11-10T12:11:11+00:00
Indicator,1.3.4.1.5.1,,Show affection to familiar adults and peers using more complex words and actions,,2020-11-10T12:16:57+00:00
Indicator,1.3.4.1.5.2,,Accept compromises when suggested by a peer or adult,,2020-11-10T12:17:09+00:00
Indicator,1.3.4.1.5.3,,Gauge response based on the facial expressions of others,,2020-11-10T12:17:15+00:00
Indicator,1.3.4.1.5.4,,Maintain consistent friendships,,2020-11-10T12:17:25+00:00
Indicator,1.3.4.1.5.5,,Engage in cooperative play experiences for sustained periods of time,,2020-11-10T12:17:36+00:00
Content Area,1.4,,Approaches to Play and Learning ,,2020-12-07T10:42:01+00:00
Foundation,1.4.1,APL1,"<b>Initiative and Exploration: </b>Early learners develop foundational skills that support initiative, self-direction, interest, and curiosity as a learner.",,2020-11-10T12:19:00+00:00
Topic,1.4.1.1,APL1.1,Demonstrate initiative and self-direction,,2020-11-10T12:26:31+00:00
Age Range,1.4.1.1.1,,Infant,,2020-11-10T12:21:19+00:00
Indicator,1.4.1.1.1.1,,Respond to a stimulating environment,,2020-11-10T12:22:01+00:00
Indicator,1.4.1.1.1.2,,Show curiosity/interest in surroundings,,2020-11-10T12:22:13+00:00
Indicator,1.4.1.1.1.3,,"Show eagerness and delight in self, others, and surroundings ",,2020-11-10T12:22:22+00:00
Age Range,1.4.1.1.2,,Younger Toddler,,2020-11-10T12:21:20+00:00
Indicator,1.4.1.1.2.1,,Show interest in what others are doing,,2020-11-10T12:22:34+00:00
Indicator,1.4.1.1.2.2,,Select desired object from several options,,2020-11-10T12:22:44+00:00
Indicator,1.4.1.1.2.3,,"Begin to show curiosity/interest in new objects, experiences, and people",,2020-11-10T12:22:54+00:00
Age Range,1.4.1.1.3,,Older Toddler,,2020-11-10T12:21:21+00:00
Indicator,1.4.1.1.3.1,,"At times, initiate a new task",,2020-11-10T12:23:08+00:00
Indicator,1.4.1.1.3.2,,Verbally express a desire to complete task by self,,2020-11-10T12:23:17+00:00
Indicator,1.4.1.1.3.3,,Independently select and use materials,,2020-11-10T12:23:26+00:00
Age Range,1.4.1.1.4,,Younger Preschool,,2020-11-10T12:21:24+00:00
Indicator,1.4.1.1.4.1,,Initiate new tasks by self,,2020-11-10T12:23:47+00:00
Indicator,1.4.1.1.4.2,,"With support, use a variety of resources to explore materials and ideas",,2020-11-10T12:23:52+00:00
Indicator,1.4.1.1.4.3,,Explore and manipulate familiar objects in new and imaginative ways,,2020-11-10T12:24:10+00:00
Age Range,1.4.1.1.5,,Older Preschool,,2020-11-10T12:21:25+00:00
Indicator,1.4.1.1.5.1,,Take initiative to learn new concepts and try new experiences,,2020-11-10T12:24:21+00:00
Indicator,1.4.1.1.5.2,,Seek and gather new information to plan for projects and activities,,2020-11-10T12:24:35+00:00
Topic,1.4.1.2,APL1.2,Demonstrate interest and curiosity as a learner,,2020-11-10T12:26:14+00:00
Age Range,1.4.1.2.1,,Infant,,2020-11-10T12:33:34+00:00
Indicator,1.4.1.2.1.1,,Show budding interest in how objects work,,2020-11-10T12:33:59+00:00
Indicator,1.4.1.2.1.2,,Try a variety of approaches to get desired outcomes,,2020-11-10T12:34:04+00:00
Indicator,1.4.1.2.1.3,,Physically explore new ways to use objects and observe results,,2020-11-10T12:34:13+00:00
Age Range,1.4.1.2.2,,Younger Toddler ,,2020-11-10T12:33:37+00:00
Indicator,1.4.1.2.2.1,,"Ask questions about familiar objects, people, and experiences",,2020-11-10T12:34:24+00:00
Indicator,1.4.1.2.2.2,,"Begin to show curiosity and interest in new objects, experiences, and people",,2020-11-10T12:34:32+00:00
Indicator,1.4.1.2.2.3,,Explore and manipulate familiar objects in the environment,,2020-11-10T12:34:41+00:00
Age Range,1.4.1.2.3,,Older Toddler,,2020-11-10T12:33:38+00:00
Indicator,1.4.1.2.3.1,,"Ask questions about novel objects, people, and experiences ",,2020-11-10T12:46:02+00:00
Indicator,1.4.1.2.3.2,,Demonstrate enthusiasm for new learning (may be within familiar contexts),,2020-11-10T12:46:10+00:00
Indicator,1.4.1.2.3.3,,Use active exploration to solve a problem ,,2020-11-10T12:46:21+00:00
Age Range,1.4.1.2.4,,Younger Preschool,,2020-11-10T12:33:39+00:00
Indicator,1.4.1.2.4.1,,"Demonstrate eagerness to learn about and discuss new topics, ideas, and tasks",,2020-11-10T12:46:34+00:00
Indicator,1.4.1.2.4.2,,Communicate a desire to learn new concepts or ideas ,,2020-11-10T12:46:50+00:00
Indicator,1.4.1.2.4.3,,Exhibit willingness to try new experiences,,2020-11-10T12:47:00+00:00
Indicator,1.4.1.2.4.4,,"Use a variety of learning approaches, such as observing, imitating, asking questions, hands-on investigation, and active exploration",,2020-11-10T12:47:22+00:00
Age Range,1.4.1.2.5,,Older Preschool,,2020-11-10T12:33:40+00:00
Indicator,1.4.1.2.5.1,,"Demonstrate eagerness to learn about and discuss new topics, ideas, and tasks",,2020-11-10T12:48:40+00:00
Indicator,1.4.1.2.5.2,,Communicate a desire to learn new concepts or ideas,,2020-11-10T12:48:48+00:00
Indicator,1.4.1.2.5.3,,Exhibit willingness to try new experiences,,2020-11-10T12:48:54+00:00
Indicator,1.4.1.2.5.4,,"Use a variety of learning approaches, such as observing, imitating, asking questions, hands-on investigation, and active exploration",,2020-11-10T12:49:03+00:00
Foundation,1.4.2,APL2,<b>Flexible Thinking: </b>Early learners develop foundational skills that support flexible thinking and social interactions during play. ,,2020-11-10T12:51:51+00:00
Topic,1.4.2.1,APL2.1, Demonstrate development of flexible thinking skills during play,,2020-11-10T12:52:08+00:00
Age Range,1.4.2.1.1,,Infant,,2020-11-10T12:53:22+00:00
Indicator,1.4.2.1.1.1,,Manipulate objects,,2020-11-10T12:57:38+00:00
Indicator,1.4.2.1.1.2,,Imitate actions,,2020-11-10T12:57:49+00:00
Age Range,1.4.2.1.2,,Younger Toddler,,2020-11-10T12:53:23+00:00
Indicator,1.4.2.1.2.1,,Use objects for real or imagined purposes,,2020-11-10T12:58:32+00:00
Age Range,1.4.2.1.3,,Older Toddler,,2020-11-10T12:53:25+00:00
Indicator,1.4.2.1.3.1,,Substitute one object for another in pretend play or pretend with objects that may or may not be present,,2020-11-10T12:58:55+00:00
Indicator,1.4.2.1.3.2,,"Show creativity, inventiveness, and flexibility in approach to play with adult guidance",,2020-11-10T12:59:24+00:00
Age Range,1.4.2.1.4,,Younger Preschool,,2020-11-10T12:53:26+00:00
Indicator,1.4.2.1.4.1,,Find a creative or inventive way of doing a familiar task or solving a problem with adult guidance,,2020-11-10T12:59:58+00:00
Indicator,1.4.2.1.4.2,,Begin to demonstrate flexibility in approach to play and learning,,2020-11-10T13:00:03+00:00
Indicator,1.4.2.1.4.3,,Adjust approach to task to resolve difficulties with adult support  ,,2020-11-10T13:00:08+00:00
Age Range,1.4.2.1.5,,Older Preschool,,2020-11-10T12:53:27+00:00
Indicator,1.4.2.1.5.1,,"Demonstrate inventiveness, imagination, and creativity to solve a problem",,2020-11-10T13:00:24+00:00
Indicator,1.4.2.1.5.2,,Develop recovery skills from setbacks and differences in opinion in a group setting,,2020-11-10T13:00:40+00:00
Foundation,1.4.3,APL3,<b>Attentiveness and Persistence: </b>Early learners develop foundational skills that support focus and attention to a specific activity and persistence to complete a task. ,,2020-11-10T13:02:11+00:00
Topic,1.4.3.1,APL3.1,Demonstrate development of sustained attention and persistence,,2020-11-10T13:02:29+00:00
Age Range,1.4.3.1.1,,Infant,,2020-11-10T13:03:31+00:00
Indicator,1.4.3.1.1.1,,Examine objects for brief periods of time,,2020-11-10T13:03:52+00:00
Indicator,1.4.3.1.1.2,,Express discomfort when needs are not met,,2020-11-10T13:04:03+00:00
Indicator,1.4.3.1.1.3,,Repeat actions to make something happen again ,,2020-11-10T13:04:20+00:00
Age Range,1.4.3.1.2,,Younger Toddler,,2020-11-10T13:03:33+00:00
Indicator,1.4.3.1.2.1,,Jointly attend to books for several minutes,,2020-11-10T13:04:32+00:00
Indicator,1.4.3.1.2.2,,"Engage and persist with an activity, toy, or object, but is easily distracted",,2020-11-10T13:04:44+00:00
Indicator,1.4.3.1.2.3,,Engage for longer periods of time when trying to work through tasks,,2020-11-10T13:04:56+00:00
Age Range,1.4.3.1.3,,Older Toddler ,,2020-11-10T13:03:34+00:00
Indicator,1.4.3.1.3.1,,Attend to a book for longer periods of time (jointly or independently),,2020-11-10T13:05:08+00:00
Indicator,1.4.3.1.3.2,,Focus on an activity for short periods of time despite distractions ,,2020-11-10T13:05:19+00:00
Indicator,1.4.3.1.3.3,,"Repeat an activity many times in order to master it, even if setbacks occur",,2020-11-10T13:05:29+00:00
Age Range,1.4.3.1.4,,Younger Preschool,,2020-11-10T13:03:36+00:00
Indicator,1.4.3.1.4.1,,Independently attend to a book from beginning to end,,2020-11-10T13:05:41+00:00
Indicator,1.4.3.1.4.2,,Demonstrate ability to delay gratification for short periods of time,,2020-11-10T13:05:50+00:00
Indicator,1.4.3.1.4.3,,See an activity through to completion,,2020-11-10T13:06:04+00:00
Age Range,1.4.3.1.5,,Older Preschool,,2020-11-10T13:03:37+00:00
Indicator,1.4.3.1.5.1,,Independently attend to a book from beginning to end,,2020-11-10T13:06:21+00:00
Indicator,1.4.3.1.5.2,,Focus on an activity with deliberate concentration despite distractions and/or temptations ,,2020-11-10T13:06:31+00:00
Indicator,1.4.3.1.5.3,,"Carry out tasks, activity, project, or transition, even when frustrated or challenged, with minimal distress",,2020-11-10T13:06:40+00:00
Indicator,1.4.3.1.5.4,,Persist in trying to complete a task after previous attempts have failed,,2020-11-10T13:07:02+00:00
Foundation,1.4.4,APL4,<b>Social Interactions: </b>Early learners develop foundational skills that support the engagement in imaginative and cooperative play with others. ,,2020-11-11T04:23:17+00:00
Topic,1.4.4.1,APL4.1,Demonstrate development of social interactions during play,,2020-11-11T04:23:37+00:00
Age Range,1.4.4.1.1,,Infant,,2020-11-11T04:23:58+00:00
Indicator,1.4.4.1.1.1,,Engage in onlooker play,,2020-11-11T04:27:41+00:00
Indicator,1.4.4.1.1.2,,Begin to exhibit skills in solitary play,,2020-11-11T04:27:51+00:00
Indicator,1.4.4.1.1.3,,Show interest in children who are playing nearby,,2020-11-11T04:27:57+00:00
Age Range,1.4.4.1.2,,Younger Toddler,,2020-11-11T04:25:53+00:00
Indicator,1.4.4.1.2.1,,Engage in solitary play,,2020-11-11T04:28:09+00:00
Indicator,1.4.4.1.2.2,,Begin to exhibit skills in parallel play ,,2020-11-11T04:28:18+00:00
Indicator,1.4.4.1.2.3,,Show preference for certain peers over time although these preferences may shift,,2020-11-11T04:28:28+00:00
Age Range,1.4.4.1.3,,Older Toddler,,2020-11-11T04:25:56+00:00
Indicator,1.4.4.1.3.1,,Engage in parallel play,,2020-11-11T04:29:06+00:00
Indicator,1.4.4.1.3.2,,Begin to exhibit skills in associative play,,2020-11-11T04:29:19+00:00
Indicator,1.4.4.1.3.3,,Participate in play activities with a small group of children for short periods of time,,2020-11-11T04:30:18+00:00
Age Range,1.4.4.1.4,,Younger Preschool,,2020-11-11T04:25:58+00:00
Indicator,1.4.4.1.4.1,,Engage in associative play,,2020-11-11T04:30:31+00:00
Indicator,1.4.4.1.4.2,,Participate in cooperative play activities with some adult guidance,,2020-11-11T04:31:00+00:00
Indicator,1.4.4.1.4.3,,Participate in play activities with a small group of children,,2020-11-11T04:31:24+00:00
Age Range,1.4.4.1.5,,Older Preschool,,2020-11-11T04:26:00+00:00
Indicator,1.4.4.1.5.1,,"Interact with peers in complex pretend play, including planning, coordination of roles, and cooperation",,2020-11-11T04:31:37+00:00
Indicator,1.4.4.1.5.2,,Demonstrate cooperative behavior in interactions with others,,2020-11-11T04:32:18+00:00
Indicator,1.4.4.1.5.3,,Begin to accept and share leadership ,,2020-11-11T04:32:43+00:00
Content Area,1.5,,Science,,2020-12-07T10:40:43+00:00
Foundation,1.5.1,SC1,<b>Physical Science: </b>Early learners develop foundational skills in learning and understanding the properties of objects and changes in the physical world. ,,2020-11-11T04:34:42+00:00
Topic,1.5.1.1,SC1.1,Demonstrate ability to explore objects in the physical world  ,,2020-11-11T04:35:43+00:00
Age Range,1.5.1.1.1,,Infant,,2020-11-11T04:37:49+00:00
Indicator,1.5.1.1.1.1,,Observe and experience the environment using all five senses,,2020-11-11T04:38:08+00:00
Indicator,1.5.1.1.1.2,,React to changes in light,,2020-11-11T04:38:21+00:00
Indicator,1.5.1.1.1.3,,"Focus attention on sounds, movement, and objects",,2020-11-11T04:38:31+00:00
Age Range,1.5.1.1.2,,Younger Toddler,,2020-11-11T04:37:50+00:00
Indicator,1.5.1.1.2.1,,Notice and react to cause and effect within the physical environment ,,2020-11-11T04:38:43+00:00
Indicator,1.5.1.1.2.2,,Use tools to explore the physical environment,,2020-11-11T04:39:05+00:00
Age Range,1.5.1.1.3,,Older Toddler,,2020-11-11T04:37:52+00:00
Indicator,1.5.1.1.3.1,,"Use simple words to describe sensory experiences, objects, and how objects move ",,2020-11-11T04:39:34+00:00
Indicator,1.5.1.1.3.2,,Identify and solve problems in the environment through active exploration,,2020-11-11T04:39:50+00:00
Age Range,1.5.1.1.4,,Younger Preschool,,2020-11-11T04:37:53+00:00
Indicator,1.5.1.1.4.1,,"Use senses to learn about concepts of weight, motion, and force",,2020-11-11T04:40:03+00:00
Indicator,1.5.1.1.4.2,,Ask questions about physical properties and changes in the physical world,,2020-11-11T04:40:14+00:00
Age Range,1.5.1.1.5,,Older Preschool,,2020-11-11T04:37:54+00:00
Indicator,1.5.1.1.5.1,,"Use senses to describe concepts of weight, motion, and force",,2020-11-11T04:40:25+00:00
Indicator,1.5.1.1.5.2,,Ask questions and draw conclusions about physical properties and the physical world,,2020-11-11T04:40:35+00:00
Age Range,1.5.1.1.6,,Kindergarten Standard,,2020-11-11T04:37:56+00:00
Indicator,1.5.1.1.6.1,,"K.1.1: Use all senses as appropriate to observe, sort and describe objects according to their composition and physical properties, such as size, color and shape. Explain these choices to others and generate questions about the objects.",,2020-11-11T04:40:52+00:00
Topic,1.5.1.2,SC1.2,Demonstrate awareness of the physical properties of objects ,,2020-11-11T04:41:29+00:00
Age Range,1.5.1.2.1,,Infant,,2020-11-11T04:42:17+00:00
Indicator,1.5.1.2.1.1,,Notice cause and effect within the physical environment,,2020-11-11T04:45:12+00:00
Indicator,1.5.1.2.1.2,,Perform actions with objects and observe results,,2020-11-11T04:45:26+00:00
Age Range,1.5.1.2.2,,Younger Toddler,,2020-11-11T04:43:10+00:00
Indicator,1.5.1.2.2.1,,Begin to identify physical attributes of objects,,2020-11-11T04:45:50+00:00
Indicator,1.5.1.2.2.2,,Imitate the actions of others as they explore objects,,2020-11-11T04:45:58+00:00
Indicator,1.5.1.2.2.3,,Copy patterns and rhythms with objects,,2020-11-11T04:46:48+00:00
Age Range,1.5.1.2.3,,Older Toddler,,2020-11-11T04:43:11+00:00
Indicator,1.5.1.2.3.1,,Describe physical properties using simple words,,2020-11-11T04:47:08+00:00
Age Range,1.5.1.2.4,,Younger Preschool,,2020-11-11T04:43:12+00:00
Indicator,1.5.1.2.4.1,,Identify materials that make up objects,,2020-11-11T04:47:29+00:00
Indicator,1.5.1.2.4.2,,Investigate and describe observable properties of objects ,,2020-11-11T04:47:40+00:00
Indicator,1.5.1.2.4.3,,Match objects by physical attributes,,2020-11-11T04:47:49+00:00
Age Range,1.5.1.2.5,,Older Preschool,,2020-11-11T04:43:13+00:00
Indicator,1.5.1.2.5.1,,Identify materials that make up objects,,2020-11-11T04:48:04+00:00
Indicator,1.5.1.2.5.2,,Use evidence from investigations to describe observable properties of objects,,2020-11-11T04:48:20+00:00
Indicator,1.5.1.2.5.3,,Sort objects into categories based on physical attributes and explain reasoning,,2020-11-11T04:48:32+00:00
Age Range,1.5.1.2.6,,Kindergarten Standard,,2020-11-11T04:44:58+00:00
Indicator,1.5.1.2.6.1,,K.1.2: Identify and explain possible uses for an object based on its properties and compare these uses with other students’ ideas. ,,2020-11-11T04:49:13+00:00
Foundation,1.5.2,SC2,"<b>Earth and Space Science: </b>Early learners develop foundational skills in learning and understanding the natural world through exploration of Earth, sky, weather, and seasons. ",,2020-11-11T04:50:55+00:00
Topic,1.5.2.1,SC2.1,Recognize the characteristics of Earth and sky ,,2020-11-11T04:51:29+00:00
Age Range,1.5.2.1.1,,Infant,,2020-11-11T04:53:24+00:00
Indicator,1.5.2.1.1.1,,Establish activity patterns based on day and night,,2020-11-11T05:10:29+00:00
Indicator,1.5.2.1.1.2,,Explore and react to different indoor and outdoor surfaces,,2020-11-11T05:10:43+00:00
Age Range,1.5.2.1.2,,Younger Toddler,,2020-11-11T04:53:26+00:00
Indicator,1.5.2.1.2.1,,Notice and gesture to different objects in the sky,,2020-11-11T05:10:57+00:00
Indicator,1.5.2.1.2.2,,Explore the natural environment ,,2020-11-11T05:11:25+00:00
Age Range,1.5.2.1.3,,Older Toddler,,2020-11-11T04:53:27+00:00
Indicator,1.5.2.1.3.1,,Notice own shadow,,2020-11-11T05:11:46+00:00
Indicator,1.5.2.1.3.2,,Name objects in the sky,,2020-11-11T05:11:58+00:00
Indicator,1.5.2.1.3.3,,Use tools to explore various earth materials,,2020-11-11T05:12:08+00:00
Age Range,1.5.2.1.4,,Younger Preschool,,2020-11-11T04:53:28+00:00
Indicator,1.5.2.1.4.1,,Notice the shadows of others and objects,,2020-11-11T05:12:20+00:00
Indicator,1.5.2.1.4.2,,Describe different objects in the sky,,2020-11-11T05:12:29+00:00
Indicator,1.5.2.1.4.3,,Describe various earth materials,,2020-11-11T05:12:38+00:00
Age Range,1.5.2.1.5,,Older Preschool,,2020-11-11T04:53:29+00:00
Indicator,1.5.2.1.5.1,,Describe how shadows change through the day,,2020-11-11T05:12:59+00:00
Indicator,1.5.2.1.5.2,,Describe typical day and night activities,,2020-11-11T05:13:12+00:00
Indicator,1.5.2.1.5.3,,Classify various earth materials ,,2020-11-11T05:13:22+00:00
Indicator,1.5.2.1.5.4,,Describe how the Earth’s surface is made up of different materials,,2020-11-11T05:13:30+00:00
Age Range,1.5.2.1.6,,Kindergarten Standard,,2020-11-11T04:53:30+00:00
Indicator,1.5.2.1.6.1,,K.2.1: Observe and record during sunny days when the sun shines on different parts of the school building.,,2020-11-11T05:13:46+00:00
Indicator,1.5.2.1.6.2,,K.2.2: Describe and compare objects seen in the night and day sky.,,2020-11-11T05:14:08+00:00
Topic,1.5.2.2,SC2.2, Recognize seasonal and weather related changes,,2020-11-11T05:14:42+00:00
Age Range,1.5.2.2.1,,Infant,,2020-11-11T05:20:40+00:00
Indicator,1.5.2.2.1.1,,Observe and experience the difference in climate/weather  ,,2020-11-11T05:21:09+00:00
Age Range,1.5.2.2.2,,Younger Toddler,,2020-11-11T05:20:42+00:00
Indicator,1.5.2.2.2.1,,"Observe and investigate environment, nature, and climate/weather ",,2020-11-11T05:23:38+00:00
Age Range,1.5.2.2.3,,Older Toddler,,2020-11-11T05:20:43+00:00
Indicator,1.5.2.2.3.1,,"Communicate awareness that the environment, weather, and seasons change",,2020-11-11T05:23:43+00:00
Indicator,1.5.2.2.3.2,,Name different kinds of weather,,2020-11-11T05:23:48+00:00
Age Range,1.5.2.2.4,,Younger Preschool,,2020-11-11T05:20:44+00:00
Indicator,1.5.2.2.4.1,,Communicate awareness of seasonal changes,,2020-11-11T05:23:56+00:00
Indicator,1.5.2.2.4.2,,Describe weather conditions using correct terminology,,2020-11-11T05:24:01+00:00
Age Range,1.5.2.2.5,,Older Preschool,,2020-11-11T05:20:46+00:00
Indicator,1.5.2.2.5.1,,Communicate awareness of seasonal changes,,2020-11-11T05:24:07+00:00
Indicator,1.5.2.2.5.2,,Describe how weather changes,,2020-11-11T05:24:15+00:00
Age Range,1.5.2.2.6,,Kindergarten Standard,,2020-11-11T05:20:49+00:00
Indicator,1.5.2.2.6.1,,K.2.3: Describe in words and pictures the changes in weather from month to month and season to season.,,2020-11-11T05:24:37+00:00
Foundation,1.5.3,SC3,<b>Life Science: </b>Early learners develop foundational skills in learning and understanding the presence and characteristics of living creatures and plants. ,,2020-11-11T05:29:02+00:00
Topic,1.5.3.1,SC3.1,Demonstrate awareness of life ,,2020-11-11T05:29:21+00:00
Age Range,1.5.3.1.1,,Infant ,,2020-11-11T05:30:54+00:00
Indicator,1.5.3.1.1.1,,"Demonstrate interest in and interact with plants, animals, and people ",,2020-11-11T05:31:18+00:00
Indicator,1.5.3.1.1.2,,Discover body parts,,2020-11-11T05:31:41+00:00
Age Range,1.5.3.1.2,,Younger Toddler ,,2020-11-11T05:30:50+00:00
Indicator,1.5.3.1.2.1,,Identify living organisms by name,,2020-11-11T05:32:10+00:00
Indicator,1.5.3.1.2.2,,Name basic body parts,,2020-11-11T05:36:52+00:00
Age Range,1.5.3.1.3,,Older Toddler,,2020-11-11T05:30:49+00:00
Indicator,1.5.3.1.3.1,,Name characteristics of living organisms,,2020-11-11T05:37:15+00:00
Indicator,1.5.3.1.3.2,,Name more complex body parts,,2020-11-11T05:37:20+00:00
Age Range,1.5.3.1.4,,Younger Preschool,,2020-11-11T05:30:48+00:00
Indicator,1.5.3.1.4.1,,Identify the correct names for adult and baby animals,,2020-11-11T05:37:39+00:00
Indicator,1.5.3.1.4.2,,Compare attributes of living organisms,,2020-11-11T05:37:49+00:00
Indicator,1.5.3.1.4.3,,Identify and describe the function of body parts,,2020-11-11T05:37:59+00:00
Age Range,1.5.3.1.5,,Older Preschool,,2020-11-11T05:30:46+00:00
Indicator,1.5.3.1.5.1,,Differentiate animals from plants ,,2020-11-11T05:38:14+00:00
Indicator,1.5.3.1.5.2,,Discriminate between living organisms and non-living objects,,2020-11-11T05:38:53+00:00
Indicator,1.5.3.1.5.3,,Ask questions and conduct investigations to understand life science,,2020-11-11T05:39:00+00:00
Indicator,1.5.3.1.5.4,,Identify and describe the function of body parts,,2020-11-11T05:39:12+00:00
Age Range,1.5.3.1.6,,Kindergarten Standard,,2020-11-11T05:30:45+00:00
Indicator,1.5.3.1.6.1,,K.3.1: Observe and draw physical features of common plants and animals.,,2020-11-11T05:39:26+00:00
Indicator,1.5.3.1.6.2,,"K.3.2: Describe and compare living animals in terms of shape, texture of body covering, size, weight, color and the way they move. ",,2020-11-11T05:39:37+00:00
Indicator,1.5.3.1.6.3,,"K.3.3: Describe and compare living plants in terms of growth, parts, shape, size, color and texture.",,2020-11-11T05:39:45+00:00
Foundation,1.5.4,SC4,<b>Engineering: </b>Early learners develop foundational skills in learning and understanding how to solve problems using the engineering design process.,,2020-11-11T05:40:49+00:00
Topic,1.5.4.1,SC4.1,Demonstrate engineering design skills ,,2020-11-11T05:41:06+00:00
Age Range,1.5.4.1.1,,Infant,,2020-11-11T05:42:14+00:00
Indicator,1.5.4.1.1.1,,Demonstrate an interest in human made objects,,2020-11-11T05:42:34+00:00
Indicator,1.5.4.1.1.2,,Explore and manipulate human made objects,,2020-11-11T05:42:43+00:00
Age Range,1.5.4.1.2,,Younger Toddler,,2020-11-11T05:42:11+00:00
Indicator,1.5.4.1.2.1,,Test limits of the environment,,2020-11-11T05:44:41+00:00
Indicator,1.5.4.1.2.2,,Begin to construct and deconstruct using readily available materials,,2020-11-11T05:44:54+00:00
Age Range,1.5.4.1.3,,Older Toddler,,2020-11-11T05:42:10+00:00
Indicator,1.5.4.1.3.1,,Use tools to serve a purpose or solve a problem,,2020-11-11T05:45:07+00:00
Indicator,1.5.4.1.3.2,,Notice whether the solution was successful,,2020-11-11T05:45:17+00:00
Indicator,1.5.4.1.3.3,,Use complex motions to play with simple machines,,2020-11-11T05:45:25+00:00
Age Range,1.5.4.1.4,,Younger Preschool,,2020-11-11T05:42:09+00:00
Indicator,1.5.4.1.4.1,,Identify a problem or need and create a plan to solve,,2020-11-11T05:45:35+00:00
Indicator,1.5.4.1.4.2,,Use classroom objects that function as simple machines to enhance play ,,2020-11-11T05:45:45+00:00
Age Range,1.5.4.1.5,,Older Preschool,,2020-11-11T05:42:08+00:00
Indicator,1.5.4.1.5.1,,Select materials and implement a designated plan ,,2020-11-11T05:45:58+00:00
Indicator,1.5.4.1.5.2,,Evaluate and communicate solution outcomes,,2020-11-11T05:46:08+00:00
Indicator,1.5.4.1.5.3,,Use classroom objects to create simple machines to enhance play,,2020-11-11T05:46:51+00:00
Foundation,1.5.5,SC5,<b>Scientific Inquiry and Method: </b>Early learners develop foundational skills in learning and understanding about the world around them through exploration and investigation. ,,2020-11-11T05:54:05+00:00
Topic,1.5.5.1,SC5.1, Demonstrate scientific curiosity,,2020-11-11T05:54:17+00:00
Age Range,1.5.5.1.1,,Infant,,2020-11-11T05:54:33+00:00
Indicator,1.5.5.1.1.1,,"Observe and show interest in objects, organisms, and events in the environment",,2020-11-11T05:55:30+00:00
Indicator,1.5.5.1.1.2,,Actively explore the environment,,2020-11-11T05:55:39+00:00
Indicator,1.5.5.1.1.3,,Repeat actions that causes an interesting effect ,,2020-11-11T05:55:46+00:00
Age Range,1.5.5.1.2,,Younger Toddler,,2020-11-11T05:55:19+00:00
Indicator,1.5.5.1.2.1,,Demonstrate curiosity,,2020-11-11T05:55:58+00:00
Indicator,1.5.5.1.2.2,,Actively explore the environment ,,2020-11-11T05:56:09+00:00
Indicator,1.5.5.1.2.3,,Solve problems using trial and error,,2020-11-11T05:56:17+00:00
Age Range,1.5.5.1.3,,Older Toddler,,2020-11-11T05:55:14+00:00
Indicator,1.5.5.1.3.1,,Demonstrate curiosity and ask for more information,,2020-11-11T05:56:28+00:00
Indicator,1.5.5.1.3.2,,Use tools to explore the environment ,,2020-11-11T05:56:37+00:00
Age Range,1.5.5.1.4,,Younger Preschool,,2020-11-11T05:55:13+00:00
Indicator,1.5.5.1.4.1,,Observe with a focus on details,,2020-11-11T05:56:49+00:00
Indicator,1.5.5.1.4.2,,Use simple tools to extend investigations,,2020-11-11T05:56:57+00:00
Indicator,1.5.5.1.4.3,,Identify self and/or own actions as scientific ,,2020-11-11T05:57:05+00:00
Age Range,1.5.5.1.5,,Older Preschool,,2020-11-11T05:55:12+00:00
Indicator,1.5.5.1.5.1,,Discuss ways that people can affect the environment in positive and negative ways,,2020-11-11T05:57:18+00:00
Indicator,1.5.5.1.5.2,,Independently use simple tools to conduct an investigation to increase understanding,,2020-11-11T05:57:28+00:00
Indicator,1.5.5.1.5.3,,Engage in a scientific experiment with peers,,2020-11-11T05:57:37+00:00
Indicator,1.5.5.1.5.4,,Communicate results of an investigation ,,2020-11-11T05:57:46+00:00
Content Area,1.6,,Social Studies ,,2020-12-07T10:31:56+00:00
Foundation,1.6.1,SS1,<b>Self: </b>Early learners develop foundational skills in learning and understanding the concept of self within the context of their family and community. ,,2020-11-11T05:58:51+00:00
Topic,1.6.1.1,SS1.1,Demonstrate development of self ,,2020-11-11T05:59:22+00:00
Age Range,1.6.1.1.1,,Infant,,2020-11-11T06:00:11+00:00
Indicator,1.6.1.1.1.1,,Respond to celebrations and other cultural events if observed,,2020-11-11T06:01:42+00:00
Indicator,1.6.1.1.1.2,,Engage in onlooker play,,2020-11-11T06:01:51+00:00
Indicator,1.6.1.1.1.3,,Begin to separate self from others,,2020-11-11T06:01:59+00:00
Indicator,1.6.1.1.1.4,,Show affection and bonds with familiar adults,,2020-11-11T06:02:09+00:00
Age Range,1.6.1.1.2,,Younger Toddler,,2020-11-11T06:01:06+00:00
Indicator,1.6.1.1.2.1,,Participate in celebrations and other cultural events if observed,,2020-11-11T06:02:18+00:00
Indicator,1.6.1.1.2.2,,Begin to demonstrate a sense of belonging to a group by engaging in parallel play,,2020-11-11T06:02:27+00:00
Indicator,1.6.1.1.2.3,,Begin to notice differences in others,,2020-11-11T06:02:34+00:00
Indicator,1.6.1.1.2.4,,Use simple words to show recognition of family members and familiar adults,,2020-11-11T06:02:43+00:00
Age Range,1.6.1.1.3,,Older Toddler,,2020-11-11T06:01:07+00:00
Indicator,1.6.1.1.3.1,,"Participate in and imitate celebrations and other cultural events for family, peers, and community if observed",,2020-11-11T06:03:08+00:00
Indicator,1.6.1.1.3.2,,Begin to demonstrate a sense of belonging to a group by engaging in associative play,,2020-11-11T06:03:16+00:00
Indicator,1.6.1.1.3.3,,Begin to gesture and ask simple questions regarding differences and/or similarities between self and others,,2020-11-11T06:03:28+00:00
Age Range,1.6.1.1.4,,Younger Preschool,,2020-11-11T06:01:08+00:00
Indicator,1.6.1.1.4.1,,"Participate in and describe own family, community, and cultural celebrations if observed",,2020-11-11T06:03:38+00:00
Indicator,1.6.1.1.4.2,,"Begin to assimilate family, community, and cultural events in cooperative play",,2020-11-11T06:03:48+00:00
Indicator,1.6.1.1.4.3,,Use simple phrases to demonstrate an awareness of differences and/or similarities between self and others,,2020-11-11T06:03:57+00:00
Age Range,1.6.1.1.5,,Older Preschool,,2020-11-11T06:01:10+00:00
Indicator,1.6.1.1.5.1,,"Participate in and describe local, state, and national events and celebrations if observed",,2020-11-11T06:04:08+00:00
Indicator,1.6.1.1.5.2,,Identify/honor key people in history,,2020-11-11T06:04:18+00:00
Indicator,1.6.1.1.5.3,,"Assimilate family, community, and cultural cooperative play",,2020-11-11T06:04:26+00:00
Indicator,1.6.1.1.5.4,,"Build awareness, respect, and acceptance for differences in people and acknowledge connections",,2020-11-11T06:04:35+00:00
Age Range,1.6.1.1.6,,Kindergarten Standard,,2020-11-11T06:01:12+00:00
Indicator,1.6.1.1.6.1,,"K.1.2: Identify people, celebrations, commemorations, and holidays as a way of honoring people, heritage, and events. ",,2020-11-11T06:04:48+00:00
Indicator,1.6.1.1.6.2,,K.2.4: Give examples of how to be a responsible family member and member of a group.,,2020-11-11T06:04:59+00:00
Indicator,1.6.1.1.6.3,,"K.3.6: Identify and compare similarities and differences in families, classmates, neighbors and neighborhood, and ethnic and cultural groups.",,2020-11-11T06:05:08+00:00
Foundation,1.6.2,SS2,<b>History and Events: </b>Early learners develop foundational skills in learning and understanding the passage of time and the foundations and functions of government. ,,2020-11-11T06:26:46+00:00
Topic,1.6.2.1,SS2.1,Demonstrate awareness of chronological thinking,,2020-11-11T07:04:03+00:00
Age Range,1.6.2.1.1,,Younger Toddler,,2020-11-11T06:28:33+00:00
Indicator,1.6.2.1.1.1,,Adapt to changes in routine and/or schedule,,2020-11-11T06:28:31+00:00
Indicator,1.6.2.1.1.2,,Anticipate events,,2020-11-11T06:28:29+00:00
Age Range,1.6.2.1.2,,Older Toddler,,2020-11-11T06:28:34+00:00
Indicator,1.6.2.1.2.1,,Begin to recognize the sequence of events as part of a daily routine ,,2020-11-11T06:28:53+00:00
Age Range,1.6.2.1.3,,Younger Preschool,,2020-11-11T06:28:35+00:00
Indicator,1.6.2.1.3.1,,Recognize the sequence of events as part of a daily routine and as it relates to the passage of time,,2020-11-11T06:29:05+00:00
Indicator,1.6.2.1.3.2,,,,2021-05-17T14:08:03+00:00
Indicator,1.6.2.1.3.3,,,,2021-05-17T14:08:06+00:00
Age Range,1.6.2.1.4,,Older Preschool,,2020-11-11T06:28:36+00:00
Indicator,1.6.2.1.4.1,,Demonstrate an understanding of time in the context of daily experiences and understand that the passage of time can be measured,,2020-11-11T06:29:20+00:00
Indicator,1.6.2.1.4.2,,Begin to understand how time is measured ,,2020-11-11T06:29:28+00:00
Age Range,1.6.2.1.5,,Kindergarten Standard,,2020-11-11T06:28:39+00:00
Indicator,1.6.2.1.5.1,,K.1.4: Explain that calendars are used to represent the days of the week and months of the year.,,2020-11-11T06:29:43+00:00
Topic,1.6.2.2,SS2.2,Demonstrate awareness of historical knowledge,,2020-11-11T06:30:24+00:00
Age Range,1.6.2.2.1,,Younger Toddler ,,2020-11-11T06:31:33+00:00
Indicator,1.6.2.2.1.1,,Respond to stories about time and age,,2020-11-11T06:31:56+00:00
Age Range,1.6.2.2.2,,Older Toddler ,,2020-11-11T06:31:26+00:00
Indicator,1.6.2.2.2.1,,Begin to recall information from recent experiences,,2020-11-11T06:32:11+00:00
Age Range,1.6.2.2.3,,Younger Preschool,,2020-11-11T06:31:25+00:00
Indicator,1.6.2.2.3.1,,Begin to communicate concepts of time ,,2020-11-11T06:32:23+00:00
Age Range,1.6.2.2.4,,Older Preschool,,2020-11-11T06:31:24+00:00
Indicator,1.6.2.2.4.1,,Demonstrate the awareness of change over time,,2020-11-11T06:32:36+00:00
Age Range,1.6.2.2.5,,Kindergarten Standard,,2020-11-11T06:31:23+00:00
Indicator,1.6.2.2.5.1,,K.1.1: Compare children and families of today with those from the past.,,2020-11-11T06:32:49+00:00
Topic,1.6.2.3,SS2.3,Demonstrate awareness of the foundations of government ,,2020-11-11T07:03:55+00:00
Age Range,1.6.2.3.1,,Older Toddler,,2020-11-11T06:34:21+00:00
Indicator,1.6.2.3.1.1,,Begin to recognize familiar aspects of community or cultural symbols,,2020-11-11T07:00:29+00:00
Age Range,1.6.2.3.2,,Younger Preschool,,2020-11-11T06:34:20+00:00
Indicator,1.6.2.3.2.1,,Identify leaders and helpers in the home or classroom environment,,2020-11-11T07:02:25+00:00
Indicator,1.6.2.3.2.2,,Recognize familiar aspects of community or cultural symbols,,2020-11-11T07:02:39+00:00
Age Range,1.6.2.3.3,,Older Preschool,,2020-11-11T06:34:19+00:00
Indicator,1.6.2.3.3.1,,"Identify leaders and community helpers at home, school, and in environments",,2020-11-11T07:03:01+00:00
Indicator,1.6.2.3.3.2,,"Identify symbolic objects and pictures of local, state, and/or national symbols",,2020-11-11T07:03:06+00:00
Age Range,1.6.2.3.4,,Kindergarten Standard,,2020-11-11T06:34:17+00:00
Indicator,1.6.2.3.4.1,,K.2.1: Give examples of people who are community helpers and leaders and describe how they help us,,2020-11-11T07:03:19+00:00
Indicator,1.6.2.3.4.2,,K.2.2: Identify and explain that the President of the United States is the leader of our country and that the American flag is a symbol of the United States.,,2020-11-11T07:03:28+00:00
Topic,1.6.2.4,SS2.4,Demonstrate awareness of the functions of government,,2020-11-11T07:03:52+00:00
Age Range,1.6.2.4.1,,Infant,,2020-11-11T07:04:19+00:00
Indicator,1.6.2.4.1.1,,"Demonstrate comfort in familiar routines, objects, and materials",,2020-11-11T07:05:31+00:00
Indicator,1.6.2.4.1.2,,Respond to adult guidance about behavior ,,2020-11-11T07:05:40+00:00
Age Range,1.6.2.4.2,,Younger Toddler ,,2020-11-11T07:05:06+00:00
Indicator,1.6.2.4.2.1,,Begin to understand and follow basic guidance,,2020-11-11T07:06:19+00:00
Age Range,1.6.2.4.3,,Older Toddler,,2020-11-11T07:05:08+00:00
Indicator,1.6.2.4.3.1,,Begin to demonstrate an understanding of rules,,2020-11-11T07:06:39+00:00
Age Range,1.6.2.4.4,,Younger Preschool,,2020-11-11T07:05:09+00:00
Indicator,1.6.2.4.4.1,,"Begin to demonstrate an understanding of rules in the home, school environment, and the purposes they serve",,2020-11-11T07:06:52+00:00
Age Range,1.6.2.4.5,,Older Preschool,,2020-11-11T07:05:10+00:00
Indicator,1.6.2.4.5.1,,"Demonstrate an understanding of rules in the home, school environment, and the purposes they serve ",,2020-11-11T07:07:05+00:00
Age Range,1.6.2.4.6,,Kindergarten Standard,,2020-11-11T07:05:13+00:00
Indicator,1.6.2.4.6.1,,K.2.3: Give examples of classroom and school rules and explain the importance of following these rules to ensure order and safety.,,2020-11-11T07:07:23+00:00
Foundation,1.6.3,SS3,<b>Geography: </b>Early learners develop foundational skills in learning and understanding the world in spatial terms and the relationship between society and the environment. ,,2020-11-11T09:25:58+00:00
Topic,1.6.3.1,SS3.1,Demonstrate awareness of the world in spatial terms ,,2020-11-11T08:02:08+00:00
Age Range,1.6.3.1.1,,Infant,,2020-11-11T07:52:47+00:00
Indicator,1.6.3.1.1.1,,Begin to discover use of body and objects in the environment,,2020-11-11T07:53:41+00:00
Age Range,1.6.3.1.2,,Younger Toddler,,2020-11-11T07:52:48+00:00
Indicator,1.6.3.1.2.1,,Begin to respond to simple location terms,,2020-11-11T07:53:53+00:00
Indicator,1.6.3.1.2.2,,Use a variety of materials to represent familiar objects,,2020-11-11T07:54:03+00:00
Age Range,1.6.3.1.3,,Older Toddler,,2020-11-11T07:52:49+00:00
Indicator,1.6.3.1.3.1,,Begin to use simple location terms,,2020-11-11T07:54:16+00:00
Indicator,1.6.3.1.3.2,,Experiment with materials to represent objects in play,,2020-11-11T07:59:24+00:00
Age Range,1.6.3.1.4,,Younger Preschool,,2020-11-11T07:52:58+00:00
Indicator,1.6.3.1.4.1,,"Identify location, directionality, and spatial relationships ",,2020-11-11T07:59:42+00:00
Indicator,1.6.3.1.4.2,,Begin to create simple representations of a familiar physical environment,,2020-11-11T07:59:51+00:00
Age Range,1.6.3.1.5,,Older Preschool,,2020-11-11T07:53:13+00:00
Indicator,1.6.3.1.5.1,,"Develop concepts and describe location, directionality, and spatial relationships",,2020-11-11T08:00:10+00:00
Indicator,1.6.3.1.5.2,,Engage in play where one item represents another ,,2020-11-11T08:00:16+00:00
Age Range,1.6.3.1.6,,Kindergarten Standard,,2020-11-11T07:53:17+00:00
Indicator,1.6.3.1.6.1,,"K.3.1: Use words related to location, direction and distance, including here/there over/under, left/right, above/below, forward/backward and between.",,2020-11-11T08:00:31+00:00
Indicator,1.6.3.1.6.2,,K.3.2: Identify maps and globes as ways of representing Earth and understand the basic difference between a map and globe.,,2020-11-11T08:00:43+00:00
Topic,1.6.3.2,SS3.2,Demonstrate awareness of places and regions ,,2020-11-11T08:07:11+00:00
Age Range,1.6.3.2.1,,Infant,,2020-11-11T08:02:45+00:00
Indicator,1.6.3.2.1.1,,Explore the immediate environment,,2020-11-11T08:04:16+00:00
Age Range,1.6.3.2.2,,Younger Toddler,,2020-11-11T08:02:43+00:00
Indicator,1.6.3.2.2.1,,Recognize parts of surroundings,,2020-11-11T08:04:40+00:00
Indicator,1.6.3.2.2.2,,Look toward location where familiar objects are stored with the expectation of finding them,,2020-11-11T08:04:51+00:00
Age Range,1.6.3.2.3,,Older Toddler,,2020-11-11T08:02:41+00:00
Indicator,1.6.3.2.3.1,,Describe the characteristics of home and surroundings,,2020-11-11T08:05:15+00:00
Indicator,1.6.3.2.3.2,,Know the location of objects and places in familiar environments,,2020-11-11T08:05:20+00:00
Age Range,1.6.3.2.4,,Younger Preschool,,2020-11-11T08:03:14+00:00
Indicator,1.6.3.2.4.1,,"Identify and describe prominent features of the classroom, school, neighborhood, and community",,2020-11-11T08:05:39+00:00
Indicator,1.6.3.2.4.2,,Begin to learn knowledge of personal and geographic information,,2020-11-11T08:05:48+00:00
Age Range,1.6.3.2.5,,Older Preschool,,2020-11-11T08:03:17+00:00
Indicator,1.6.3.2.5.1,,Use words to describe natural and manmade features of locations,,2020-11-11T08:06:02+00:00
Indicator,1.6.3.2.5.2,,Become familiar with information about where they live and understand what an address is,,2020-11-11T08:06:18+00:00
Age Range,1.6.3.2.6,,Kindergarten Standard,,2020-11-11T08:03:19+00:00
Indicator,1.6.3.2.6.1,,K.3.3: Locate and describe places in the school and community.,,2020-11-11T08:06:33+00:00
Indicator,1.6.3.2.6.2,,K.3.4: Identify and describe the address and location of school; understand the importance of an address.,,2020-11-11T08:06:53+00:00
Topic,1.6.3.3,SS3.3,Demonstrate awareness of environment and society,,2020-11-11T08:07:24+00:00
Age Range,1.6.3.3.1,,Younger Toddler,,2020-11-11T08:12:55+00:00
Indicator,1.6.3.3.1.1,,Show interest in various aspects of the environment,,2020-11-11T08:14:22+00:00
Age Range,1.6.3.3.2,,Older Toddler ,,2020-11-11T08:12:56+00:00
Indicator,1.6.3.3.2.1,,Explore characteristics and ask questions about aspects of the environment,,2020-11-11T08:14:11+00:00
Age Range,1.6.3.3.3,,Younger Preschool,,2020-11-11T08:12:58+00:00
Indicator,1.6.3.3.3.1,,Begin to understand the relationship between humans and the environment,,2020-11-11T08:14:40+00:00
Age Range,1.6.3.3.4,,Older Preschool,,2020-11-11T08:12:59+00:00
Indicator,1.6.3.3.4.1,,Begin to describe the reciprocal relationship between humans and the environment,,2020-11-11T08:14:56+00:00
Age Range,1.6.3.3.5,,Kindergarten Standard,,2020-11-11T08:13:02+00:00
Indicator,1.6.3.3.5.1,,"K.3.7: Recommend ways that people can improve their environment at home, in school, and in the neighborhood.",,2020-11-11T08:15:09+00:00
Foundation,1.6.4,SS4,<b>Economics: </b>Early learners develop foundational skills in learning and understanding the functions of an economy. ,,2020-11-11T09:26:14+00:00
Topic,1.6.4.1,SS4.1,Demonstrate awareness of economics ,,2020-11-11T08:18:39+00:00
Age Range,1.6.4.1.1,,Infant,,2020-11-11T08:18:50+00:00
Indicator,1.6.4.1.1.1,,Demonstrate preference for specific objects and people,,2020-11-11T08:23:22+00:00
Age Range,1.6.4.1.2,,Younger Toddler ,,2020-11-11T08:22:58+00:00
Indicator,1.6.4.1.2.1,,Communicate desire for objects and/or persons that are in the classroom or home,,2020-11-11T08:23:43+00:00
Indicator,1.6.4.1.2.2,,Imitate familiar roles and routines,,2020-11-11T08:25:07+00:00
Age Range,1.6.4.1.3,,Older Toddler,,2020-11-11T08:19:38+00:00
Indicator,1.6.4.1.3.1,,Use props related to buying and selling items during play,,2020-11-11T08:25:40+00:00
Indicator,1.6.4.1.3.2,,Communicate wants and needs,,2020-11-11T08:25:54+00:00
Indicator,1.6.4.1.3.3,,Recognize various familiar workers in the community,,2020-11-11T08:26:02+00:00
Indicator,1.6.4.1.3.4,,Begin to role play different jobs,,2020-11-11T08:26:11+00:00
Age Range,1.6.4.1.4,,Younger Preschool,,2020-11-11T08:19:37+00:00
Indicator,1.6.4.1.4.1,,Begin to understand the purpose of money and concepts of buying and selling through play,,2020-11-11T08:40:35+00:00
Indicator,1.6.4.1.4.2,,Develop an awareness that people work for money in order to provide for basic needs,,2020-11-11T08:40:44+00:00
Indicator,1.6.4.1.4.3,,Develop an awareness of the roles of various familiar community helpers/workers,,2020-11-11T08:41:50+00:00
Indicator,1.6.4.1.4.4,,Act out adult social roles and occupations,,2020-11-11T08:41:59+00:00
Age Range,1.6.4.1.5,,Older Preschool,,2020-11-11T08:19:35+00:00
Indicator,1.6.4.1.5.1,,Begin to understand the purpose of money and concepts of buying and selling through play,,2020-11-11T08:42:57+00:00
Indicator,1.6.4.1.5.2,,Develop an awareness that people work for money in order to provide for basic needs,,2020-11-11T08:43:06+00:00
Indicator,1.6.4.1.5.3,,Describe community helpers/workers in terms of tools/equipment they use and services/products they provide,,2020-11-11T08:43:18+00:00
Indicator,1.6.4.1.5.4,,Act out adult social roles and occupations,,2020-11-11T08:43:27+00:00
Age Range,1.6.4.1.6,,Kindergarten Standard,,2020-11-11T08:19:34+00:00
Indicator,1.6.4.1.6.1,,K.4.1: Explain that people work to earn money to buy the things they want and need.,,2020-11-11T08:49:04+00:00
Indicator,1.6.4.1.6.2,,K.4.2: Identify and describe different kinds of jobs that people do and the tools or equipment used in these jobs.,,2020-11-11T08:49:31+00:00
Indicator,1.6.4.1.6.3,,K.4.4: Give examples of work activities that people do at home and at jobs.,,2020-11-11T08:49:40+00:00
Foundation,1.6.5,SS5,<b>Citizenship: </b>Early learners develop foundational skills in understanding the expected behavior as a citizen in a democratic society.,,2020-11-11T08:51:51+00:00
Topic,1.6.5.1,SS5.1, Demonstrate awareness of citizenship ,,2020-11-11T08:52:07+00:00
Age Range,1.6.5.1.1,,Infant,,2020-11-11T08:55:52+00:00
Indicator,1.6.5.1.1.1,,Interact with the environment to make needs known,,2020-11-11T08:56:13+00:00
Age Range,1.6.5.1.2,,Younger Toddler,,2020-11-11T08:55:47+00:00
Indicator,1.6.5.1.2.1,,Observe others carrying out routines and responsibilities and begin to imitate,,2020-11-11T08:56:25+00:00
Indicator,1.6.5.1.2.2,,Make choices known,,2020-11-11T08:56:36+00:00
Age Range,1.6.5.1.3,,Older Toddler,,2020-11-11T08:55:46+00:00
Indicator,1.6.5.1.3.1,,Participate in simple routines with adult support,,2020-11-11T08:56:56+00:00
Indicator,1.6.5.1.3.2,,Identify preferences,,2020-11-11T08:57:00+00:00
Age Range,1.6.5.1.4,,Younger Preschool,,2020-11-11T08:55:45+00:00
Indicator,1.6.5.1.4.1,,Assist adults with daily routines and responsibilities,,2020-11-11T08:57:21+00:00
Indicator,1.6.5.1.4.2,,Choose simple daily tasks from a list of classroom jobs,,2020-11-11T08:57:33+00:00
Indicator,1.6.5.1.4.3,,Begin to initiate helping tasks,,2020-11-11T08:57:40+00:00
Indicator,1.6.5.1.4.4,,Demonstrate an understanding of how voting works,,2020-11-11T08:57:50+00:00
Age Range,1.6.5.1.5,,Older Preschool,,2020-11-11T08:55:44+00:00
Indicator,1.6.5.1.5.1,,Demonstrate willingness to work together to accomplish tasks ,,2020-11-11T08:58:02+00:00
Indicator,1.6.5.1.5.2,,"Identify simple tasks within the home, early childhood setting, or community",,2020-11-11T08:58:14+00:00
Indicator,1.6.5.1.5.3,,Provide leadership in completing daily tasks,,2020-11-11T08:58:21+00:00
Indicator,1.6.5.1.5.4,,Demonstrate an understanding of the outcome of a vote,,2020-11-11T08:58:30+00:00
Content Area,1.7,,Creative Arts,,2020-12-07T10:39:34+00:00
Foundation,1.7.1,CA1,"<b>Music: </b>Early learners develop foundational skills that support creative expression through voice, instruments, and objects. ",,2020-11-11T09:25:37+00:00
Topic,1.7.1.1,CA1.1,Demonstrate creative music expression,,2020-11-11T09:01:53+00:00
Age Range,1.7.1.1.1,,Infant,,2020-11-11T09:07:58+00:00
Indicator,1.7.1.1.1.1,,Respond to music by moving own body,,2020-11-11T09:08:12+00:00
Indicator,1.7.1.1.1.2,,Experiment with vocalizations and sounds,,2020-11-11T09:13:25+00:00
Indicator,1.7.1.1.1.3,,React to familiar songs or music,,2020-11-11T09:16:08+00:00
Indicator,1.7.1.1.1.4,,Participate in diverse musical genres and styles,,2020-11-11T09:16:35+00:00
Age Range,1.7.1.1.2,,Younger Toddler,,2020-11-11T09:07:57+00:00
Indicator,1.7.1.1.2.1,,Respond to music by moving own body,,2020-11-11T09:16:48+00:00
Indicator,1.7.1.1.2.2,,Imitate sounds using voice or objects,,2020-11-11T09:17:00+00:00
Indicator,1.7.1.1.2.3,,Sing along to familiar songs,,2020-11-11T09:17:08+00:00
Indicator,1.7.1.1.2.4,,Make rhythmic patterns with objects,,2020-11-11T09:17:17+00:00
Indicator,1.7.1.1.2.5,,Participate in diverse musical genres and styles,,2020-11-11T09:17:27+00:00
Age Range,1.7.1.1.3,,Older Toddler,,2020-11-11T09:07:55+00:00
Indicator,1.7.1.1.3.1,,Respond to music by moving own body,,2020-11-11T09:18:51+00:00
Indicator,1.7.1.1.3.2,,"Experiment with vocalizations, sounds, and musical instruments",,2020-11-11T09:18:57+00:00
Indicator,1.7.1.1.3.3,,Initiate singing a song repeatedly,,2020-11-11T09:19:08+00:00
Indicator,1.7.1.1.3.4,,Produce rhythmic patterns to familiar songs,,2020-11-11T09:19:20+00:00
Indicator,1.7.1.1.3.5,,Participate in diverse musical genres and styles,,2020-11-11T09:19:37+00:00
Age Range,1.7.1.1.4,,Younger Preschool,,2020-11-11T09:07:54+00:00
Indicator,1.7.1.1.4.1,,Listen and respond to music,,2020-11-11T09:19:51+00:00
Indicator,1.7.1.1.4.2,,Participate in classroom experiences with musical instruments and singing to express creativity,,2020-11-11T09:20:01+00:00
Indicator,1.7.1.1.4.3,,Sing songs that use the voice in a variety of ways,,2020-11-11T09:20:10+00:00
Indicator,1.7.1.1.4.4,,Respond to rhythmic patterns in music,,2020-11-11T09:20:19+00:00
Indicator,1.7.1.1.4.5,,Describe feelings and reactions in response to diverse musical genres and styles,,2020-11-11T09:20:30+00:00
Age Range,1.7.1.1.5,,Older Preschool,,2020-11-11T09:07:53+00:00
Indicator,1.7.1.1.5.1,,Respond to changes heard in music,,2020-11-11T09:20:48+00:00
Indicator,1.7.1.1.5.2,,"Use familiar rhymes, songs, chants, and musical instruments to express creativity",,2020-11-11T09:21:09+00:00
Indicator,1.7.1.1.5.3,,Sing songs that use the voice in a variety of ways,,2020-11-11T09:21:21+00:00
Indicator,1.7.1.1.5.4,,Respond to rhythmic patterns in music ,,2020-11-11T09:21:30+00:00
Indicator,1.7.1.1.5.5,,Describe feelings and reactions in response to diverse musical genres and styles,,2020-11-11T09:21:40+00:00
Age Range,1.7.1.1.6,,Kindergarten Standard,,2020-11-11T09:07:52+00:00
Indicator,1.7.1.1.6.1,,"K.6.1: Identify differences in musical sounds that are high or low, fast or slow, loud or soft, and demonstrate them through movement, verbal description, or pictures.",,2020-11-11T09:22:03+00:00
Indicator,1.7.1.1.6.2,,"K.1.4: Sing short memorized songs, maintaining a steady beat.",,2020-11-11T09:22:12+00:00
Indicator,1.7.1.1.6.3,,"K.4.1: Create and play simple, rhythmic patterns with teacher guidance using body percussion or classroom instruments.",,2020-11-11T09:22:24+00:00
Indicator,1.7.1.1.6.4,,"K.9.2: Experience music from various historical eras and cultures through singing, listening, or moving.",,2020-11-11T09:22:36+00:00
Foundation,1.7.2,CA2,<b>Dance: </b>Early learners develop foundational skills that support creative expression through movement.  ,,2020-11-11T09:25:44+00:00
Topic,1.7.2.1,CA2.1,Demonstrate creative movement expression,,2020-11-11T09:30:58+00:00
Age Range,1.7.2.1.1,,Infant,,2020-11-11T09:32:51+00:00
Indicator,1.7.2.1.1.1,,Respond to music with body movements,,2020-11-11T09:32:46+00:00
Age Range,1.7.2.1.2,,Younger Toddler,,2020-11-11T09:32:53+00:00
Indicator,1.7.2.1.2.1,,Use whole body to respond to music,,2020-11-11T09:41:55+00:00
Age Range,1.7.2.1.3,,Older Toddler,,2020-11-11T09:32:55+00:00
Indicator,1.7.2.1.3.1,,Use dance for self-expression,,2020-11-11T09:42:13+00:00
Age Range,1.7.2.1.4,,Younger Preschool,,2020-11-11T09:36:18+00:00
Indicator,1.7.2.1.4.1,,Convey ideas and emotions through creative movement expression (with or without music),,2020-11-11T09:42:26+00:00
Age Range,1.7.2.1.5,,Older Preschool,,2020-11-11T09:38:55+00:00
Indicator,1.7.2.1.5.1,,Convey ideas and emotions through creative movement expression (with or without music),,2020-11-11T09:43:14+00:00
Indicator,1.7.2.1.5.2,,"Purposefully select movements that communicate ideas, thoughts, and feelings",,2020-11-11T09:43:23+00:00
Age Range,1.7.2.1.6,,Kindergarten Standard,,2020-11-11T09:38:57+00:00
Indicator,1.7.2.1.6.1,,K.1.1: Isolate various body parts through movement.,,2020-11-11T09:43:45+00:00
Indicator,1.7.2.1.6.2,,"K.1.2: Explore the element of space through spatial components: shape, personal and shared space, locomotor and nonlocomotor/axial movement.",,2020-11-11T09:43:58+00:00
Foundation,1.7.3,CA3,"<b>Visual Arts: </b>Early learners develop foundational skills that support creative expression through the process, production, and appreciation of visual art forms.",,2020-11-11T09:44:42+00:00
Topic,1.7.3.1,CA3.1,Demonstrate creative expression through the visual art process ,,2020-11-11T09:48:43+00:00
Age Range,1.7.3.1.1,,Infant,,2020-11-11T09:52:25+00:00
Indicator,1.7.3.1.1.1,,Explore simple art materials,,2020-11-11T09:52:47+00:00
Age Range,1.7.3.1.2,,Younger Toddler ,,2020-11-11T09:52:24+00:00
Indicator,1.7.3.1.2.1,,Use simple art materials,,2020-11-11T09:52:59+00:00
Indicator,1.7.3.1.2.2,,Express preferences for certain art materials,,2020-11-11T09:53:10+00:00
Age Range,1.7.3.1.3,,Older Toddler ,,2020-11-11T09:52:27+00:00
Indicator,1.7.3.1.3.1,,Enjoy repetition of materials and experiences,,2020-11-11T09:55:40+00:00
Age Range,1.7.3.1.4,,Younger Preschool,,2020-11-11T09:52:28+00:00
Indicator,1.7.3.1.4.1,,"Use colors, lines, and shapes to communicate meaning",,2020-11-11T09:55:57+00:00
Age Range,1.7.3.1.5,,Older Preschool,,2020-11-11T09:52:29+00:00
Indicator,1.7.3.1.5.1,,"Identify and use colors, lines, and shapes found in the environment and in works of art",,2020-11-11T09:56:09+00:00
Age Range,1.7.3.1.6,,Kindergarten Standard,,2020-11-11T09:52:31+00:00
Indicator,1.7.3.1.6.1,,"K.7.1: Begin to recognize and use elements (such as line, shape, texture, and color) and principles (such as repetition) in artwork.",,2020-11-11T09:56:25+00:00
Indicator,1.7.3.1.6.2,,"K.7.2: Discriminate between types of lines (characteristics), shapes (geometric), textures (tactile), and colors (primary/secondary hues) in own work and the work of others. ",,2020-11-11T09:56:36+00:00
Topic,1.7.3.2,CA3.2,Demonstrate creative expression through visual art production,,2020-11-11T10:00:04+00:00
Age Range,1.7.3.2.1,,Infant,,2020-11-11T10:01:13+00:00
Indicator,1.7.3.2.1.1,,Respond to various textures and sensory materials,,2020-11-11T10:01:32+00:00
Indicator,1.7.3.2.1.2,,<i>Also see English/Language Arts Foundation 3: Early Writing (ELA3.1)</i>,,2020-11-11T10:02:02+00:00
Age Range,1.7.3.2.2,,Younger Toddler,,2020-11-11T10:01:11+00:00
Indicator,1.7.3.2.2.1,,Explore a variety of media,,2020-11-11T10:02:20+00:00
Indicator,1.7.3.2.2.2,,<i>Also see English/Language Arts Foundation 3: Early Writing (ELA3.1)</i>,,2020-11-11T10:02:29+00:00
Age Range,1.7.3.2.3,,Older Toddler,,2020-11-11T10:01:09+00:00
Indicator,1.7.3.2.3.1,,Use a variety of media,,2020-11-11T10:02:44+00:00
Indicator,1.7.3.2.3.2,,<i>Also see English/Language Arts Foundation 3: Early Writing (ELA3.1)</i>,,2020-11-11T10:02:59+00:00
Age Range,1.7.3.2.4,,Younger Preschool,,2020-11-11T10:01:08+00:00
Indicator,1.7.3.2.4.1,,"Progress in ability to create drawings, models, and other art using a variety of materials",,2020-11-11T10:03:13+00:00
Indicator,1.7.3.2.4.2,,"Develop growing ability to plan, work independently, and demonstrate care in a variety of art",,2020-11-11T10:03:42+00:00
Indicator,1.7.3.2.4.3,,<i>Also see English/Language Arts Foundation 3: Early Writing (ELA3.1)</i>,,2020-11-11T10:03:58+00:00
Age Range,1.7.3.2.5,,Older Preschool,,2020-11-11T10:01:07+00:00
Indicator,1.7.3.2.5.1,,"Progress in ability to create drawings, models, and other art using a variety of materials",,2020-11-11T10:07:21+00:00
Indicator,1.7.3.2.5.2,,"Develop growing ability to plan, work independently and cooperatively, and demonstrate care and persistence in a variety of art",,2020-11-11T10:07:28+00:00
Indicator,1.7.3.2.5.3,,<i>Also see English/Language Arts Foundation 3: Early Writing (ELA3.1)</i>,,2020-11-11T10:07:37+00:00
Age Range,1.7.3.2.6,,Kindergarten Standard,,2020-11-11T10:01:06+00:00
Indicator,1.7.3.2.6.1,,K.6.1: Use objects or animals from the real world as subject matter for artwork.,,2020-11-11T10:07:56+00:00
Indicator,1.7.3.2.6.2,,"K.6.2: Create art that expresses personal ideas, interests, and feelings",,2020-11-11T10:08:05+00:00
Topic,1.7.3.3,CA3.3,Demonstrate creative expression through art appreciation,,2020-11-11T10:13:11+00:00
Age Range,1.7.3.3.1,,Infant,,2020-11-11T10:18:26+00:00
Indicator,1.7.3.3.1.1,,Show preference for particular visual stimuli,,2020-11-11T10:24:14+00:00
Age Range,1.7.3.3.2,,Younger Toddler,,2020-11-11T10:18:27+00:00
Indicator,1.7.3.3.2.1,,Express likes or dislikes of certain colors or patterns,,2020-11-11T10:24:09+00:00
Indicator,1.7.3.3.2.2,,"Look at pictures, photographs, and illustrations",,2020-11-11T10:24:52+00:00
Age Range,1.7.3.3.3,,Older Toddler,,2020-11-11T10:18:28+00:00
Indicator,1.7.3.3.3.1,,"Communicate preferences while looking at pictures, photographs, and illustrations",,2020-11-11T10:25:08+00:00
Indicator,1.7.3.3.3.2,,Compare and contrast own creations and those of others,,2020-11-11T10:25:19+00:00
Age Range,1.7.3.3.4,,Younger Preschool,,2020-11-11T10:18:30+00:00
Indicator,1.7.3.3.4.1,,Observe and discuss art forms,,2020-11-11T10:25:31+00:00
Indicator,1.7.3.3.4.2,,Reflect on differences and preferences when encounters artwork ,,2020-11-11T10:25:40+00:00
Indicator,1.7.3.3.4.3,,Share ideas about personal creative work ,,2020-11-11T10:25:50+00:00
Age Range,1.7.3.3.5,,Older Preschool,,2020-11-11T10:18:31+00:00
Indicator,1.7.3.3.5.1,,Observe and discuss art forms,,2020-11-11T10:26:02+00:00
Indicator,1.7.3.3.5.2,,Reflect on differences and preferences when encounters artwork ,,2020-11-11T10:26:12+00:00
Indicator,1.7.3.3.5.3,,Share ideas about personal creative work,,2020-11-11T10:26:22+00:00
Age Range,1.7.3.3.6,,Kindergarten Standard,,2020-11-11T10:23:36+00:00
Indicator,1.7.3.3.6.1,,K3.2: Construct possible meaning in works of art based on personal response and properties in the works.,,2020-11-11T10:26:35+00:00
Indicator,1.7.3.3.6.2,,K.5.1: Demonstrate curiosity and personal insight through observing and discussing works of art.,,2020-11-11T10:26:45+00:00
Foundation,1.7.4,CA4,<b>Dramatic Play: </b>Early learners develop foundational skills that support creative expression through dramatic play.,,2020-11-11T10:27:33+00:00
Topic,1.7.4.1,CA4.1,Demonstrate creative expression through dramatic play,,2020-11-11T10:28:00+00:00
Age Range,1.7.4.1.1,,Infant,,2020-11-11T10:29:55+00:00
Indicator,1.7.4.1.1.1,,Engage in onlooker play,,2020-11-11T10:30:34+00:00
Indicator,1.7.4.1.1.2,,Begin to exhibit skills in solitary play,,2020-11-11T10:56:54+00:00
Indicator,1.7.4.1.1.3,,Begin to imitate the actions and expressions of caregivers,,2020-11-11T10:57:02+00:00
Indicator,1.7.4.1.1.4,,Begin to recognize that certain actions will draw responses,,2020-11-11T10:57:10+00:00
Age Range,1.7.4.1.2,,Younger Toddler,,2020-11-11T10:29:56+00:00
Indicator,1.7.4.1.2.1,,Engage in solitary play,,2020-11-11T10:57:22+00:00
Indicator,1.7.4.1.2.2,,Begin to exhibit skills in parallel play,,2020-11-11T10:57:31+00:00
Indicator,1.7.4.1.2.3,,Use objects as symbols for other things,,2020-11-11T10:57:40+00:00
Indicator,1.7.4.1.2.4,,Demonstrate simple character/animal sounds with motions,,2020-11-11T10:57:49+00:00
Age Range,1.7.4.1.3,,Older Toddler,,2020-11-11T10:29:57+00:00
Indicator,1.7.4.1.3.1,,Engage in parallel play,,2020-11-11T10:58:04+00:00
Indicator,1.7.4.1.3.2,,Begin to exhibit skills in associative play,,2020-11-11T10:58:20+00:00
Indicator,1.7.4.1.3.3,,"Spontaneously pretend to take on the characteristics of a person, character, or animal ",,2020-11-11T10:58:27+00:00
Indicator,1.7.4.1.3.4,,Express self through dramatic play,,2020-11-11T11:05:28+00:00
Age Range,1.7.4.1.4,,Younger Preschool,,2020-11-11T10:29:59+00:00
Indicator,1.7.4.1.4.1,,Engage in associative and cooperative play,,2020-11-11T11:05:48+00:00
Indicator,1.7.4.1.4.2,,"Use a variety of props to demonstrate themes about life experiences, ideas, and feelings ",,2020-11-11T11:05:57+00:00
Indicator,1.7.4.1.4.3,,Participate freely in dramatic play experiences that become of increased duration and complexity,,2020-11-11T11:06:06+00:00
Age Range,1.7.4.1.5,,Older Preschool,,2020-11-11T10:30:00+00:00
Indicator,1.7.4.1.5.1,,Engage in associative and cooperative play ,,2020-11-11T11:06:20+00:00
Indicator,1.7.4.1.5.2,,Role-play imaginary events and characters,,2020-11-11T11:06:28+00:00
Indicator,1.7.4.1.5.3,,Participate freely in dramatic play experiences that become of increased duration and complexity,,2020-11-11T11:06:40+00:00
Age Range,1.7.4.1.6,,Kindergarten Standard,,2020-11-11T10:30:08+00:00
Indicator,1.7.4.1.6.1,,"K.3.1: Identify and describe the character, plot, and setting in stories.",,2020-11-11T11:06:54+00:00
Indicator,1.7.4.1.6.2,,"K.1.1: Identify elements of theatre in everyday life, such as relationships (characters), clothes (costumes), locations (setting).",,2020-11-11T11:07:04+00:00
Indicator,1.7.4.1.6.3,,"K.8.2: Imitate or create people, creatures, or things based on observation. ",,2020-11-11T11:07:14+00:00
Content Area,1.8,,Physical Health and Growth,,2020-12-07T10:42:20+00:00
Foundation,1.8.1,PHG1,"<b>Health and Well-Being: </b>Early learners develop foundational skills that support healthy, safe, and nutritious practices. ",,2020-11-11T11:48:43+00:00
Topic,1.8.1.1,PHG1.1,Demonstrate development of healthy practices,,2020-11-11T11:49:36+00:00
Age Range,1.8.1.1.1,,Infant,,2020-11-11T11:50:01+00:00
Indicator,1.8.1.1.1.1,,Passively participate in health and hygiene-related behaviors initiated by an adult,,2020-11-11T11:52:34+00:00
Age Range,1.8.1.1.2,,Younger Toddler,,2020-11-11T11:51:37+00:00
Indicator,1.8.1.1.2.1,,Participate with adult support in health and hygiene-related behaviors ,,2020-11-11T11:54:37+00:00
Indicator,1.8.1.1.2.2,,Imitate personal health practices,,2020-11-11T11:54:41+00:00
Age Range,1.8.1.1.3,,Older Toddler,,2020-11-11T11:51:38+00:00
Indicator,1.8.1.1.3.1,,Practice health and hygiene-related behaviors with reminders ,,2020-11-11T11:54:46+00:00
Indicator,1.8.1.1.3.2,,Imitate an experience of participating in a doctor or dentist visit,,2020-11-11T11:54:54+00:00
Age Range,1.8.1.1.4,,Younger Preschool,,2020-11-11T11:51:39+00:00
Indicator,1.8.1.1.4.1,,Demonstrate health and hygiene-related behaviors with reminders,,2020-11-11T11:55:17+00:00
Indicator,1.8.1.1.4.2,,Identify the difference between sick and well ,,2020-11-11T11:55:26+00:00
Indicator,1.8.1.1.4.3,,Engage in sociodramatic play to demonstrate the roles of medical professionals,,2020-11-11T11:55:34+00:00
Age Range,1.8.1.1.5,,Older Preschool,,2020-11-11T11:51:41+00:00
Indicator,1.8.1.1.5.1,,Demonstrate health and hygiene-related behaviors with minimal prompting,,2020-11-11T11:55:46+00:00
Indicator,1.8.1.1.5.2,,Communicate practices that promote healthy living and prevent illness for self and family members,,2020-11-11T11:55:56+00:00
Indicator,1.8.1.1.5.3,,Engage in sociodramatic play to demonstrate the roles of medical professionals,,2020-11-11T11:56:04+00:00
Age Range,1.8.1.1.6,,Kindergarten Standard,,2020-11-11T11:51:42+00:00
Indicator,1.8.1.1.6.1,,K.1.1: Name healthy behaviors.,,2020-11-11T11:56:39+00:00
Indicator,1.8.1.1.6.2,,K.1.2: Identify that physical health is one dimension of health and wellness.,,2020-11-11T11:56:47+00:00
Indicator,1.8.1.1.6.3,,K.1.3: Tell ways to prevent the spread of germs.,,2020-11-11T11:56:57+00:00
Indicator,1.8.1.1.6.4,,K.2.1: Identify how family influences personal health practices,,2020-11-11T11:57:06+00:00
Topic,1.8.1.2,PHG1.2,Demonstrate development of safety practices,,2020-11-11T11:57:54+00:00
Age Range,1.8.1.2.1,,Infant,,2020-11-11T11:59:10+00:00
Indicator,1.8.1.2.1.1,,Use key adults as a secure base when exploring the environment,,2020-11-11T11:59:30+00:00
Indicator,1.8.1.2.1.2,,Seek reassurance from a trusted caregiver when encountering an unfamiliar person or object,,2020-11-11T11:59:52+00:00
Age Range,1.8.1.2.2,,Younger Toddler,,2020-11-11T11:59:12+00:00
Indicator,1.8.1.2.2.1,,Demonstrate awareness of danger,,2020-11-11T12:00:05+00:00
Indicator,1.8.1.2.2.2,,Respond to adult direction to change behavior in order to avoid danger or prevent injuries,,2020-11-11T12:00:15+00:00
Age Range,1.8.1.2.3,,Older Toddler,,2020-11-11T11:59:14+00:00
Indicator,1.8.1.2.3.1,,Demonstrate awareness of danger,,2020-11-11T12:00:27+00:00
Indicator,1.8.1.2.3.2,,Recall behaviors that prevent injuries,,2020-11-11T12:00:43+00:00
Indicator,1.8.1.2.3.3,,Respond to adult guidance and direction regarding safety,,2020-11-11T12:00:55+00:00
Age Range,1.8.1.2.4,,Younger Preschool,,2020-11-11T11:59:15+00:00
Indicator,1.8.1.2.4.1,,Identify ways to play safely,,2020-11-11T12:01:41+00:00
Indicator,1.8.1.2.4.2,,Follow simple safety rules while participating in activities ,,2020-11-11T12:01:46+00:00
Age Range,1.8.1.2.5,,Older Preschool,,2020-11-11T11:59:17+00:00
Indicator,1.8.1.2.5.1,,Demonstrate basic safety knowledge,,2020-11-11T12:02:13+00:00
Indicator,1.8.1.2.5.2,,"Participate, with adult support, to develop safety rules for an activity",,2020-11-11T12:02:26+00:00
Age Range,1.8.1.2.6,,Kindergarten Standard,,2020-11-11T11:59:18+00:00
Indicator,1.8.1.2.6.1,,K.1.4: State behaviors to prevent or reduce childhood injuries.,,2020-11-11T12:02:43+00:00
Indicator,1.8.1.2.6.2,,K.5.1: Identify and demonstrate an understanding of rules and safety practices for games and other physical activities,,2020-11-11T12:03:18+00:00
Indicator,1.8.1.2.6.3,,K.5.2: Exhibit a willingness to follow basic directions for an active class.,,2020-11-11T12:03:26+00:00
Indicator,1.8.1.2.6.4,,K.7.2: Name behaviors that prevent injuries.,,2020-11-11T12:03:35+00:00
Topic,1.8.1.3,PHG1.3,Demonstrate development of nutrition awareness,,2020-11-11T12:27:02+00:00
Age Range,1.8.1.3.1,, Infant,,2020-11-11T12:27:14+00:00
Indicator,1.8.1.3.1.1,,Express when hungry or full,,2020-11-11T12:28:18+00:00
Indicator,1.8.1.3.1.2,,Show food preferences,,2020-11-11T12:28:28+00:00
Indicator,1.8.1.3.1.3,,Begin following a regular eating routine,,2020-11-11T12:28:35+00:00
Indicator,1.8.1.3.1.4,,Demonstrate awareness of different textures of food,,2020-11-11T12:28:43+00:00
Indicator,1.8.1.3.1.5,,Help with self-feeding,,2020-11-11T12:28:55+00:00
Age Range,1.8.1.3.2,,Younger Toddler,,2020-11-11T12:28:00+00:00
Indicator,1.8.1.3.2.1,,Express when hungry or full,,2020-11-11T12:29:07+00:00
Indicator,1.8.1.3.2.2,,Try new foods ,,2020-11-11T12:29:18+00:00
Indicator,1.8.1.3.2.3,,Follow a regular eating routine,,2020-11-11T12:29:29+00:00
Indicator,1.8.1.3.2.4,,Feed self with some assistance ,,2020-11-11T12:29:38+00:00
Age Range,1.8.1.3.3,,Older Toddler,,2020-11-11T12:28:01+00:00
Indicator,1.8.1.3.3.1,,Express when hungry or full,,2020-11-11T12:29:48+00:00
Indicator,1.8.1.3.3.2,,Make simple food choices depending on personal and cultural preference ,,2020-11-11T12:29:58+00:00
Indicator,1.8.1.3.3.3,,Communicate about various characteristics of food,,2020-11-11T12:30:06+00:00
Indicator,1.8.1.3.3.4,,Feed self with minimal assistance,,2020-11-11T12:30:14+00:00
Age Range,1.8.1.3.4,,Younger Preschool,,2020-11-11T12:28:02+00:00
Indicator,1.8.1.3.4.1,,"Respond to physical cues when hungry, full or thirsty",,2020-11-11T12:30:27+00:00
Indicator,1.8.1.3.4.2,,Demonstrate basic understanding that eating a variety of foods helps the body grow and be healthy,,2020-11-11T12:30:45+00:00
Indicator,1.8.1.3.4.3,,Distinguish between nutritious and less nutritious foods,,2020-11-11T12:30:55+00:00
Indicator,1.8.1.3.4.4,,Independently feeds self ,,2020-11-11T12:31:07+00:00
Age Range,1.8.1.3.5,,Older Preschool,,2020-11-11T12:28:03+00:00
Indicator,1.8.1.3.5.1,,"Respond to physical cues when hungry, full or thirsty",,2020-11-11T12:31:19+00:00
Indicator,1.8.1.3.5.2,,Communicate about variety and amount of foods needed to be healthy,,2020-11-11T12:31:53+00:00
Indicator,1.8.1.3.5.3,,Name food and beverages that help to build healthy bodies,,2020-11-11T12:32:02+00:00
Indicator,1.8.1.3.5.4,,Independently feeds self using utensils,,2020-11-11T12:32:22+00:00
Foundation,1.8.2,PHG2,<b>Senses: </b>Early learners use the five senses to develop foundational skills that support processing information and understanding one’s own body in relation to space and objects in space. ,,2020-11-11T12:33:04+00:00
Topic,1.8.2.1,PHG2.1,Demonstrate how the five senses support processing information,,2020-11-11T12:33:41+00:00
Age Range,1.8.2.1.1,,Infant,,2020-11-11T12:34:40+00:00
Indicator,1.8.2.1.1.1,,Manipulate objects to see what will happen ,,2020-11-11T12:35:00+00:00
Age Range,1.8.2.1.2,,Younger Toddler,,2020-11-11T12:34:42+00:00
Indicator,1.8.2.1.2.1,,Try a new action with a familiar object,,2020-11-11T12:35:12+00:00
Age Range,1.8.2.1.3,,Older Toddler,,2020-11-11T12:34:43+00:00
Indicator,1.8.2.1.3.1,,Test objects to determine their purpose,,2020-11-11T12:35:27+00:00
Age Range,1.8.2.1.4,,Younger Preschool,,2020-11-11T12:34:45+00:00
Indicator,1.8.2.1.4.1,,Take things apart and attempt to put them back together ,,2020-11-11T12:35:38+00:00
Age Range,1.8.2.1.5,,Older Preschool,,2020-11-11T12:34:46+00:00
Indicator,1.8.2.1.5.1,,Take things apart and invent new structures using the parts,,2020-11-11T12:35:50+00:00
Topic,1.8.2.2,PHG2.2,Demonstrate development of body awareness ,,2020-11-11T12:36:09+00:00
Age Range,1.8.2.2.1,,Infant,,2020-11-11T12:37:19+00:00
Indicator,1.8.2.2.1.1,,Show awareness of own body and start to move intentionally ,,2020-11-11T12:37:33+00:00
Indicator,1.8.2.2.1.2,,Interact with adults in physical activities,,2020-11-11T12:37:41+00:00
Age Range,1.8.2.2.2,,Younger Toddler,,2020-11-11T12:37:20+00:00
Indicator,1.8.2.2.2.1,,Identify basic body parts,,2020-11-11T12:37:56+00:00
Indicator,1.8.2.2.2.2,,Use trial and error to discover how the body and objects move through space,,2020-11-11T12:38:05+00:00
Indicator,1.8.2.2.2.3,,Use simple movement skills to participate in active physical play,,2020-11-11T12:38:13+00:00
Age Range,1.8.2.2.3,,Older Toddler,,2020-11-11T12:37:21+00:00
Indicator,1.8.2.2.3.1,,Identify basic body parts,,2020-11-11T12:38:25+00:00
Indicator,1.8.2.2.3.2,,Demonstrate awareness of own body in space and in relationship to objects,,2020-11-11T12:38:33+00:00
Indicator,1.8.2.2.3.3,,Participate in active physical play and structured activities requiring spontaneous and instructed body movements,,2020-11-11T12:38:41+00:00
Age Range,1.8.2.2.4,,Younger Preschool,,2020-11-11T12:37:22+00:00
Indicator,1.8.2.2.4.1,,Identify and describe function of body parts,,2020-11-11T12:38:50+00:00
Indicator,1.8.2.2.4.2,,Demonstrate awareness of own body in relation to other people and objects through play activities,,2020-11-11T12:39:00+00:00
Indicator,1.8.2.2.4.3,,Participate in structured and unstructured active physical play exhibiting strength and stamina,,2020-11-11T12:39:07+00:00
Indicator,1.8.2.2.4.4,,Demonstrate basic understanding that physical activity helps the body grow and be healthy,,2020-11-11T12:39:16+00:00
Age Range,1.8.2.2.5,,Older Preschool,,2020-11-11T12:37:24+00:00
Indicator,1.8.2.2.5.1,,Identify and describe function of body parts,,2020-11-11T12:39:25+00:00
Indicator,1.8.2.2.5.2,,Demonstrate awareness of own body in relation to other people and objects through play activities,,2020-11-11T12:39:35+00:00
Indicator,1.8.2.2.5.3,,Participate in structured and unstructured active physical play exhibiting strength and stamina,,2020-11-11T12:39:43+00:00
Indicator,1.8.2.2.5.4,,Demonstrate basic understanding that physical activity helps the body grow and be healthy,,2020-11-11T12:39:51+00:00
Age Range,1.8.2.2.6,,Kindergarten Standard,,2020-11-11T12:37:25+00:00
Indicator,1.8.2.2.6.1,,"K.2.2: Demonstrate variations in moving with spatial, directional, and temporal awareness. ",,2020-11-11T12:40:03+00:00
Foundation,1.8.3,PHG3,<b>Motor Skills: </b>Early learners develop foundational skills that support the development of fine and gross motor coordination.,,2020-11-11T12:40:55+00:00
Topic,1.8.3.1,PHG3.1,Demonstrate development of fine and gross motor coordination,,2020-11-11T12:41:09+00:00
Age Range,1.8.3.1.1,,Infant,,2020-11-11T12:42:10+00:00
Indicator,1.8.3.1.1.1,,Demonstrate hand-eye coordination and participate in a variety of activities to enhance coordination,,2020-11-11T12:42:28+00:00
Indicator,1.8.3.1.1.2,,"Begin to develop coordination and balance, often with support",,2020-11-11T12:42:37+00:00
Indicator,1.8.3.1.1.3,,"Develop control of head and back, progressing to arms and legs",,2020-11-11T12:42:51+00:00
Indicator,1.8.3.1.1.4,,<i>Also see English/Language Arts Foundation 3: Early Writing (ELA3.1)</i>,,2020-11-11T12:43:10+00:00
Age Range,1.8.3.1.2,,Younger Toddler,,2020-11-11T12:42:11+00:00
Indicator,1.8.3.1.2.1,,Gain control of hands and fingers,,2020-11-11T12:43:21+00:00
Indicator,1.8.3.1.2.2,,"Begin to develop coordination and balance, requiring less support",,2020-11-11T12:43:30+00:00
Indicator,1.8.3.1.2.3,,<i>Also see English/Language Arts Foundation 3: Early Writing (ELA3.1)</i>,,2020-11-11T12:43:38+00:00
Age Range,1.8.3.1.3,,Older Toddler,,2020-11-11T12:42:12+00:00
Indicator,1.8.3.1.3.1,,Use hand-eye coordination to manipulate smaller objects with increasing control,,2020-11-11T12:43:47+00:00
Indicator,1.8.3.1.3.2,,Develop coordination and balance,,2020-11-11T12:43:56+00:00
Indicator,1.8.3.1.3.3,,Develop gross motor control for a range of physical activities,,2020-11-11T12:44:06+00:00
Indicator,1.8.3.1.3.4,,<i>Also see English/Language Arts Foundation 3: Early Writing (ELA3.1)</i>,,2020-11-11T12:44:53+00:00
Age Range,1.8.3.1.4,,Younger Preschool,,2020-11-11T12:42:15+00:00
Indicator,1.8.3.1.4.1,,Refine grasp to manipulate tools and objects,,2020-11-11T12:44:19+00:00
Indicator,1.8.3.1.4.2,,Demonstrate coordination and balance,,2020-11-11T12:44:27+00:00
Indicator,1.8.3.1.4.3,,Coordinate movements to perform a task,,2020-11-11T12:44:39+00:00
Indicator,1.8.3.1.4.4,,<i>Also see English/Language Arts Foundation 3: Early Writing (ELA3.1)</i>,,2020-11-11T12:44:57+00:00
Age Range,1.8.3.1.5,,Older Preschool,,2020-11-11T12:42:16+00:00
Indicator,1.8.3.1.5.1,,Perform fine-motor tasks that require small-muscle strength and control,,2020-11-11T12:45:30+00:00
Indicator,1.8.3.1.5.2,,Demonstrate coordination and balance in a variety of activities,,2020-11-11T12:45:39+00:00
Indicator,1.8.3.1.5.3,,Coordinate movements to perform a complex task,,2020-11-11T12:45:48+00:00
Indicator,1.8.3.1.5.4,,<i>Also see English/Language Arts Foundation 3: Early Writing (ELA3.1)</i>,,2020-11-11T12:46:00+00:00
Age Range,1.8.3.1.6,,Kindergarten Standard,,2020-11-11T12:42:18+00:00
Default,1.8.3.1.6.1,,K.1.3: Perform basic manipulative skills. ,,2020-11-11T12:46:09+00:00
Topic,1.8.3.2,PHG3.2,Demonstrate development of oral motor skills,,2020-11-11T12:46:46+00:00
Age Range,1.8.3.2.1,,Infant,,2020-11-11T12:48:10+00:00
Indicator,1.8.3.2.1.1,,"Demonstrate continual progression in oral muscle tone, strength, and range of motion, leading to more complex oral movement and control",,2020-11-11T12:48:24+00:00
Age Range,1.8.3.2.2,,Younger Toddler,,2020-11-11T12:48:12+00:00
Indicator,1.8.3.2.2.1,,"Demonstrate continual progression in oral muscle tone, strength, and range of motion, leading to more complex oral movement and control",,2020-11-11T12:48:34+00:00
Age Range,1.8.3.2.3,,Older Toddler,,2020-11-11T12:48:13+00:00
Indicator,1.8.3.2.3.1,,"Demonstrate continual progression in oral muscle tone, strength, and range of motion, leading to more complex oral movement and control",,2020-11-11T12:48:43+00:00
Age Range,1.8.3.2.4,,Younger Preschool,,2020-11-11T12:48:14+00:00
Indicator,1.8.3.2.4.1,,"Demonstrate continual progression in oral muscle tone, strength, and range of motion, leading to more complex oral movement and control",,2020-11-11T12:48:54+00:00
Foundation,1.8.4,PHG4,<b>Personal Care: </b>Early learners develop foundational skills that support the independent care of one’s self.  ,,2020-11-11T12:49:42+00:00
Topic,1.8.4.1,PHG4.1,Demonstrate increased independence in personal care routines ,,2020-11-11T12:50:03+00:00
Age Range,1.8.4.1.1,,Infant,,2020-11-11T12:50:19+00:00
Indicator,1.8.4.1.1.1,,Participate passively in dressing and undressing self  ,,2020-11-11T12:51:47+00:00
Age Range,1.8.4.1.2,,Younger Toddler ,,2020-11-11T12:51:24+00:00
Indicator,1.8.4.1.2.1,,Show interest in assisting with personal body care practices,,2020-11-11T12:51:52+00:00
Indicator,1.8.4.1.2.2,,Show interest in assisting with dressing and undressing self,,2020-11-11T12:51:57+00:00
Indicator,1.8.4.1.2.3,,Exhibit beginning awareness of toileting needs,,2020-11-11T12:52:04+00:00
Age Range,1.8.4.1.3,,Older Toddler,,2020-11-11T12:51:22+00:00
Indicator,1.8.4.1.3.1,,Participate with adult support in personal body care practices ,,2020-11-11T12:52:15+00:00
Indicator,1.8.4.1.3.2,,Participate with adult support in dressing and undressing self,,2020-11-11T12:52:22+00:00
Indicator,1.8.4.1.3.3,,Communicate toileting needs,,2020-11-11T12:52:30+00:00
Age Range,1.8.4.1.4,,Younger Preschool,,2020-11-11T12:51:20+00:00
Indicator,1.8.4.1.4.1,,Attend to personal body care practices with reminders,,2020-11-11T12:52:39+00:00
Indicator,1.8.4.1.4.2,,Independently dress and undress self,,2020-11-11T12:52:49+00:00
Indicator,1.8.4.1.4.3,,Independently attend to toileting needs,,2020-11-11T12:52:58+00:00
Age Range,1.8.4.1.5,,Older Preschool,,2020-11-11T12:51:19+00:00
Indicator,1.8.4.1.5.1,,Attend to personal body care practices with minimal adult support,,2020-11-11T12:53:10+00:00
Indicator,1.8.4.1.5.2,,Independently dress and undress self,,2020-11-11T12:53:19+00:00
Indicator,1.8.4.1.5.3,,Independently attend to toileting needs,,2020-11-11T12:53:26+00:00