Item Type,Sequence,Human Code,Full Statement,Ed. Level,Last Modified
Framework,1,,Early Learning Foundations Framework,,2021-06-28T15:45:28+00:00
Content Area,1.1,,Social-Emotional,,2021-06-28T15:45:28+00:00
Foundation,1.1.1,SE1,"<b>Sense of Self: </b>Early learners develop foundational skills that support self-awareness, confidence, and the identification and expression of emotions.",,2021-06-28T15:45:28+00:00
Topic,1.1.1.1,SE1.1,Demonstrate self awareness and confidence ,,2021-06-28T15:45:28+00:00
Age Range,1.1.1.1.1,,Infant,,2021-06-28T15:45:28+00:00
Indicator,1.1.1.1.1.1,,Respond to own name,,2021-06-28T15:45:28+00:00
Indicator,1.1.1.1.1.2,,Show interest in environmental choices,,2021-06-28T15:45:28+00:00
Indicator,1.1.1.1.1.3,,"Communicate to indicate physical and emotional needs,&nbsp;<span id=""docs-internal-guid-214b23ce-7fff-e190-160d-32c498d53b5e""><span style=""font-variant-numeric: normal; font-variant-east-asian: normal; vertical-align: baseline;"">and look to a caregiver to meet those needs</span></span>",,2021-06-28T15:45:28+00:00
Age Range,1.1.1.1.2,,Younger Toddler ,,2021-06-28T15:45:28+00:00
Indicator,1.1.1.1.2.1,,Identify image of self,,2021-06-28T15:45:28+00:00
Indicator,1.1.1.1.2.2,,Say own name,,2021-06-28T15:45:28+00:00
Indicator,1.1.1.1.2.3,,Show knowledge of own abilities,,2021-06-28T15:45:28+00:00
Age Range,1.1.1.1.3,,Older Toddler,,2021-06-28T15:45:28+00:00
Indicator,1.1.1.1.3.1,,Use gestures and actions to reference self in conversation,,2021-06-28T15:45:28+00:00
Indicator,1.1.1.1.3.2,,Demonstrate use of personal pronouns,,2021-06-28T15:45:28+00:00
Indicator,1.1.1.1.3.3,,Show sense of self satisfaction with own abilities and preferences,,2021-06-28T15:45:28+00:00
Indicator,1.1.1.1.3.4,,Begin to show independence by occasionally resisting adult control,,2021-06-28T15:45:28+00:00
Age Range,1.1.1.1.4,,Younger Preschool,,2021-06-28T15:45:28+00:00
Indicator,1.1.1.1.4.1,,Recognize self as a unique individual,,2021-06-28T15:45:28+00:00
Indicator,1.1.1.1.4.2,,Describe personal characteristics ,,2021-06-28T15:45:28+00:00
Indicator,1.1.1.1.4.3,,"Show sense of self satisfaction with own abilities, preferences, and accomplishments",,2021-06-28T15:45:28+00:00
Age Range,1.1.1.1.5,,Older Preschool,,2021-06-28T15:45:28+00:00
Indicator,1.1.1.1.5.1,,Identify self as a unique member of a group that fits into a larger world picture,,2021-06-28T15:45:28+00:00
Indicator,1.1.1.1.5.2,,"Show confidence in a range of abilities and recognizing own strengths, as well as&nbsp;the capacity to take on and accomplish new tasks",,2021-06-28T15:45:28+00:00
Indicator,1.1.1.1.5.3,,Show independence in own choices ,,2021-06-28T15:45:28+00:00
Age Range,1.1.1.1.6,,PK-2 SEL Compentency,,2021-06-28T15:45:28+00:00
Indicator,1.1.1.1.6.1,,"2B. Student recognizes personal strengths.
“I am aware of my strengths.”",,2021-06-28T15:45:28+00:00
Indicator,1.1.1.1.6.2,,"2C. Student demonstrates self-efficacy.
“I am capable of learning.”&nbsp;",,2021-06-28T15:45:28+00:00
Indicator,1.1.1.1.6.3,,"6B. Student understands the decision
making process.
“I know my choices and decisions have
consequences. I think about how my choices
and decisions will impact myself and others.”",,2021-06-28T15:45:28+00:00
Topic,1.1.1.2,SE1.2,Demonstrate identification and expression of emotions (SKB),,2021-06-28T15:45:28+00:00
Age Range,1.1.1.2.1,,Infant,,2021-06-28T15:45:28+00:00
Indicator,1.1.1.2.1.1,,Communicate to express pleasure or displeasure ,,2021-06-28T15:45:28+00:00
Indicator,1.1.1.2.1.2,,Use cues to signal overstimulation ,,2021-06-28T15:45:28+00:00
Indicator,1.1.1.2.1.3,,Respond positively to adults who provide comfort,,2021-06-28T15:45:28+00:00
Indicator,1.1.1.2.1.4,,Use sounds and body to express feelings ,,2021-06-28T15:45:28+00:00
Indicator,1.1.1.2.1.5,,"<span id=""docs-internal-guid-a5819e90-7fff-f412-371e-a57df468e7e0""><span style=""font-variant-numeric: normal; font-variant-east-asian: normal; vertical-align: baseline;"">Look to adult to help ease displeasure once communicated</span></span>",,2021-06-28T15:45:28+00:00
Age Range,1.1.1.2.2,,Younger Toddler,,2021-06-28T15:45:28+00:00
Indicator,1.1.1.2.2.1,,Communicate feelings and emotions,,2021-06-28T15:45:28+00:00
Indicator,1.1.1.2.2.2,,Express emotion toward a familiar person,,2021-06-28T15:45:28+00:00
Indicator,1.1.1.2.2.3,,Imitate comforting behaviors of caregivers,,2021-06-28T15:45:28+00:00
Indicator,1.1.1.2.2.4,,"Use sounds, gestures, and actions to express feelings",,2021-06-28T15:45:28+00:00
Indicator,1.1.1.2.2.5,,"<span id=""docs-internal-guid-82aa0c82-7fff-f704-6128-bb8c954a75f3""><span style=""font-variant-numeric: normal; font-variant-east-asian: normal; vertical-align: baseline;"">Look to adults for comfort when needed and&nbsp; communicated</span></span>",,2021-06-28T15:45:28+00:00
Age Range,1.1.1.2.3,,Older Toddler,,2021-06-28T15:45:28+00:00
Indicator,1.1.1.2.3.1,,Express both positive and negative feelings about participating in activities,,2021-06-28T15:45:28+00:00
Indicator,1.1.1.2.3.2,,Observe a peer’s emotion and approach a familiar adult to communicate concern,,2021-06-28T15:45:28+00:00
Indicator,1.1.1.2.3.3,,Demonstrate empathy to another child,,2021-06-28T15:45:28+00:00
Indicator,1.1.1.2.3.4,,Begin to use words to express feelings,,2021-06-28T15:45:28+00:00
Age Range,1.1.1.2.4,,Younger Preschool,,2021-06-28T15:45:28+00:00
Indicator,1.1.1.2.4.1,,Recognize own emotions and the emotions of others,,2021-06-28T15:45:28+00:00
Indicator,1.1.1.2.4.2,,Look to adults for emotional support and guidance,,2021-06-28T15:45:28+00:00
Indicator,1.1.1.2.4.3,,"Use a combination of words, phrases, and actions to express feelings ",,2021-06-28T15:45:28+00:00
Age Range,1.1.1.2.5,,Older Preschool,,2021-06-28T15:45:28+00:00
Indicator,1.1.1.2.5.1,,Identify own emotions and the emotions of others,,2021-06-28T15:45:28+00:00
Indicator,1.1.1.2.5.2,,Express and accurately respond to emotions of self and others,,2021-06-28T15:45:28+00:00
Indicator,1.1.1.2.5.3,,Predict reactions from others,,2021-06-28T15:45:28+00:00
Indicator,1.1.1.2.5.4,,Effectively use sentences and actions to express feelings,,2021-06-28T15:45:28+00:00
Age Range,1.1.1.2.6,,PK-2 SEL Competency,,2021-06-28T15:45:28+00:00
Indicator,1.1.1.2.6.1,,"1A. Student demonstrates an understanding
of body awareness and sensations in the
body
“I feel an awareness of my body in comparison
to objects. I feel an awareness of my emotions
in my body.”",,2021-06-28T15:45:28+00:00
Indicator,1.1.1.2.6.2,,"2A. Student identifies a wide range of
emotions. “I am aware of my emotions.”&nbsp;",,2021-06-28T15:45:28+00:00
Foundation,1.1.2,SE2,"<b>Self-Regulation: </b>Early learners develop foundational skills that support executive functions including impulse control, planning skills, and emotional regulation. ",,2021-06-28T15:45:28+00:00
Topic,1.1.2.1,SE2.1,Demonstrate self control (SKB),,2021-06-28T15:45:28+00:00
Age Range,1.1.2.1.1,,Infant,,2021-06-28T15:45:28+00:00
Indicator,1.1.2.1.1.1,,"Develop an awareness of transitions, schedules, and routines with adult prompts",,2021-06-28T15:45:28+00:00
Indicator,1.1.2.1.1.2,,Develop self-soothing when an adult provides comfort techniques,,2021-06-28T15:45:28+00:00
Indicator,1.1.2.1.1.3,,Express desires and feelings by using gestures and actions,,2021-06-28T15:45:28+00:00
Age Range,1.1.2.1.2,,Younger Toddler ,,2021-06-28T15:45:28+00:00
Indicator,1.1.2.1.2.1,,Follow simple routines with adult support,,2021-06-28T15:45:28+00:00
Indicator,1.1.2.1.2.2,,Self-soothe with minimal adult support,,2021-06-28T15:45:28+00:00
Indicator,1.1.2.1.2.3,,Demonstrate the beginnings of impulse control with adult support,,2021-06-28T15:45:28+00:00
Age Range,1.1.2.1.3,,Older Toddler,,2021-06-28T15:45:28+00:00
Indicator,1.1.2.1.3.1,,Follow simple routines with adult support,,2021-06-28T15:45:28+00:00
Indicator,1.1.2.1.3.2,,Self-soothe independently,,2021-06-28T15:45:28+00:00
Indicator,1.1.2.1.3.3,,Manage some impulses with adult support,,2021-06-28T15:45:28+00:00
Age Range,1.1.2.1.4,,Younger Preschool,,2021-06-28T15:45:28+00:00
Indicator,1.1.2.1.4.1,,"Manage transitions and adapt to changes in schedules, routines, and situations with adult support",,2021-06-28T15:45:28+00:00
Indicator,1.1.2.1.4.2,,"Recognize, navigate, and respond to own emotions and interactions with others with adult support when needed",,2021-06-28T15:45:28+00:00
Indicator,1.1.2.1.4.3,,Manage a range of impulses with adult support&nbsp;,,2021-06-28T15:45:28+00:00
Age Range,1.1.2.1.5,,Older Preschool,,2021-06-28T15:45:28+00:00
Indicator,1.1.2.1.5.1,,"Manage transitions and adapt to changes in schedules, routines, and situations independently",,2021-06-28T15:45:28+00:00
Indicator,1.1.2.1.5.2,,"Recognize, navigate, and respond to own emotions and interactions with others with adult support when needed",,2021-06-28T15:45:28+00:00
Indicator,1.1.2.1.5.3,,Manage a range of impulses,,2021-06-28T15:45:28+00:00
Age Range,1.1.2.1.6,,PK-2 SEL Compentency,,2021-06-28T15:45:28+00:00
Indicator,1.1.2.1.6.1,,"1B. Student manages transitions and changes
in routine. “I feel ready for transitions and can show I am
adaptable to change.”&nbsp;",,2021-06-28T15:45:28+00:00
Indicator,1.1.2.1.6.2,,"3A. Student demonstrates self-control.
“I can control my actions and manage my
feelings.”",,2021-06-28T15:45:28+00:00
Indicator,1.1.2.1.6.3,,"3B. Student recognizes life stressors and has
strategies to manage them.
“I can recognize situations that make me feel
stressed and take appropriate steps to change
them.”",,2021-06-28T15:45:28+00:00
Foundation,1.1.3,SE3,<b>Conflict Resolution: </b>Early learners develop foundational skills that support conflict resolution. ,,2021-06-28T15:45:28+00:00
Topic,1.1.3.1,SE3.1,Demonstrate conflict resolution (SKB),,2021-06-28T15:45:28+00:00
Age Range,1.1.3.1.1,,Infant,,2021-06-28T15:45:28+00:00
Indicator,1.1.3.1.1.1,,Show awareness of possible conflict by demonstrating distress,,2021-06-28T15:45:28+00:00
Indicator,1.1.3.1.1.2,,"<span id=""docs-internal-guid-96e87087-7fff-e7c2-23b5-9d8d9ad84acf""><span style=""font-variant-numeric: normal; font-variant-east-asian: normal; vertical-align: baseline;"">Respond positively to an adult when comforted following possible observed conflict</span></span>",,2021-06-28T15:45:28+00:00
Age Range,1.1.3.1.2,,Younger Toddler,,2021-06-28T15:45:28+00:00
Indicator,1.1.3.1.2.1,,Show awareness of possible conflict by demonstrating distress,,2021-06-28T15:45:28+00:00
Indicator,1.1.3.1.2.2,,Imitate how others solve conflicts,,2021-06-28T15:45:28+00:00
Indicator,1.1.3.1.2.3,,Experiment with trial and error approaches to solve simple problems and conflicts,,2021-06-28T15:45:28+00:00
Age Range,1.1.3.1.3,,Older Toddler ,,2021-06-28T15:45:28+00:00
Indicator,1.1.3.1.3.1,,Engage in simple conflict resolution strategies with adult support,,2021-06-28T15:45:28+00:00
Indicator,1.1.3.1.3.2,,Begin to use language skills instead of physical force to resolve conflicts,,2021-06-28T15:45:28+00:00
Age Range,1.1.3.1.4,,Younger Preschool,,2021-06-28T15:45:28+00:00
Indicator,1.1.3.1.4.1,,Negotiate to resolve social conflicts with peers with modeling and support,,2021-06-28T15:45:28+00:00
Indicator,1.1.3.1.4.2,,Use words during a conflict instead of physical force,,2021-06-28T15:45:28+00:00
Age Range,1.1.3.1.5,,Older Preschool,,2021-06-28T15:45:28+00:00
Indicator,1.1.3.1.5.1,,Independently initiate conflict resolution strategies with peers and seek adult support when necessary,,2021-06-28T15:45:28+00:00
Indicator,1.1.3.1.5.2,,"Begin to use ""I feel statements"" with adult support when managing conflict with others",,2021-06-28T15:45:28+00:00
Age Range,1.1.3.1.6,,PK-2 SEL Compentency,,2021-06-28T15:45:28+00:00
Indicator,1.1.3.1.6.1,,"3B. Student recognizes life stressors and has
strategies to manage them.
“I can recognize situations that make me feel
stressed and take appropriate steps to change
them.”&nbsp;",,2021-06-28T15:45:28+00:00
Indicator,1.1.3.1.6.2,,"3C. Student practices personal responsibility.
“I can take responsibility for my actions.”",,2021-06-28T15:45:28+00:00
Indicator,1.1.3.1.6.3,,"4C. Student applies conflict management
skills.
“I will use assertive communication to resolve
conflicts cooperatively.”",,2021-06-28T15:45:28+00:00
Foundation,1.1.4,SE4,<b>Building Relationships: </b>Early learners develop foundational skills that support social development and engagement with others.,,2021-06-28T15:45:28+00:00
Topic,1.1.4.1,SE4.1,Demonstrate relationship skills,,2021-06-28T15:45:28+00:00
Age Range,1.1.4.1.1,,Infant,,2021-06-28T15:45:28+00:00
Indicator,1.1.4.1.1.1,,"Engage in simple social interactions with adults&nbsp;<span id=""docs-internal-guid-c52a66bf-7fff-a849-fcdd-e6b390c1fbfe""><span style=""font-variant-numeric: normal; font-variant-east-asian: normal; vertical-align: baseline;"">(e.g. respond to adult smile</span><span style=""font-size: 9pt; font-family: Calibri, sans-serif; background-color: transparent; font-variant-numeric: normal; font-variant-east-asian: normal; vertical-align: baseline; white-space: pre-wrap;"">)</span></span>",,2021-06-28T15:45:28+00:00
Indicator,1.1.4.1.1.2,,Exhibit caution of unfamiliar adults,,2021-06-28T15:45:28+00:00
Indicator,1.1.4.1.1.3,,Use key adults as a secure base when exploring the environment,,2021-06-28T15:45:28+00:00
Indicator,1.1.4.1.1.4,,Notice other children in their environment,,2021-06-28T15:45:28+00:00
Indicator,1.1.4.1.1.5,,Engage in onlooker play,,2021-06-28T15:45:28+00:00
Indicator,1.1.4.1.1.6,,Begin to exhibit skills in solitary play,,2021-06-28T15:45:28+00:00
Age Range,1.1.4.1.2,,Younger Toddler,,2021-06-28T15:45:28+00:00
Indicator,1.1.4.1.2.1,,Engage in social interactions with familiar adults,,2021-06-28T15:45:28+00:00
Indicator,1.1.4.1.2.2,,Show feelings of security with familiar adults,,2021-06-28T15:45:28+00:00
Indicator,1.1.4.1.2.3,,"Seek adult assistance with challenges, but may refuse help and may say no",,2021-06-28T15:45:28+00:00
Indicator,1.1.4.1.2.4,,Use social referencing when encountering new experiences ,,2021-06-28T15:45:28+00:00
Indicator,1.1.4.1.2.5,,Observe friendship skills in the environments,,2021-06-28T15:45:28+00:00
Indicator,1.1.4.1.2.6,,Engage in solitary play ,,2021-06-28T15:45:28+00:00
Indicator,1.1.4.1.2.7,,Begin to exhibit skills in parallel play,,2021-06-28T15:45:28+00:00
Age Range,1.1.4.1.3,,Older Toddler ,,2021-06-28T15:45:28+00:00
Indicator,1.1.4.1.3.1,,Stay connected with familiar adults,,2021-06-28T15:45:28+00:00
Indicator,1.1.4.1.3.2,,Separate from familiar adults in a familiar setting with minimal distress,,2021-06-28T15:45:28+00:00
Indicator,1.1.4.1.3.3,,Ask for adult assistance when having difficulty in a social situation ,,2021-06-28T15:45:28+00:00
Indicator,1.1.4.1.3.4,,Imitate and model friendship skills,,2021-06-28T15:45:28+00:00
Indicator,1.1.4.1.3.5,,Engage in parallel play,,2021-06-28T15:45:28+00:00
Indicator,1.1.4.1.3.6,,Begin to exhibit skills in associative play ,,2021-06-28T15:45:28+00:00
Age Range,1.1.4.1.4,,Younger Preschool,,2021-06-28T15:45:28+00:00
Indicator,1.1.4.1.4.1,,Request and accept guidance from familiar adults,,2021-06-28T15:45:28+00:00
Indicator,1.1.4.1.4.2,,Accept compromises when suggested by a peer or adult,,2021-06-28T15:45:28+00:00
Indicator,1.1.4.1.4.3,,Gauge response based on the facial expressions of others,,2021-06-28T15:45:28+00:00
Indicator,1.1.4.1.4.4,,Exhibit age appropriate friendship skills to engage in effective play and learning experiences,,2021-06-28T15:45:28+00:00
Indicator,1.1.4.1.4.5,,Engage in associative play,,2021-06-28T15:45:28+00:00
Indicator,1.1.4.1.4.6,,Participate in cooperative play experiences with some adult guidance,,2021-06-28T15:45:28+00:00
Age Range,1.1.4.1.5,,Older Preschool,,2021-06-28T15:45:28+00:00
Indicator,1.1.4.1.5.1,,Show care and concern for familiar adults and peers using more complex words and actions,,2021-06-28T15:45:28+00:00
Indicator,1.1.4.1.5.2,,Accept compromises when suggested by a peer or adult,,2021-06-28T15:45:28+00:00
Indicator,1.1.4.1.5.3,,Gauge response based on the facial expressions of others,,2021-06-28T15:45:28+00:00
Indicator,1.1.4.1.5.4,,Maintain consistent friendships,,2021-06-28T15:45:28+00:00
Indicator,1.1.4.1.5.5,,Engage in cooperative play experiences for sustained periods of time,,2021-06-28T15:45:28+00:00
Indicator,1.1.4.1.5.6,,Form connections across diverse backgrounds,,2021-06-28T15:45:28+00:00
Age Range,1.1.4.1.6,,PK-2 SEL Compentency,,2021-06-28T15:45:28+00:00
Indicator,1.1.4.1.6.1,,"4A. Student demonstrates communication
skills.
“I will develop positive and healthy
relationships with others.”",,2021-06-28T15:45:28+00:00
Indicator,1.1.4.1.6.2,,"4B. Student understands teamwork and
works with others.
“I will use active listening skills to communicate
with others.”&nbsp;",,2021-06-28T15:45:28+00:00
Indicator,1.1.4.1.6.3,,"5A. Student treats others fairly and
respectfully, is able to see multiple
perspectives, and is open-minded.
“I build respectful and positive relationships
with others, showing that I value diverse
perspectives.”&nbsp;",,2021-06-28T15:45:28+00:00
Indicator,1.1.4.1.6.4,,"5B. Student demonstrates care and concern
for others.
“I build relationships showing care and concern
for others.”",,2021-06-28T15:45:28+00:00
Indicator,1.1.4.1.6.5,,"7C. Student accepts constructive feedback.
“I am trying to learn from the feedback that
others give me.”",,2021-06-28T15:45:28+00:00
Content Area,1.2,,Approaches to Play and Learning ,,2021-06-28T15:45:28+00:00
Foundation,1.2.1,APL1,"<b>Initiative and Exploration: </b>Early learners develop foundational skills that support initiative, self-direction, interest, and curiosity as a learner.",,2021-06-28T15:45:28+00:00
Topic,1.2.1.1,APL1.1,Demonstrate initiative and self-direction,,2021-06-28T15:45:28+00:00
Age Range,1.2.1.1.1,,Infant,,2021-06-28T15:45:28+00:00
Indicator,1.2.1.1.1.1,,Respond to a stimulating environment,,2021-06-28T15:45:28+00:00
Indicator,1.2.1.1.1.2,,Show curiosity/interest in surroundings,,2021-06-28T15:45:28+00:00
Indicator,1.2.1.1.1.3,,"Show eagerness and delight in self, others, and surroundings ",,2021-06-28T15:45:28+00:00
Age Range,1.2.1.1.2,,Younger Toddler,,2021-06-28T15:45:28+00:00
Indicator,1.2.1.1.2.1,,Show interest in what others are doing,,2021-06-28T15:45:28+00:00
Indicator,1.2.1.1.2.2,,Select desired object from several options,,2021-06-28T15:45:28+00:00
Indicator,1.2.1.1.2.3,,"Begin to show curiosity/interest in new objects, experiences, and people",,2021-06-28T15:45:28+00:00
Age Range,1.2.1.1.3,,Older Toddler,,2021-06-28T15:45:28+00:00
Indicator,1.2.1.1.3.1,,"At times, initiate a new task",,2021-06-28T15:45:28+00:00
Indicator,1.2.1.1.3.2,,Verbally express a desire to complete task by self,,2021-06-28T15:45:28+00:00
Indicator,1.2.1.1.3.3,,Independently select and use materials,,2021-06-28T15:45:28+00:00
Age Range,1.2.1.1.4,,Younger Preschool,,2021-06-28T15:45:28+00:00
Indicator,1.2.1.1.4.1,,Initiate new tasks by self,,2021-06-28T15:45:28+00:00
Indicator,1.2.1.1.4.2,,"With support, use a variety of resources to explore materials and ideas",,2021-06-28T15:45:28+00:00
Indicator,1.2.1.1.4.3,,Explore and manipulate familiar objects in new and imaginative ways,,2021-06-28T15:45:28+00:00
Age Range,1.2.1.1.5,,Older Preschool,,2021-06-28T15:45:28+00:00
Indicator,1.2.1.1.5.1,,Take initiative to learn new concepts and try new experiences,,2021-06-28T15:45:28+00:00
Indicator,1.2.1.1.5.2,,Seek and gather new information to plan for projects and activities,,2021-06-28T15:45:28+00:00
Age Range,1.2.1.1.6,,PK-2 SEL Compentency,,2021-06-28T15:45:28+00:00
Indicator,1.2.1.1.6.1,,"7A. Student demonstrates a willingness to
learn, especially when faced with challenges
or following a failure.
“I believe that if I give effort, my abilities and
learning will improve and I can learn from
challenges and failures.”",,2021-06-28T15:45:28+00:00
Topic,1.2.1.2,APL1.2,Demonstrate interest and curiosity as a learner,,2021-06-28T15:45:28+00:00
Age Range,1.2.1.2.1,,Infant,,2021-06-28T15:45:28+00:00
Indicator,1.2.1.2.1.1,,Show budding interest in how objects work,,2021-06-28T15:45:28+00:00
Indicator,1.2.1.2.1.2,,Try a variety of approaches to get desired outcomes,,2021-06-28T15:45:28+00:00
Indicator,1.2.1.2.1.3,,Physically explore new ways to use objects and observe results,,2021-06-28T15:45:28+00:00
Indicator,1.2.1.2.1.4,,"<span id=""docs-internal-guid-0ebcd278-7fff-563a-d684-1956e83f2c7c""><span style=""font-variant-numeric: normal; font-variant-east-asian: normal; vertical-align: baseline;"">Prefer to keep a familiar adult in close proximity while exploring</span></span>",,2021-06-28T15:45:28+00:00
Age Range,1.2.1.2.2,,Younger Toddler ,,2021-06-28T15:45:28+00:00
Indicator,1.2.1.2.2.1,,"Ask questions about familiar objects, people, and experiences",,2021-06-28T15:45:28+00:00
Indicator,1.2.1.2.2.2,,"Begin to show curiosity and interest in new objects, experiences, and people",,2021-06-28T15:45:28+00:00
Indicator,1.2.1.2.2.3,,Explore and manipulate familiar objects in the environment,,2021-06-28T15:45:28+00:00
Age Range,1.2.1.2.3,,Older Toddler,,2021-06-28T15:45:28+00:00
Indicator,1.2.1.2.3.1,,"Ask questions about novel objects, people, and experiences ",,2021-06-28T15:45:28+00:00
Indicator,1.2.1.2.3.2,,Demonstrate enthusiasm for new learning (may be within familiar contexts),,2021-06-28T15:45:28+00:00
Indicator,1.2.1.2.3.3,,Use active exploration to solve a problem ,,2021-06-28T15:45:28+00:00
Age Range,1.2.1.2.4,,Younger Preschool,,2021-06-28T15:45:28+00:00
Indicator,1.2.1.2.4.1,,"Demonstrate eagerness to learn about and discuss new topics, ideas, and tasks",,2021-06-28T15:45:28+00:00
Indicator,1.2.1.2.4.2,,Communicate a desire to learn new concepts or ideas ,,2021-06-28T15:45:28+00:00
Indicator,1.2.1.2.4.3,,Exhibit willingness to try new experiences,,2021-06-28T15:45:28+00:00
Indicator,1.2.1.2.4.4,,"Use a variety of learning approaches, such as observing, imitating, asking questions, hands-on investigation, and active exploration",,2021-06-28T15:45:28+00:00
Age Range,1.2.1.2.5,,Older Preschool,,2021-06-28T15:45:28+00:00
Indicator,1.2.1.2.5.1,,"Demonstrate eagerness to learn about and discuss new topics, ideas, and tasks",,2021-06-28T15:45:28+00:00
Indicator,1.2.1.2.5.2,,Communicate a desire to learn new concepts or ideas,,2021-06-28T15:45:28+00:00
Indicator,1.2.1.2.5.3,,Exhibit willingness to try new experiences,,2021-06-28T15:45:28+00:00
Indicator,1.2.1.2.5.4,,"Use a variety of learning approaches, such as observing, imitating, asking questions, hands-on investigation, and active exploration",,2021-06-28T15:45:28+00:00
Age Range,1.2.1.2.6,,PK-2 SEL Compentency,,2021-06-28T15:45:28+00:00
Indicator,1.2.1.2.6.1,,"6A. Student demonstrates an understanding
of metacognition.
“I know how I learn.”&nbsp;",,2021-06-28T15:45:28+00:00
Indicator,1.2.1.2.6.2,,"7A. Student demonstrates a willingness to
learn, especially when faced with challenges
or following a failure.
“I believe that if I give effort, my abilities and
learning will improve and I can learn from
challenges and failures.”",,2021-06-28T15:45:28+00:00
Foundation,1.2.2,APL2,<b>Flexible Thinking: </b>Early learners develop foundational skills that support flexible thinking and social interactions during play. ,,2021-06-28T15:45:28+00:00
Topic,1.2.2.1,APL2.1, Demonstrate development of flexible thinking skills during play,,2021-06-28T15:45:28+00:00
Age Range,1.2.2.1.1,,Infant,,2021-06-28T15:45:28+00:00
Indicator,1.2.2.1.1.1,,Manipulate objects,,2021-06-28T15:45:28+00:00
Indicator,1.2.2.1.1.2,,Imitate actions,,2021-06-28T15:45:28+00:00
Age Range,1.2.2.1.2,,Younger Toddler,,2021-06-28T15:45:28+00:00
Indicator,1.2.2.1.2.1,,Use objects for real or imagined purposes,,2021-06-28T15:45:28+00:00
Age Range,1.2.2.1.3,,Older Toddler,,2021-06-28T15:45:28+00:00
Indicator,1.2.2.1.3.1,,Substitute one object for another in pretend play or pretend with objects that may or may not be present,,2021-06-28T15:45:28+00:00
Indicator,1.2.2.1.3.2,,"Show creativity, inventiveness, and flexibility in approach to play with adult guidance",,2021-06-28T15:45:28+00:00
Age Range,1.2.2.1.4,,Younger Preschool,,2021-06-28T15:45:28+00:00
Indicator,1.2.2.1.4.1,,Find a creative or innovative way of doing a familiar task or solving a problem with adult guidance,,2021-06-28T15:45:28+00:00
Indicator,1.2.2.1.4.2,,Begin to demonstrate flexibility in approach to play and learning,,2021-06-28T15:45:28+00:00
Indicator,1.2.2.1.4.3,,Adjust approach to task to resolve difficulties with adult support  ,,2021-06-28T15:45:28+00:00
Age Range,1.2.2.1.5,,Older Preschool,,2021-06-28T15:45:28+00:00
Indicator,1.2.2.1.5.1,,"Demonstrate analysis, innovation, imagination, and creativity to solve a problem",,2021-06-28T15:45:28+00:00
Indicator,1.2.2.1.5.2,,Develop recovery skills from setbacks and differences in opinion in a group setting,,2021-06-28T15:45:28+00:00
Age Range,1.2.2.1.6,,PK-2 SEL Compentency,,2021-06-28T15:45:28+00:00
Indicator,1.2.2.1.6.1,,"4C. Student applies conflict management
skills.
“I will use assertive communication to resolve
conflicts cooperatively.”",,2021-06-28T15:45:28+00:00
Indicator,1.2.2.1.6.2,,"6C. Student analyzes, synthesizes, and
evaluates the thinking process.
“I know how to identify problems and find
creative and positive solutions to them.”",,2021-06-28T15:45:28+00:00
Indicator,1.2.2.1.6.3,,"7B. Student practices flexible and innovative
thinking.
“I believe it is important to practice different
strategies, show willingness to keep trying, and
apply creative ideas.”",,2021-06-28T15:45:28+00:00
Indicator,1.2.2.1.6.4,,"7C. Student accepts constructive feedback.
“I am trying to learn from the feedback that
others give me.”",,2021-06-28T15:45:28+00:00
Foundation,1.2.3,APL3,<b>Attentiveness and Persistence: </b>Early learners develop foundational skills that support focus and attention to a specific activity and persistence to complete a task. ,,2021-06-28T15:45:28+00:00
Topic,1.2.3.1,APL3.1,Demonstrate development of sustained attention and persistence (SKB),,2021-06-28T15:45:28+00:00
Age Range,1.2.3.1.1,,Infant,,2021-06-28T15:45:28+00:00
Indicator,1.2.3.1.1.1,,Examine objects for brief periods of time,,2021-06-28T15:45:28+00:00
Indicator,1.2.3.1.1.2,,Express discomfort when needs are not met,,2021-06-28T15:45:28+00:00
Indicator,1.2.3.1.1.3,,Repeat actions to make something happen again ,,2021-06-28T15:45:28+00:00
Age Range,1.2.3.1.2,,Younger Toddler,,2021-06-28T15:45:28+00:00
Indicator,1.2.3.1.2.1,,Jointly attend to books for several minutes,,2021-06-28T15:45:28+00:00
Indicator,1.2.3.1.2.2,,"Engage and persist with an activity, toy, or object, but is easily distracted",,2021-06-28T15:45:28+00:00
Indicator,1.2.3.1.2.3,,Engage for longer periods of time when trying to work through tasks,,2021-06-28T15:45:28+00:00
Age Range,1.2.3.1.3,,Older Toddler ,,2021-06-28T15:45:28+00:00
Indicator,1.2.3.1.3.1,,Attend to a book for longer periods of time (jointly or independently),,2021-06-28T15:45:28+00:00
Indicator,1.2.3.1.3.2,,Focus on an activity for short periods of time despite distractions ,,2021-06-28T15:45:28+00:00
Indicator,1.2.3.1.3.3,,"Repeat an activity many times in order to master it, even if setbacks occur",,2021-06-28T15:45:28+00:00
Age Range,1.2.3.1.4,,Younger Preschool,,2021-06-28T15:45:28+00:00
Indicator,1.2.3.1.4.1,,Independently attend to a book from beginning to end,,2021-06-28T15:45:28+00:00
Indicator,1.2.3.1.4.2,,Demonstrate ability to delay gratification for short periods of time,,2021-06-28T15:45:28+00:00
Indicator,1.2.3.1.4.3,,See an activity through to completion,,2021-06-28T15:45:28+00:00
Age Range,1.2.3.1.5,,Older Preschool,,2021-06-28T15:45:28+00:00
Indicator,1.2.3.1.5.1,,Independently attend to a book from beginning to end,,2021-06-28T15:45:28+00:00
Indicator,1.2.3.1.5.2,,Focus on an activity with deliberate concentration despite distractions and/or temptations ,,2021-06-28T15:45:28+00:00
Indicator,1.2.3.1.5.3,,"Carry out tasks, activity, project, or transition, even when frustrated or challenged, with minimal distress",,2021-06-28T15:45:28+00:00
Indicator,1.2.3.1.5.4,,Persist in trying to complete a task after previous attempts have failed,,2021-06-28T15:45:28+00:00
Age Range,1.2.3.1.6,,PK-2 SEL Compentency,,2021-06-28T15:45:28+00:00
Indicator,1.2.3.1.6.1,,"7A. Student demonstrates a willingness to
learn, especially when faced with challenges
or following a failure.
“I believe that if I give effort, my abilities and
learning will improve and I can learn from
challenges and failures.”",,2021-06-28T15:45:28+00:00
Indicator,1.2.3.1.6.2,,"7B. Student practices flexible and innovative
thinking.
“I believe it is important to practice different
strategies, show willingness to keep trying, and
apply creative ideas.”&nbsp;",,2021-06-28T15:45:28+00:00
Foundation,1.2.4,APL4,<b>Social Interactions: </b>Early learners develop foundational skills that support the engagement in imaginative and cooperative play with others. ,,2021-06-28T15:45:28+00:00
Topic,1.2.4.1,APL4.1,Demonstrate development of social interactions during play (SKB),,2021-06-28T15:45:28+00:00
Age Range,1.2.4.1.1,,Infant,,2021-06-28T15:45:28+00:00
Indicator,1.2.4.1.1.1,,Engage in onlooker play,,2021-06-28T15:45:28+00:00
Indicator,1.2.4.1.1.2,,Begin to exhibit skills in solitary play,,2021-06-28T15:45:28+00:00
Indicator,1.2.4.1.1.3,,Show interest in children who are playing nearby,,2021-06-28T15:45:28+00:00
Indicator,1.2.4.1.1.4,,"<span id=""docs-internal-guid-5f9cc4aa-7fff-6a47-31c9-58ae7cd72c4b""><span style=""font-variant-numeric: normal; font-variant-east-asian: normal; vertical-align: baseline;"">Engage in simple social interactions with others (e.g. respond to smile)</span></span>",,2021-06-28T15:45:28+00:00
Age Range,1.2.4.1.2,,Younger Toddler,,2021-06-28T15:45:28+00:00
Indicator,1.2.4.1.2.1,,Engage in solitary play,,2021-06-28T15:45:28+00:00
Indicator,1.2.4.1.2.2,,Begin to exhibit skills in parallel play ,,2021-06-28T15:45:28+00:00
Indicator,1.2.4.1.2.3,,Show preference for certain peers over time although these preferences may shift,,2021-06-28T15:45:28+00:00
Age Range,1.2.4.1.3,,Older Toddler,,2021-06-28T15:45:28+00:00
Indicator,1.2.4.1.3.1,,Engage in parallel play,,2021-06-28T15:45:28+00:00
Indicator,1.2.4.1.3.2,,Begin to exhibit skills in associative play,,2021-06-28T15:45:28+00:00
Indicator,1.2.4.1.3.3,,Participate in play activities with a small group of children for short periods of time,,2021-06-28T15:45:28+00:00
Age Range,1.2.4.1.4,,Younger Preschool,,2021-06-28T15:45:28+00:00
Indicator,1.2.4.1.4.1,,Engage in associative play,,2021-06-28T15:45:28+00:00
Indicator,1.2.4.1.4.2,,Participate in cooperative play activities with some adult guidance,,2021-06-28T15:45:28+00:00
Indicator,1.2.4.1.4.3,,Participate in play activities with a small group of children,,2021-06-28T15:45:28+00:00
Age Range,1.2.4.1.5,,Older Preschool,,2021-06-28T15:45:28+00:00
Indicator,1.2.4.1.5.1,,"Interact with peers in complex pretend play, including planning, coordination of roles, and cooperation",,2021-06-28T15:45:28+00:00
Indicator,1.2.4.1.5.2,,"Demonstrate cooperative behavior, such as turn taking, in interactions with others",,2021-06-28T15:45:28+00:00
Indicator,1.2.4.1.5.3,,Begin to accept and share leadership ,,2021-06-28T15:45:28+00:00
Age Range,1.2.4.1.6,,PK-2 SEL Compentency,,2021-06-28T15:45:28+00:00
Indicator,1.2.4.1.6.1,,"4B. Student understands teamwork and
works with others.
“I will use active listening skills to communicate
with others.”",,2021-06-28T15:45:28+00:00
Indicator,1.2.4.1.6.2,,"5A. Student treats others fairly and
respectfully, is able to see multiple
perspectives, and is open-minded.
“I build respectful and positive relationships
with others, showing that I value diverse
perspectives.”",,2021-06-28T15:45:28+00:00
Content Area,1.3,,English Language Arts,,2021-06-28T15:45:28+00:00
Foundation,1.3.1,ELA1,"<b>Communication Process: </b>Early learners develop skills to communicate effectively for a variety of purposes, laying the foundation for future learning in all developmental areas.",,2021-06-28T15:45:28+00:00
Topic,1.3.1.1,ELA1.1,Demonstrate receptive communication (SKB),,2021-06-28T15:45:28+00:00
Age Range,1.3.1.1.1,,Infant,,2021-06-28T15:45:28+00:00
Indicator,1.3.1.1.1.1,,Demonstrate continual growth in understanding increasingly complex and varied vocabulary,,2021-06-28T15:45:28+00:00
Indicator,1.3.1.1.1.2,,Respond to words or gestures,,2021-06-28T15:45:28+00:00
Indicator,1.3.1.1.1.3,,"Recognize familiar objects, people, and voices",,2021-06-28T15:45:28+00:00
Indicator,1.3.1.1.1.4,,Orient to sounds in the environment,,2021-06-28T15:45:28+00:00
Indicator,1.3.1.1.1.5,,"<span id=""docs-internal-guid-0c9c15b4-7fff-2682-2797-97d91f855f86""><span style=""font-variant-numeric: normal; font-variant-east-asian: normal; vertical-align: baseline;"">Begin to make eye contact when caregiver speaks</span></span>",,2021-06-28T15:45:28+00:00
Age Range,1.3.1.1.2,,Younger Toddler,,2021-06-28T15:45:28+00:00
Indicator,1.3.1.1.2.1,,Demonstrate continual growth in understanding increasingly complex and varied vocabulary,,2021-06-28T15:45:28+00:00
Indicator,1.3.1.1.2.2,,"Respond to simple statements, requests, and/or gestures",,2021-06-28T15:45:28+00:00
Age Range,1.3.1.1.3,,Older Toddler,,2021-06-28T15:45:28+00:00
Indicator,1.3.1.1.3.1,,Demonstrate continual growth in understanding increasingly complex and varied vocabulary,,2021-06-28T15:45:28+00:00
Indicator,1.3.1.1.3.2,,"Respond to simple sentences, phrases, gestures and/or actions ",,2021-06-28T15:45:28+00:00
Indicator,1.3.1.1.3.3,,Follow simple one-step directions,,2021-06-28T15:45:28+00:00
Age Range,1.3.1.1.4,,Younger Preschool,,2021-06-28T15:45:28+00:00
Indicator,1.3.1.1.4.1,,Demonstrate continual growth in understanding increasingly complex and varied vocabulary,,2021-06-28T15:45:28+00:00
Indicator,1.3.1.1.4.2,,Respond to complex gestures and/or actions to communicate (such as comforting others who are crying),,2021-06-28T15:45:28+00:00
Indicator,1.3.1.1.4.3,,Listen to and follow multi-step directions with adult support,,2021-06-28T15:45:28+00:00
Age Range,1.3.1.1.5,,Older Preschool,,2021-06-28T15:45:28+00:00
Indicator,1.3.1.1.5.1,,Demonstrate continual growth in understanding increasingly complex and varied vocabulary,,2021-06-28T15:45:28+00:00
Indicator,1.3.1.1.5.2,,Respond to complex gestures and/or actions to communicate (such as comforting others who are crying),,2021-06-28T15:45:28+00:00
Indicator,1.3.1.1.5.3,,Listen to and follow multi-step directions,,2021-06-28T15:45:28+00:00
Age Range,1.3.1.1.6,,Kindergarten Standard,,2021-06-28T15:45:28+00:00
Indicator,1.3.1.1.6.1,,"K.W.5: With support, build understanding of a topic using various sources. Identify relevant pictures, charts, gradeappropriate texts, personal experiences, or people as sources of information on a topic.",,2021-06-28T15:45:28+00:00
Indicator,1.3.1.1.6.2,,"K.RV.1: Use words, phrases, and strategies acquired through conversations, reading and being read to, and responding to literature and nonfiction texts to build and apply vocabulary. ",,2021-06-28T15:45:28+00:00
Topic,1.3.1.2,ELA1.2,Demonstrate expressive communication (SKB),,2021-06-28T15:45:28+00:00
Age Range,1.3.1.2.1,,Infant,,2021-06-28T15:45:28+00:00
Indicator,1.3.1.2.1.1,,Use facial expressions to communicate,,2021-06-28T15:45:28+00:00
Indicator,1.3.1.2.1.2,,Use simple vocalizations to communicate,,2021-06-28T15:45:28+00:00
Indicator,1.3.1.2.1.3,,Express sounds and patterns of home language,,2021-06-28T15:45:28+00:00
Age Range,1.3.1.2.2,,Younger Toddler ,,2021-06-28T15:45:28+00:00
Indicator,1.3.1.2.2.1,,Demonstrate continual growth in increasingly varied and complex vocabulary,,2021-06-28T15:45:28+00:00
Indicator,1.3.1.2.2.2,,Use gestures to clarify communication,,2021-06-28T15:45:28+00:00
Indicator,1.3.1.2.2.3,,Use single words or simple phrases,,2021-06-28T15:45:28+00:00
Age Range,1.3.1.2.3,,Older Toddler,,2021-06-28T15:45:28+00:00
Indicator,1.3.1.2.3.1,,Demonstrate continual growth in increasingly varied and complex vocabulary,,2021-06-28T15:45:28+00:00
Indicator,1.3.1.2.3.2,,Use gestures and actions to communicate,,2021-06-28T15:45:28+00:00
Indicator,1.3.1.2.3.3,,Use simple phrases or simple sentences,,2021-06-28T15:45:28+00:00
Indicator,1.3.1.2.3.4,,"Talk about past, present, and future events",,2021-06-28T15:45:28+00:00
Age Range,1.3.1.2.4,,Younger Preschool,,2021-06-28T15:45:28+00:00
Indicator,1.3.1.2.4.1,,Demonstrate continual growth in increasingly varied and complex vocabulary,,2021-06-28T15:45:28+00:00
Indicator,1.3.1.2.4.2,,Use complex gestures and actions to communicate,,2021-06-28T15:45:28+00:00
Indicator,1.3.1.2.4.3,,Use expanded sentences,,2021-06-28T15:45:28+00:00
Indicator,1.3.1.2.4.4,,Describe activities and experiences with detail ,,2021-06-28T15:45:28+00:00
Age Range,1.3.1.2.5,,Older Preschool,,2021-06-28T15:45:28+00:00
Indicator,1.3.1.2.5.1,,Demonstrate continual growth in increasingly varied and complex vocabulary,,2021-06-28T15:45:28+00:00
Indicator,1.3.1.2.5.2,,Use complex gestures and actions to communicate,,2021-06-28T15:45:28+00:00
Indicator,1.3.1.2.5.3,,Use complex sentences,,2021-06-28T15:45:28+00:00
Indicator,1.3.1.2.5.4,,"Describe activities, experiences, and stories with expanded detail",,2021-06-28T15:45:28+00:00
Indicator,1.3.1.2.5.5,,Change word tense to indicate time,,2021-06-28T15:45:28+00:00
Age Range,1.3.1.2.6,,Kindergarten Standard,,2021-06-28T15:45:28+00:00
Indicator,1.3.1.2.6.1,,"K.SL.2.4: Ask questions to seek help, get information, or clarify something that is not understood. ",,2021-06-28T15:45:28+00:00
Indicator,1.3.1.2.6.2,,"K.RV.1: Use words, phrases, and strategies acquired through conversations, reading and being read to, and responding to literature and nonfiction texts to build and apply vocabulary.",,2021-06-28T15:45:28+00:00
Topic,1.3.1.3,ELA1.3,Demonstrate ability to engage in conversations (SKB),,2021-06-28T15:45:28+00:00
Age Range,1.3.1.3.1,,Infant,,2021-06-28T15:45:28+00:00
Indicator,1.3.1.3.1.1,,"Jointly attend to an object, event, or person",,2021-06-28T15:45:28+00:00
Age Range,1.3.1.3.2,,Younger Toddler ,,2021-06-28T15:45:28+00:00
Indicator,1.3.1.3.2.1,,Demonstrate intent of communicating with others,,2021-06-28T15:45:28+00:00
Age Range,1.3.1.3.3,,Older Toddler,,2021-06-28T15:45:28+00:00
Indicator,1.3.1.3.3.1,,Take turns in a conversation,,2021-06-28T15:45:28+00:00
Indicator,1.3.1.3.3.2,,Respond to a request for clarification,,2021-06-28T15:45:28+00:00
Age Range,1.3.1.3.4,,Younger Preschool,,2021-06-28T15:45:28+00:00
Indicator,1.3.1.3.4.1,,Answer questions posed by adults or peers,,2021-06-28T15:45:28+00:00
Indicator,1.3.1.3.4.2,,Ask questions for understanding and clarity,,2021-06-28T15:45:28+00:00
Indicator,1.3.1.3.4.3,,Make on topic comments ,,2021-06-28T15:45:28+00:00
Indicator,1.3.1.3.4.4,,Stay on topic in twoway conversation with others ,,2021-06-28T15:45:28+00:00
Age Range,1.3.1.3.5,,Older Preschool,,2021-06-28T15:45:28+00:00
Indicator,1.3.1.3.5.1,,Answer questions posed by adults or peers ,,2021-06-28T15:45:28+00:00
Indicator,1.3.1.3.5.2,,Ask questions for understanding and clarity,,2021-06-28T15:45:28+00:00
Indicator,1.3.1.3.5.3,,Make on topic comments,,2021-06-28T15:45:28+00:00
Indicator,1.3.1.3.5.4,,Stay on topic in twoway conversation that involves multiple turns,,2021-06-28T15:45:28+00:00
Indicator,1.3.1.3.5.5,,Communicate actively in group activities,,2021-06-28T15:45:28+00:00
Age Range,1.3.1.3.6,,Kindergarten Standard,,2021-06-28T15:45:28+00:00
Indicator,1.3.1.3.6.1,,K.SL.1: Listen actively and communicate effectively with a variety of audiences and for different purposes.,,2021-06-28T15:45:28+00:00
Indicator,1.3.1.3.6.2,,K.SL.2.1: Participate in collaborative conversations about grade-appropriate topics and texts with peers and adults in small and larger groups.,,2021-06-28T15:45:28+00:00
Indicator,1.3.1.3.6.3,,"K.SL.2.3: Listen to others, take turns speaking, and add one’s own ideas to small group discussions or tasks.",,2021-06-28T15:45:28+00:00
Indicator,1.3.1.3.6.4,,K.SL.2.5: Continue a conversation through multiple exchanges.,,2021-06-28T15:45:28+00:00
Indicator,1.3.1.3.6.5,,K.SL.3.2: Ask appropriate questions about what a speaker says.,,2021-06-28T15:45:28+00:00
Foundation,1.3.2,ELA2,"<b>Early Reading: </b>Early learners develop foundational skills in understanding alphabet awareness, phonological awareness, concepts of print, and comprehension.  ",,2021-06-28T15:45:28+00:00
Topic,1.3.2.1,ELA2.1,Demonstrate awareness of the alphabet (SKB),,2021-06-28T15:45:28+00:00
Age Range,1.3.2.1.1,,Younger Toddler,,2021-06-28T15:45:28+00:00
Indicator,1.3.2.1.1.1,,Distinguish words from pictures,,2021-06-28T15:45:28+00:00
Age Range,1.3.2.1.2,,Older Toddler,,2021-06-28T15:45:28+00:00
Indicator,1.3.2.1.2.1,,Begin to recognize <i>some</i>&nbsp;frequently occurring letters in meaningful context,,2021-06-28T15:45:28+00:00
Indicator,1.3.2.1.2.2,,Recognize symbols have meaning,,2021-06-28T15:45:28+00:00
Age Range,1.3.2.1.3,,Younger Preschool,,2021-06-28T15:45:28+00:00
Indicator,1.3.2.1.3.1,,Recognize and identify <i>some</i> uppercase and a <i>few</i>&nbsp;lowercase letters in a meaningful context (e.g. the first letter in their name).,,2021-06-28T15:45:28+00:00
Age Range,1.3.2.1.4,,Older Preschool,,2021-06-28T15:45:28+00:00
Indicator,1.3.2.1.4.1,,Recognize and identify <i>most</i> uppercase and <i>some</i> lowercase letters,,2021-06-28T15:45:28+00:00
Indicator,1.3.2.1.4.2,,Recognize own name in print,,2021-06-28T15:45:28+00:00
Age Range,1.3.2.1.5,,Kindergarten Standard,,2021-06-28T15:45:28+00:00
Indicator,1.3.2.1.5.1,,K.RF.2.4: Identify and name all uppercase (capital) and lowercase letters of the alphabet.,,2021-06-28T15:45:28+00:00
Topic,1.3.2.2,ELA2.2,Demonstrate phonological awareness (SKB),,2021-06-28T15:45:28+00:00
Age Range,1.3.2.2.1,,Infant,,2021-06-28T15:45:28+00:00
Indicator,1.3.2.2.1.1,,Orient to sounds in the environment,,2021-06-28T15:45:28+00:00
Indicator,1.3.2.2.1.2,,Discriminate sounds in the environment,,2021-06-28T15:45:28+00:00
Age Range,1.3.2.2.2,,Younger Toddler,,2021-06-28T15:45:28+00:00
Indicator,1.3.2.2.2.1,,Begin to engage in word and sound play with adults,,2021-06-28T15:45:28+00:00
Indicator,1.3.2.2.2.2,,"Distinguish between words that contain similar-sounding phonemes (pig-jig, cat-mat)",,2021-06-28T15:45:28+00:00
Age Range,1.3.2.2.3,,Older Toddler,,2021-06-28T15:45:28+00:00
Indicator,1.3.2.2.3.1,,Begin to engage in word and sound play with adults,,2021-06-28T15:45:28+00:00
Indicator,1.3.2.2.3.2,,"Distinguish between words that contain similar-sounding phonemes (pig-jig, cat-mat)",,2021-06-28T15:45:28+00:00
Age Range,1.3.2.2.4,,Younger Preschool,,2021-06-28T15:45:28+00:00
Indicator,1.3.2.2.4.1,,Demonstrate basic knowledge of letter-sound correspondence,,2021-06-28T15:45:28+00:00
Indicator,1.3.2.2.4.2,,Engage in rhyming games and songs; can complete a familiar rhyme,,2021-06-28T15:45:28+00:00
Indicator,1.3.2.2.4.3,,Identify rhyming words in spoken language,,2021-06-28T15:45:28+00:00
Indicator,1.3.2.2.4.4,,"Orally blend and segment familiar compound words, with modeling and support",,2021-06-28T15:45:28+00:00
Indicator,1.3.2.2.4.5,,Demonstrate awareness of sounds as separate units,,2021-06-28T15:45:28+00:00
Age Range,1.3.2.2.5,,Older Preschool,,2021-06-28T15:45:28+00:00
Indicator,1.3.2.2.5.1,,Demonstrate basic knowledge of letter-sound correspondence,,2021-06-28T15:45:28+00:00
Indicator,1.3.2.2.5.2,,Engage in rhyming games and songs; can complete a familiar rhyme ,,2021-06-28T15:45:28+00:00
Indicator,1.3.2.2.5.3,,Make rhymes to simple words,,2021-06-28T15:45:28+00:00
Indicator,1.3.2.2.5.4,,"Identify, blend, and segment syllables in spoken words with modeling and support",,2021-06-28T15:45:28+00:00
Indicator,1.3.2.2.5.5,,Isolate the initial sound in some words,,2021-06-28T15:45:28+00:00
Age Range,1.3.2.2.6,,Kindergarten Standard,,2021-06-28T15:45:28+00:00
Indicator,1.3.2.2.6.1,,K.RF.3.1: Identify and produce rhyming words.,,2021-06-28T15:45:28+00:00
Indicator,1.3.2.2.6.2,,"K.RF.3.2: Orally pronounce, blend, and segment words into syllables.",,2021-06-28T15:45:28+00:00
Indicator,1.3.2.2.6.3,,K.RF.3.3: Orally blend the onset (the initial sound) and the rime (the vowel and ending sound) in words.,,2021-06-28T15:45:28+00:00
Indicator,1.3.2.2.6.4,,"K.RF.4.5: Identify similarities and differences in words (e.g., word endings, onset and rime) when spoken or written.",,2021-06-28T15:45:28+00:00
Topic,1.3.2.3,ELA2.3,Demonstrate awareness and understanding of concepts of print,,2021-06-28T15:45:28+00:00
Age Range,1.3.2.3.1,,Infant,,2021-06-28T15:45:28+00:00
Indicator,1.3.2.3.1.1,,Look at books ,,2021-06-28T15:45:28+00:00
Indicator,1.3.2.3.1.2,,Respond to songs,,2021-06-28T15:45:28+00:00
Indicator,1.3.2.3.1.3,,"Listen to repetition of familiar words, songs, signs, rhymes, and stories",,2021-06-28T15:45:28+00:00
Age Range,1.3.2.3.2,,Younger Toddler,,2021-06-28T15:45:28+00:00
Indicator,1.3.2.3.2.1,,Bring a book to adult to read,,2021-06-28T15:45:28+00:00
Indicator,1.3.2.3.2.2,,Look at a book independently,,2021-06-28T15:45:28+00:00
Indicator,1.3.2.3.2.3,,Pretend to read familiar books ,,2021-06-28T15:45:28+00:00
Indicator,1.3.2.3.2.4,,Attend to pictures and text for several minutes,,2021-06-28T15:45:28+00:00
Age Range,1.3.2.3.3,,Older Toddler,,2021-06-28T15:45:28+00:00
Indicator,1.3.2.3.3.1,,Recognize familiar books by cover ,,2021-06-28T15:45:28+00:00
Indicator,1.3.2.3.3.2,,"Recite parts of well-known stories, rhymes, and songs",,2021-06-28T15:45:28+00:00
Indicator,1.3.2.3.3.3,,Hold books with two hands and turns pages ,,2021-06-28T15:45:28+00:00
Age Range,1.3.2.3.4,,Younger Preschool,,2021-06-28T15:45:28+00:00
Indicator,1.3.2.3.4.1,,Begin to understand that books are comprised of written words,,2021-06-28T15:45:28+00:00
Indicator,1.3.2.3.4.2,,Respond to and interact with read alouds of literary and informational text,,2021-06-28T15:45:28+00:00
Indicator,1.3.2.3.4.3,,Hold books right side up and turn pages left to right,,2021-06-28T15:45:28+00:00
Age Range,1.3.2.3.5,,Older Preschool,,2021-06-28T15:45:28+00:00
Indicator,1.3.2.3.5.1,,"Know features of books such as title, author, and illustrator",,2021-06-28T15:45:28+00:00
Indicator,1.3.2.3.5.2,,Understand that print carries meaning,,2021-06-28T15:45:28+00:00
Indicator,1.3.2.3.5.3,,"Track words in a book from left to right, top to bottom, and page to page with adult support",,2021-06-28T15:45:28+00:00
Age Range,1.3.2.3.6,,Kindergarten Standard,,2021-06-28T15:45:28+00:00
Indicator,1.3.2.3.6.1,,K.RF.2.2: Recognize that written words are made up of sequences of letters.,,2021-06-28T15:45:28+00:00
Indicator,1.3.2.3.6.2,,"K.RF.5: Orally read emergent-reader texts, maintaining an appropriate pace and using self-correcting strategies while reading.&nbsp;",,2021-06-28T15:45:28+00:00
Indicator,1.3.2.3.6.3,,K.RF.2.1: Demonstrate understanding that print moves from left to right across the page and from top to bottom.,,2021-06-28T15:45:28+00:00
Topic,1.3.2.4,ELA2.4,&nbsp;Demonstrate comprehension (SKB),,2021-06-28T15:45:28+00:00
Age Range,1.3.2.4.1,,Infant,,2021-06-28T15:45:28+00:00
Indicator,1.3.2.4.1.1,,Demonstrate interest in hearing a familiar story or book ,,2021-06-28T15:45:28+00:00
Indicator,1.3.2.4.1.2,,Attend to caregiver’s voice while being held and/or read to,,2021-06-28T15:45:28+00:00
Age Range,1.3.2.4.2,,Younger Toddler,,2021-06-28T15:45:28+00:00
Indicator,1.3.2.4.2.1,,Show preference for familiar stories,,2021-06-28T15:45:28+00:00
Indicator,1.3.2.4.2.2,,"With adult support, respond to simple questions about a story",,2021-06-28T15:45:28+00:00
Age Range,1.3.2.4.3,,Older Toddler,,2021-06-28T15:45:28+00:00
Indicator,1.3.2.4.3.1,,Show preference for familiar stories and report phrases of the story ,,2021-06-28T15:45:28+00:00
Indicator,1.3.2.4.3.2,,Answer simple questions about a story,,2021-06-28T15:45:28+00:00
Indicator,1.3.2.4.3.3,,Tell a story from pictures in the book,,2021-06-28T15:45:28+00:00
Age Range,1.3.2.4.4,,Younger Preschool,,2021-06-28T15:45:28+00:00
Indicator,1.3.2.4.4.1,,Respond and interact with stories (fictional and nonfictional) ,,2021-06-28T15:45:28+00:00
Indicator,1.3.2.4.4.2,,Answer questions about a story,,2021-06-28T15:45:28+00:00
Indicator,1.3.2.4.4.3,,"With adult support, retell familiar stories",,2021-06-28T15:45:28+00:00
Age Range,1.3.2.4.5,,Older Preschool,,2021-06-28T15:45:28+00:00
Indicator,1.3.2.4.5.1,,Respond and interact with stories (fictional and nonfictional),,2021-06-28T15:45:28+00:00
Indicator,1.3.2.4.5.2,,Answer questions about a story,,2021-06-28T15:45:28+00:00
Indicator,1.3.2.4.5.3,,Retell familiar stories ,,2021-06-28T15:45:28+00:00
Age Range,1.3.2.4.6,,Kindergarten Standard,,2021-06-28T15:45:28+00:00
Indicator,1.3.2.4.6.1,,K.RL.1: Actively engage in group reading activities with purpose and understanding.,,2021-06-28T15:45:28+00:00
Indicator,1.3.2.4.6.2,,"K.RL.2.1: With support, ask and answer questions about main topics, and key details in a text heard or read.",,2021-06-28T15:45:28+00:00
Indicator,1.3.2.4.6.3,,"K.RL.2.2: With support retell familiar stories, poems, and nursery rhymes, including key details",,2021-06-28T15:45:28+00:00
Indicator,1.3.2.4.6.4,,"<span id=""docs-internal-guid-65c72d28-7fff-6f1e-0759-4b420e8f2d88""><span style=""font-variant-numeric: normal; font-variant-east-asian: normal; vertical-align: baseline;"">KSL.3.1: Ask and answer questions about key details in a text read aloud or information presented orally or through other media.</span></span>",,2021-06-28T15:45:28+00:00
Indicator,1.3.2.4.6.5,,"<span id=""docs-internal-guid-67da3bbb-7fff-e67d-b6ea-633027ef5588""><p dir=""ltr"" style=""line-height:1.2;margin-top:0pt;margin-bottom:0pt;""><span style=""font-variant-numeric: normal; font-variant-east-asian: normal; vertical-align: baseline;"">K.RN.1: Actively </span>engage in group reading&nbsp;<span style=""background-color: transparent; font-size: 0.875rem;"">activities with purpose&nbsp;</span><span style=""background-color: transparent; font-size: 0.875rem;"">and understanding.</span></p><div><span style=""font-size: 9pt; font-family: Calibri, sans-serif; background-color: transparent; font-variant-numeric: normal; font-variant-east-asian: normal; vertical-align: baseline; white-space: pre-wrap;""><br></span></div></span>",,2021-06-28T15:45:28+00:00
Indicator,1.3.2.4.6.6,,"<span id=""docs-internal-guid-b3c4c431-7fff-22c7-89fe-2de14a3b9e87""><p dir=""ltr"" style=""line-height:1.2;margin-top:0pt;margin-bottom:0pt;""><span style=""font-variant-numeric: normal; font-variant-east-asian: normal; vertical-align: baseline;"">K.RN.2.1: With support, ask and answer questions about important elements of a text (e.g., events, topics, concepts).</span></p><div><span style=""font-size: 9pt; font-family: Calibri, sans-serif; background-color: transparent; font-variant-numeric: normal; font-variant-east-asian: normal; vertical-align: baseline; white-space: pre-wrap;""><br></span></div></span>",,2021-06-28T15:45:28+00:00
Indicator,1.3.2.4.6.7,,"<span id=""docs-internal-guid-838ed90b-7fff-212f-4987-40da2b8c3901""><p dir=""ltr"" style=""line-height:1.2;margin-top:0pt;margin-bottom:0pt;""><span style=""font-variant-numeric: normal; font-variant-east-asian: normal; vertical-align: baseline;"">K.RN.2.2: With support, retell the main idea and key details of a text.&nbsp;</span></p><div><span style=""font-size: 9pt; font-family: Calibri, sans-serif; background-color: transparent; font-variant-numeric: normal; font-variant-east-asian: normal; vertical-align: baseline; white-space: pre-wrap;""><br></span></div></span>",,2021-06-28T15:45:28+00:00
Foundation,1.3.3,ELA 3,"<b>Early Writing: </b>Early learners develop foundational skills in mechanics of writing, ability to tell a story, and write for a variety of purposes.",,2021-06-28T15:45:28+00:00
Topic,1.3.3.1,ELA 3.1,&nbsp;Demonstrate mechanics of writing (SKB),,2021-06-28T15:45:28+00:00
Age Range,1.3.3.1.1,,Infant,,2021-06-28T15:45:28+00:00
Indicator,1.3.3.1.1.1,,Use objects such as a crayon to make marks,,2021-06-28T15:45:28+00:00
Age Range,1.3.3.1.2,,Younger Toddler,,2021-06-28T15:45:28+00:00
Indicator,1.3.3.1.2.1,,"Explore drawing, painting, and writing as a way of communicating ",,2021-06-28T15:45:28+00:00
Indicator,1.3.3.1.2.2,,Imitate drawing marks or scribbling ,,2021-06-28T15:45:28+00:00
Age Range,1.3.3.1.3,,Older Toddler,,2021-06-28T15:45:28+00:00
Indicator,1.3.3.1.3.1,,"Explore drawing, painting, and writing as a way of communicating",,2021-06-28T15:45:28+00:00
Indicator,1.3.3.1.3.2,,Make scribbles or shapes to convey meaning,,2021-06-28T15:45:28+00:00
Indicator,1.3.3.1.3.3,,Imitate simple lines and shapes ,,2021-06-28T15:45:28+00:00
Indicator,1.3.3.1.3.4,,"Experiment with a variety of writing tools, materials, and surfaces",,2021-06-28T15:45:28+00:00
Age Range,1.3.3.1.4,,Younger Preschool,,2021-06-28T15:45:28+00:00
Indicator,1.3.3.1.4.1,,"Recognize that drawings, paintings, and writings are meaningful representations",,2021-06-28T15:45:28+00:00
Indicator,1.3.3.1.4.2,,Copy simple lines and shapes during play,,2021-06-28T15:45:28+00:00
Indicator,1.3.3.1.4.3,,Create a simple picture,,2021-06-28T15:45:28+00:00
Indicator,1.3.3.1.4.4,,Use writing tools with adult support during play,,2021-06-28T15:45:28+00:00
Age Range,1.3.3.1.5,,Older Preschool,,2021-06-28T15:45:28+00:00
Indicator,1.3.3.1.5.1,,"Create letter like shapes, symbols, letters, and words with modeling and support",,2021-06-28T15:45:28+00:00
Indicator,1.3.3.1.5.2,,"Copy more complex lines, shapes, and some letters",,2021-06-28T15:45:28+00:00
Indicator,1.3.3.1.5.3,,Use writing tools,,2021-06-28T15:45:28+00:00
Age Range,1.3.3.1.6,,Kindergarten Standard,,2021-06-28T15:45:28+00:00
Indicator,1.3.3.1.6.1,,"K.W.2.1: Write most uppercase (capital) and lowercase letters of the alphabet, correctly shaping and spacing the letters of the words.",,2021-06-28T15:45:28+00:00
Indicator,1.3.3.1.6.2,,K.W.2.2: Write by moving from left to right and top to bottom.,,2021-06-28T15:45:28+00:00
Indicator,1.3.3.1.6.3,,"K.W.3.3: Use words and pictures to narrate a single event or simple story, arranging ideas in order.",,2021-06-28T15:45:28+00:00
Indicator,1.3.3.1.6.4,,"K.W.4: With support, apply the writing process to revise writing by adding simple details; review (edit) writing for format and conventions.",,2021-06-28T15:45:28+00:00
Topic,1.3.3.2,ELA 3.2,Demonstrate ability to communicate a story,,2021-06-28T15:45:28+00:00
Age Range,1.3.3.2.1,,Infant,,2021-06-28T15:45:28+00:00
Indicator,1.3.3.2.1.1,,Use facial expressions to communicate,,2021-06-28T15:45:28+00:00
Indicator,1.3.3.2.1.2,,Use simple vocalizations to communicate,,2021-06-28T15:45:28+00:00
Indicator,1.3.3.2.1.3,,Express sounds and patterns of home language,,2021-06-28T15:45:28+00:00
Age Range,1.3.3.2.2,,Younger Toddler ,,2021-06-28T15:45:28+00:00
Indicator,1.3.3.2.2.1,,Use gestures to clarify communication,,2021-06-28T15:45:28+00:00
Indicator,1.3.3.2.2.2,,Use single words or simple phrases,,2021-06-28T15:45:28+00:00
Age Range,1.3.3.2.3,,Older Toddler,,2021-06-28T15:45:28+00:00
Indicator,1.3.3.2.3.1,,Draw pictures and scribble to generate and express ideas ,,2021-06-28T15:45:28+00:00
Indicator,1.3.3.2.3.2,,Dictate a story for an adult to write,,2021-06-28T15:45:28+00:00
Age Range,1.3.3.2.4,,Younger Preschool,,2021-06-28T15:45:28+00:00
Indicator,1.3.3.2.4.1,,Create writing with the intent of communicating,,2021-06-28T15:45:28+00:00
Indicator,1.3.3.2.4.2,,Dictate a story for an adult to write,,2021-06-28T15:45:28+00:00
Indicator,1.3.3.2.4.3,,"Use pictures, letters, and symbols to communicate a story",,2021-06-28T15:45:28+00:00
Age Range,1.3.3.2.5,,Older Preschool,,2021-06-28T15:45:28+00:00
Indicator,1.3.3.2.5.1,,Create writing with the intent of communicating,,2021-06-28T15:45:28+00:00
Indicator,1.3.3.2.5.2,,Dictate a story that demonstrates simple details and narrative structure,,2021-06-28T15:45:28+00:00
Indicator,1.3.3.2.5.3,,"Use letters, symbols, and words to share an idea with someone ",,2021-06-28T15:45:28+00:00
Indicator,1.3.3.2.5.4,,Use writing to label drawings,,2021-06-28T15:45:28+00:00
Age Range,1.3.3.2.6,,Kindergarten Standard,,2021-06-28T15:45:28+00:00
Indicator,1.3.3.2.6.1,,K.W.1: Write for specific purposes and audiences.,,2021-06-28T15:45:28+00:00
Indicator,1.3.3.2.6.2,,"<span id=""docs-internal-guid-a27b466d-7fff-29b4-da3e-e81b25f44faa""><span style=""font-variant-numeric: normal; font-variant-east-asian: normal; vertical-align: baseline;"">K.W.3.2: Use words and pictures to develop a main idea and provide some information about a topic. </span></span>",,2021-06-28T15:45:28+00:00
Indicator,1.3.3.2.6.3,,"K.W.3.3: Use words and pictures to narrate a single event or simple story, arranging ideas in order.",,2021-06-28T15:45:28+00:00
Indicator,1.3.3.2.6.4,,"K.W.4: With support, apply the writing process to revise writing by adding simple details; review (edit) writing for format and conventions. ",,2021-06-28T15:45:28+00:00
Content Area,1.4,,Mathematics,,2021-06-28T15:45:28+00:00
Foundation,1.4.1,M1,"<b>Numeracy: </b>Early learners develop foundational skills in learning to understand counting, cardinality, written numerals, quantity, and comparison.",,2021-06-28T15:45:28+00:00
Topic,1.4.1.1,M1.1,Demonstrate strong sense of counting (SKB),,2021-06-28T15:45:28+00:00
Age Range,1.4.1.1.1,,Infant,,2021-06-28T15:45:28+00:00
Indicator,1.4.1.1.1.1,,Repeat a movement like a clap,,2021-06-28T15:45:28+00:00
Age Range,1.4.1.1.2,,Younger Toddler,,2021-06-28T15:45:28+00:00
Indicator,1.4.1.1.2.1,,Imitate verbal counting sequence not necessarily in order,,2021-06-28T15:45:28+00:00
Indicator,1.4.1.1.2.2,,Line up or organize objects,,2021-06-28T15:45:28+00:00
Age Range,1.4.1.1.3,,Older Toddler ,,2021-06-28T15:45:28+00:00
Indicator,1.4.1.1.3.1,,Count the number sequence 1-5,,2021-06-28T15:45:28+00:00
Indicator,1.4.1.1.3.2,,Begin to apply verbal counting sequence to objects in order to develop one-to-one correspondence,,2021-06-28T15:45:28+00:00
Age Range,1.4.1.1.4,,Younger Preschool,,2021-06-28T15:45:28+00:00
Indicator,1.4.1.1.4.1,,Count the number sequence 1-15,,2021-06-28T15:45:28+00:00
Indicator,1.4.1.1.4.2,,Count backward from 5 with adult support,,2021-06-28T15:45:28+00:00
Indicator,1.4.1.1.4.3,,Recognize that the count remains the same regardless of the order or arrangement of the objects,,2021-06-28T15:45:28+00:00
Indicator,1.4.1.1.4.4,,Apply one-to-one correspondence with objects and people,,2021-06-28T15:45:28+00:00
Indicator,1.4.1.1.4.5,,"Draw pictures, symbols, or use manipulatives to represent a spoken number 0-5",,2021-06-28T15:45:28+00:00
Indicator,1.4.1.1.4.6,,"Identify, without counting, small quantities of items (1- 3) presented in an irregular or unfamiliar pattern (subitize) ",,2021-06-28T15:45:28+00:00
Age Range,1.4.1.1.5,,Older Preschool,,2021-06-28T15:45:28+00:00
Indicator,1.4.1.1.5.1,,Count the number sequence 1-20,,2021-06-28T15:45:28+00:00
Indicator,1.4.1.1.5.2,,Recognize the last number name said tells the number of objects counted,,2021-06-28T15:45:28+00:00
Indicator,1.4.1.1.5.3,,"Draw pictures, symbols, or use manipulatives to represent spoken number 0-10",,2021-06-28T15:45:28+00:00
Indicator,1.4.1.1.5.4,,"Identify, without counting, small quantities of items (1- 4) presented in an irregular or unfamiliar pattern (subitize)",,2021-06-28T15:45:28+00:00
Age Range,1.4.1.1.6,,Kindergarten Standard,,2021-06-28T15:45:28+00:00
Indicator,1.4.1.1.6.1,,K.NS.1: Count to at least 100 by ones and tens and count one by one from any number.,,2021-06-28T15:45:28+00:00
Indicator,1.4.1.1.6.2,,"K.NS.4: Say the number names in standard order when counting objects, pairing each object with one and only one number name and each number name with one and only one object. Understand that the last number name said describes the number of objects counted and that the number of objects is the same regardless of their arrangement or the order in which they were counted.",,2021-06-28T15:45:28+00:00
Indicator,1.4.1.1.6.3,,K.NS.6: Recognize sets of 1 to 10 objects in a pattern arrangement and tell how many without counting.,,2021-06-28T15:45:28+00:00
Topic,1.4.1.2,M1.2,Demonstrate understanding of written numerals ,,2021-06-28T15:45:28+00:00
Age Range,1.4.1.2.1,,Younger Toddler,,2021-06-28T15:45:28+00:00
Indicator,1.4.1.2.1.1,,Identify numerals as different from letters or other symbols,,2021-06-28T15:45:28+00:00
Age Range,1.4.1.2.2,,Older Toddler,,2021-06-28T15:45:28+00:00
Indicator,1.4.1.2.2.1,,Begin to recognize that number symbols indicate quantity  ,,2021-06-28T15:45:28+00:00
Indicator,1.4.1.2.2.2,,Begin to recognize different number symbols indicate different quantities,,2021-06-28T15:45:28+00:00
Age Range,1.4.1.2.3,,Younger Preschool,,2021-06-28T15:45:28+00:00
Indicator,1.4.1.2.3.1,,Match number symbols with amounts 1-3,,2021-06-28T15:45:28+00:00
Age Range,1.4.1.2.4,,Older Preschool,,2021-06-28T15:45:28+00:00
Indicator,1.4.1.2.4.1,,Match number symbols with amounts 1-10,,2021-06-28T15:45:28+00:00
Indicator,1.4.1.2.4.2,,Name written numerals from 0-10,,2021-06-28T15:45:28+00:00
Indicator,1.4.1.2.4.3,,Write numerals 1-10,,2021-06-28T15:45:28+00:00
Age Range,1.4.1.2.5,,Kindergarten Standard,,2021-06-28T15:45:28+00:00
Indicator,1.4.1.2.5.1,,K.NS.3: Find the number that is one more than or one less than any whole number up to 20.,,2021-06-28T15:45:28+00:00
Indicator,1.4.1.2.5.2,,K.NS.2: Write whole numbers from 0 to 20 and recognize number words from 0 to 10. Represent a number of objects with a written numeral 0-20 (with 0 representing a count of no objects).,,2021-06-28T15:45:28+00:00
Topic,1.4.1.3,M1.3, Recognition of number relations ,,2021-06-28T15:45:28+00:00
Age Range,1.4.1.3.1,,Infant,,2021-06-28T15:45:28+00:00
Indicator,1.4.1.3.1.1,,Explore objects one at a time,,2021-06-28T15:45:28+00:00
Indicator,1.4.1.3.1.2,,Indicate a desire for more,,2021-06-28T15:45:28+00:00
Indicator,1.4.1.3.1.3,,Give <i>more</i> when asked,,2021-06-28T15:45:28+00:00
Age Range,1.4.1.3.2,,Younger Toddler ,,2021-06-28T15:45:28+00:00
Indicator,1.4.1.3.2.1,,Identify which is more,,2021-06-28T15:45:28+00:00
Indicator,1.4.1.3.2.2,,Begin to develop the concepts of more and less,,2021-06-28T15:45:28+00:00
Indicator,1.4.1.3.2.3,,Give <i>all</i> objects when asked,,2021-06-28T15:45:28+00:00
Indicator,1.4.1.3.2.4,,Separate a whole quantity of something into parts,,2021-06-28T15:45:28+00:00
Age Range,1.4.1.3.3,,Older Toddler ,,2021-06-28T15:45:28+00:00
Indicator,1.4.1.3.3.1,,Visually identify sets of quantities of large differences (using terms more and/or fewer),,2021-06-28T15:45:28+00:00
Indicator,1.4.1.3.3.2,,Begin to identify first and last,,2021-06-28T15:45:28+00:00
Indicator,1.4.1.3.3.3,,Give <i>some</i> when asked,,2021-06-28T15:45:28+00:00
Indicator,1.4.1.3.3.4,,Give <i>the rest</i> when asked,,2021-06-28T15:45:28+00:00
Indicator,1.4.1.3.3.5,,Communicate that something is split <i>in half</i>,,2021-06-28T15:45:28+00:00
Indicator,1.4.1.3.3.6,,Understand the basic concept of <i>none</i>,,2021-06-28T15:45:28+00:00
Age Range,1.4.1.3.4,,Younger Preschool,,2021-06-28T15:45:28+00:00
Indicator,1.4.1.3.4.1,,Readily identify first and last,,2021-06-28T15:45:28+00:00
Indicator,1.4.1.3.4.2,,Correctly use the words for comparing quantities,,2021-06-28T15:45:28+00:00
Indicator,1.4.1.3.4.3,,Separate sets of 6 or fewer objects into equal groups,,2021-06-28T15:45:28+00:00
Indicator,1.4.1.3.4.4,,Demonstrate the understanding of the concept of <i>after</i>,,2021-06-28T15:45:28+00:00
Age Range,1.4.1.3.5,,Older Preschool,,2021-06-28T15:45:28+00:00
Indicator,1.4.1.3.5.1,,Identify when 2 sets are equal using matching and counting strategies,,2021-06-28T15:45:28+00:00
Indicator,1.4.1.3.5.2,,Correctly use the words for position,,2021-06-28T15:45:28+00:00
Indicator,1.4.1.3.5.3,,Compare the values of two numbers from 1 to 10 presented as written numerals,,2021-06-28T15:45:28+00:00
Indicator,1.4.1.3.5.4,,Demonstrate the understanding of the concept of <i>before</i>,,2021-06-28T15:45:28+00:00
Age Range,1.4.1.3.6,,Kindergarten Standard,,2021-06-28T15:45:28+00:00
Indicator,1.4.1.3.6.1,,K.NS.10: Separate sets of ten or fewer objects into equal groups.,,2021-06-28T15:45:28+00:00
Indicator,1.4.1.3.6.2,,"K.NS.7: Identify whether the number of objects in one group is greater than, less than, or equal to the number of objects in another group (e.g., by using matching and counting strategies).",,2021-06-28T15:45:28+00:00
Indicator,1.4.1.3.6.3,,"K.NS.9: Use correctly the words for comparison including: one and many; none, some and all; more and less; most and least; and equal to, more than and less than.",,2021-06-28T15:45:28+00:00
Indicator,1.4.1.3.6.4,,K.NS.8: Compare the values of two numbers from 1 to 20 presented as written numerals.,,2021-06-28T15:45:28+00:00
Foundation,1.4.2,M2,<b>Computation and Algebraic Thinking: </b>Early learners develop foundational skills in learning to understand mathematic structure and patterning.,,2021-06-28T15:45:28+00:00
Topic,1.4.2.1,M2.1,Exhibit understanding of mathematic structure ,,2021-06-28T15:45:28+00:00
Age Range,1.4.2.1.1,,Younger Toddler ,,2021-06-28T15:45:28+00:00
Indicator,1.4.2.1.1.1,,Take away objects or combine groups when asked ,,2021-06-28T15:45:28+00:00
Indicator,1.4.2.1.1.2,,Attend to a new object in a group of objects,,2021-06-28T15:45:28+00:00
Age Range,1.4.2.1.2,,Older Toddler,,2021-06-28T15:45:28+00:00
Indicator,1.4.2.1.2.1,,Describe that something was taken away,,2021-06-28T15:45:28+00:00
Indicator,1.4.2.1.2.2,,Identify that an object has been added to a group,,2021-06-28T15:45:28+00:00
Indicator,1.4.2.1.2.3,,Begin to make reasonable estimates related to quantity,,2021-06-28T15:45:28+00:00
Age Range,1.4.2.1.3,,Younger Preschool,,2021-06-28T15:45:28+00:00
Indicator,1.4.2.1.3.1,,Begin to understand that numbers can be composed and decomposed to create new numbers,,2021-06-28T15:45:28+00:00
Age Range,1.4.2.1.4,,Older Preschool,,2021-06-28T15:45:28+00:00
Indicator,1.4.2.1.4.1,,Use understanding that numbers can be composed and decomposed to create new numbers in solving problems with quantities under five ,,2021-06-28T15:45:28+00:00
Age Range,1.4.2.1.5,,Kindergarten Standard,,2021-06-28T15:45:28+00:00
Indicator,1.4.2.1.5.1,,"K.CA.3: Use objects, drawings, etc., to decompose numbers less than or equal to 10 into pairs in more than one way, and record each decomposition with a drawing or an equation (e.g., 5=2 +3 and 5=4 +1). [In Kindergarten, students should see equations and be encouraged to trace them, however, writing equations is not required.]",,2021-06-28T15:45:28+00:00
Topic,1.4.2.2,M2.2,&nbsp;Demonstrate awareness of patterning&nbsp; (SKB),,2021-07-13T13:05:26+00:00
Age Range,1.4.2.2.1,,Infant,,2021-06-28T15:45:28+00:00
Indicator,1.4.2.2.1.1,,"Show interest in visual, auditory, and tactile patterns",,2021-06-28T15:45:28+00:00
Indicator,1.4.2.2.1.2,,Recognize daily routines ,,2021-06-28T15:45:28+00:00
Age Range,1.4.2.2.2,,Younger Toddler,,2021-06-28T15:45:28+00:00
Indicator,1.4.2.2.2.1,,Follow along and imitate patterns of sounds and movement,,2021-06-28T15:45:28+00:00
Indicator,1.4.2.2.2.2,,Clap or move to a beat,,2021-06-28T15:45:28+00:00
Age Range,1.4.2.2.3,,Older Toddler,,2021-06-28T15:45:28+00:00
Indicator,1.4.2.2.3.1,,Recognize natural patterns in the environment,,2021-06-28T15:45:28+00:00
Indicator,1.4.2.2.3.2,,Verbally or nonverbally predict what comes next when shown a simple ABAB pattern of concrete objects,,2021-06-28T15:45:28+00:00
Indicator,1.4.2.2.3.3,,Show greater recognition of daily routines,,2021-06-28T15:45:28+00:00
Age Range,1.4.2.2.4,,Younger Preschool,,2021-06-28T15:45:28+00:00
Indicator,1.4.2.2.4.1,,Physically extend simple ABAB patterns of concrete objects to other concrete objects,,2021-06-28T15:45:28+00:00
Indicator,1.4.2.2.4.2,,Understand sequence of events when clearly explained,,2021-06-28T15:45:28+00:00
Age Range,1.4.2.2.5,,Older Preschool,,2021-06-28T15:45:28+00:00
Indicator,1.4.2.2.5.1,,Begin to create and extend a new simple pattern ,,2021-06-28T15:45:28+00:00
Indicator,1.4.2.2.5.2,,Understand sequence of events when clearly explained,,2021-06-28T15:45:28+00:00
Age Range,1.4.2.2.6,,Kindergarten Standard,,2021-06-28T15:45:28+00:00
Indicator,1.4.2.2.6.1,,"K.CA.5: Create, extend, and give an appropriate rule for simple repeating and growing patterns and shapes.",,2021-06-28T15:45:28+00:00
Foundation,1.4.3,M3,"<b>Data Analysis: </b>Early learners develop foundational skills in learning to understand concepts of classification, data collection, organization, and description.  ",,2021-06-28T15:45:28+00:00
Topic,1.4.3.1,M3.1,&nbsp;Demonstrate understanding of classifying (SKB),,2021-06-28T15:45:28+00:00
Age Range,1.4.3.1.1,,Younger Toddler,,2021-06-28T15:45:28+00:00
Indicator,1.4.3.1.1.1,,Identify attributes of objects with adult support,,2021-06-28T15:45:28+00:00
Age Range,1.4.3.1.2,,Older Toddler,,2021-06-28T15:45:28+00:00
Indicator,1.4.3.1.2.1,,Identify similarities and differences in objects,,2021-06-28T15:45:28+00:00
Age Range,1.4.3.1.3,,Younger Preschool,,2021-06-28T15:45:28+00:00
Indicator,1.4.3.1.3.1,,"Sort, classify, and compare objects ",,2021-06-28T15:45:28+00:00
Age Range,1.4.3.1.4,,Older Preschool,,2021-06-28T15:45:28+00:00
Indicator,1.4.3.1.4.1,,Explain simple sorting or classifying strategies ,,2021-06-28T15:45:28+00:00
Indicator,1.4.3.1.4.2,,Sort a group of objects in multiple ways ,,2021-06-28T15:45:28+00:00
Indicator,1.4.3.1.4.3,,Create and describe simple graphs ,,2021-06-28T15:45:28+00:00
Age Range,1.4.3.1.5,,Kindergarten Standard,,2021-06-28T15:45:28+00:00
Indicator,1.4.3.1.5.1,,"K.DA.1: Identify, sort and classify objects by size, number, and other attributes. Identify objects that do not belong to a particular group and explain the reasoning used. ",,2021-06-28T15:45:28+00:00
Foundation,1.4.4,M4,<b>Geometry: </b>Early learners develop foundational skills in learning to understand spatial relationships and shape analysis.,,2021-06-28T15:45:28+00:00
Topic,1.4.4.1,M4.1, Understanding of spatial relationships,,2021-06-28T15:45:28+00:00
Age Range,1.4.4.1.1,,Infant,,2021-06-28T15:45:28+00:00
Indicator,1.4.4.1.1.1,,Explore how things fit and move,,2021-06-28T15:45:28+00:00
Indicator,1.4.4.1.1.2,,"Put object in, out, on, and off of other things",,2021-06-28T15:45:28+00:00
Age Range,1.4.4.1.2,,Younger Toddler,,2021-06-28T15:45:28+00:00
Indicator,1.4.4.1.2.1,,Begin to combine shapes to make new shapes,,2021-06-28T15:45:28+00:00
Indicator,1.4.4.1.2.2,,Hide behind or between objects for play,,2021-06-28T15:45:28+00:00
Age Range,1.4.4.1.3,,Older Toddler,,2021-06-28T15:45:28+00:00
Indicator,1.4.4.1.3.1,,Complete basic shape interlocking puzzle with most pieces accurately in place with some assistance,,2021-06-28T15:45:28+00:00
Age Range,1.4.4.1.4,,Younger Preschool,,2021-06-28T15:45:28+00:00
Indicator,1.4.4.1.4.1,,Complete lined tangram or pattern block puzzles using basic shapes,,2021-06-28T15:45:28+00:00
Indicator,1.4.4.1.4.2,,"Use position terms such as in, on, and under",,2021-06-28T15:45:28+00:00
Age Range,1.4.4.1.5,,Older Preschool,,2021-06-28T15:45:28+00:00
Indicator,1.4.4.1.5.1,,Complete lined tangram or pattern block puzzles using basic shapes ,,2021-06-28T15:45:28+00:00
Indicator,1.4.4.1.5.2,,"Use position terms such as above, below, beside, and between",,2021-06-28T15:45:28+00:00
Age Range,1.4.4.1.6,,Kindergarten Standard,,2021-06-28T15:45:28+00:00
Indicator,1.4.4.1.6.1,,"K.G.1: Describe the positions of objects and geometric shapes in space using the terms, inside, outside, between, above, below, near, far, under, over, up, down, behind, in front of, next to, to the left of and to the right of.",,2021-06-28T15:45:28+00:00
Topic,1.4.4.2,M4.2,"Exhibit ability to identify, describe, analyze, compare, and create shapes (SKB)",,2021-06-28T15:45:28+00:00
Age Range,1.4.4.2.1,,Younger Toddler ,,2021-06-28T15:45:28+00:00
Indicator,1.4.4.2.1.1,,Match identical simple shapes  ,,2021-06-28T15:45:28+00:00
Age Range,1.4.4.2.2,,Older Toddler,,2021-06-28T15:45:28+00:00
Indicator,1.4.4.2.2.1,,"Match similar shapes that are different sizes, and different orientation with a variety of twodimensional shapes",,2021-06-28T15:45:28+00:00
Age Range,1.4.4.2.3,,Younger Preschool,,2021-06-28T15:45:28+00:00
Indicator,1.4.4.2.3.1,,Match similar shapes when given a variety of three dimensional shapes,,2021-06-28T15:45:28+00:00
Indicator,1.4.4.2.3.2,,Start to identify the attributes of shapes,,2021-06-28T15:45:28+00:00
Indicator,1.4.4.2.3.3,,"Use names of two-dimensional shapes (e.g., square; triangle; circle) when identifying objects",,2021-06-28T15:45:28+00:00
Indicator,1.4.4.2.3.4,,"Use informal language to describe three-dimensional shapes (e.g., ""box"" for cube; ""ball"" for sphere; ""can"" for cylinder)",,2021-06-28T15:45:28+00:00
Age Range,1.4.4.2.4,,Older Preschool,,2021-06-28T15:45:28+00:00
Indicator,1.4.4.2.4.1,,Use the attributes of shapes to distinguish between shapes,,2021-06-28T15:45:28+00:00
Indicator,1.4.4.2.4.2,,"Differentiate two- and three-dimensional shapes (e.g., squares from cubes)",,2021-06-28T15:45:28+00:00
Age Range,1.4.4.2.5,,Kindergarten Standard,,2021-06-28T15:45:28+00:00
Indicator,1.4.4.2.5.1,,"K.G.2: Compare two- and three-dimensional shapes in different sizes and orientations, using informal language to describe their similarities, differences, parts (e.g., number sides and vertices/”corners”) and other attributes (e.g., having sides of equal length).",,2021-06-28T15:45:28+00:00
Indicator,1.4.4.2.5.2,,K.G.4: Compose simple geometric shapes to form larger shapes (e.g. create a rectangle composed of two triangles).,,2021-06-28T15:45:28+00:00
Foundation,1.4.5,M5,<b>Measurement: </b>Early learners develop foundational skills in learning to understand concepts of time and measurement comparisons.,,2021-06-28T15:45:28+00:00
Topic,1.4.5.1,M5.1,Understand concept of time ,,2021-06-28T15:45:28+00:00
Age Range,1.4.5.1.1,,Infant,,2021-06-28T15:45:28+00:00
Indicator,1.4.5.1.1.1,,Cooperate with a routine,,2021-06-28T15:45:28+00:00
Age Range,1.4.5.1.2,,Younger Toddler,,2021-06-28T15:45:28+00:00
Indicator,1.4.5.1.2.1,,Follow a daily schedule,,2021-06-28T15:45:28+00:00
Age Range,1.4.5.1.3,,Older Toddler,,2021-06-28T15:45:28+00:00
Indicator,1.4.5.1.3.1,,Follow steps in a simple routine,,2021-06-28T15:45:28+00:00
Age Range,1.4.5.1.4,,Younger Preschool,,2021-06-28T15:45:28+00:00
Indicator,1.4.5.1.4.1,,Understand time limit cue,,2021-06-28T15:45:28+00:00
Indicator,1.4.5.1.4.2,,Understand transition from one activity to the next,,2021-06-28T15:45:28+00:00
Indicator,1.4.5.1.4.3,,Tell what activity comes before and after ,,2021-06-28T15:45:28+00:00
Age Range,1.4.5.1.5,,Older Preschool,,2021-06-28T15:45:28+00:00
Indicator,1.4.5.1.5.1,,"Know daily concepts of earlier and later, morning and afternoon",,2021-06-28T15:45:28+00:00
Age Range,1.4.5.1.6,,Kindergarten Standard,,2021-06-28T15:45:28+00:00
Indicator,1.4.5.1.6.1,,"K.M.2: Understand concepts of time, including: morning, afternoon, evening, today, yesterday, tomorrow, day, week, month, and year. Understand that clocks and calendars are tools that measure time.",,2021-06-28T15:45:28+00:00
Topic,1.4.5.2,M5.2,&nbsp;Understand measurement through description and comparison (SKB),,2021-06-28T15:45:28+00:00
Age Range,1.4.5.2.1,,Infant,,2021-06-28T15:45:28+00:00
Indicator,1.4.5.2.1.1,,Explore objects with different shapes and sizes,,2021-06-28T15:45:28+00:00
Indicator,1.4.5.2.1.2,,Begin to understand that different size containers hold more or less,,2021-06-28T15:45:28+00:00
Age Range,1.4.5.2.2,,Younger Toddler,,2021-06-28T15:45:28+00:00
Indicator,1.4.5.2.2.1,,"Use any basic measurement word or gesture to express measureable attributes, such as big/little, hot/cold",,2021-06-28T15:45:28+00:00
Age Range,1.4.5.2.3,,Older Toddler,,2021-06-28T15:45:28+00:00
Indicator,1.4.5.2.3.1,,Sort objects into two categories based on attributes,,2021-06-28T15:45:28+00:00
Indicator,1.4.5.2.3.2,,Explore measurement using nonstandard tools,,2021-06-28T15:45:28+00:00
Age Range,1.4.5.2.4,,Younger Preschool,,2021-06-28T15:45:28+00:00
Indicator,1.4.5.2.4.1,,Directly compare and describe two objects with a measurable attribute,,2021-06-28T15:45:28+00:00
Indicator,1.4.5.2.4.2,,Measure length and volume (capacity) using non-standard measurement tools,,2021-06-28T15:45:28+00:00
Age Range,1.4.5.2.5,,Older Preschool,,2021-06-28T15:45:28+00:00
Indicator,1.4.5.2.5.1,,Directly compare and describe two or more objects with a measurable attribute,,2021-06-28T15:45:28+00:00
Indicator,1.4.5.2.5.2,,Measure length and volume (capacity) using a standard measurement tool ,,2021-06-28T15:45:28+00:00
Age Range,1.4.5.2.6,,Kindergarten Standard,,2021-06-28T15:45:28+00:00
Indicator,1.4.5.2.6.1,,"K.M.1: Make direct comparisons of the length, capacity, weight, and temperature of objects, and recognize which object is shorter, longer, taller, lighter, heavier, warmer, cooler, or holds more.",,2021-06-28T15:45:28+00:00
Content Area,1.5,,Science,,2021-06-28T15:45:28+00:00
Foundation,1.5.1,SC1,<b>Physical Science: </b>Early learners develop foundational skills in learning and understanding the properties of objects and changes in the physical world. ,,2021-06-28T15:45:28+00:00
Topic,1.5.1.1,SC1.1,Demonstrate ability to explore objects in the physical world&nbsp; (SKB),,2021-06-28T15:45:28+00:00
Age Range,1.5.1.1.1,,Infant,,2021-06-28T15:45:28+00:00
Indicator,1.5.1.1.1.1,,Observe and experience the environment using all five senses,,2021-06-28T15:45:28+00:00
Indicator,1.5.1.1.1.2,,React to changes in light,,2021-06-28T15:45:28+00:00
Indicator,1.5.1.1.1.3,,"Focus attention on sounds, movement, caregiver, and objects",,2021-06-28T15:45:28+00:00
Age Range,1.5.1.1.2,,Younger Toddler,,2021-06-28T15:45:28+00:00
Indicator,1.5.1.1.2.1,,Notice and react to cause and effect within the physical environment ,,2021-06-28T15:45:28+00:00
Indicator,1.5.1.1.2.2,,Use tools to explore the physical environment,,2021-06-28T15:45:28+00:00
Age Range,1.5.1.1.3,,Older Toddler,,2021-06-28T15:45:28+00:00
Indicator,1.5.1.1.3.1,,"Use simple words to describe sensory experiences, objects, and how objects move ",,2021-06-28T15:45:28+00:00
Indicator,1.5.1.1.3.2,,Identify and solve problems in the environment through active exploration,,2021-06-28T15:45:28+00:00
Age Range,1.5.1.1.4,,Younger Preschool,,2021-06-28T15:45:28+00:00
Indicator,1.5.1.1.4.1,,"Use senses to learn about concepts of weight, motion, and force",,2021-06-28T15:45:28+00:00
Indicator,1.5.1.1.4.2,,Ask questions about physical properties and changes in the physical world,,2021-06-28T15:45:28+00:00
Age Range,1.5.1.1.5,,Older Preschool,,2021-06-28T15:45:28+00:00
Indicator,1.5.1.1.5.1,,"Use senses to observe and describe concepts of weight, motion, and force",,2021-06-28T15:45:28+00:00
Indicator,1.5.1.1.5.2,,Ask questions and draw conclusions about physical properties and the physical world,,2021-06-28T15:45:28+00:00
Age Range,1.5.1.1.6,,Kindergarten Standard,,2021-06-28T15:45:28+00:00
Indicator,1.5.1.1.6.1,,K.PS.1:&nbsp; Plan and conduct an investigation using all senses to describe and classify different kinds of objects by their composition and physical properties.&nbsp; Explain these choices to others and generate questions about the objects.,,2021-06-28T15:45:28+00:00
Indicator,1.5.1.1.6.2,,K.PS.2: Identify and explain possible uses for an object based on its properties and compare these uses with other students' ideas.,,2021-06-28T15:45:28+00:00
Indicator,1.5.1.1.6.3,,K.PS.3:&nbsp; Plan and conduct an investigation to compare the effects of different strengths or different directions of pushes and pulls on the motion of an object.,,2021-06-28T15:45:28+00:00
Indicator,1.5.1.1.6.4,,K.PS.4:&nbsp; Analyze data to determine if a design solution works as intended to change the speed or direction of an object with a push or a pull.,,2021-06-28T15:45:28+00:00
Topic,1.5.1.2,SC1.2,Demonstrate awareness of the physical properties of objects (SKB),,2021-07-13T13:06:32+00:00
Age Range,1.5.1.2.1,,Infant,,2021-06-28T15:45:28+00:00
Indicator,1.5.1.2.1.1,,"Touches objects with varying physical attributes, may show a preference for one over another",,2021-06-28T15:45:28+00:00
Indicator,1.5.1.2.1.2,,Notice cause and effect within the physical environment,,2021-06-28T15:45:28+00:00
Indicator,1.5.1.2.1.3,,Perform actions with objects and observe results,,2021-06-28T15:45:28+00:00
Age Range,1.5.1.2.2,,Younger Toddler,,2021-06-28T15:45:28+00:00
Indicator,1.5.1.2.2.1,,Begin to identify physical attributes of objects,,2021-06-28T15:45:28+00:00
Indicator,1.5.1.2.2.2,,Imitate the actions of others as they explore objects,,2021-06-28T15:45:28+00:00
Indicator,1.5.1.2.2.3,,Copy patterns and rhythms with objects,,2021-06-28T15:45:28+00:00
Age Range,1.5.1.2.3,,Older Toddler,,2021-06-28T15:45:28+00:00
Indicator,1.5.1.2.3.1,,Describe physical properties using simple words,,2021-06-28T15:45:28+00:00
Age Range,1.5.1.2.4,,Younger Preschool,,2021-06-28T15:45:28+00:00
Indicator,1.5.1.2.4.1,,Identify materials that make up objects,,2021-06-28T15:45:28+00:00
Indicator,1.5.1.2.4.2,,Investigate and describe observable properties of objects ,,2021-06-28T15:45:28+00:00
Indicator,1.5.1.2.4.3,,Match objects by physical attributes,,2021-06-28T15:45:28+00:00
Age Range,1.5.1.2.5,,Older Preschool,,2021-06-28T15:45:28+00:00
Indicator,1.5.1.2.5.1,,Identify materials that make up objects,,2021-06-28T15:45:28+00:00
Indicator,1.5.1.2.5.2,,Use evidence from investigations to describe observable properties of objects,,2021-06-28T15:45:28+00:00
Indicator,1.5.1.2.5.3,,Sort objects into categories based on physical attributes and explain reasoning,,2021-06-28T15:45:28+00:00
Age Range,1.5.1.2.6,,Kindergarten Standard,,2021-06-28T15:45:28+00:00
Indicator,1.5.1.2.6.1,,K.1.2: Identify and explain possible uses for an object based on its properties and compare these uses with other students’ ideas. ,,2021-06-28T15:45:28+00:00
Foundation,1.5.2,SC2,"<b>Earth and Space Science: </b>Early learners develop foundational skills in learning and understanding the natural world through exploration of Earth, sky, weather, and seasons. ",,2021-06-28T15:45:28+00:00
Topic,1.5.2.1,SC2.1,Recognize the characteristics of Earth and sky ,,2021-06-28T15:45:28+00:00
Age Range,1.5.2.1.1,,Infant,,2021-06-28T15:45:28+00:00
Indicator,1.5.2.1.1.1,,Establish activity patterns based on day and night,,2021-06-28T15:45:28+00:00
Indicator,1.5.2.1.1.2,,Explore and react to different indoor and outdoor surfaces,,2021-06-28T15:45:28+00:00
Age Range,1.5.2.1.2,,Younger Toddler,,2021-06-28T15:45:28+00:00
Indicator,1.5.2.1.2.1,,Notice and gesture to different objects in the sky,,2021-06-28T15:45:28+00:00
Indicator,1.5.2.1.2.2,,Explore the natural environment ,,2021-06-28T15:45:28+00:00
Age Range,1.5.2.1.3,,Older Toddler,,2021-06-28T15:45:28+00:00
Indicator,1.5.2.1.3.1,,Notice own shadow,,2021-06-28T15:45:28+00:00
Indicator,1.5.2.1.3.2,,Name objects in the sky,,2021-06-28T15:45:28+00:00
Indicator,1.5.2.1.3.3,,Use tools to explore various earth materials,,2021-06-28T15:45:28+00:00
Age Range,1.5.2.1.4,,Younger Preschool,,2021-06-28T15:45:28+00:00
Indicator,1.5.2.1.4.1,,Notice the shadows of others and objects,,2021-06-28T15:45:28+00:00
Indicator,1.5.2.1.4.2,,Describe different objects in the sky,,2021-06-28T15:45:28+00:00
Indicator,1.5.2.1.4.3,,Describe various earth materials,,2021-06-28T15:45:28+00:00
Age Range,1.5.2.1.5,,Older Preschool,,2021-06-28T15:45:28+00:00
Indicator,1.5.2.1.5.1,,Describe how shadows change through the day,,2021-06-28T15:45:28+00:00
Indicator,1.5.2.1.5.2,,Describe typical day and night activities,,2021-06-28T15:45:28+00:00
Indicator,1.5.2.1.5.3,,Classify various earth materials ,,2021-06-28T15:45:28+00:00
Indicator,1.5.2.1.5.4,,Describe how the Earth’s surface is made up of different materials,,2021-06-28T15:45:28+00:00
Age Range,1.5.2.1.6,,Kindergarten Standard,,2021-06-28T15:45:28+00:00
Indicator,1.5.2.1.6.1,,K.ESS.1:&nbsp; Make observations to determine the effect of sunlight on Earth's surface and use tools and materials to design and build a structure to reduce the warming effect on Earth's surface.,,2021-06-28T15:45:28+00:00
Indicator,1.5.2.1.6.2,,"K.ESS.2:&nbsp; Describe and compare objects seen in the night and day sky, observing that the sun and moon move across the sky.",,2021-06-28T15:45:28+00:00
Topic,1.5.2.2,SC2.2, Recognize seasonal and weather related changes,,2021-06-28T15:45:28+00:00
Age Range,1.5.2.2.1,,Infant,,2021-06-28T15:45:28+00:00
Indicator,1.5.2.2.1.1,,Observe and experience the difference in climate/weather  ,,2021-06-28T15:45:28+00:00
Age Range,1.5.2.2.2,,Younger Toddler,,2021-06-28T15:45:28+00:00
Indicator,1.5.2.2.2.1,,"Observe and investigate environment, nature, and climate/weather ",,2021-06-28T15:45:28+00:00
Age Range,1.5.2.2.3,,Older Toddler,,2021-06-28T15:45:28+00:00
Indicator,1.5.2.2.3.1,,"Communicate awareness that the environment, weather, and seasons change",,2021-06-28T15:45:28+00:00
Indicator,1.5.2.2.3.2,,Name different kinds of weather,,2021-06-28T15:45:28+00:00
Age Range,1.5.2.2.4,,Younger Preschool,,2021-06-28T15:45:28+00:00
Indicator,1.5.2.2.4.1,,Communicate awareness of seasonal changes,,2021-06-28T15:45:28+00:00
Indicator,1.5.2.2.4.2,,Describe weather conditions using correct terminology,,2021-06-28T15:45:28+00:00
Age Range,1.5.2.2.5,,Older Preschool,,2021-06-28T15:45:28+00:00
Indicator,1.5.2.2.5.1,,Communicate awareness of seasonal changes,,2021-06-28T15:45:28+00:00
Indicator,1.5.2.2.5.2,,Describe how weather changes,,2021-06-28T15:45:28+00:00
Age Range,1.5.2.2.6,,Kindergarten Standard,,2021-06-28T15:45:28+00:00
Indicator,1.5.2.2.6.1,,K.ESS.1:&nbsp; Make observations to determine the effect of sunlight on Earth's surface and use tools and materials to design a structure to reduce the warming effect on Earth's surface.,,2021-06-28T15:45:28+00:00
Indicator,1.5.2.2.6.2,,K.ESS.3:&nbsp; Investigate the local weather conditions to describe patterns over time.,,2021-06-28T15:45:28+00:00
Foundation,1.5.3,SC3,<b>Life Science: </b>Early learners develop foundational skills in learning and understanding the presence and characteristics of living creatures and plants. ,,2021-06-28T15:45:28+00:00
Topic,1.5.3.1,SC3.1,Demonstrate awareness of life ,,2021-06-28T15:45:28+00:00
Age Range,1.5.3.1.1,,Infant ,,2021-06-28T15:45:28+00:00
Indicator,1.5.3.1.1.1,,"Demonstrate interest in and interact with plants, animals, and people ",,2021-06-28T15:45:28+00:00
Indicator,1.5.3.1.1.2,,Discover body parts,,2021-06-28T15:45:28+00:00
Age Range,1.5.3.1.2,,Younger Toddler ,,2021-06-28T15:45:28+00:00
Indicator,1.5.3.1.2.1,,Identify living organisms by name,,2021-06-28T15:45:28+00:00
Indicator,1.5.3.1.2.2,,Name basic body parts,,2021-06-28T15:45:28+00:00
Age Range,1.5.3.1.3,,Older Toddler,,2021-06-28T15:45:28+00:00
Indicator,1.5.3.1.3.1,,Name characteristics of living organisms,,2021-06-28T15:45:28+00:00
Indicator,1.5.3.1.3.2,,Name more complex body parts,,2021-06-28T15:45:28+00:00
Age Range,1.5.3.1.4,,Younger Preschool,,2021-06-28T15:45:28+00:00
Indicator,1.5.3.1.4.1,,Identify the correct names for adult and baby animals,,2021-06-28T15:45:28+00:00
Indicator,1.5.3.1.4.2,,Compare attributes of living organisms,,2021-06-28T15:45:28+00:00
Indicator,1.5.3.1.4.3,,Identify and describe the function of body parts,,2021-06-28T15:45:28+00:00
Age Range,1.5.3.1.5,,Older Preschool,,2021-06-28T15:45:28+00:00
Indicator,1.5.3.1.5.1,,Differentiate animals from plants ,,2021-06-28T15:45:28+00:00
Indicator,1.5.3.1.5.2,,Discriminate between living organisms and non-living objects,,2021-06-28T15:45:28+00:00
Indicator,1.5.3.1.5.3,,Ask questions and conduct investigations to understand life science,,2021-06-28T15:45:28+00:00
Indicator,1.5.3.1.5.4,,Identify and describe the function of body parts,,2021-06-28T15:45:28+00:00
Age Range,1.5.3.1.6,,Kindergarten Standard,,2021-06-28T15:45:28+00:00
Indicator,1.5.3.1.6.1,,K.LS.1:&nbsp; Describe and compare the growth and development of common living plants and animals.,,2021-06-28T15:45:28+00:00
Indicator,1.5.3.1.6.2,,K.LS.2:&nbsp; Describe and compare the physical features of common living plants and animals.,,2021-06-28T15:45:28+00:00
Indicator,1.5.3.1.6.3,,K.LS.3:&nbsp; Use observations to describe patterns of what plants and animals (including humans) need to survive.,,2021-06-28T15:45:28+00:00
Foundation,1.5.4,SC4,<b>Engineering: </b>Early learners develop foundational skills in learning and understanding how to solve problems using the engineering design process.,,2021-06-28T15:45:28+00:00
Topic,1.5.4.1,SC4.1,Demonstrate engineering design skills (SKB),,2021-06-28T15:45:28+00:00
Age Range,1.5.4.1.1,,Infant,,2021-06-28T15:45:28+00:00
Indicator,1.5.4.1.1.1,,Demonstrate an interest in human made objects,,2021-06-28T15:45:28+00:00
Indicator,1.5.4.1.1.2,,Explore and manipulate human made objects,,2021-06-28T15:45:28+00:00
Age Range,1.5.4.1.2,,Younger Toddler,,2021-06-28T15:45:28+00:00
Indicator,1.5.4.1.2.1,,Test limits of the environment,,2021-06-28T15:45:28+00:00
Indicator,1.5.4.1.2.2,,Begin to construct and deconstruct using readily available materials,,2021-06-28T15:45:28+00:00
Age Range,1.5.4.1.3,,Older Toddler,,2021-06-28T15:45:28+00:00
Indicator,1.5.4.1.3.1,,Use tools to serve a purpose or solve a problem,,2021-06-28T15:45:28+00:00
Indicator,1.5.4.1.3.2,,Notice whether the solution was successful,,2021-06-28T15:45:28+00:00
Indicator,1.5.4.1.3.3,,Use complex motions to play with simple machines,,2021-06-28T15:45:28+00:00
Age Range,1.5.4.1.4,,Younger Preschool,,2021-06-28T15:45:28+00:00
Indicator,1.5.4.1.4.1,,Identify a problem or need and create a plan to solve,,2021-06-28T15:45:28+00:00
Indicator,1.5.4.1.4.2,,Use nearby objects that function as simple machines to enhance play&nbsp;,,2021-06-28T15:45:28+00:00
Age Range,1.5.4.1.5,,Older Preschool,,2021-06-28T15:45:28+00:00
Indicator,1.5.4.1.5.1,,Select materials and implement a designated plan ,,2021-06-28T15:45:28+00:00
Indicator,1.5.4.1.5.2,,Evaluate and communicate solution outcomes,,2021-06-28T15:45:28+00:00
Indicator,1.5.4.1.5.3,,Use nearby objects to create simple machines to enhance play,,2021-06-28T15:45:28+00:00
Age Range,1.5.4.1.6,,Kindergarten Standards,,2021-06-28T15:45:28+00:00
Default,1.5.4.1.6.1,,"K-2.E.1:&nbsp; Pose questions, make observations, and obtain information about a situation people want to change.&nbsp; Use this data to define a simple problem that can be solved through the construction of a new or improved object or tool.",,2021-06-28T15:45:28+00:00
Default,1.5.4.1.6.2,,"K-2.E.2:&nbsp; Develop a simple sketch, drawing, or physical model to illustrate and investigate how the shape of an object helps it function as needed to solve an identified problem.",,2021-06-28T15:45:28+00:00
Default,1.5.4.1.6.3,,K-2.E.3:&nbsp; Analyze data from the investigation of two objects constructed to solve the same problem to compare the strengths and weaknesses of how each performs.,,2021-06-28T15:45:28+00:00
Foundation,1.5.5,SC5,<b>Scientific Inquiry and Method: </b>Early learners develop foundational skills in learning and understanding about the world around them through exploration and investigation. ,,2021-06-28T15:45:28+00:00
Topic,1.5.5.1,SC5.1, Demonstrate scientific curiosity,,2021-06-28T15:45:28+00:00
Age Range,1.5.5.1.1,,Infant,,2021-06-28T15:45:28+00:00
Indicator,1.5.5.1.1.1,,"Observe and show interest in objects, organisms, and events in the environment",,2021-06-28T15:45:28+00:00
Indicator,1.5.5.1.1.2,,Actively explore the environment,,2021-06-28T15:45:28+00:00
Indicator,1.5.5.1.1.3,,Repeat actions that causes an interesting effect ,,2021-06-28T15:45:28+00:00
Age Range,1.5.5.1.2,,Younger Toddler,,2021-06-28T15:45:28+00:00
Indicator,1.5.5.1.2.1,,Demonstrate curiosity,,2021-06-28T15:45:28+00:00
Indicator,1.5.5.1.2.2,,Actively explore the environment ,,2021-06-28T15:45:28+00:00
Indicator,1.5.5.1.2.3,,Solve problems using trial and error,,2021-06-28T15:45:28+00:00
Age Range,1.5.5.1.3,,Older Toddler,,2021-06-28T15:45:28+00:00
Indicator,1.5.5.1.3.1,,Demonstrate curiosity and ask for more information,,2021-06-28T15:45:28+00:00
Indicator,1.5.5.1.3.2,,Use tools to explore the environment ,,2021-06-28T15:45:28+00:00
Age Range,1.5.5.1.4,,Younger Preschool,,2021-06-28T15:45:28+00:00
Indicator,1.5.5.1.4.1,,Observe with a focus on details,,2021-06-28T15:45:28+00:00
Indicator,1.5.5.1.4.2,,Use simple tools to extend investigations,,2021-06-28T15:45:28+00:00
Indicator,1.5.5.1.4.3,,Identify self and/or own actions as scientific ,,2021-06-28T15:45:28+00:00
Age Range,1.5.5.1.5,,Older Preschool,,2021-06-28T15:45:28+00:00
Indicator,1.5.5.1.5.1,,Discuss ways that people can affect the environment in positive and negative ways,,2021-06-28T15:45:28+00:00
Indicator,1.5.5.1.5.2,,Independently use simple tools to conduct an investigation to increase understanding,,2021-06-28T15:45:28+00:00
Indicator,1.5.5.1.5.3,,Engage in a scientific experiment with peers,,2021-06-28T15:45:28+00:00
Indicator,1.5.5.1.5.4,,Communicate results of an investigation ,,2021-06-28T15:45:28+00:00
Age Range,1.5.5.1.6,,Kindergarten,,2021-06-28T15:45:28+00:00
Default,1.5.5.1.6.1,,"K-2.E.1:&nbsp; Pose questions, make observations, and obtain information about a situation people want to change.&nbsp; Use this data to define a simple problem that can be solved through the construction of a new or improved object or tool.",,2021-06-28T15:45:28+00:00
Default,1.5.5.1.6.2,,"K-2.E.2:&nbsp; Develop a simple sketch, drawing, or physical model to illustrate and investigate how the shape of an object helps it function as needed to solve an identified problem.",,2021-06-28T15:45:28+00:00
Default,1.5.5.1.6.3,,K-2.E.3:&nbsp; Analyze data from the investigation of two objects constructed to solve the same problem to compare the strengths and weaknesses of how each performs.,,2021-06-28T15:45:28+00:00
Default,1.5.5.1.6.4,,SEPS.1:&nbsp; A practice of science is posing and refining questions that lead to descriptions and explanations of how the natural and designed world(s) work and these questions can be scientifically tested.&nbsp; Engineering questions clarify problems to determine criteria for possible solutions and identify constraints to solve problems about the designed world.,,2021-06-28T15:45:28+00:00
Content Area,1.6,,Social Studies ,,2021-06-28T15:45:28+00:00
Foundation,1.6.1,SS1,<b>Self: </b>Early learners develop foundational skills in learning and understanding the concept of self within the context of their family and community. ,,2021-06-28T15:45:28+00:00
Topic,1.6.1.1,SS1.1,Demonstrate development of self ,,2021-06-28T15:45:28+00:00
Age Range,1.6.1.1.1,,Infant,,2021-06-28T15:45:28+00:00
Indicator,1.6.1.1.1.1,,Respond to celebrations and other cultural events if observed,,2021-06-28T15:45:28+00:00
Indicator,1.6.1.1.1.2,,Engage in onlooker play,,2021-06-28T15:45:28+00:00
Indicator,1.6.1.1.1.3,,Begin to separate self from others,,2021-06-28T15:45:28+00:00
Indicator,1.6.1.1.1.4,,Show affection and bonds with familiar adults,,2021-06-28T15:45:28+00:00
Age Range,1.6.1.1.2,,Younger Toddler,,2021-06-28T15:45:28+00:00
Indicator,1.6.1.1.2.1,,Participate in celebrations and other cultural events if observed,,2021-06-28T15:45:28+00:00
Indicator,1.6.1.1.2.2,,Begin to demonstrate a sense of belonging to a group by engaging in parallel play,,2021-06-28T15:45:28+00:00
Indicator,1.6.1.1.2.3,,Begin to notice differences in others,,2021-06-28T15:45:28+00:00
Indicator,1.6.1.1.2.4,,Use simple words to show recognition of family members and familiar adults,,2021-06-28T15:45:28+00:00
Age Range,1.6.1.1.3,,Older Toddler,,2021-06-28T15:45:28+00:00
Indicator,1.6.1.1.3.1,,"Participate in and imitate celebrations and other cultural events for family, peers, and community if observed",,2021-06-28T15:45:28+00:00
Indicator,1.6.1.1.3.2,,Begin to demonstrate a sense of belonging to a group by engaging in associative play,,2021-06-28T15:45:28+00:00
Indicator,1.6.1.1.3.3,,Begin to gesture and ask simple questions regarding differences and/or similarities between self and others,,2021-06-28T15:45:28+00:00
Age Range,1.6.1.1.4,,Younger Preschool,,2021-06-28T15:45:28+00:00
Indicator,1.6.1.1.4.1,,"Participate in and describe own family, community, and cultural celebrations if observed",,2021-06-28T15:45:28+00:00
Indicator,1.6.1.1.4.2,,"Begin to assimilate family, community, and cultural events in cooperative play",,2021-06-28T15:45:28+00:00
Indicator,1.6.1.1.4.3,,Use simple phrases to demonstrate an awareness of differences and/or similarities between self and others,,2021-06-28T15:45:28+00:00
Age Range,1.6.1.1.5,,Older Preschool,,2021-06-28T15:45:28+00:00
Indicator,1.6.1.1.5.1,,"Participate in and describe local, state, and national events and celebrations if observed",,2021-06-28T15:45:28+00:00
Indicator,1.6.1.1.5.2,,Identify/honor key people in history,,2021-06-28T15:45:28+00:00
Indicator,1.6.1.1.5.3,,"Assimilate family, community, and cultural cooperative play",,2021-06-28T15:45:28+00:00
Indicator,1.6.1.1.5.4,,"Build awareness, respect, and acceptance for differences in people and acknowledge connections",,2021-06-28T15:45:28+00:00
Age Range,1.6.1.1.6,,Kindergarten Standard,,2021-06-28T15:45:28+00:00
Indicator,1.6.1.1.6.1,,"K.1.2: Identify ways by which
people, heritage, and events
are commemorated and
recognized.",,2021-06-28T15:45:28+00:00
Indicator,1.6.1.1.6.2,,K.2.4: Give examples of how to be a responsible family member and member of a group.,,2021-06-28T15:45:28+00:00
Indicator,1.6.1.1.6.3,,"K.3.6: Identify and compare similarities and differences in families, classmates, neighbors and neighborhood, and ethnic and cultural groups.",,2021-06-28T15:45:28+00:00
Foundation,1.6.2,SS2,<b>History and Events: </b>Early learners develop foundational skills in learning and understanding the passage of time and the foundations and functions of government or authority.&nbsp;,,2021-06-28T15:45:28+00:00
Topic,1.6.2.1,SS2.1,Demonstrate awareness of chronological thinking and personal historical knowledge,,2021-06-28T15:45:28+00:00
Age Range,1.6.2.1.1,,Infant,,2021-06-28T15:45:28+00:00
Default,1.6.2.1.1.1,,Participate in daily routines with caregivers (e.g. diaper changes and feeding),,2021-06-28T15:45:28+00:00
Default,1.6.2.1.1.2,,Begin to recall the effects of certain causes (e.g. crying results in caregiver response),,2021-06-28T15:45:28+00:00
Age Range,1.6.2.1.2,,Younger Toddler,,2021-06-28T15:45:28+00:00
Indicator,1.6.2.1.2.1,,Adapt to changes in routine and/or schedule,,2021-06-28T15:45:28+00:00
Indicator,1.6.2.1.2.2,,Anticipate events,,2021-06-28T15:45:28+00:00
Indicator,1.6.2.1.2.3,,Respond to stories about time and age,,2021-06-28T15:45:28+00:00
Age Range,1.6.2.1.3,,Older Toddler,,2021-06-28T15:45:28+00:00
Indicator,1.6.2.1.3.1,,Begin to recognize the sequence of events as part of a daily routine ,,2021-06-28T15:45:28+00:00
Indicator,1.6.2.1.3.2,,Begin to recall information from recent experiences,,2021-06-28T15:45:28+00:00
Age Range,1.6.2.1.4,,Younger Preschool,,2021-06-28T15:45:28+00:00
Indicator,1.6.2.1.4.1,,Recognize the sequence of events as part of a daily routine and as it relates to the passage of time,,2021-06-28T15:45:28+00:00
Indicator,1.6.2.1.4.2,,Begin to communicate concepts of time&nbsp;,,2021-06-28T15:45:28+00:00
Age Range,1.6.2.1.5,,Older Preschool,,2021-06-28T15:45:28+00:00
Indicator,1.6.2.1.5.1,,Demonstrate an understanding of time in the context of daily experiences and understand that the passage of time can be measured,,2021-06-28T15:45:28+00:00
Indicator,1.6.2.1.5.2,,Begin to understand how time is measured ,,2021-06-28T15:45:28+00:00
Indicator,1.6.2.1.5.3,,Demonstrate the awareness of change over time,,2021-06-28T15:45:28+00:00
Age Range,1.6.2.1.6,,Kindergarten Standard,,2021-06-28T15:45:28+00:00
Indicator,1.6.2.1.6.1,,K.1.4: Explain that calendars are used to represent the days of the week and months of the year.,,2021-06-28T15:45:28+00:00
Indicator,1.6.2.1.6.2,,K.1.1: Compare children and families of today with those from the past.,,2021-06-28T15:45:28+00:00
Topic,1.6.2.2,SS2.4,Demonstrate awareness of the foundations and functions of government or authority,,2021-06-28T15:45:28+00:00
Age Range,1.6.2.2.1,,Infant,,2021-06-28T15:45:28+00:00
Indicator,1.6.2.2.1.1,,"Demonstrate comfort in familiar routines, objects, and materials",,2021-06-28T15:45:28+00:00
Indicator,1.6.2.2.1.2,,Respond to adult guidance about behavior ,,2021-06-28T15:45:28+00:00
Age Range,1.6.2.2.2,,Younger Toddler ,,2021-06-28T15:45:28+00:00
Indicator,1.6.2.2.2.1,,Begin to understand and follow basic guidance,,2021-06-28T15:45:28+00:00
Age Range,1.6.2.2.3,,Older Toddler,,2021-06-28T15:45:28+00:00
Indicator,1.6.2.2.3.1,,Begin to recognize familiar aspects of community or cultural symbols,,2021-06-28T15:45:28+00:00
Indicator,1.6.2.2.3.2,,Begin to demonstrate an understanding of rules,,2021-06-28T15:45:28+00:00
Age Range,1.6.2.2.4,,Younger Preschool,,2021-06-28T15:45:28+00:00
Indicator,1.6.2.2.4.1,,Identify leaders and helpers in the home or early learning environment,,2021-06-28T15:45:28+00:00
Indicator,1.6.2.2.4.2,,Recognize familiar aspects of the community or cultural symbols,,2021-06-28T15:45:28+00:00
Indicator,1.6.2.2.4.3,,"Begin to demonstrate an understanding of rules in the home and early learning environment, and the purposes they serve",,2021-06-28T15:45:28+00:00
Age Range,1.6.2.2.5,,Older Preschool,,2021-06-28T15:45:28+00:00
Indicator,1.6.2.2.5.1,,"Identify leaders and community helpers at home, school, and in environments",,2021-06-28T15:45:28+00:00
Indicator,1.6.2.2.5.2,,"Identify symbolic objects and pictures of local, state, and/or national symbols",,2021-06-28T15:45:28+00:00
Indicator,1.6.2.2.5.3,,"Demonstrate an understanding of rules in the home, school environment, and the purposes they serve ",,2021-06-28T15:45:28+00:00
Age Range,1.6.2.2.6,,Kindergarten Standard,,2021-06-28T15:45:28+00:00
Indicator,1.6.2.2.6.1,,K.2.3: Give examples of classroom and school rules and explain the importance of following these rules to ensure order and safety.,,2021-06-28T15:45:28+00:00
Indicator,1.6.2.2.6.2,,K.2.1: Give examples of people who are community helpers and leaders and describe how they help us,,2021-06-28T15:45:28+00:00
Indicator,1.6.2.2.6.3,,K.2.2: Identify and explain that the President of the United States is the leader of our country and that the American flag is a symbol of the United States.,,2021-06-28T15:45:28+00:00
Foundation,1.6.3,SS3,<b>Geography: </b>Early learners develop foundational skills in learning and understanding the world in spatial terms and the relationship between humans and the environment.&nbsp;,,2021-06-28T15:45:28+00:00
Topic,1.6.3.1,SS3.1,Demonstrate awareness of the world in spatial terms ,,2021-06-28T15:45:28+00:00
Age Range,1.6.3.1.1,,Infant,,2021-06-28T15:45:28+00:00
Indicator,1.6.3.1.1.1,,Begin to discover use of body and objects in the environment,,2021-06-28T15:45:28+00:00
Age Range,1.6.3.1.2,,Younger Toddler,,2021-06-28T15:45:28+00:00
Indicator,1.6.3.1.2.1,,Begin to respond to simple location terms,,2021-06-28T15:45:28+00:00
Indicator,1.6.3.1.2.2,,Use a variety of materials to represent familiar objects,,2021-06-28T15:45:28+00:00
Age Range,1.6.3.1.3,,Older Toddler,,2021-06-28T15:45:28+00:00
Indicator,1.6.3.1.3.1,,Begin to use simple location terms,,2021-06-28T15:45:28+00:00
Indicator,1.6.3.1.3.2,,Experiment with materials to represent objects in play,,2021-06-28T15:45:28+00:00
Age Range,1.6.3.1.4,,Younger Preschool,,2021-06-28T15:45:28+00:00
Indicator,1.6.3.1.4.1,,"Identify location, directionality, and spatial relationships ",,2021-06-28T15:45:28+00:00
Indicator,1.6.3.1.4.2,,Begin to create simple representations of a familiar physical environment,,2021-06-28T15:45:28+00:00
Age Range,1.6.3.1.5,,Older Preschool,,2021-06-28T15:45:28+00:00
Indicator,1.6.3.1.5.1,,"Develop concepts and describe location, directionality, and spatial relationships",,2021-06-28T15:45:28+00:00
Indicator,1.6.3.1.5.2,,Engage in play where one item represents another ,,2021-06-28T15:45:28+00:00
Age Range,1.6.3.1.6,,Kindergarten Standard,,2021-06-28T15:45:28+00:00
Indicator,1.6.3.1.6.1,,"K.3.1: Use words related to location, direction and distance, including here/there over/under, left/right, above/below, forward/backward and between.",,2021-06-28T15:45:28+00:00
Indicator,1.6.3.1.6.2,,"K.3.2: Identify maps and
globes as ways of representing
Earth and understand the basic
difference between a map and
globe, including the difference
in water/oceans and
land/continents.",,2021-06-28T15:45:28+00:00
Topic,1.6.3.2,SS3.2,Demonstrate awareness of places and regions ,,2021-06-28T15:45:28+00:00
Age Range,1.6.3.2.1,,Infant,,2021-06-28T15:45:28+00:00
Indicator,1.6.3.2.1.1,,Explore the immediate environment,,2021-06-28T15:45:28+00:00
Age Range,1.6.3.2.2,,Younger Toddler,,2021-06-28T15:45:28+00:00
Indicator,1.6.3.2.2.1,,Recognize parts of surroundings,,2021-06-28T15:45:28+00:00
Indicator,1.6.3.2.2.2,,Look toward location where familiar objects are stored with the expectation of finding them,,2021-06-28T15:45:28+00:00
Age Range,1.6.3.2.3,,Older Toddler,,2021-06-28T15:45:28+00:00
Indicator,1.6.3.2.3.1,,Describe the characteristics of home and surroundings,,2021-06-28T15:45:28+00:00
Indicator,1.6.3.2.3.2,,Know the location of objects and places in familiar environments,,2021-06-28T15:45:28+00:00
Age Range,1.6.3.2.4,,Younger Preschool,,2021-06-28T15:45:28+00:00
Indicator,1.6.3.2.4.1,,"Identify and describe prominent features of the early learning environment, neighborhood, and community",,2021-06-28T15:45:28+00:00
Indicator,1.6.3.2.4.2,,Begin to learn knowledge of personal and geographic information,,2021-06-28T15:45:28+00:00
Age Range,1.6.3.2.5,,Older Preschool,,2021-06-28T15:45:28+00:00
Indicator,1.6.3.2.5.1,,Use words to describe natural and manmade features of locations,,2021-06-28T15:45:28+00:00
Indicator,1.6.3.2.5.2,,Become familiar with information about where they live and understand what an address is,,2021-06-28T15:45:28+00:00
Age Range,1.6.3.2.6,,Kindergarten Standard,,2021-06-28T15:45:28+00:00
Indicator,1.6.3.2.6.1,,"K.3.3: Locate and describe
places in the school and
community using words such
as here/there, over/under,
left/right, above/below,
forward/backward, and
between.",,2021-06-28T15:45:28+00:00
Indicator,1.6.3.2.6.2,,K.3.4: Identify and describe the address and location of school; understand the importance of an address.,,2021-06-28T15:45:28+00:00
Topic,1.6.3.3,SS3.3,Demonstrate awareness of environment and society,,2021-06-28T15:45:28+00:00
Age Range,1.6.3.3.1,,Younger Toddler,,2021-06-28T15:45:28+00:00
Indicator,1.6.3.3.1.1,,Show interest in various aspects of the environment,,2021-06-28T15:45:28+00:00
Age Range,1.6.3.3.2,,Older Toddler ,,2021-06-28T15:45:28+00:00
Indicator,1.6.3.3.2.1,,Explore characteristics and ask questions about aspects of the environment,,2021-06-28T15:45:28+00:00
Age Range,1.6.3.3.3,,Younger Preschool,,2021-06-28T15:45:28+00:00
Indicator,1.6.3.3.3.1,,Begin to understand the relationship between humans and the environment,,2021-06-28T15:45:28+00:00
Age Range,1.6.3.3.4,,Older Preschool,,2021-06-28T15:45:28+00:00
Indicator,1.6.3.3.4.1,,Begin to describe the reciprocal relationship between humans and the environment,,2021-06-28T15:45:28+00:00
Age Range,1.6.3.3.5,,Kindergarten Standard,,2021-06-28T15:45:28+00:00
Indicator,1.6.3.3.5.1,,"K.3.7: Recommend ways that people can improve their environment at home, in school, and in the neighborhood.",,2021-06-28T15:45:28+00:00
Foundation,1.6.4,SS4,"<b>Economics: </b>Early learners develop foundational skills in learning and understanding the functions of an economy, the way people spend money and the way people make money.",,2021-06-28T15:45:28+00:00
Topic,1.6.4.1,SS4.1,"Demonstrate awareness of economics, spending and making money",,2021-06-28T15:45:28+00:00
Age Range,1.6.4.1.1,,Infant,,2021-06-28T15:45:28+00:00
Indicator,1.6.4.1.1.1,,Demonstrate preference for specific objects and people,,2021-06-28T15:45:28+00:00
Age Range,1.6.4.1.2,,Younger Toddler ,,2021-06-28T15:45:28+00:00
Indicator,1.6.4.1.2.1,,Communicate desire for objects and/or persons that are in the early learning environment or home,,2021-06-28T15:45:28+00:00
Indicator,1.6.4.1.2.2,,Imitate familiar roles and routines,,2021-06-28T15:45:28+00:00
Age Range,1.6.4.1.3,,Older Toddler,,2021-06-28T15:45:28+00:00
Indicator,1.6.4.1.3.1,,Use props related to buying and selling items during play,,2021-06-28T15:45:28+00:00
Indicator,1.6.4.1.3.2,,Communicate wants and needs,,2021-06-28T15:45:28+00:00
Indicator,1.6.4.1.3.3,,Recognize various familiar workers in the community,,2021-06-28T15:45:28+00:00
Indicator,1.6.4.1.3.4,,Begin to role play different jobs,,2021-06-28T15:45:28+00:00
Age Range,1.6.4.1.4,,Younger Preschool,,2021-06-28T15:45:28+00:00
Indicator,1.6.4.1.4.1,,Begin to understand the purpose of money and concepts of buying and selling through play,,2021-06-28T15:45:28+00:00
Indicator,1.6.4.1.4.2,,Develop an awareness that people work for money in order to provide for basic needs,,2021-06-28T15:45:28+00:00
Indicator,1.6.4.1.4.3,,Develop an awareness of the roles of various familiar community helpers/workers,,2021-06-28T15:45:28+00:00
Indicator,1.6.4.1.4.4,,Act out adult social roles and occupations,,2021-06-28T15:45:28+00:00
Age Range,1.6.4.1.5,,Older Preschool,,2021-06-28T15:45:28+00:00
Indicator,1.6.4.1.5.1,,Begin to understand the purpose of money and concepts of buying and selling through play,,2021-06-28T15:45:28+00:00
Indicator,1.6.4.1.5.2,,Develop an awareness that people work for money in order to provide for basic needs,,2021-06-28T15:45:28+00:00
Indicator,1.6.4.1.5.3,,Describe community helpers/workers in terms of tools/equipment they use and services/products they provide,,2021-06-28T15:45:28+00:00
Indicator,1.6.4.1.5.4,,Act out adult social roles and occupations,,2021-06-28T15:45:28+00:00
Age Range,1.6.4.1.6,,Kindergarten Standard,,2021-06-28T15:45:28+00:00
Indicator,1.6.4.1.6.1,,"K.4.1: Explain that people work
to earn money to buy the
things they want.",,2021-06-28T15:45:28+00:00
Indicator,1.6.4.1.6.2,,K.4.2: Identify and describe different kinds of jobs that people do and the tools or equipment used in these jobs.,,2021-06-28T15:45:28+00:00
Indicator,1.6.4.1.6.3,,K.4.4: Give examples of work activities that people do at home and at jobs.,,2021-06-28T15:45:28+00:00
Foundation,1.6.5,SS5,<b>Citizenship: </b>Early learners develop foundational skills in understanding cooperative behavior as a member of a learning community and a larger society.,,2021-06-28T15:45:28+00:00
Topic,1.6.5.1,SS5.1, Demonstrate awareness of citizenship ,,2021-06-28T15:45:28+00:00
Age Range,1.6.5.1.1,,Infant,,2021-06-28T15:45:28+00:00
Indicator,1.6.5.1.1.1,,Interact with the environment to make needs known,,2021-06-28T15:45:28+00:00
Age Range,1.6.5.1.2,,Younger Toddler,,2021-06-28T15:45:28+00:00
Indicator,1.6.5.1.2.1,,Observe others carrying out routines and responsibilities and begin to imitate,,2021-06-28T15:45:28+00:00
Indicator,1.6.5.1.2.2,,Make choices known,,2021-06-28T15:45:28+00:00
Age Range,1.6.5.1.3,,Older Toddler,,2021-06-28T15:45:28+00:00
Indicator,1.6.5.1.3.1,,Participate in simple routines with adult support,,2021-06-28T15:45:28+00:00
Indicator,1.6.5.1.3.2,,Identify preferences,,2021-06-28T15:45:28+00:00
Age Range,1.6.5.1.4,,Younger Preschool,,2021-06-28T15:45:28+00:00
Indicator,1.6.5.1.4.1,,Assist adults with daily routines and responsibilities,,2021-06-28T15:45:28+00:00
Indicator,1.6.5.1.4.2,,Choose simple daily tasks from a list of classroom jobs,,2021-06-28T15:45:28+00:00
Indicator,1.6.5.1.4.3,,Begin to initiate helping tasks,,2021-06-28T15:45:28+00:00
Indicator,1.6.5.1.4.4,,Demonstrate an understanding of how voting works,,2021-06-28T15:45:28+00:00
Indicator,1.6.5.1.4.5,,Recognize unfairness and understand that it hurts,,2021-06-28T15:45:28+00:00
Age Range,1.6.5.1.5,,Older Preschool,,2021-06-28T15:45:28+00:00
Indicator,1.6.5.1.5.1,,Demonstrate willingness to work together to accomplish tasks ,,2021-06-28T15:45:28+00:00
Indicator,1.6.5.1.5.2,,"Identify simple tasks within the home, early childhood setting, or community",,2021-06-28T15:45:28+00:00
Indicator,1.6.5.1.5.3,,Provide leadership in completing daily tasks,,2021-06-28T15:45:28+00:00
Indicator,1.6.5.1.5.4,,Demonstrate an understanding of the outcome of a vote,,2021-06-28T15:45:28+00:00
Indicator,1.6.5.1.5.5,,Recognize and have language to describe unfairness (injustice) and understand that unfairness hurts,,2021-06-28T15:45:28+00:00
Age Range,1.6.5.1.6,,Kindergarten Standard,,2021-06-28T15:45:28+00:00
Indicator,1.6.5.1.6.1,,"K.2.4:&nbsp;Give examples of how to
be a responsible family
member and member of a
group.",,2021-06-28T15:45:28+00:00
Content Area,1.7,,Creative Arts,,2021-06-28T15:45:28+00:00
Foundation,1.7.1,CA1,"<b>Music: </b>Early learners develop foundational skills that support creative expression through voice, instruments, and objects. ",,2021-06-28T15:45:28+00:00
Topic,1.7.1.1,CA1.1,Demonstrate creative music expression (SKB),,2021-06-28T15:45:28+00:00
Age Range,1.7.1.1.1,,Infant,,2021-06-28T15:45:28+00:00
Indicator,1.7.1.1.1.1,,Respond to music by moving own body,,2021-06-28T15:45:28+00:00
Indicator,1.7.1.1.1.2,,Experiment with vocalizations and sounds,,2021-06-28T15:45:28+00:00
Indicator,1.7.1.1.1.3,,React to familiar songs or music,,2021-06-28T15:45:28+00:00
Indicator,1.7.1.1.1.4,,Participate in diverse musical genres and styles,,2021-06-28T15:45:28+00:00
Age Range,1.7.1.1.2,,Younger Toddler,,2021-06-28T15:45:28+00:00
Indicator,1.7.1.1.2.1,,Respond to music by moving own body,,2021-06-28T15:45:28+00:00
Indicator,1.7.1.1.2.2,,Imitate sounds using voice or objects,,2021-06-28T15:45:28+00:00
Indicator,1.7.1.1.2.3,,Sing along to familiar songs,,2021-06-28T15:45:28+00:00
Indicator,1.7.1.1.2.4,,Respond to rhythmic patterns with objects,,2021-06-28T15:45:28+00:00
Indicator,1.7.1.1.2.5,,Participate in diverse musical genres and styles,,2021-06-28T15:45:28+00:00
Age Range,1.7.1.1.3,,Older Toddler,,2021-06-28T15:45:28+00:00
Indicator,1.7.1.1.3.1,,Respond to music by moving own body,,2021-06-28T15:45:28+00:00
Indicator,1.7.1.1.3.2,,"Experiment with vocalizations, sounds, and musical instruments",,2021-06-28T15:45:28+00:00
Indicator,1.7.1.1.3.3,,Initiate singing a song repeatedly,,2021-06-28T15:45:28+00:00
Indicator,1.7.1.1.3.4,,Make rhythmic patterns to familiar songs,,2021-06-28T15:45:28+00:00
Indicator,1.7.1.1.3.5,,Participate in diverse musical genres and styles,,2021-06-28T15:45:28+00:00
Age Range,1.7.1.1.4,,Younger Preschool,,2021-06-28T15:45:28+00:00
Indicator,1.7.1.1.4.1,,Listen and respond to music,,2021-06-28T15:45:28+00:00
Indicator,1.7.1.1.4.2,,Participate in experiences with musical instruments and singing to express creativity,,2021-06-28T15:45:28+00:00
Indicator,1.7.1.1.4.3,,Sing songs that use the voice in a variety of ways,,2021-06-28T15:45:28+00:00
Indicator,1.7.1.1.4.4,,Produce rhythmic patterns in music,,2021-06-28T15:45:28+00:00
Indicator,1.7.1.1.4.5,,Describe feelings and reactions in response to diverse musical genres and styles,,2021-06-28T15:45:28+00:00
Age Range,1.7.1.1.5,,Older Preschool,,2021-06-28T15:45:28+00:00
Indicator,1.7.1.1.5.1,,Respond to changes heard in music,,2021-06-28T15:45:28+00:00
Indicator,1.7.1.1.5.2,,"Use familiar rhymes, songs, chants, and musical instruments to express creativity",,2021-06-28T15:45:28+00:00
Indicator,1.7.1.1.5.3,,Sing songs that use the voice in a variety of ways,,2021-06-28T15:45:28+00:00
Indicator,1.7.1.1.5.4,,Respond to rhythmic patterns in music ,,2021-06-28T15:45:28+00:00
Indicator,1.7.1.1.5.5,,Describe feelings and reactions in response to diverse musical genres and styles,,2021-06-28T15:45:28+00:00
Age Range,1.7.1.1.6,,Kindergarten to Grade 2 Standard,,2021-06-28T15:45:28+00:00
Indicator,1.7.1.1.6.1,,"<span id=""docs-internal-guid-0006d6c8-7fff-17ad-055a-3b7a7ce908ac""><p dir=""ltr"" style=""line-height:1.2;margin-top:0pt;margin-bottom:0pt;""><span style=""font-variant-numeric: normal; font-variant-east-asian: normal; vertical-align: baseline;"">K-2(LR.5.2.1) </span>Demonstrate music's expressive qualities (such as louder/softer, higher/lower, faster/slower, same/different) using music vocabulary</p><div><span style=""font-size: 9pt; font-family: Calibri, sans-serif; background-color: transparent; font-variant-numeric: normal; font-variant-east-asian: normal; vertical-align: baseline; white-space: pre-wrap;""><br></span></div></span>",,2021-06-28T15:45:28+00:00
Indicator,1.7.1.1.6.2,,"<span id=""docs-internal-guid-708757d6-7fff-5b37-aa12-a9ec8cb5c6e9""><p dir=""ltr"" style=""line-height:1.2;margin-top:0pt;margin-bottom:0pt;""><span style=""font-variant-numeric: normal; font-variant-east-asian: normal; vertical-align: baseline;"">K-2(LR.4.2.1) </span>Audiate and accurately speak or sing familiar and unfamiliar rhymes and songs with varied forms, tempi, meters, and/or tonalities.</p><div><span style=""font-size: 9pt; font-family: Calibri, sans-serif; background-color: transparent; font-variant-numeric: normal; font-variant-east-asian: normal; vertical-align: baseline; white-space: pre-wrap;""><br></span></div></span>",,2021-06-28T15:45:28+00:00
Indicator,1.7.1.1.6.3,,"<span id=""docs-internal-guid-189601b5-7fff-1e3b-cf77-eb7fc0de038c""><span style=""font-variant-numeric: normal; font-variant-east-asian: normal; vertical-align: baseline;"">K-2(P.8.2.1) Accurately play a variety of classroom instruments alone and with others using appropriate technique.</span></span>",,2021-06-28T15:45:28+00:00
Indicator,1.7.1.1.6.4,,"<span id=""docs-internal-guid-7eec173c-7fff-9bac-93c9-be246ff3c588""><p dir=""ltr"" style=""line-height:1.2;margin-top:0pt;margin-bottom:0pt;""><span style=""font-variant-numeric: normal; font-variant-east-asian: normal; vertical-align: baseline;"">K-2(CN.2.2.1)&nbsp;</span>Identify music concepts and explore ways they are used in other disciplines.</p><div><span style=""font-size: 9pt; font-family: Calibri, sans-serif; background-color: transparent; font-variant-numeric: normal; font-variant-east-asian: normal; vertical-align: baseline; white-space: pre-wrap;""><br></span></div></span>",,2021-06-28T15:45:28+00:00
Indicator,1.7.1.1.6.5,,"<span id=""docs-internal-guid-1cc5d6cf-7fff-db76-87b1-eefd7f934780""><p dir=""ltr"" style=""line-height:1.2;margin-top:0pt;margin-bottom:0pt;""><span style=""font-variant-numeric: normal; font-variant-east-asian: normal; vertical-align: baseline;"">K-2(Cn.3.2.1) </span>Apply a varied repertoire of music representing genres and styles from diverse world cultures by singing, moving, playing, and demonstrating audience behavior appropriate for the context and style of the music performed. </p><div><span style=""font-size: 9pt; font-family: Calibri, sans-serif; background-color: transparent; font-variant-numeric: normal; font-variant-east-asian: normal; vertical-align: baseline; white-space: pre-wrap;""><br></span></div></span>",,2021-06-28T15:45:28+00:00
Foundation,1.7.2,CA2,<b>Dance: </b>Early learners develop foundational skills that support creative expression through movement.  ,,2021-06-28T15:45:28+00:00
Topic,1.7.2.1,CA2.1,Demonstrate creative movement expression,,2021-06-28T15:45:28+00:00
Age Range,1.7.2.1.1,,Infant,,2021-06-28T15:45:28+00:00
Indicator,1.7.2.1.1.1,,Respond to music with body movements,,2021-06-28T15:45:28+00:00
Age Range,1.7.2.1.2,,Younger Toddler,,2021-06-28T15:45:28+00:00
Indicator,1.7.2.1.2.1,,Use whole body to respond to music,,2021-06-28T15:45:28+00:00
Age Range,1.7.2.1.3,,Older Toddler,,2021-06-28T15:45:28+00:00
Indicator,1.7.2.1.3.1,,Use dance for self-expression,,2021-06-28T15:45:28+00:00
Age Range,1.7.2.1.4,,Younger Preschool,,2021-06-28T15:45:28+00:00
Indicator,1.7.2.1.4.1,,Convey ideas and emotions through creative movement expression (with or without music),,2021-06-28T15:45:28+00:00
Age Range,1.7.2.1.5,,Older Preschool,,2021-06-28T15:45:28+00:00
Indicator,1.7.2.1.5.1,,Convey ideas and emotions through creative movement expression (with or without music),,2021-06-28T15:45:28+00:00
Indicator,1.7.2.1.5.2,,"Purposefully select movements that communicate ideas, thoughts, and feelings",,2021-06-28T15:45:28+00:00
Age Range,1.7.2.1.6,,Kindergarten Standard,,2021-06-28T15:45:28+00:00
Indicator,1.7.2.1.6.1,,"<span id=""docs-internal-guid-0c76ed6d-7fff-c66d-e69a-c169b8fe5f50""><span style=""font-variant-numeric: normal; font-variant-east-asian: normal; vertical-align: baseline;"">K-Grade 2 Music Standard K-2(LR.6.2.3) </span></span>Identify and respond to
expressive elements of
music and demonstrate
through movement in
listening examples,
singing games and/or
simple folk dances.",,2021-06-28T15:45:28+00:00
Indicator,1.7.2.1.6.2,,"<span id=""docs-internal-guid-8bcf6e32-7fff-6637-d64e-2df67f7cfa19""><p dir=""ltr"" style=""line-height:1.2;margin-top:0pt;margin-bottom:0pt;""><span style=""font-variant-numeric: normal; font-variant-east-asian: normal; vertical-align: baseline;"">DA:Cr1.1Kb </span>Explore different ways to do basic locomotor and nonlocomotor movements by manipulating various elements of dance.</p><div><span style=""font-size: 9pt; font-family: Calibri, sans-serif; background-color: transparent; font-variant-numeric: normal; font-variant-east-asian: normal; vertical-align: baseline; white-space: pre-wrap;""><br></span></div></span>",,2021-06-28T15:45:28+00:00
Indicator,1.7.2.1.6.3,,"<span id=""docs-internal-guid-e652774a-7fff-ad24-e407-0c47f068e0b7""><p dir=""ltr"" style=""line-height:1.2;margin-top:0pt;margin-bottom:0pt;""><span style=""font-variant-numeric: normal; font-variant-east-asian: normal; vertical-align: baseline;"">DA:Pr5.1.Kc&nbsp; &nbsp;</span>Isolate and move body parts in relation to other body parts and repeat and recall movements upon request.</p></span>",,2021-06-28T15:45:28+00:00
Indicator,1.7.2.1.6.4,,"<span id=""docs-internal-guid-1a0dfe5d-7fff-fc06-da9c-9e591d2b9e6b""><p dir=""ltr"" style=""line-height:1.2;margin-top:0pt;margin-bottom:0pt;""><span style=""font-variant-numeric: normal; font-variant-east-asian: normal; vertical-align: baseline;"">DA:Cn10.1.Ka&nbsp; </span>Recognize and name an emotion that is experienced when watching, improvising, or performing dance and relate it to a personal experience or feelings. </p><div><span style=""font-size: 9pt; font-family: Calibri, sans-serif; background-color: transparent; font-variant-numeric: normal; font-variant-east-asian: normal; vertical-align: baseline; white-space: pre-wrap;""><br></span></div></span>",,2021-06-28T15:45:28+00:00
Foundation,1.7.3,CA3,"<b>Visual Arts: </b>Early learners develop foundational skills that support creative expression through the process, production, and appreciation of visual art forms.",,2021-06-28T15:45:28+00:00
Topic,1.7.3.1,CA3.1,Demonstrate creative expression through the visual art process or experience,,2021-06-28T15:45:28+00:00
Age Range,1.7.3.1.1,,Infant,,2021-06-28T15:45:28+00:00
Indicator,1.7.3.1.1.1,,Explore simple art materials,,2021-06-28T15:45:28+00:00
Age Range,1.7.3.1.2,,Younger Toddler ,,2021-06-28T15:45:28+00:00
Indicator,1.7.3.1.2.1,,Use simple art materials,,2021-06-28T15:45:28+00:00
Indicator,1.7.3.1.2.2,,Express preferences for certain art materials,,2021-06-28T15:45:28+00:00
Age Range,1.7.3.1.3,,Older Toddler ,,2021-06-28T15:45:28+00:00
Indicator,1.7.3.1.3.1,,Enjoy repetition of materials and experiences,,2021-06-28T15:45:28+00:00
Indicator,1.7.3.1.3.2,,"<span id=""docs-internal-guid-826dc2a5-7fff-a6a8-5de4-561735f0b59a""><span style=""font-variant-numeric: normal; font-variant-east-asian: normal; vertical-align: baseline;"">Begin to explore additional art materials with adult support</span></span>",,2021-06-28T15:45:28+00:00
Age Range,1.7.3.1.4,,Younger Preschool,,2021-06-28T15:45:28+00:00
Indicator,1.7.3.1.4.1,,"Use colors, lines, and shapes to communicate meaning",,2021-06-28T15:45:28+00:00
Indicator,1.7.3.1.4.2,,"<span id=""docs-internal-guid-c5d73310-7fff-9bdf-4ca9-7cd76ec29744""><span style=""font-variant-numeric: normal; font-variant-east-asian: normal; vertical-align: baseline;"">Explore various art-making processes and multiple media types with adult support</span></span>",,2021-06-28T15:45:28+00:00
Age Range,1.7.3.1.5,,Older Preschool,,2021-06-28T15:45:28+00:00
Indicator,1.7.3.1.5.1,,"Identify and use colors, lines, and shapes found in the environment and in works of art",,2021-06-28T15:45:28+00:00
Indicator,1.7.3.1.5.2,,"<span id=""docs-internal-guid-426a4195-7fff-82fd-2094-b80e8eef5ce5""><span style=""font-variant-numeric: normal; font-variant-east-asian: normal; vertical-align: baseline;"">Engage in self-directed exploration of various art-making processes and multiple media types </span></span>",,2021-06-28T15:45:28+00:00
Indicator,1.7.3.1.5.3,,Share details about why they are using specific colors or materials<br>,,2021-06-28T15:45:28+00:00
Age Range,1.7.3.1.6,,Kindergarten Standard,,2021-06-28T15:45:28+00:00
Indicator,1.7.3.1.6.1,,"<span id=""docs-internal-guid-f6aefacf-7fff-881a-ba99-04b3b37b8ac4""><span style=""font-variant-numeric: normal; font-variant-east-asian: normal; vertical-align: baseline;"">VA:Cr1.1.Ka&nbsp; Engage in exploration and imaginative play with materials.</span></span>",,2021-06-28T15:45:28+00:00
Indicator,1.7.3.1.6.2,,"<span id=""docs-internal-guid-4ce9aa0e-7fff-1698-bd95-70ec81ade565""><span style=""font-variant-numeric: normal; font-variant-east-asian: normal; vertical-align: baseline;"">VA:Cr1.2.Ka&nbsp; Engage collaboratively and/or individually in creative artmaking in response to an artistic problem. </span></span>",,2021-06-28T15:45:28+00:00
Indicator,1.7.3.1.6.3,,"<span id=""docs-internal-guid-85c6f382-7fff-a05c-4cd4-9ac4a3c31fee""><span style=""font-variant-numeric: normal; font-variant-east-asian: normal; vertical-align: baseline;"">VA:Cr2.2.Ka  Begin to identify safe and non-toxic art materials, tools, and equipment. </span></span>",,2021-06-28T15:45:28+00:00
Indicator,1.7.3.1.6.4,,"<span id=""docs-internal-guid-08995ade-7fff-3702-c9cf-c83bb443d2ab""><span style=""font-variant-numeric: normal; font-variant-east-asian: normal; vertical-align: baseline;"">VA:Cr3.1.Ka&nbsp; Explain the process of making art while creating</span></span>",,2021-06-28T15:45:28+00:00
Topic,1.7.3.2,CA3.2,Demonstrate creative expression through visual art production and presentation,,2021-06-28T15:45:28+00:00
Age Range,1.7.3.2.1,,Infant,,2021-06-28T15:45:28+00:00
Indicator,1.7.3.2.1.1,,Respond to various textures and sensory materials,,2021-06-28T15:45:28+00:00
Indicator,1.7.3.2.1.2,,<i>Also see English/Language Arts Foundation 3: Early Writing (ELA3.1)</i>,,2021-06-28T15:45:28+00:00
Age Range,1.7.3.2.2,,Younger Toddler,,2021-06-28T15:45:28+00:00
Indicator,1.7.3.2.2.1,,Explore a variety of media,,2021-06-28T15:45:28+00:00
Indicator,1.7.3.2.2.2,,<i>Also see English/Language Arts Foundation 3: Early Writing (ELA3.1)</i>,,2021-06-28T15:45:28+00:00
Age Range,1.7.3.2.3,,Older Toddler,,2021-06-28T15:45:28+00:00
Indicator,1.7.3.2.3.1,,Use a variety of media,,2021-06-28T15:45:28+00:00
Indicator,1.7.3.2.3.2,,<i>Also see English/Language Arts Foundation 3: Early Writing (ELA3.1)</i>,,2021-06-28T15:45:28+00:00
Age Range,1.7.3.2.4,,Younger Preschool,,2021-06-28T15:45:28+00:00
Indicator,1.7.3.2.4.1,,"Progress in ability to create drawings, models, and other art using a variety of materials",,2021-06-28T15:45:28+00:00
Indicator,1.7.3.2.4.2,,"Develop growing ability to plan, work independently, and demonstrate care in a variety of art",,2021-06-28T15:45:28+00:00
Indicator,1.7.3.2.4.3,,"<span id=""docs-internal-guid-0fd4a485-7fff-cae0-7bb7-090007d5d5b7""><span style=""font-variant-numeric: normal; font-variant-east-asian: normal; vertical-align: baseline;"">Show interest in creating and displaying individualized artwork</span></span>",,2021-06-28T15:45:28+00:00
Indicator,1.7.3.2.4.4,,<i>Also see English/Language Arts Foundation 3: Early Writing (ELA3.1)</i>,,2021-06-28T15:45:28+00:00
Age Range,1.7.3.2.5,,Older Preschool,,2021-06-28T15:45:28+00:00
Indicator,1.7.3.2.5.1,,"Progress in ability to create drawings, models, and other art using a variety of materials",,2021-06-28T15:45:28+00:00
Indicator,1.7.3.2.5.2,,"Develop growing ability to plan, work independently and cooperatively, and demonstrate care and persistence in a variety of art",,2021-06-28T15:45:28+00:00
Indicator,1.7.3.2.5.3,,"<span id=""docs-internal-guid-353e3c2e-7fff-9641-f02d-d6f8e037785c""><span style=""font-variant-numeric: normal; font-variant-east-asian: normal; vertical-align: baseline;"">Identify reasons for creating, saving, and displaying individualized artwork</span></span>",,2021-06-28T15:45:28+00:00
Indicator,1.7.3.2.5.4,,<i>Also see English/Language Arts Foundation 3: Early Writing (ELA3.1)</i>,,2021-06-28T15:45:28+00:00
Age Range,1.7.3.2.6,,Kindergarten Standard,,2021-06-28T15:45:28+00:00
Indicator,1.7.3.2.6.1,,"<span id=""docs-internal-guid-bc306619-7fff-044f-5c08-318a22f81593""><span style=""font-variant-numeric: normal; font-variant-east-asian: normal; vertical-align: baseline;"">VA:Cr2.3.Ka  Create art that represents natural and constructional environments.</span></span>",,2021-06-28T15:45:28+00:00
Indicator,1.7.3.2.6.2,,"<span id=""docs-internal-guid-032d7f83-7fff-7ac5-2bdb-a1cbc3e0d5c7""><span style=""font-variant-numeric: normal; font-variant-east-asian: normal; vertical-align: baseline;"">VA:Cn.10.1.Ka Create art that tells a story about a life experience.</span></span>",,2021-06-28T15:45:28+00:00
Indicator,1.7.3.2.6.3,,"<span id=""docs-internal-guid-c4ee2f32-7fff-e5d6-dd9f-863e0dc45bb7""><span style=""font-variant-numeric: normal; font-variant-east-asian: normal; vertical-align: baseline;"">VA:Pr4.1.Ka&nbsp; Select art objects for personal portfolio and display, explaining why they were chosen.</span></span>",,2021-06-28T15:45:28+00:00
Topic,1.7.3.3,CA3.3,Demonstrate creative expression through art appreciation,,2021-06-28T15:45:28+00:00
Age Range,1.7.3.3.1,,Infant,,2021-06-28T15:45:28+00:00
Indicator,1.7.3.3.1.1,,Show preference for particular visual stimuli,,2021-06-28T15:45:28+00:00
Age Range,1.7.3.3.2,,Younger Toddler,,2021-06-28T15:45:28+00:00
Indicator,1.7.3.3.2.1,,Express likes or dislikes of certain colors or patterns,,2021-06-28T15:45:28+00:00
Indicator,1.7.3.3.2.2,,"Look at pictures, photographs, and illustrations",,2021-06-28T15:45:28+00:00
Age Range,1.7.3.3.3,,Older Toddler,,2021-06-28T15:45:28+00:00
Indicator,1.7.3.3.3.1,,"Communicate preferences while looking at pictures, photographs, and illustrations",,2021-06-28T15:45:28+00:00
Indicator,1.7.3.3.3.2,,Compare and contrast own creations and those of others,,2021-06-28T15:45:28+00:00
Age Range,1.7.3.3.4,,Younger Preschool,,2021-06-28T15:45:28+00:00
Indicator,1.7.3.3.4.1,,Observe and discuss art forms,,2021-06-28T15:45:28+00:00
Indicator,1.7.3.3.4.2,,Reflect on differences and preferences when encounters artwork ,,2021-06-28T15:45:28+00:00
Indicator,1.7.3.3.4.3,,Share ideas about personal creative work ,,2021-06-28T15:45:28+00:00
Indicator,1.7.3.3.4.4,,"<span id=""docs-internal-guid-32faf504-7fff-9796-f426-808271acd0c2""><p dir=""ltr"" style=""line-height: 1.2; margin-top: 0pt; margin-bottom: 0pt;""><span style=""font-variant-numeric: normal; font-variant-east-asian: normal; vertical-align: baseline;"">Identify where art is displayed both inside and outside of school</span></p><div><span style=""font-size: 9pt; font-family: Calibri, sans-serif; background-color: transparent; font-variant-numeric: normal; font-variant-east-asian: normal; vertical-align: baseline; white-space: pre-wrap;""><br></span></div></span>",,2021-06-28T15:45:28+00:00
Age Range,1.7.3.3.5,,Older Preschool,,2021-06-28T15:45:28+00:00
Indicator,1.7.3.3.5.1,,Observe and discuss art forms,,2021-06-28T15:45:28+00:00
Indicator,1.7.3.3.5.2,,Reflect on differences and preferences when encounters artwork ,,2021-06-28T15:45:28+00:00
Indicator,1.7.3.3.5.3,,Share ideas about personal creative work,,2021-06-28T15:45:28+00:00
Indicator,1.7.3.3.5.4,,"<span id=""docs-internal-guid-32faf504-7fff-9796-f426-808271acd0c2""><p dir=""ltr"" style=""line-height: 1.2; margin-top: 0pt; margin-bottom: 0pt;""><span style=""font-variant-numeric: normal; font-variant-east-asian: normal; vertical-align: baseline;"">Identify where art is displayed both inside and outside of school</span></p><div><span style=""font-size: 9pt; font-family: Calibri, sans-serif; background-color: transparent; font-variant-numeric: normal; font-variant-east-asian: normal; vertical-align: baseline; white-space: pre-wrap;""><br></span></div></span>",,2021-06-28T15:45:28+00:00
Age Range,1.7.3.3.6,,Kindergarten Standard,,2021-06-28T15:45:28+00:00
Indicator,1.7.3.3.6.1,,"<span id=""docs-internal-guid-49487fa7-7fff-d503-b4e3-8cfb212b901a""><span style=""font-variant-numeric: normal; font-variant-east-asian: normal; vertical-align: baseline;"">VA:Re8.1.Ka&nbsp; Interpret art by identifying subject matter and describing relevant details.</span></span>",,2021-06-28T15:45:28+00:00
Indicator,1.7.3.3.6.2,,"<span id=""docs-internal-guid-a1de27c3-7fff-443a-b1cc-3d16d453fd9c""><span style=""font-variant-numeric: normal; font-variant-east-asian: normal; vertical-align: baseline;"">VA: Re7.2.Ka&nbsp; Describe what an image represents.</span></span>",,2021-06-28T15:45:28+00:00
Indicator,1.7.3.3.6.3,,"<span id=""docs-internal-guid-8f024cdb-7fff-cc11-5883-7597b179da5d""><span style=""font-variant-numeric: normal; font-variant-east-asian: normal; vertical-align: baseline;"">VA:Ch11.1Ka&nbsp; Identify purpose of an artwork.</span></span>",,2021-06-28T15:45:28+00:00
Indicator,1.7.3.3.6.4,,"<span id=""docs-internal-guid-3654b706-7fff-3b15-24fa-0c6d7ac27432""><span style=""font-variant-numeric: normal; font-variant-east-asian: normal; vertical-align: baseline;"">VA:Pr6.1.Ka&nbsp; Explain what an art museum is and distinguish how an art museum is different from other buildings.</span></span>",,2021-06-28T15:45:28+00:00
Foundation,1.7.4,CA4,<b>Dramatic Play: </b>Early learners develop foundational skills that support creative expression through dramatic play.,,2021-06-28T15:45:28+00:00
Topic,1.7.4.1,CA4.1,Demonstrate creative expression through dramatic play,,2021-06-28T15:45:28+00:00
Age Range,1.7.4.1.1,,Infant,,2021-06-28T15:45:28+00:00
Indicator,1.7.4.1.1.1,,Engage in onlooker play,,2021-06-28T15:45:28+00:00
Indicator,1.7.4.1.1.2,,Begin to exhibit skills in solitary play,,2021-06-28T15:45:28+00:00
Indicator,1.7.4.1.1.3,,Begin to imitate the actions and expressions of caregivers,,2021-06-28T15:45:28+00:00
Indicator,1.7.4.1.1.4,,Begin to recognize that certain actions will draw responses,,2021-06-28T15:45:28+00:00
Age Range,1.7.4.1.2,,Younger Toddler,,2021-06-28T15:45:28+00:00
Indicator,1.7.4.1.2.1,,Engage in solitary play,,2021-06-28T15:45:28+00:00
Indicator,1.7.4.1.2.2,,Begin to exhibit skills in parallel play,,2021-06-28T15:45:28+00:00
Indicator,1.7.4.1.2.3,,Use objects as symbols for other things,,2021-06-28T15:45:28+00:00
Indicator,1.7.4.1.2.4,,Demonstrate simple character/animal sounds with motions,,2021-06-28T15:45:28+00:00
Age Range,1.7.4.1.3,,Older Toddler,,2021-06-28T15:45:28+00:00
Indicator,1.7.4.1.3.1,,Engage in parallel play,,2021-06-28T15:45:28+00:00
Indicator,1.7.4.1.3.2,,Begin to exhibit skills in associative play,,2021-06-28T15:45:28+00:00
Indicator,1.7.4.1.3.3,,"Spontaneously pretend to take on the characteristics of a person, character, or animal ",,2021-06-28T15:45:28+00:00
Indicator,1.7.4.1.3.4,,Express self through dramatic play,,2021-06-28T15:45:28+00:00
Age Range,1.7.4.1.4,,Younger Preschool,,2021-06-28T15:45:28+00:00
Indicator,1.7.4.1.4.1,,Engage in associative and cooperative play,,2021-06-28T15:45:28+00:00
Indicator,1.7.4.1.4.2,,"Use a variety of props to demonstrate themes about life experiences, ideas, and feelings ",,2021-06-28T15:45:28+00:00
Indicator,1.7.4.1.4.3,,Participate freely in dramatic play experiences that become of increased duration and complexity,,2021-06-28T15:45:28+00:00
Age Range,1.7.4.1.5,,Older Preschool,,2021-06-28T15:45:28+00:00
Indicator,1.7.4.1.5.1,,Engage in associative and cooperative play ,,2021-06-28T15:45:28+00:00
Indicator,1.7.4.1.5.2,,Role-play imaginary events and characters,,2021-06-28T15:45:28+00:00
Indicator,1.7.4.1.5.3,,Participate freely in dramatic play experiences that become of increased duration and complexity,,2021-06-28T15:45:28+00:00
Age Range,1.7.4.1.6,,Kindergarten Standard,,2021-06-28T15:45:28+00:00
Indicator,1.7.4.1.6.1,,"<span id=""docs-internal-guid-4cff1b96-7fff-75b7-f5a4-65d9869573b6""><p dir=""ltr"" style=""line-height:1.2;margin-top:0pt;margin-bottom:0pt;""><span style=""font-variant-numeric: normal; font-variant-east-asian: normal; vertical-align: baseline;"">TH.Cr.1.1.Ka </span>With prompting and support, invent and inhabit an imaginary place/environment in dramatic play or a guided drama experience.</p><div><span style=""font-size: 9pt; font-family: Calibri, sans-serif; background-color: transparent; font-variant-numeric: normal; font-variant-east-asian: normal; vertical-align: baseline; white-space: pre-wrap;""><br></span></div></span>",,2021-06-28T15:45:28+00:00
Indicator,1.7.4.1.6.2,,"<span id=""docs-internal-guid-ed19dcd6-7fff-293d-5c87-fcf26d9dd702""><p dir=""ltr"" style=""line-height:1.2;margin-top:0pt;margin-bottom:0pt;""><span style=""font-variant-numeric: normal; font-variant-east-asian: normal; vertical-align: baseline;"">TH.Cr.1.1.Kb  </span>With prompting and support, use available materials to create props, puppets, and costume pieces for dramatic play or a guided drama experience.</p><div><span style=""font-size: 9pt; font-family: Calibri, sans-serif; background-color: transparent; font-variant-numeric: normal; font-variant-east-asian: normal; vertical-align: baseline; white-space: pre-wrap;""><br></span></div></span>",,2021-06-28T15:45:28+00:00
Indicator,1.7.4.1.6.3,,"<span id=""docs-internal-guid-4a152fea-7fff-c9ef-2faa-a8e1c4bb2536""><p dir=""ltr"" style=""line-height:1.2;margin-top:0pt;margin-bottom:0pt;""><span style=""font-variant-numeric: normal; font-variant-east-asian: normal; vertical-align: baseline;"">TH.CR.2-Ka  </span>With prompting and support, interact with peers and contribute to dramatic play or a guided drama experience.</p><div><span style=""font-size: 9pt; font-family: Calibri, sans-serif; background-color: transparent; font-variant-numeric: normal; font-variant-east-asian: normal; vertical-align: baseline; white-space: pre-wrap;""><br></span></div></span>",,2021-06-28T15:45:28+00:00
Content Area,1.8,,Physical Health and Growth,,2021-06-28T15:45:28+00:00
Foundation,1.8.1,PHG1,"<b>Health and Well-Being: </b>Early learners develop foundational skills that support healthy, safe, and nutritious practices. ",,2021-06-28T15:45:28+00:00
Topic,1.8.1.1,PHG1.1,Demonstrate development of healthy practices (SKB),,2021-06-28T15:45:28+00:00
Age Range,1.8.1.1.1,,Infant,,2021-06-28T15:45:28+00:00
Indicator,1.8.1.1.1.1,,Passively participate in health and hygiene-related behaviors initiated by an adult,,2021-06-28T15:45:28+00:00
Age Range,1.8.1.1.2,,Younger Toddler,,2021-06-28T15:45:28+00:00
Indicator,1.8.1.1.2.1,,Participate with adult support in health and hygiene-related behaviors ,,2021-06-28T15:45:28+00:00
Indicator,1.8.1.1.2.2,,Imitate personal health practices,,2021-06-28T15:45:28+00:00
Age Range,1.8.1.1.3,,Older Toddler,,2021-06-28T15:45:28+00:00
Indicator,1.8.1.1.3.1,,Practice health and hygiene-related behaviors with reminders ,,2021-06-28T15:45:28+00:00
Indicator,1.8.1.1.3.2,,Imitate an experience of participating in a doctor or dentist visit,,2021-06-28T15:45:28+00:00
Age Range,1.8.1.1.4,,Younger Preschool,,2021-06-28T15:45:28+00:00
Indicator,1.8.1.1.4.1,,Demonstrate health and hygiene-related behaviors with reminders,,2021-06-28T15:45:28+00:00
Indicator,1.8.1.1.4.2,,Identify the difference between sick and well ,,2021-06-28T15:45:28+00:00
Indicator,1.8.1.1.4.3,,Engage in sociodramatic play to demonstrate the roles of medical professionals,,2021-06-28T15:45:28+00:00
Age Range,1.8.1.1.5,,Older Preschool,,2021-06-28T15:45:28+00:00
Indicator,1.8.1.1.5.1,,Demonstrate health and hygiene-related behaviors with minimal prompting,,2021-06-28T15:45:28+00:00
Indicator,1.8.1.1.5.2,,Communicate practices that promote healthy living and prevent illness for self and family members,,2021-06-28T15:45:28+00:00
Indicator,1.8.1.1.5.3,,Engage in sociodramatic play to demonstrate the roles of medical professionals,,2021-06-28T15:45:28+00:00
Age Range,1.8.1.1.6,,Kindergarten Standard,,2021-06-28T15:45:28+00:00
Indicator,1.8.1.1.6.1,,"<span id=""docs-internal-guid-ca03fbf2-7fff-d777-7f4b-95ba45e6ec66""><p dir=""ltr"" style=""line-height:1.2;margin-top:0pt;margin-bottom:0pt;""><span style=""font-variant-numeric: normal; font-variant-east-asian: normal; vertical-align: baseline;"">Health&nbsp; 2.1.1 Identify that healthy behaviors affect personal health.&nbsp;</span></p><div><span style=""font-size: 9pt; font-family: Calibri, sans-serif; background-color: transparent; font-variant-numeric: normal; font-variant-east-asian: normal; vertical-align: baseline; white-space: pre-wrap;""><br></span></div></span>",,2021-06-28T15:45:28+00:00
Indicator,1.8.1.1.6.2,,"Health 2.1.2: Recognize that there are multiple dimensions of health. (Emotional, intellectual, physical, and social health)",,2021-06-28T15:45:28+00:00
Indicator,1.8.1.1.6.3,,Health 2.1.3: Describe ways to prevent communicable diseases.,,2021-06-28T15:45:28+00:00
Indicator,1.8.1.1.6.4,,Health 2.2.1: Identify how the family influences personal health practices and behaviors.,,2021-06-28T15:45:28+00:00
Topic,1.8.1.2,PHG1.2,Demonstrate development of safety practices (SKB),,2021-06-28T15:45:28+00:00
Age Range,1.8.1.2.1,,Infant,,2021-06-28T15:45:28+00:00
Indicator,1.8.1.2.1.1,,Use key adults as a secure base when exploring the environment,,2021-06-28T15:45:28+00:00
Indicator,1.8.1.2.1.2,,Seek reassurance from a trusted caregiver when encountering an unfamiliar person or object,,2021-06-28T15:45:28+00:00
Age Range,1.8.1.2.2,,Younger Toddler,,2021-06-28T15:45:28+00:00
Indicator,1.8.1.2.2.1,,Demonstrate awareness of danger,,2021-06-28T15:45:28+00:00
Indicator,1.8.1.2.2.2,,Respond to adult direction to change behavior in order to avoid danger or prevent injuries,,2021-06-28T15:45:28+00:00
Age Range,1.8.1.2.3,,Older Toddler,,2021-06-28T15:45:28+00:00
Indicator,1.8.1.2.3.1,,Demonstrate awareness of danger,,2021-06-28T15:45:28+00:00
Indicator,1.8.1.2.3.2,,Recall behaviors that prevent injuries,,2021-06-28T15:45:28+00:00
Indicator,1.8.1.2.3.3,,Respond to adult guidance and direction regarding safety,,2021-06-28T15:45:28+00:00
Age Range,1.8.1.2.4,,Younger Preschool,,2021-06-28T15:45:28+00:00
Indicator,1.8.1.2.4.1,,Identify ways to play safely,,2021-06-28T15:45:28+00:00
Indicator,1.8.1.2.4.2,,Follow simple safety rules while participating in activities ,,2021-06-28T15:45:28+00:00
Age Range,1.8.1.2.5,,Older Preschool,,2021-06-28T15:45:28+00:00
Indicator,1.8.1.2.5.1,,Demonstrate basic safety knowledge,,2021-06-28T15:45:28+00:00
Indicator,1.8.1.2.5.2,,"Participate, with adult support, to develop safety rules for an activity",,2021-06-28T15:45:28+00:00
Age Range,1.8.1.2.6,,Kindergarten Standard,,2021-06-28T15:45:28+00:00
Indicator,1.8.1.2.6.1,,Health 2.1.4:&nbsp; List ways to prevent common childhood injuries.,,2021-06-28T15:45:28+00:00
Indicator,1.8.1.2.6.2,,Health 2.7.2:&nbsp; List a variety of behaviors to avoid or reduce health and safety risks.,,2021-06-28T15:45:28+00:00
Indicator,1.8.1.2.6.3,,PE K.4.4.A:&nbsp; Recognizes the established protocols for class activities.,,2021-06-28T15:45:28+00:00
Indicator,1.8.1.2.6.4,,PE K.4.5.A:&nbsp; Follows teacher directions for safe participation and proper use of equipment with minimal reminders.,,2021-06-28T15:45:28+00:00
Topic,1.8.1.3,PHG1.3,Demonstrate development of nutrition awareness,,2021-06-28T15:45:28+00:00
Age Range,1.8.1.3.1,, Infant,,2021-06-28T15:45:28+00:00
Indicator,1.8.1.3.1.1,,Express when hungry or full,,2021-06-28T15:45:28+00:00
Indicator,1.8.1.3.1.2,,Show food preferences,,2021-06-28T15:45:28+00:00
Indicator,1.8.1.3.1.3,,Begin following a regular eating routine,,2021-06-28T15:45:28+00:00
Indicator,1.8.1.3.1.4,,Demonstrate awareness of different textures of food,,2021-06-28T15:45:28+00:00
Indicator,1.8.1.3.1.5,,Help with self-feeding,,2021-06-28T15:45:28+00:00
Age Range,1.8.1.3.2,,Younger Toddler,,2021-06-28T15:45:28+00:00
Indicator,1.8.1.3.2.1,,Express when hungry or full,,2021-06-28T15:45:28+00:00
Indicator,1.8.1.3.2.2,,Try new foods ,,2021-06-28T15:45:28+00:00
Indicator,1.8.1.3.2.3,,Follow a regular eating routine,,2021-06-28T15:45:28+00:00
Indicator,1.8.1.3.2.4,,Able to feed self with some assistance&nbsp;,,2021-06-28T15:45:28+00:00
Age Range,1.8.1.3.3,,Older Toddler,,2021-06-28T15:45:28+00:00
Indicator,1.8.1.3.3.1,,Express when hungry or full,,2021-06-28T15:45:28+00:00
Indicator,1.8.1.3.3.2,,Make simple food choices depending on personal and cultural preference ,,2021-06-28T15:45:28+00:00
Indicator,1.8.1.3.3.3,,Communicate about various characteristics of food,,2021-06-28T15:45:28+00:00
Indicator,1.8.1.3.3.4,,Able to feed self with minimal assistance,,2021-06-28T15:45:28+00:00
Age Range,1.8.1.3.4,,Younger Preschool,,2021-06-28T15:45:28+00:00
Indicator,1.8.1.3.4.1,,"Respond to physical cues when hungry, full or thirsty",,2021-06-28T15:45:28+00:00
Indicator,1.8.1.3.4.2,,Demonstrate basic understanding that eating a variety of foods helps the body grow and be healthy,,2021-06-28T15:45:28+00:00
Indicator,1.8.1.3.4.3,,Distinguish between nutritious and less nutritious foods,,2021-06-28T15:45:28+00:00
Indicator,1.8.1.3.4.4,,Independently feeds self ,,2021-06-28T15:45:28+00:00
Age Range,1.8.1.3.5,,Older Preschool,,2021-06-28T15:45:28+00:00
Indicator,1.8.1.3.5.1,,"Respond to physical cues when hungry, full or thirsty",,2021-06-28T15:45:28+00:00
Indicator,1.8.1.3.5.2,,Communicate about variety and amount of foods needed to be healthy,,2021-06-28T15:45:28+00:00
Indicator,1.8.1.3.5.3,,Name food and beverages that help to build healthy bodies,,2021-06-28T15:45:28+00:00
Indicator,1.8.1.3.5.4,,Independently feeds self using utensils,,2021-06-28T15:45:28+00:00
Age Range,1.8.1.3.6,,Kindergarten Standard,,2021-06-28T15:45:28+00:00
Default,1.8.1.3.6.1,,PE K.3.6.A:&nbsp; Recognizes that food provides energy for physical activity.,,2021-06-28T15:45:28+00:00
Default,1.8.1.3.6.2,,PE K.3.6.B:&nbsp; Identifies healthy and unhealthy foods.,,2021-06-28T15:45:28+00:00
Foundation,1.8.2,PHG2,<b>Senses: </b>Early learners use the five senses to develop foundational skills that support processing information and understanding one’s own body in relation to space and objects in space. ,,2021-06-28T15:45:28+00:00
Topic,1.8.2.1,PHG2.1,Demonstrate how the five senses support processing information,,2021-06-28T15:45:28+00:00
Age Range,1.8.2.1.1,,Infant,,2021-06-28T15:45:28+00:00
Indicator,1.8.2.1.1.1,,Manipulate objects to see what will happen ,,2021-06-28T15:45:28+00:00
Age Range,1.8.2.1.2,,Younger Toddler,,2021-06-28T15:45:28+00:00
Indicator,1.8.2.1.2.1,,Try a new action with a familiar object,,2021-06-28T15:45:28+00:00
Age Range,1.8.2.1.3,,Older Toddler,,2021-06-28T15:45:28+00:00
Indicator,1.8.2.1.3.1,,Test objects to determine their purpose,,2021-06-28T15:45:28+00:00
Age Range,1.8.2.1.4,,Younger Preschool,,2021-06-28T15:45:28+00:00
Indicator,1.8.2.1.4.1,,Take things apart and attempt to put them back together ,,2021-06-28T15:45:28+00:00
Age Range,1.8.2.1.5,,Older Preschool,,2021-06-28T15:45:28+00:00
Indicator,1.8.2.1.5.1,,Take things apart and invent new structures using the parts,,2021-06-28T15:45:28+00:00
Topic,1.8.2.2,PHG2.2,Demonstrate development of body awareness (SKB),,2021-06-28T15:45:28+00:00
Age Range,1.8.2.2.1,,Infant,,2021-06-28T15:45:28+00:00
Indicator,1.8.2.2.1.1,,Show awareness of own body and start to move intentionally ,,2021-06-28T15:45:28+00:00
Indicator,1.8.2.2.1.2,,Interact with adults in physical activities,,2021-06-28T15:45:28+00:00
Age Range,1.8.2.2.2,,Younger Toddler,,2021-06-28T15:45:28+00:00
Indicator,1.8.2.2.2.1,,Identify basic body parts,,2021-06-28T15:45:28+00:00
Indicator,1.8.2.2.2.2,,Use trial and error to discover how the body and objects move through space,,2021-06-28T15:45:28+00:00
Indicator,1.8.2.2.2.3,,Use simple movement skills to participate in active physical play,,2021-06-28T15:45:28+00:00
Age Range,1.8.2.2.3,,Older Toddler,,2021-06-28T15:45:28+00:00
Indicator,1.8.2.2.3.1,,Identify basic body parts,,2021-06-28T15:45:28+00:00
Indicator,1.8.2.2.3.2,,Demonstrate awareness of own body in space and in relationship to objects,,2021-06-28T15:45:28+00:00
Indicator,1.8.2.2.3.3,,Participate in active physical play and structured activities requiring spontaneous and instructed body movements,,2021-06-28T15:45:28+00:00
Age Range,1.8.2.2.4,,Younger Preschool,,2021-06-28T15:45:28+00:00
Indicator,1.8.2.2.4.1,,Identify and describe function of body parts,,2021-06-28T15:45:28+00:00
Indicator,1.8.2.2.4.2,,Demonstrate awareness of own body in relation to other people and objects through play activities,,2021-06-28T15:45:28+00:00
Indicator,1.8.2.2.4.3,,Participate in structured and unstructured active physical play exhibiting strength and stamina,,2021-06-28T15:45:28+00:00
Indicator,1.8.2.2.4.4,,Demonstrate basic understanding that physical activity helps the body grow and be healthy,,2021-06-28T15:45:28+00:00
Age Range,1.8.2.2.5,,Older Preschool,,2021-06-28T15:45:28+00:00
Indicator,1.8.2.2.5.1,,Identify and describe function of body parts,,2021-06-28T15:45:28+00:00
Indicator,1.8.2.2.5.2,,Demonstrate awareness of own body in relation to other people and objects through play activities,,2021-06-28T15:45:28+00:00
Indicator,1.8.2.2.5.3,,Participate in structured and unstructured active physical play exhibiting strength and stamina,,2021-06-28T15:45:28+00:00
Indicator,1.8.2.2.5.4,,Demonstrate basic understanding that physical activity helps the body grow and be healthy,,2021-06-28T15:45:28+00:00
Age Range,1.8.2.2.6,,Kindergarten Standard,,2021-06-28T15:45:28+00:00
Indicator,1.8.2.2.6.1,,"PE K.2.2.A: Travels in three different pathways (such as moving in various patterns:&nbsp; straight, curved).",,2021-06-28T15:45:28+00:00
Indicator,1.8.2.2.6.2,,PE K.2.3.A:&nbsp; Travels in general space with different speeds (such as traveling at various speeds in skill development activities).,,2021-06-28T15:45:28+00:00
Foundation,1.8.3,PHG3,<b>Motor Skills: </b>Early learners develop foundational skills that support the development of fine and gross motor coordination.,,2021-06-28T15:45:28+00:00
Topic,1.8.3.1,PHG3.1,Demonstrate development of fine and gross motor coordination (SKB),,2021-06-28T15:45:28+00:00
Age Range,1.8.3.1.1,,Infant,,2021-06-28T15:45:28+00:00
Indicator,1.8.3.1.1.1,,Demonstrate hand-eye coordination and participate in a variety of activities to enhance coordination,,2021-06-28T15:45:28+00:00
Indicator,1.8.3.1.1.2,,"Begin to develop coordination and balance, often with support",,2021-06-28T15:45:28+00:00
Indicator,1.8.3.1.1.3,,"Develop control of head and back, progressing to arms and legs",,2021-06-28T15:45:28+00:00
Indicator,1.8.3.1.1.4,,<i>Also see English/Language Arts Foundation 3: Early Writing (ELA3.1)</i>,,2021-06-28T15:45:28+00:00
Age Range,1.8.3.1.2,,Younger Toddler,,2021-06-28T15:45:28+00:00
Indicator,1.8.3.1.2.1,,Gain control of hands and fingers,,2021-06-28T15:45:28+00:00
Indicator,1.8.3.1.2.2,,"Begin to develop coordination and balance, requiring less support",,2021-06-28T15:45:28+00:00
Indicator,1.8.3.1.2.3,,<i>Also see English/Language Arts Foundation 3: Early Writing (ELA3.1)</i>,,2021-06-28T15:45:28+00:00
Age Range,1.8.3.1.3,,Older Toddler,,2021-06-28T15:45:28+00:00
Indicator,1.8.3.1.3.1,,Use hand-eye coordination to manipulate smaller objects with increasing control,,2021-06-28T15:45:28+00:00
Indicator,1.8.3.1.3.2,,Develop coordination and balance,,2021-06-28T15:45:28+00:00
Indicator,1.8.3.1.3.3,,Develop gross motor control for a range of physical activities,,2021-06-28T15:45:28+00:00
Indicator,1.8.3.1.3.4,,<i>Also see English/Language Arts Foundation 3: Early Writing (ELA3.1)</i>,,2021-06-28T15:45:28+00:00
Age Range,1.8.3.1.4,,Younger Preschool,,2021-06-28T15:45:28+00:00
Indicator,1.8.3.1.4.1,,Refine grasp to manipulate tools and objects,,2021-06-28T15:45:28+00:00
Indicator,1.8.3.1.4.2,,Demonstrate coordination and balance,,2021-06-28T15:45:28+00:00
Indicator,1.8.3.1.4.3,,Coordinate movements to perform a task,,2021-06-28T15:45:28+00:00
Indicator,1.8.3.1.4.4,,<i>Also see English/Language Arts Foundation 3: Early Writing (ELA3.1)</i>,,2021-06-28T15:45:28+00:00
Age Range,1.8.3.1.5,,Older Preschool,,2021-06-28T15:45:28+00:00
Indicator,1.8.3.1.5.1,,Perform fine-motor tasks that require small-muscle strength and control,,2021-06-28T15:45:28+00:00
Indicator,1.8.3.1.5.2,,Demonstrate coordination and balance in a variety of activities,,2021-06-28T15:45:28+00:00
Indicator,1.8.3.1.5.3,,Coordinate movements to perform a complex task,,2021-06-28T15:45:28+00:00
Indicator,1.8.3.1.5.4,,<i>Also see English/Language Arts Foundation 3: Early Writing (ELA3.1)</i>,,2021-06-28T15:45:28+00:00
Age Range,1.8.3.1.6,,Kindergarten Standard,,2021-06-28T15:45:28+00:00
Default,1.8.3.1.6.1,,"PE Standard 1:&nbsp; The physically literate individual will demonstrate competency in a variety of motor skills and movement patterns.<div><span style=""background-color: transparent; font-size: 0.875rem;"">PE K.1.1.A through K.1.5.A and K.1.7.A through K.1.16.B</span><br></div>",,2021-06-28T15:45:28+00:00
Topic,1.8.3.2,PHG3.2,Demonstrate development of oral motor skills (SKB),,2021-06-28T15:45:28+00:00
Age Range,1.8.3.2.1,,Infant,,2021-06-28T15:45:28+00:00
Indicator,1.8.3.2.1.1,,"Demonstrate continual progression in oral muscle tone, strength, and range of motion, leading to more complex oral movement and control",,2021-06-28T15:45:28+00:00
Age Range,1.8.3.2.2,,Younger Toddler,,2021-06-28T15:45:28+00:00
Indicator,1.8.3.2.2.1,,"Demonstrate continual progression in oral muscle tone, strength, and range of motion, leading to more complex oral movement and control",,2021-06-28T15:45:28+00:00
Age Range,1.8.3.2.3,,Older Toddler,,2021-06-28T15:45:28+00:00
Indicator,1.8.3.2.3.1,,"Demonstrate continual progression in oral muscle tone, strength, and range of motion, leading to more complex oral movement and control",,2021-06-28T15:45:28+00:00
Age Range,1.8.3.2.4,,Younger Preschool,,2021-06-28T15:45:28+00:00
Indicator,1.8.3.2.4.1,,"Demonstrate continual progression in oral muscle tone, strength, and range of motion, leading to more complex oral movement and control",,2021-06-28T15:45:28+00:00
Foundation,1.8.4,PHG4,<b>Personal Care: </b>Early learners develop foundational skills that support the independent care of one’s self.  ,,2021-06-28T15:45:28+00:00
Topic,1.8.4.1,PHG4.1,Demonstrate increased independence in personal care routines ,,2021-06-28T15:45:28+00:00
Age Range,1.8.4.1.1,,Infant,,2021-06-28T15:45:28+00:00
Indicator,1.8.4.1.1.1,,Participate passively in dressing and undressing self  ,,2021-06-28T15:45:28+00:00
Age Range,1.8.4.1.2,,Younger Toddler ,,2021-06-28T15:45:28+00:00
Indicator,1.8.4.1.2.1,,Show interest in assisting with personal body care practices,,2021-06-28T15:45:28+00:00
Indicator,1.8.4.1.2.2,,Show interest in assisting with dressing and undressing self,,2021-06-28T15:45:28+00:00
Indicator,1.8.4.1.2.3,,Exhibit beginning awareness of toileting needs,,2021-06-28T15:45:28+00:00
Age Range,1.8.4.1.3,,Older Toddler,,2021-06-28T15:45:28+00:00
Indicator,1.8.4.1.3.1,,Participate with adult support in personal body care practices ,,2021-06-28T15:45:28+00:00
Indicator,1.8.4.1.3.2,,Participate with adult support in dressing and undressing self,,2021-06-28T15:45:28+00:00
Indicator,1.8.4.1.3.3,,Communicate toileting needs,,2021-06-28T15:45:28+00:00
Age Range,1.8.4.1.4,,Younger Preschool,,2021-06-28T15:45:28+00:00
Indicator,1.8.4.1.4.1,,Attend to personal body care practices with reminders,,2021-06-28T15:45:28+00:00
Indicator,1.8.4.1.4.2,,Independently dress and undress self,,2021-06-28T15:45:28+00:00
Indicator,1.8.4.1.4.3,,Independently attend to toileting needs,,2021-06-28T15:45:28+00:00
Age Range,1.8.4.1.5,,Older Preschool,,2021-06-28T15:45:28+00:00
Indicator,1.8.4.1.5.1,,Attend to personal body care practices with minimal adult support,,2021-06-28T15:45:28+00:00
Indicator,1.8.4.1.5.2,,Independently dress and undress self,,2021-06-28T15:45:28+00:00
Indicator,1.8.4.1.5.3,,Independently attend to toileting needs,,2021-06-28T15:45:28+00:00